                                                                         Model 1 - Sociodemographics

---------------------------------------------------------------------------- Imputation Number=1 ----------------------------------------------------------------------------

                                                                            The GENMOD Procedure

                                                                              Model Information

                                            Data Set              DATA.HC338353_IMPUTED_DATA_12NOV25                             
                                            Distribution                                      Normal                             
                                            Link Function                                   Identity                             
                                            Dependent Variable                                  BMIZ    Body Mass Index for age  
                                                                                                        Z-Score - CDC (Child)    


                                                                   Number of Observations Read         227
                                                                   Number of Observations Used         227


                                                                           Class Level Information
 
                                              Class                Levels    Values

                                              CENTERNUM                 4    CHICAGO MIAMI SAN DIEGO BRONX                     
                                              BKGRD1_C7NOMISS           7    BK_OTHER CUBAN C_AMERICAN DOMINICAN P_RICAN SOUTH 
                                                                             MEXICAN                                           
                                              MARITAL_STATUS            3    COHABITING SEPARATED SINGLE                       
                                              EMPLOYEDYN                2    EMPLOYED NOT_EMPLOYED                             
                                              EDUCATION_C3              3    AT_MOST_HIGHSCHOOL_GED G_HIGHSCHOOL               
                                                                             N_HIGHSCHOOL_GED                                  
                                              N_HC                      2    YES NO                                            
                                              YRSUS_C3                  3    10+_Years <10_Years US_BORN                       


                                                                   Criteria For Assessing Goodness Of Fit
 
                                                      Criterion                     DF           Value        Value/DF

                                                      Deviance                     206        351.5633          1.7066
                                                      Scaled Deviance              206        227.0000          1.1019
                                                      Pearson Chi-Square           206        351.5633          1.7066
                                                      Scaled Pearson X2            206        227.0000          1.1019
                                                      Log Likelihood                         -371.7485                
                                                      Full Log Likelihood                    -371.7485                
                                                      AIC (smaller is better)                 787.4969                
                                                      AICC (smaller is better)                792.4577                
                                                      BIC (smaller is better)                 862.8458                


                                                 Algorithm converged.                                                       


                                                             Analysis Of Maximum Likelihood Parameter Estimates
 
                                                                                        Standard     Wald 95% Confidence          Wald
                         Parameter                                    DF    Estimate       Error           Limits           Chi-Square    Pr > ChiSq

                         Intercept                                     1     -0.1714      1.0790     -2.2863      1.9434          0.03        0.8738
                         CENTERNUM          CHICAGO                    1      0.4833      0.3259     -0.1555      1.1220          2.20        0.1381
                                                                         Model 1 - Sociodemographics

---------------------------------------------------------------------------- Imputation Number=1 ----------------------------------------------------------------------------

                                                                            The GENMOD Procedure

                                                             Analysis Of Maximum Likelihood Parameter Estimates
 
                                                                                        Standard     Wald 95% Confidence          Wald
                         Parameter                                    DF    Estimate       Error           Limits           Chi-Square    Pr > ChiSq

                         CENTERNUM          MIAMI                      1     -0.2916      0.3784     -1.0333      0.4500          0.59        0.4409
                         CENTERNUM          SAN DIEGO                  1      0.2044      0.3632     -0.5074      0.9162          0.32        0.5736
                         CENTERNUM          BRONX                      0      0.0000      0.0000      0.0000      0.0000           .           .    
                         YRS_BTWN_V1FLOR                               1      0.0121      0.0744     -0.1338      0.1579          0.03        0.8714
                         AGE                                           1      0.0177      0.0200     -0.0215      0.0568          0.78        0.3761
                         BKGRD1_C7NOMISS    BK_OTHER                   1     -0.6638      0.8143     -2.2598      0.9321          0.66        0.4149
                         BKGRD1_C7NOMISS    CUBAN                      1      0.9646      0.4828      0.0183      1.9110          3.99        0.0457
                         BKGRD1_C7NOMISS    C_AMERICAN                 1      0.2510      0.3599     -0.4545      0.9565          0.49        0.4857
                         BKGRD1_C7NOMISS    DOMINICAN                  1      0.6644      0.4125     -0.1440      1.4728          2.59        0.1072
                         BKGRD1_C7NOMISS    P_RICAN                    1      0.3054      0.4244     -0.5265      1.1372          0.52        0.4719
                         BKGRD1_C7NOMISS    SOUTH                      1      0.4665      0.4424     -0.4005      1.3335          1.11        0.2916
                         BKGRD1_C7NOMISS    MEXICAN                    0      0.0000      0.0000      0.0000      0.0000           .           .    
                         N_HC               YES                        1      0.1665      0.2032     -0.2317      0.5647          0.67        0.4125
                         N_HC               NO                         0      0.0000      0.0000      0.0000      0.0000           .           .    
                         EDUCATION_C3       AT_MOST_HIGHSCHOOL_GED     1      0.0929      0.2234     -0.3449      0.5308          0.17        0.6774
                         EDUCATION_C3       G_HIGHSCHOOL               1     -0.2551      0.2426     -0.7306      0.2203          1.11        0.2929
                         EDUCATION_C3       N_HIGHSCHOOL_GED           0      0.0000      0.0000      0.0000      0.0000           .           .    
                         PARITY_V1                                     1      0.1234      0.0985     -0.0697      0.3166          1.57        0.2103
                         EMPLOYEDYN         EMPLOYED                   1     -0.0938      0.1866     -0.4594      0.2719          0.25        0.6152
                         EMPLOYEDYN         NOT_EMPLOYED               0      0.0000      0.0000      0.0000      0.0000           .           .    
                         MARITAL_STATUS     COHABITING                 1     -0.3873      0.1957     -0.7710     -0.0037          3.92        0.0478
                         MARITAL_STATUS     SEPARATED                  1      0.4432      0.4029     -0.3465      1.2330          1.21        0.2713
                         MARITAL_STATUS     SINGLE                     0      0.0000      0.0000      0.0000      0.0000           .           .    
                         YRSUS_C3           10+_Years                  1      0.0887      0.2855     -0.4708      0.6481          0.10        0.7561
                         YRSUS_C3           <10_Years                  1      0.0799      0.2780     -0.4650      0.6248          0.08        0.7738
                         YRSUS_C3           US_BORN                    0      0.0000      0.0000      0.0000      0.0000           .           .    
                         Scale                                         1      1.2445      0.0584      1.1351      1.3644                            

NOTE: The scale parameter was estimated by maximum likelihood.
                                                                         Model 1 - Sociodemographics

---------------------------------------------------------------------------- Imputation Number=2 ----------------------------------------------------------------------------

                                                                            The GENMOD Procedure

                                                                              Model Information

                                            Data Set              DATA.HC338353_IMPUTED_DATA_12NOV25                             
                                            Distribution                                      Normal                             
                                            Link Function                                   Identity                             
                                            Dependent Variable                                  BMIZ    Body Mass Index for age  
                                                                                                        Z-Score - CDC (Child)    


                                                                   Number of Observations Read         227
                                                                   Number of Observations Used         227


                                                                           Class Level Information
 
                                              Class                Levels    Values

                                              CENTERNUM                 4    CHICAGO MIAMI SAN DIEGO BRONX                     
                                              BKGRD1_C7NOMISS           7    BK_OTHER CUBAN C_AMERICAN DOMINICAN P_RICAN SOUTH 
                                                                             MEXICAN                                           
                                              MARITAL_STATUS            3    COHABITING SEPARATED SINGLE                       
                                              EMPLOYEDYN                2    EMPLOYED NOT_EMPLOYED                             
                                              EDUCATION_C3              3    AT_MOST_HIGHSCHOOL_GED G_HIGHSCHOOL               
                                                                             N_HIGHSCHOOL_GED                                  
                                              N_HC                      2    YES NO                                            
                                              YRSUS_C3                  3    10+_Years <10_Years US_BORN                       


                                                                   Criteria For Assessing Goodness Of Fit
 
                                                      Criterion                     DF           Value        Value/DF

                                                      Deviance                     206        353.3623          1.7154
                                                      Scaled Deviance              206        227.0000          1.1019
                                                      Pearson Chi-Square           206        353.3623          1.7154
                                                      Scaled Pearson X2            206        227.0000          1.1019
                                                      Log Likelihood                         -372.3278                
                                                      Full Log Likelihood                    -372.3278                
                                                      AIC (smaller is better)                 788.6555                
                                                      AICC (smaller is better)                793.6163                
                                                      BIC (smaller is better)                 864.0044                


                                                 Algorithm converged.                                                       


                                                             Analysis Of Maximum Likelihood Parameter Estimates
 
                                                                                        Standard     Wald 95% Confidence          Wald
                         Parameter                                    DF    Estimate       Error           Limits           Chi-Square    Pr > ChiSq

                         Intercept                                     1     -0.2627      1.0776     -2.3749      1.8494          0.06        0.8074
                         CENTERNUM          CHICAGO                    1      0.4872      0.3275     -0.1546      1.1290          2.21        0.1368
                                                                         Model 1 - Sociodemographics

---------------------------------------------------------------------------- Imputation Number=2 ----------------------------------------------------------------------------

                                                                            The GENMOD Procedure

                                                             Analysis Of Maximum Likelihood Parameter Estimates
 
                                                                                        Standard     Wald 95% Confidence          Wald
                         Parameter                                    DF    Estimate       Error           Limits           Chi-Square    Pr > ChiSq

                         CENTERNUM          MIAMI                      1     -0.3270      0.3796     -1.0711      0.4170          0.74        0.3890
                         CENTERNUM          SAN DIEGO                  1      0.2272      0.3637     -0.4857      0.9402          0.39        0.5322
                         CENTERNUM          BRONX                      0      0.0000      0.0000      0.0000      0.0000           .           .    
                         YRS_BTWN_V1FLOR                               1      0.0147      0.0746     -0.1315      0.1610          0.04        0.8436
                         AGE                                           1      0.0166      0.0198     -0.0223      0.0554          0.70        0.4032
                         BKGRD1_C7NOMISS    BK_OTHER                   1     -0.6524      0.8020     -2.2242      0.9195          0.66        0.4160
                         BKGRD1_C7NOMISS    CUBAN                      1      0.9959      0.4847      0.0459      1.9460          4.22        0.0399
                         BKGRD1_C7NOMISS    C_AMERICAN                 1      0.2841      0.3613     -0.4240      0.9921          0.62        0.4317
                         BKGRD1_C7NOMISS    DOMINICAN                  1      0.6610      0.4156     -0.1536      1.4755          2.53        0.1117
                         BKGRD1_C7NOMISS    P_RICAN                    1      0.3977      0.4262     -0.4376      1.2330          0.87        0.3508
                         BKGRD1_C7NOMISS    SOUTH                      1      0.4754      0.4436     -0.3940      1.3448          1.15        0.2838
                         BKGRD1_C7NOMISS    MEXICAN                    0      0.0000      0.0000      0.0000      0.0000           .           .    
                         N_HC               YES                        1      0.1471      0.2038     -0.2523      0.5464          0.52        0.4704
                         N_HC               NO                         0      0.0000      0.0000      0.0000      0.0000           .           .    
                         EDUCATION_C3       AT_MOST_HIGHSCHOOL_GED     1      0.0676      0.2250     -0.3733      0.5085          0.09        0.7637
                         EDUCATION_C3       G_HIGHSCHOOL               1     -0.2734      0.2433     -0.7502      0.2034          1.26        0.2611
                         EDUCATION_C3       N_HIGHSCHOOL_GED           0      0.0000      0.0000      0.0000      0.0000           .           .    
                         PARITY_V1                                     1      0.1069      0.0975     -0.0841      0.2980          1.20        0.2727
                         EMPLOYEDYN         EMPLOYED                   1     -0.0148      0.1859     -0.3792      0.3497          0.01        0.9367
                         EMPLOYEDYN         NOT_EMPLOYED               0      0.0000      0.0000      0.0000      0.0000           .           .    
                         MARITAL_STATUS     COHABITING                 1     -0.3783      0.1957     -0.7618      0.0053          3.74        0.0533
                         MARITAL_STATUS     SEPARATED                  1      0.4698      0.4033     -0.3207      1.2602          1.36        0.2441
                         MARITAL_STATUS     SINGLE                     0      0.0000      0.0000      0.0000      0.0000           .           .    
                         YRSUS_C3           10+_Years                  1      0.1694      0.2843     -0.3878      0.7266          0.35        0.5513
                         YRSUS_C3           <10_Years                  1      0.1886      0.2761     -0.3525      0.7297          0.47        0.4945
                         YRSUS_C3           US_BORN                    0      0.0000      0.0000      0.0000      0.0000           .           .    
                         Scale                                         1      1.2477      0.0586      1.1380      1.3679                            

NOTE: The scale parameter was estimated by maximum likelihood.
                                                                         Model 1 - Sociodemographics

---------------------------------------------------------------------------- Imputation Number=3 ----------------------------------------------------------------------------

                                                                            The GENMOD Procedure

                                                                              Model Information

                                            Data Set              DATA.HC338353_IMPUTED_DATA_12NOV25                             
                                            Distribution                                      Normal                             
                                            Link Function                                   Identity                             
                                            Dependent Variable                                  BMIZ    Body Mass Index for age  
                                                                                                        Z-Score - CDC (Child)    


                                                                   Number of Observations Read         227
                                                                   Number of Observations Used         227


                                                                           Class Level Information
 
                                              Class                Levels    Values

                                              CENTERNUM                 4    CHICAGO MIAMI SAN DIEGO BRONX                     
                                              BKGRD1_C7NOMISS           7    BK_OTHER CUBAN C_AMERICAN DOMINICAN P_RICAN SOUTH 
                                                                             MEXICAN                                           
                                              MARITAL_STATUS            3    COHABITING SEPARATED SINGLE                       
                                              EMPLOYEDYN                2    EMPLOYED NOT_EMPLOYED                             
                                              EDUCATION_C3              3    AT_MOST_HIGHSCHOOL_GED G_HIGHSCHOOL               
                                                                             N_HIGHSCHOOL_GED                                  
                                              N_HC                      2    YES NO                                            
                                              YRSUS_C3                  3    10+_Years <10_Years US_BORN                       


                                                                   Criteria For Assessing Goodness Of Fit
 
                                                      Criterion                     DF           Value        Value/DF

                                                      Deviance                     206        351.4594          1.7061
                                                      Scaled Deviance              206        227.0000          1.1019
                                                      Pearson Chi-Square           206        351.4594          1.7061
                                                      Scaled Pearson X2            206        227.0000          1.1019
                                                      Log Likelihood                         -371.7149                
                                                      Full Log Likelihood                    -371.7149                
                                                      AIC (smaller is better)                 787.4298                
                                                      AICC (smaller is better)                792.3906                
                                                      BIC (smaller is better)                 862.7787                


                                                 Algorithm converged.                                                       


                                                             Analysis Of Maximum Likelihood Parameter Estimates
 
                                                                                        Standard     Wald 95% Confidence          Wald
                         Parameter                                    DF    Estimate       Error           Limits           Chi-Square    Pr > ChiSq

                         Intercept                                     1     -0.0676      1.0777     -2.1797      2.0446          0.00        0.9500
                         CENTERNUM          CHICAGO                    1      0.4939      0.3262     -0.1454      1.1332          2.29        0.1300
                                                                         Model 1 - Sociodemographics

---------------------------------------------------------------------------- Imputation Number=3 ----------------------------------------------------------------------------

                                                                            The GENMOD Procedure

                                                             Analysis Of Maximum Likelihood Parameter Estimates
 
                                                                                        Standard     Wald 95% Confidence          Wald
                         Parameter                                    DF    Estimate       Error           Limits           Chi-Square    Pr > ChiSq

                         CENTERNUM          MIAMI                      1     -0.3076      0.3783     -1.0490      0.4338          0.66        0.4162
                         CENTERNUM          SAN DIEGO                  1      0.2088      0.3632     -0.5030      0.9206          0.33        0.5654
                         CENTERNUM          BRONX                      0      0.0000      0.0000      0.0000      0.0000           .           .    
                         YRS_BTWN_V1FLOR                               1      0.0059      0.0744     -0.1399      0.1517          0.01        0.9368
                         AGE                                           1      0.0199      0.0200     -0.0193      0.0591          0.99        0.3193
                         BKGRD1_C7NOMISS    BK_OTHER                   1     -0.6509      0.8105     -2.2394      0.9377          0.64        0.4219
                         BKGRD1_C7NOMISS    CUBAN                      1      1.0087      0.4825      0.0630      1.9544          4.37        0.0366
                         BKGRD1_C7NOMISS    C_AMERICAN                 1      0.2468      0.3595     -0.4578      0.9514          0.47        0.4924
                         BKGRD1_C7NOMISS    DOMINICAN                  1      0.7049      0.4143     -0.1070      1.5168          2.90        0.0888
                         BKGRD1_C7NOMISS    P_RICAN                    1      0.3355      0.4244     -0.4964      1.1673          0.62        0.4293
                         BKGRD1_C7NOMISS    SOUTH                      1      0.4853      0.4423     -0.3816      1.3522          1.20        0.2725
                         BKGRD1_C7NOMISS    MEXICAN                    0      0.0000      0.0000      0.0000      0.0000           .           .    
                         N_HC               YES                        1      0.0584      0.2031     -0.3397      0.4565          0.08        0.7737
                         N_HC               NO                         0      0.0000      0.0000      0.0000      0.0000           .           .    
                         EDUCATION_C3       AT_MOST_HIGHSCHOOL_GED     1      0.1134      0.2232     -0.3241      0.5509          0.26        0.6115
                         EDUCATION_C3       G_HIGHSCHOOL               1     -0.2051      0.2438     -0.6831      0.2728          0.71        0.4002
                         EDUCATION_C3       N_HIGHSCHOOL_GED           0      0.0000      0.0000      0.0000      0.0000           .           .    
                         PARITY_V1                                     1      0.1154      0.0980     -0.0766      0.3075          1.39        0.2387
                         EMPLOYEDYN         EMPLOYED                   1     -0.1906      0.1830     -0.5493      0.1680          1.09        0.2974
                         EMPLOYEDYN         NOT_EMPLOYED               0      0.0000      0.0000      0.0000      0.0000           .           .    
                         MARITAL_STATUS     COHABITING                 1     -0.4018      0.1959     -0.7857     -0.0179          4.21        0.0403
                         MARITAL_STATUS     SEPARATED                  1      0.4242      0.4035     -0.3667      1.2150          1.10        0.2932
                         MARITAL_STATUS     SINGLE                     0      0.0000      0.0000      0.0000      0.0000           .           .    
                         YRSUS_C3           10+_Years                  1      0.0627      0.2851     -0.4961      0.6215          0.05        0.8259
                         YRSUS_C3           <10_Years                  1      0.0559      0.2784     -0.4898      0.6016          0.04        0.8409
                         YRSUS_C3           US_BORN                    0      0.0000      0.0000      0.0000      0.0000           .           .    
                         Scale                                         1      1.2443      0.0584      1.1349      1.3642                            

NOTE: The scale parameter was estimated by maximum likelihood.
                                                                         Model 1 - Sociodemographics

---------------------------------------------------------------------------- Imputation Number=4 ----------------------------------------------------------------------------

                                                                            The GENMOD Procedure

                                                                              Model Information

                                            Data Set              DATA.HC338353_IMPUTED_DATA_12NOV25                             
                                            Distribution                                      Normal                             
                                            Link Function                                   Identity                             
                                            Dependent Variable                                  BMIZ    Body Mass Index for age  
                                                                                                        Z-Score - CDC (Child)    


                                                                   Number of Observations Read         227
                                                                   Number of Observations Used         227


                                                                           Class Level Information
 
                                              Class                Levels    Values

                                              CENTERNUM                 4    CHICAGO MIAMI SAN DIEGO BRONX                     
                                              BKGRD1_C7NOMISS           7    BK_OTHER CUBAN C_AMERICAN DOMINICAN P_RICAN SOUTH 
                                                                             MEXICAN                                           
                                              MARITAL_STATUS            3    COHABITING SEPARATED SINGLE                       
                                              EMPLOYEDYN                2    EMPLOYED NOT_EMPLOYED                             
                                              EDUCATION_C3              3    AT_MOST_HIGHSCHOOL_GED G_HIGHSCHOOL               
                                                                             N_HIGHSCHOOL_GED                                  
                                              N_HC                      2    YES NO                                            
                                              YRSUS_C3                  3    10+_Years <10_Years US_BORN                       


                                                                   Criteria For Assessing Goodness Of Fit
 
                                                      Criterion                     DF           Value        Value/DF

                                                      Deviance                     206        352.7155          1.7122
                                                      Scaled Deviance              206        227.0000          1.1019
                                                      Pearson Chi-Square           206        352.7155          1.7122
                                                      Scaled Pearson X2            206        227.0000          1.1019
                                                      Log Likelihood                         -372.1198                
                                                      Full Log Likelihood                    -372.1198                
                                                      AIC (smaller is better)                 788.2397                
                                                      AICC (smaller is better)                793.2004                
                                                      BIC (smaller is better)                 863.5886                


                                                 Algorithm converged.                                                       


                                                             Analysis Of Maximum Likelihood Parameter Estimates
 
                                                                                        Standard     Wald 95% Confidence          Wald
                         Parameter                                    DF    Estimate       Error           Limits           Chi-Square    Pr > ChiSq

                         Intercept                                     1     -0.0624      1.0793     -2.1778      2.0529          0.00        0.9539
                         CENTERNUM          CHICAGO                    1      0.4624      0.3265     -0.1776      1.1024          2.00        0.1568
                                                                         Model 1 - Sociodemographics

---------------------------------------------------------------------------- Imputation Number=4 ----------------------------------------------------------------------------

                                                                            The GENMOD Procedure

                                                             Analysis Of Maximum Likelihood Parameter Estimates
 
                                                                                        Standard     Wald 95% Confidence          Wald
                         Parameter                                    DF    Estimate       Error           Limits           Chi-Square    Pr > ChiSq

                         CENTERNUM          MIAMI                      1     -0.3106      0.3791     -1.0536      0.4325          0.67        0.4127
                         CENTERNUM          SAN DIEGO                  1      0.1894      0.3642     -0.5245      0.9033          0.27        0.6030
                         CENTERNUM          BRONX                      0      0.0000      0.0000      0.0000      0.0000           .           .    
                         YRS_BTWN_V1FLOR                               1      0.0123      0.0746     -0.1338      0.1584          0.03        0.8690
                         AGE                                           1      0.0179      0.0201     -0.0215      0.0573          0.79        0.3727
                         BKGRD1_C7NOMISS    BK_OTHER                   1     -0.7116      0.8145     -2.3081      0.8848          0.76        0.3823
                         BKGRD1_C7NOMISS    CUBAN                      1      1.0278      0.4835      0.0801      1.9755          4.52        0.0335
                         BKGRD1_C7NOMISS    C_AMERICAN                 1      0.2715      0.3606     -0.4353      0.9783          0.57        0.4515
                         BKGRD1_C7NOMISS    DOMINICAN                  1      0.7117      0.4129     -0.0976      1.5210          2.97        0.0848
                         BKGRD1_C7NOMISS    P_RICAN                    1      0.2662      0.4246     -0.5660      1.0983          0.39        0.5307
                         BKGRD1_C7NOMISS    SOUTH                      1      0.4682      0.4433     -0.4006      1.3370          1.12        0.2909
                         BKGRD1_C7NOMISS    MEXICAN                    0      0.0000      0.0000      0.0000      0.0000           .           .    
                         N_HC               YES                        1      0.0596      0.2008     -0.3340      0.4532          0.09        0.7667
                         N_HC               NO                         0      0.0000      0.0000      0.0000      0.0000           .           .    
                         EDUCATION_C3       AT_MOST_HIGHSCHOOL_GED     1      0.1087      0.2242     -0.3307      0.5481          0.24        0.6278
                         EDUCATION_C3       G_HIGHSCHOOL               1     -0.2313      0.2438     -0.7093      0.2466          0.90        0.3427
                         EDUCATION_C3       N_HIGHSCHOOL_GED           0      0.0000      0.0000      0.0000      0.0000           .           .    
                         PARITY_V1                                     1      0.1262      0.0991     -0.0681      0.3205          1.62        0.2031
                         EMPLOYEDYN         EMPLOYED                   1     -0.0579      0.1872     -0.4248      0.3089          0.10        0.7569
                         EMPLOYEDYN         NOT_EMPLOYED               0      0.0000      0.0000      0.0000      0.0000           .           .    
                         MARITAL_STATUS     COHABITING                 1     -0.3728      0.1960     -0.7570      0.0115          3.62        0.0572
                         MARITAL_STATUS     SEPARATED                  1      0.4569      0.4037     -0.3344      1.2482          1.28        0.2578
                         MARITAL_STATUS     SINGLE                     0      0.0000      0.0000      0.0000      0.0000           .           .    
                         YRSUS_C3           10+_Years                  1     -0.0379      0.2811     -0.5888      0.5130          0.02        0.8927
                         YRSUS_C3           <10_Years                  1     -0.0750      0.2741     -0.6123      0.4623          0.07        0.7844
                         YRSUS_C3           US_BORN                    0      0.0000      0.0000      0.0000      0.0000           .           .    
                         Scale                                         1      1.2465      0.0585      1.1370      1.3666                            

NOTE: The scale parameter was estimated by maximum likelihood.
                                                                         Model 1 - Sociodemographics

---------------------------------------------------------------------------- Imputation Number=5 ----------------------------------------------------------------------------

                                                                            The GENMOD Procedure

                                                                              Model Information

                                            Data Set              DATA.HC338353_IMPUTED_DATA_12NOV25                             
                                            Distribution                                      Normal                             
                                            Link Function                                   Identity                             
                                            Dependent Variable                                  BMIZ    Body Mass Index for age  
                                                                                                        Z-Score - CDC (Child)    


                                                                   Number of Observations Read         227
                                                                   Number of Observations Used         227


                                                                           Class Level Information
 
                                              Class                Levels    Values

                                              CENTERNUM                 4    CHICAGO MIAMI SAN DIEGO BRONX                     
                                              BKGRD1_C7NOMISS           7    BK_OTHER CUBAN C_AMERICAN DOMINICAN P_RICAN SOUTH 
                                                                             MEXICAN                                           
                                              MARITAL_STATUS            3    COHABITING SEPARATED SINGLE                       
                                              EMPLOYEDYN                2    EMPLOYED NOT_EMPLOYED                             
                                              EDUCATION_C3              3    AT_MOST_HIGHSCHOOL_GED G_HIGHSCHOOL               
                                                                             N_HIGHSCHOOL_GED                                  
                                              N_HC                      2    YES NO                                            
                                              YRSUS_C3                  3    10+_Years <10_Years US_BORN                       


                                                                   Criteria For Assessing Goodness Of Fit
 
                                                      Criterion                     DF           Value        Value/DF

                                                      Deviance                     206        347.2921          1.6859
                                                      Scaled Deviance              206        227.0000          1.1019
                                                      Pearson Chi-Square           206        347.2921          1.6859
                                                      Scaled Pearson X2            206        227.0000          1.1019
                                                      Log Likelihood                         -370.3611                
                                                      Full Log Likelihood                    -370.3611                
                                                      AIC (smaller is better)                 784.7222                
                                                      AICC (smaller is better)                789.6830                
                                                      BIC (smaller is better)                 860.0711                


                                                 Algorithm converged.                                                       


                                                             Analysis Of Maximum Likelihood Parameter Estimates
 
                                                                                        Standard     Wald 95% Confidence          Wald
                         Parameter                                    DF    Estimate       Error           Limits           Chi-Square    Pr > ChiSq

                         Intercept                                     1     -0.1714      1.0722     -2.2728      1.9301          0.03        0.8730
                         CENTERNUM          CHICAGO                    1      0.5230      0.3248     -0.1136      1.1596          2.59        0.1073
                                                                         Model 1 - Sociodemographics

---------------------------------------------------------------------------- Imputation Number=5 ----------------------------------------------------------------------------

                                                                            The GENMOD Procedure

                                                             Analysis Of Maximum Likelihood Parameter Estimates
 
                                                                                        Standard     Wald 95% Confidence          Wald
                         Parameter                                    DF    Estimate       Error           Limits           Chi-Square    Pr > ChiSq

                         CENTERNUM          MIAMI                      1     -0.2743      0.3766     -1.0124      0.4637          0.53        0.4663
                         CENTERNUM          SAN DIEGO                  1      0.2466      0.3618     -0.4626      0.9557          0.46        0.4956
                         CENTERNUM          BRONX                      0      0.0000      0.0000      0.0000      0.0000           .           .    
                         YRS_BTWN_V1FLOR                               1      0.0078      0.0740     -0.1371      0.1528          0.01        0.9157
                         AGE                                           1      0.0144      0.0199     -0.0245      0.0534          0.53        0.4683
                         BKGRD1_C7NOMISS    BK_OTHER                   1     -0.8874      0.7967     -2.4490      0.6742          1.24        0.2654
                         BKGRD1_C7NOMISS    CUBAN                      1      0.9277      0.4793     -0.0117      1.8670          3.75        0.0529
                         BKGRD1_C7NOMISS    C_AMERICAN                 1      0.2497      0.3576     -0.4511      0.9506          0.49        0.4849
                         BKGRD1_C7NOMISS    DOMINICAN                  1      0.6674      0.4099     -0.1361      1.4708          2.65        0.1035
                         BKGRD1_C7NOMISS    P_RICAN                    1      0.3752      0.4224     -0.4526      1.2030          0.79        0.3743
                         BKGRD1_C7NOMISS    SOUTH                      1      0.4445      0.4393     -0.4165      1.3055          1.02        0.3116
                         BKGRD1_C7NOMISS    MEXICAN                    0      0.0000      0.0000      0.0000      0.0000           .           .    
                         N_HC               YES                        1      0.1926      0.2015     -0.2025      0.5876          0.91        0.3394
                         N_HC               NO                         0      0.0000      0.0000      0.0000      0.0000           .           .    
                         EDUCATION_C3       AT_MOST_HIGHSCHOOL_GED     1      0.0812      0.2224     -0.3547      0.5170          0.13        0.7152
                         EDUCATION_C3       G_HIGHSCHOOL               1     -0.2490      0.2411     -0.7215      0.2235          1.07        0.3017
                         EDUCATION_C3       N_HIGHSCHOOL_GED           0      0.0000      0.0000      0.0000      0.0000           .           .    
                         PARITY_V1                                     1      0.1177      0.0972     -0.0729      0.3083          1.47        0.2261
                         EMPLOYEDYN         EMPLOYED                   1     -0.1158      0.1846     -0.4775      0.2459          0.39        0.5304
                         EMPLOYEDYN         NOT_EMPLOYED               0      0.0000      0.0000      0.0000      0.0000           .           .    
                         MARITAL_STATUS     COHABITING                 1     -0.3591      0.1940     -0.7393      0.0211          3.43        0.0641
                         MARITAL_STATUS     SEPARATED                  1      0.7121      0.3889     -0.0501      1.4742          3.35        0.0671
                         MARITAL_STATUS     SINGLE                     0      0.0000      0.0000      0.0000      0.0000           .           .    
                         YRSUS_C3           10+_Years                  1      0.1939      0.2811     -0.3571      0.7448          0.48        0.4905
                         YRSUS_C3           <10_Years                  1      0.2010      0.2731     -0.3343      0.7362          0.54        0.4618
                         YRSUS_C3           US_BORN                    0      0.0000      0.0000      0.0000      0.0000           .           .    
                         Scale                                         1      1.2369      0.0581      1.1282      1.3561                            

NOTE: The scale parameter was estimated by maximum likelihood.
                                                                         Model 1 - Sociodemographics

---------------------------------------------------------------------------- Imputation Number=6 ----------------------------------------------------------------------------

                                                                            The GENMOD Procedure

                                                                              Model Information

                                            Data Set              DATA.HC338353_IMPUTED_DATA_12NOV25                             
                                            Distribution                                      Normal                             
                                            Link Function                                   Identity                             
                                            Dependent Variable                                  BMIZ    Body Mass Index for age  
                                                                                                        Z-Score - CDC (Child)    


                                                                   Number of Observations Read         227
                                                                   Number of Observations Used         227


                                                                           Class Level Information
 
                                              Class                Levels    Values

                                              CENTERNUM                 4    CHICAGO MIAMI SAN DIEGO BRONX                     
                                              BKGRD1_C7NOMISS           7    BK_OTHER CUBAN C_AMERICAN DOMINICAN P_RICAN SOUTH 
                                                                             MEXICAN                                           
                                              MARITAL_STATUS            3    COHABITING SEPARATED SINGLE                       
                                              EMPLOYEDYN                2    EMPLOYED NOT_EMPLOYED                             
                                              EDUCATION_C3              3    AT_MOST_HIGHSCHOOL_GED G_HIGHSCHOOL               
                                                                             N_HIGHSCHOOL_GED                                  
                                              N_HC                      2    YES NO                                            
                                              YRSUS_C3                  3    10+_Years <10_Years US_BORN                       


                                                                   Criteria For Assessing Goodness Of Fit
 
                                                      Criterion                     DF           Value        Value/DF

                                                      Deviance                     206        349.2953          1.6956
                                                      Scaled Deviance              206        227.0000          1.1019
                                                      Pearson Chi-Square           206        349.2953          1.6956
                                                      Scaled Pearson X2            206        227.0000          1.1019
                                                      Log Likelihood                         -371.0139                
                                                      Full Log Likelihood                    -371.0139                
                                                      AIC (smaller is better)                 786.0278                
                                                      AICC (smaller is better)                790.9885                
                                                      BIC (smaller is better)                 861.3767                


                                                 Algorithm converged.                                                       


                                                             Analysis Of Maximum Likelihood Parameter Estimates
 
                                                                                        Standard     Wald 95% Confidence          Wald
                         Parameter                                    DF    Estimate       Error           Limits           Chi-Square    Pr > ChiSq

                         Intercept                                     1     -0.2462      1.0745     -2.3520      1.8597          0.05        0.8188
                         CENTERNUM          CHICAGO                    1      0.4936      0.3251     -0.1436      1.1308          2.31        0.1289
                                                                         Model 1 - Sociodemographics

---------------------------------------------------------------------------- Imputation Number=6 ----------------------------------------------------------------------------

                                                                            The GENMOD Procedure

                                                             Analysis Of Maximum Likelihood Parameter Estimates
 
                                                                                        Standard     Wald 95% Confidence          Wald
                         Parameter                                    DF    Estimate       Error           Limits           Chi-Square    Pr > ChiSq

                         CENTERNUM          MIAMI                      1     -0.2884      0.3777     -1.0286      0.4517          0.58        0.4450
                         CENTERNUM          SAN DIEGO                  1      0.2640      0.3629     -0.4473      0.9752          0.53        0.4669
                         CENTERNUM          BRONX                      0      0.0000      0.0000      0.0000      0.0000           .           .    
                         YRS_BTWN_V1FLOR                               1      0.0136      0.0743     -0.1319      0.1592          0.03        0.8543
                         AGE                                           1      0.0142      0.0199     -0.0248      0.0532          0.51        0.4760
                         BKGRD1_C7NOMISS    BK_OTHER                   1     -0.7590      0.7890     -2.3054      0.7874          0.93        0.3361
                         BKGRD1_C7NOMISS    CUBAN                      1      1.0011      0.4817      0.0569      1.9453          4.32        0.0377
                         BKGRD1_C7NOMISS    C_AMERICAN                 1      0.2912      0.3591     -0.4126      0.9951          0.66        0.4174
                         BKGRD1_C7NOMISS    DOMINICAN                  1      0.6756      0.4130     -0.1339      1.4852          2.68        0.1019
                         BKGRD1_C7NOMISS    P_RICAN                    1      0.3876      0.4238     -0.4430      1.2182          0.84        0.3603
                         BKGRD1_C7NOMISS    SOUTH                      1      0.5043      0.4409     -0.3600      1.3685          1.31        0.2528
                         BKGRD1_C7NOMISS    MEXICAN                    0      0.0000      0.0000      0.0000      0.0000           .           .    
                         N_HC               YES                        1      0.1827      0.2034     -0.2159      0.5813          0.81        0.3689
                         N_HC               NO                         0      0.0000      0.0000      0.0000      0.0000           .           .    
                         EDUCATION_C3       AT_MOST_HIGHSCHOOL_GED     1      0.1161      0.2226     -0.3202      0.5523          0.27        0.6021
                         EDUCATION_C3       G_HIGHSCHOOL               1     -0.3127      0.2413     -0.7855      0.1602          1.68        0.1950
                         EDUCATION_C3       N_HIGHSCHOOL_GED           0      0.0000      0.0000      0.0000      0.0000           .           .    
                         PARITY_V1                                     1      0.1289      0.0978     -0.0627      0.3205          1.74        0.1874
                         EMPLOYEDYN         EMPLOYED                   1     -0.0250      0.1853     -0.3882      0.3382          0.02        0.8927
                         EMPLOYEDYN         NOT_EMPLOYED               0      0.0000      0.0000      0.0000      0.0000           .           .    
                         MARITAL_STATUS     COHABITING                 1     -0.3890      0.1954     -0.7719     -0.0061          3.97        0.0464
                         MARITAL_STATUS     SEPARATED                  1      0.4600      0.4011     -0.3260      1.2461          1.32        0.2514
                         MARITAL_STATUS     SINGLE                     0      0.0000      0.0000      0.0000      0.0000           .           .    
                         YRSUS_C3           10+_Years                  1      0.2129      0.2803     -0.3365      0.7623          0.58        0.4475
                         YRSUS_C3           <10_Years                  1      0.1622      0.2761     -0.3789      0.7033          0.35        0.5568
                         YRSUS_C3           US_BORN                    0      0.0000      0.0000      0.0000      0.0000           .           .    
                         Scale                                         1      1.2405      0.0582      1.1314      1.3600                            

NOTE: The scale parameter was estimated by maximum likelihood.
                                                                         Model 1 - Sociodemographics

---------------------------------------------------------------------------- Imputation Number=7 ----------------------------------------------------------------------------

                                                                            The GENMOD Procedure

                                                                              Model Information

                                            Data Set              DATA.HC338353_IMPUTED_DATA_12NOV25                             
                                            Distribution                                      Normal                             
                                            Link Function                                   Identity                             
                                            Dependent Variable                                  BMIZ    Body Mass Index for age  
                                                                                                        Z-Score - CDC (Child)    


                                                                   Number of Observations Read         227
                                                                   Number of Observations Used         227


                                                                           Class Level Information
 
                                              Class                Levels    Values

                                              CENTERNUM                 4    CHICAGO MIAMI SAN DIEGO BRONX                     
                                              BKGRD1_C7NOMISS           7    BK_OTHER CUBAN C_AMERICAN DOMINICAN P_RICAN SOUTH 
                                                                             MEXICAN                                           
                                              MARITAL_STATUS            3    COHABITING SEPARATED SINGLE                       
                                              EMPLOYEDYN                2    EMPLOYED NOT_EMPLOYED                             
                                              EDUCATION_C3              3    AT_MOST_HIGHSCHOOL_GED G_HIGHSCHOOL               
                                                                             N_HIGHSCHOOL_GED                                  
                                              N_HC                      2    YES NO                                            
                                              YRSUS_C3                  3    10+_Years <10_Years US_BORN                       


                                                                   Criteria For Assessing Goodness Of Fit
 
                                                      Criterion                     DF           Value        Value/DF

                                                      Deviance                     206        351.7148          1.7074
                                                      Scaled Deviance              206        227.0000          1.1019
                                                      Pearson Chi-Square           206        351.7148          1.7074
                                                      Scaled Pearson X2            206        227.0000          1.1019
                                                      Log Likelihood                         -371.7973                
                                                      Full Log Likelihood                    -371.7973                
                                                      AIC (smaller is better)                 787.5947                
                                                      AICC (smaller is better)                792.5555                
                                                      BIC (smaller is better)                 862.9436                


                                                 Algorithm converged.                                                       


                                                             Analysis Of Maximum Likelihood Parameter Estimates
 
                                                                                        Standard     Wald 95% Confidence          Wald
                         Parameter                                    DF    Estimate       Error           Limits           Chi-Square    Pr > ChiSq

                         Intercept                                     1     -0.1512      1.0786     -2.2652      1.9628          0.02        0.8885
                         CENTERNUM          CHICAGO                    1      0.4751      0.3263     -0.1644      1.1146          2.12        0.1453
                                                                         Model 1 - Sociodemographics

---------------------------------------------------------------------------- Imputation Number=7 ----------------------------------------------------------------------------

                                                                            The GENMOD Procedure

                                                             Analysis Of Maximum Likelihood Parameter Estimates
 
                                                                                        Standard     Wald 95% Confidence          Wald
                         Parameter                                    DF    Estimate       Error           Limits           Chi-Square    Pr > ChiSq

                         CENTERNUM          MIAMI                      1     -0.3011      0.3788     -1.0435      0.4413          0.63        0.4266
                         CENTERNUM          SAN DIEGO                  1      0.1851      0.3626     -0.5257      0.8958          0.26        0.6098
                         CENTERNUM          BRONX                      0      0.0000      0.0000      0.0000      0.0000           .           .    
                         YRS_BTWN_V1FLOR                               1      0.0108      0.0746     -0.1353      0.1570          0.02        0.8846
                         AGE                                           1      0.0198      0.0199     -0.0192      0.0588          0.99        0.3189
                         BKGRD1_C7NOMISS    BK_OTHER                   1     -0.6946      0.8118     -2.2858      0.8965          0.73        0.3922
                         BKGRD1_C7NOMISS    CUBAN                      1      0.9551      0.4822      0.0100      1.9002          3.92        0.0476
                         BKGRD1_C7NOMISS    C_AMERICAN                 1      0.2485      0.3596     -0.4564      0.9534          0.48        0.4896
                         BKGRD1_C7NOMISS    DOMINICAN                  1      0.6332      0.4136     -0.1774      1.4439          2.34        0.1258
                         BKGRD1_C7NOMISS    P_RICAN                    1      0.2935      0.4242     -0.5379      1.1249          0.48        0.4890
                         BKGRD1_C7NOMISS    SOUTH                      1      0.4484      0.4422     -0.4183      1.3151          1.03        0.3106
                         BKGRD1_C7NOMISS    MEXICAN                    0      0.0000      0.0000      0.0000      0.0000           .           .    
                         N_HC               YES                        1      0.1731      0.2033     -0.2253      0.5715          0.73        0.3943
                         N_HC               NO                         0      0.0000      0.0000      0.0000      0.0000           .           .    
                         EDUCATION_C3       AT_MOST_HIGHSCHOOL_GED     1      0.0901      0.2239     -0.3487      0.5290          0.16        0.6873
                         EDUCATION_C3       G_HIGHSCHOOL               1     -0.2588      0.2444     -0.7377      0.2202          1.12        0.2896
                         EDUCATION_C3       N_HIGHSCHOOL_GED           0      0.0000      0.0000      0.0000      0.0000           .           .    
                         PARITY_V1                                     1      0.0964      0.0979     -0.0955      0.2883          0.97        0.3248
                         EMPLOYEDYN         EMPLOYED                   1     -0.1443      0.1827     -0.5023      0.2137          0.62        0.4296
                         EMPLOYEDYN         NOT_EMPLOYED               0      0.0000      0.0000      0.0000      0.0000           .           .    
                         MARITAL_STATUS     COHABITING                 1     -0.3868      0.1961     -0.7711     -0.0025          3.89        0.0485
                         MARITAL_STATUS     SEPARATED                  1      0.4588      0.4031     -0.3312      1.2488          1.30        0.2550
                         MARITAL_STATUS     SINGLE                     0      0.0000      0.0000      0.0000      0.0000           .           .    
                         YRSUS_C3           10+_Years                  1      0.1314      0.2857     -0.4286      0.6914          0.21        0.6456
                         YRSUS_C3           <10_Years                  1      0.0571      0.2788     -0.4893      0.6036          0.04        0.8377
                         YRSUS_C3           US_BORN                    0      0.0000      0.0000      0.0000      0.0000           .           .    
                         Scale                                         1      1.2448      0.0584      1.1354      1.3647                            

NOTE: The scale parameter was estimated by maximum likelihood.
                                                                         Model 1 - Sociodemographics

---------------------------------------------------------------------------- Imputation Number=8 ----------------------------------------------------------------------------

                                                                            The GENMOD Procedure

                                                                              Model Information

                                            Data Set              DATA.HC338353_IMPUTED_DATA_12NOV25                             
                                            Distribution                                      Normal                             
                                            Link Function                                   Identity                             
                                            Dependent Variable                                  BMIZ    Body Mass Index for age  
                                                                                                        Z-Score - CDC (Child)    


                                                                   Number of Observations Read         227
                                                                   Number of Observations Used         227


                                                                           Class Level Information
 
                                              Class                Levels    Values

                                              CENTERNUM                 4    CHICAGO MIAMI SAN DIEGO BRONX                     
                                              BKGRD1_C7NOMISS           7    BK_OTHER CUBAN C_AMERICAN DOMINICAN P_RICAN SOUTH 
                                                                             MEXICAN                                           
                                              MARITAL_STATUS            3    COHABITING SEPARATED SINGLE                       
                                              EMPLOYEDYN                2    EMPLOYED NOT_EMPLOYED                             
                                              EDUCATION_C3              3    AT_MOST_HIGHSCHOOL_GED G_HIGHSCHOOL               
                                                                             N_HIGHSCHOOL_GED                                  
                                              N_HC                      2    YES NO                                            
                                              YRSUS_C3                  3    10+_Years <10_Years US_BORN                       


                                                                   Criteria For Assessing Goodness Of Fit
 
                                                      Criterion                     DF           Value        Value/DF

                                                      Deviance                     206        349.7303          1.6977
                                                      Scaled Deviance              206        227.0000          1.1019
                                                      Pearson Chi-Square           206        349.7303          1.6977
                                                      Scaled Pearson X2            206        227.0000          1.1019
                                                      Log Likelihood                         -371.1551                
                                                      Full Log Likelihood                    -371.1551                
                                                      AIC (smaller is better)                 786.3103                
                                                      AICC (smaller is better)                791.2711                
                                                      BIC (smaller is better)                 861.6592                


                                                 Algorithm converged.                                                       


                                                             Analysis Of Maximum Likelihood Parameter Estimates
 
                                                                                        Standard     Wald 95% Confidence          Wald
                         Parameter                                    DF    Estimate       Error           Limits           Chi-Square    Pr > ChiSq

                         Intercept                                     1     -0.0946      1.0690     -2.1898      2.0006          0.01        0.9295
                         CENTERNUM          CHICAGO                    1      0.4928      0.3253     -0.1447      1.1303          2.30        0.1297
                                                                         Model 1 - Sociodemographics

---------------------------------------------------------------------------- Imputation Number=8 ----------------------------------------------------------------------------

                                                                            The GENMOD Procedure

                                                             Analysis Of Maximum Likelihood Parameter Estimates
 
                                                                                        Standard     Wald 95% Confidence          Wald
                         Parameter                                    DF    Estimate       Error           Limits           Chi-Square    Pr > ChiSq

                         CENTERNUM          MIAMI                      1     -0.3062      0.3771     -1.0454      0.4329          0.66        0.4168
                         CENTERNUM          SAN DIEGO                  1      0.2313      0.3623     -0.4788      0.9413          0.41        0.5233
                         CENTERNUM          BRONX                      0      0.0000      0.0000      0.0000      0.0000           .           .    
                         YRS_BTWN_V1FLOR                               1      0.0101      0.0741     -0.1351      0.1553          0.02        0.8914
                         AGE                                           1      0.0196      0.0198     -0.0192      0.0585          0.98        0.3223
                         BKGRD1_C7NOMISS    BK_OTHER                   1     -0.7204      0.8027     -2.2936      0.8529          0.81        0.3695
                         BKGRD1_C7NOMISS    CUBAN                      1      1.0399      0.4816      0.0959      1.9838          4.66        0.0308
                         BKGRD1_C7NOMISS    C_AMERICAN                 1      0.2727      0.3588     -0.4305      0.9760          0.58        0.4472
                         BKGRD1_C7NOMISS    DOMINICAN                  1      0.7106      0.4171     -0.1070      1.5282          2.90        0.0885
                         BKGRD1_C7NOMISS    P_RICAN                    1      0.3271      0.4226     -0.5011      1.1553          0.60        0.4389
                         BKGRD1_C7NOMISS    SOUTH                      1      0.5146      0.4417     -0.3511      1.3802          1.36        0.2440
                         BKGRD1_C7NOMISS    MEXICAN                    0      0.0000      0.0000      0.0000      0.0000           .           .    
                         N_HC               YES                        1      0.0937      0.2016     -0.3014      0.4888          0.22        0.6421
                         N_HC               NO                         0      0.0000      0.0000      0.0000      0.0000           .           .    
                         EDUCATION_C3       AT_MOST_HIGHSCHOOL_GED     1      0.0587      0.2221     -0.3767      0.4940          0.07        0.7917
                         EDUCATION_C3       G_HIGHSCHOOL               1     -0.3208      0.2365     -0.7843      0.1427          1.84        0.1749
                         EDUCATION_C3       N_HIGHSCHOOL_GED           0      0.0000      0.0000      0.0000      0.0000           .           .    
                         PARITY_V1                                     1      0.1096      0.0970     -0.0805      0.2997          1.28        0.2584
                         EMPLOYEDYN         EMPLOYED                   1     -0.1552      0.1838     -0.5155      0.2050          0.71        0.3984
                         EMPLOYEDYN         NOT_EMPLOYED               0      0.0000      0.0000      0.0000      0.0000           .           .    
                         MARITAL_STATUS     COHABITING                 1     -0.3952      0.1950     -0.7773     -0.0131          4.11        0.0427
                         MARITAL_STATUS     SEPARATED                  1      0.4461      0.4018     -0.3414      1.2336          1.23        0.2669
                         MARITAL_STATUS     SINGLE                     0      0.0000      0.0000      0.0000      0.0000           .           .    
                         YRSUS_C3           10+_Years                  1      0.1024      0.2842     -0.4547      0.6595          0.13        0.7186
                         YRSUS_C3           <10_Years                  1      0.0318      0.2786     -0.5142      0.5778          0.01        0.9091
                         YRSUS_C3           US_BORN                    0      0.0000      0.0000      0.0000      0.0000           .           .    
                         Scale                                         1      1.2412      0.0583      1.1322      1.3608                            

NOTE: The scale parameter was estimated by maximum likelihood.
                                                                         Model 1 - Sociodemographics

---------------------------------------------------------------------------- Imputation Number=9 ----------------------------------------------------------------------------

                                                                            The GENMOD Procedure

                                                                              Model Information

                                            Data Set              DATA.HC338353_IMPUTED_DATA_12NOV25                             
                                            Distribution                                      Normal                             
                                            Link Function                                   Identity                             
                                            Dependent Variable                                  BMIZ    Body Mass Index for age  
                                                                                                        Z-Score - CDC (Child)    


                                                                   Number of Observations Read         227
                                                                   Number of Observations Used         227


                                                                           Class Level Information
 
                                              Class                Levels    Values

                                              CENTERNUM                 4    CHICAGO MIAMI SAN DIEGO BRONX                     
                                              BKGRD1_C7NOMISS           7    BK_OTHER CUBAN C_AMERICAN DOMINICAN P_RICAN SOUTH 
                                                                             MEXICAN                                           
                                              MARITAL_STATUS            3    COHABITING SEPARATED SINGLE                       
                                              EMPLOYEDYN                2    EMPLOYED NOT_EMPLOYED                             
                                              EDUCATION_C3              3    AT_MOST_HIGHSCHOOL_GED G_HIGHSCHOOL               
                                                                             N_HIGHSCHOOL_GED                                  
                                              N_HC                      2    YES NO                                            
                                              YRSUS_C3                  3    10+_Years <10_Years US_BORN                       


                                                                   Criteria For Assessing Goodness Of Fit
 
                                                      Criterion                     DF           Value        Value/DF

                                                      Deviance                     206        351.2342          1.7050
                                                      Scaled Deviance              206        227.0000          1.1019
                                                      Pearson Chi-Square           206        351.2342          1.7050
                                                      Scaled Pearson X2            206        227.0000          1.1019
                                                      Log Likelihood                         -371.6421                
                                                      Full Log Likelihood                    -371.6421                
                                                      AIC (smaller is better)                 787.2843                
                                                      AICC (smaller is better)                792.2451                
                                                      BIC (smaller is better)                 862.6332                


                                                 Algorithm converged.                                                       


                                                             Analysis Of Maximum Likelihood Parameter Estimates
 
                                                                                        Standard     Wald 95% Confidence          Wald
                         Parameter                                    DF    Estimate       Error           Limits           Chi-Square    Pr > ChiSq

                         Intercept                                     1     -0.1029      1.0748     -2.2096      2.0037          0.01        0.9237
                         CENTERNUM          CHICAGO                    1      0.4948      0.3259     -0.1439      1.1336          2.31        0.1289
                                                                         Model 1 - Sociodemographics

---------------------------------------------------------------------------- Imputation Number=9 ----------------------------------------------------------------------------

                                                                            The GENMOD Procedure

                                                             Analysis Of Maximum Likelihood Parameter Estimates
 
                                                                                        Standard     Wald 95% Confidence          Wald
                         Parameter                                    DF    Estimate       Error           Limits           Chi-Square    Pr > ChiSq

                         CENTERNUM          MIAMI                      1     -0.2947      0.3780     -1.0356      0.4461          0.61        0.4355
                         CENTERNUM          SAN DIEGO                  1      0.2112      0.3627     -0.4996      0.9221          0.34        0.5603
                         CENTERNUM          BRONX                      0      0.0000      0.0000      0.0000      0.0000           .           .    
                         YRS_BTWN_V1FLOR                               1      0.0077      0.0743     -0.1379      0.1533          0.01        0.9175
                         AGE                                           1      0.0189      0.0198     -0.0199      0.0577          0.91        0.3400
                         BKGRD1_C7NOMISS    BK_OTHER                   1     -0.6806      0.8116     -2.2713      0.9100          0.70        0.4017
                         BKGRD1_C7NOMISS    CUBAN                      1      0.9888      0.4831      0.0419      1.9357          4.19        0.0407
                         BKGRD1_C7NOMISS    C_AMERICAN                 1      0.2409      0.3598     -0.4642      0.9461          0.45        0.5031
                         BKGRD1_C7NOMISS    DOMINICAN                  1      0.6913      0.4145     -0.1211      1.5038          2.78        0.0954
                         BKGRD1_C7NOMISS    P_RICAN                    1      0.3163      0.4243     -0.5152      1.1479          0.56        0.4559
                         BKGRD1_C7NOMISS    SOUTH                      1      0.4878      0.4425     -0.3794      1.3550          1.22        0.2703
                         BKGRD1_C7NOMISS    MEXICAN                    0      0.0000      0.0000      0.0000      0.0000           .           .    
                         N_HC               YES                        1      0.1057      0.2035     -0.2932      0.5046          0.27        0.6036
                         N_HC               NO                         0      0.0000      0.0000      0.0000      0.0000           .           .    
                         EDUCATION_C3       AT_MOST_HIGHSCHOOL_GED     1      0.1066      0.2234     -0.3313      0.5445          0.23        0.6333
                         EDUCATION_C3       G_HIGHSCHOOL               1     -0.2253      0.2410     -0.6975      0.2470          0.87        0.3498
                         EDUCATION_C3       N_HIGHSCHOOL_GED           0      0.0000      0.0000      0.0000      0.0000           .           .    
                         PARITY_V1                                     1      0.1219      0.0972     -0.0686      0.3125          1.57        0.2098
                         EMPLOYEDYN         EMPLOYED                   1     -0.1602      0.1851     -0.5230      0.2026          0.75        0.3869
                         EMPLOYEDYN         NOT_EMPLOYED               0      0.0000      0.0000      0.0000      0.0000           .           .    
                         MARITAL_STATUS     COHABITING                 1     -0.3988      0.1955     -0.7820     -0.0156          4.16        0.0414
                         MARITAL_STATUS     SEPARATED                  1      0.4350      0.4027     -0.3543      1.2243          1.17        0.2800
                         MARITAL_STATUS     SINGLE                     0      0.0000      0.0000      0.0000      0.0000           .           .    
                         YRSUS_C3           10+_Years                  1      0.0741      0.2857     -0.4860      0.6341          0.07        0.7954
                         YRSUS_C3           <10_Years                  1      0.0649      0.2788     -0.4815      0.6113          0.05        0.8159
                         YRSUS_C3           US_BORN                    0      0.0000      0.0000      0.0000      0.0000           .           .    
                         Scale                                         1      1.2439      0.0584      1.1346      1.3637                            

NOTE: The scale parameter was estimated by maximum likelihood.
                                                                         Model 1 - Sociodemographics

--------------------------------------------------------------------------- Imputation Number=10 ----------------------------------------------------------------------------

                                                                            The GENMOD Procedure

                                                                              Model Information

                                            Data Set              DATA.HC338353_IMPUTED_DATA_12NOV25                             
                                            Distribution                                      Normal                             
                                            Link Function                                   Identity                             
                                            Dependent Variable                                  BMIZ    Body Mass Index for age  
                                                                                                        Z-Score - CDC (Child)    


                                                                   Number of Observations Read         227
                                                                   Number of Observations Used         227


                                                                           Class Level Information
 
                                              Class                Levels    Values

                                              CENTERNUM                 4    CHICAGO MIAMI SAN DIEGO BRONX                     
                                              BKGRD1_C7NOMISS           7    BK_OTHER CUBAN C_AMERICAN DOMINICAN P_RICAN SOUTH 
                                                                             MEXICAN                                           
                                              MARITAL_STATUS            3    COHABITING SEPARATED SINGLE                       
                                              EMPLOYEDYN                2    EMPLOYED NOT_EMPLOYED                             
                                              EDUCATION_C3              3    AT_MOST_HIGHSCHOOL_GED G_HIGHSCHOOL               
                                                                             N_HIGHSCHOOL_GED                                  
                                              N_HC                      2    YES NO                                            
                                              YRSUS_C3                  3    10+_Years <10_Years US_BORN                       


                                                                   Criteria For Assessing Goodness Of Fit
 
                                                      Criterion                     DF           Value        Value/DF

                                                      Deviance                     206        349.7933          1.6980
                                                      Scaled Deviance              206        227.0000          1.1019
                                                      Pearson Chi-Square           206        349.7933          1.6980
                                                      Scaled Pearson X2            206        227.0000          1.1019
                                                      Log Likelihood                         -371.1756                
                                                      Full Log Likelihood                    -371.1756                
                                                      AIC (smaller is better)                 786.3511                
                                                      AICC (smaller is better)                791.3119                
                                                      BIC (smaller is better)                 861.7000                


                                                 Algorithm converged.                                                       


                                                             Analysis Of Maximum Likelihood Parameter Estimates
 
                                                                                        Standard     Wald 95% Confidence          Wald
                         Parameter                                    DF    Estimate       Error           Limits           Chi-Square    Pr > ChiSq

                         Intercept                                     1     -0.2395      1.0767     -2.3497      1.8708          0.05        0.8240
                         CENTERNUM          CHICAGO                    1      0.4874      0.3251     -0.1497      1.1245          2.25        0.1338
                                                                         Model 1 - Sociodemographics

--------------------------------------------------------------------------- Imputation Number=10 ----------------------------------------------------------------------------

                                                                            The GENMOD Procedure

                                                             Analysis Of Maximum Likelihood Parameter Estimates
 
                                                                                        Standard     Wald 95% Confidence          Wald
                         Parameter                                    DF    Estimate       Error           Limits           Chi-Square    Pr > ChiSq

                         CENTERNUM          MIAMI                      1     -0.2963      0.3775     -1.0362      0.4435          0.62        0.4324
                         CENTERNUM          SAN DIEGO                  1      0.2187      0.3625     -0.4918      0.9293          0.36        0.5463
                         CENTERNUM          BRONX                      0      0.0000      0.0000      0.0000      0.0000           .           .    
                         YRS_BTWN_V1FLOR                               1      0.0176      0.0742     -0.1279      0.1631          0.06        0.8127
                         AGE                                           1      0.0198      0.0200     -0.0194      0.0590          0.98        0.3216
                         BKGRD1_C7NOMISS    BK_OTHER                   1     -0.7247      0.8054     -2.3034      0.8539          0.81        0.3682
                         BKGRD1_C7NOMISS    CUBAN                      1      0.9849      0.4812      0.0419      1.9280          4.19        0.0407
                         BKGRD1_C7NOMISS    C_AMERICAN                 1      0.2746      0.3586     -0.4282      0.9775          0.59        0.4438
                         BKGRD1_C7NOMISS    DOMINICAN                  1      0.6892      0.4119     -0.1181      1.4965          2.80        0.0943
                         BKGRD1_C7NOMISS    P_RICAN                    1      0.3131      0.4233     -0.5165      1.1428          0.55        0.4594
                         BKGRD1_C7NOMISS    SOUTH                      1      0.4934      0.4411     -0.3711      1.3579          1.25        0.2633
                         BKGRD1_C7NOMISS    MEXICAN                    0      0.0000      0.0000      0.0000      0.0000           .           .    
                         N_HC               YES                        1      0.1919      0.2026     -0.2051      0.5889          0.90        0.3434
                         N_HC               NO                         0      0.0000      0.0000      0.0000      0.0000           .           .    
                         EDUCATION_C3       AT_MOST_HIGHSCHOOL_GED     1      0.0349      0.2220     -0.4002      0.4700          0.02        0.8751
                         EDUCATION_C3       G_HIGHSCHOOL               1     -0.3653      0.2387     -0.8333      0.1026          2.34        0.1259
                         EDUCATION_C3       N_HIGHSCHOOL_GED           0      0.0000      0.0000      0.0000      0.0000           .           .    
                         PARITY_V1                                     1      0.1059      0.0982     -0.0866      0.2984          1.16        0.2811
                         EMPLOYEDYN         EMPLOYED                   1     -0.0976      0.1847     -0.4596      0.2645          0.28        0.5974
                         EMPLOYEDYN         NOT_EMPLOYED               0      0.0000      0.0000      0.0000      0.0000           .           .    
                         MARITAL_STATUS     COHABITING                 1     -0.3850      0.1951     -0.7673     -0.0026          3.89        0.0484
                         MARITAL_STATUS     SEPARATED                  1      0.4406      0.4017     -0.3468      1.2279          1.20        0.2728
                         MARITAL_STATUS     SINGLE                     0      0.0000      0.0000      0.0000      0.0000           .           .    
                         YRSUS_C3           10+_Years                  1      0.0984      0.2850     -0.4603      0.6570          0.12        0.7300
                         YRSUS_C3           <10_Years                  1      0.0871      0.2779     -0.4575      0.6317          0.10        0.7540
                         YRSUS_C3           US_BORN                    0      0.0000      0.0000      0.0000      0.0000           .           .    
                         Scale                                         1      1.2413      0.0583      1.1323      1.3609                            

NOTE: The scale parameter was estimated by maximum likelihood.
                                                           Model 2: Model 1 + (diet, alcohol, smoke, pa, slpdur) 

---------------------------------------------------------------------------- Imputation Number=1 ----------------------------------------------------------------------------

                                                                            The GENMOD Procedure

                                                                              Model Information

                                            Data Set              DATA.HC338353_IMPUTED_DATA_12NOV25                             
                                            Distribution                                      Normal                             
                                            Link Function                                   Identity                             
                                            Dependent Variable                                  BMIZ    Body Mass Index for age  
                                                                                                        Z-Score - CDC (Child)    


                                                                   Number of Observations Read         227
                                                                   Number of Observations Used         227


                                                                           Class Level Information
 
                                              Class                Levels    Values

                                              CENTERNUM                 4    CHICAGO MIAMI SAN DIEGO BRONX                     
                                              BKGRD1_C7NOMISS           7    BK_OTHER CUBAN C_AMERICAN DOMINICAN P_RICAN SOUTH 
                                                                             MEXICAN                                           
                                              MARITAL_STATUS            3    COHABITING SEPARATED SINGLE                       
                                              EMPLOYEDYN                2    EMPLOYED NOT_EMPLOYED                             
                                              EDUCATION_C3              3    AT_MOST_HIGHSCHOOL_GED G_HIGHSCHOOL               
                                                                             N_HIGHSCHOOL_GED                                  
                                              N_HC                      2    YES NO                                            
                                              YRSUS_C3                  3    10+_Years <10_Years US_BORN                       
                                              CURRENT_SMOKER            2    YES NO                                            
                                              ALCOHOL_USE               3    CURRENT FORMER NEVER                              
                                              PAG2008YN                 2    NO YES                                            
                                              HEI2010_C3                3    HIGH MEDIUM LOW                                   


                                                                   Criteria For Assessing Goodness Of Fit
 
                                                      Criterion                     DF           Value        Value/DF

                                                      Deviance                     199        335.5941          1.6864
                                                      Scaled Deviance              199        227.0000          1.1407
                                                      Pearson Chi-Square           199        335.5941          1.6864
                                                      Scaled Pearson X2            199        227.0000          1.1407
                                                      Log Likelihood                         -366.4721                
                                                      Full Log Likelihood                    -366.4721                
                                                      AIC (smaller is better)                 790.9443                
                                                      AICC (smaller is better)                799.7768                
                                                      BIC (smaller is better)                 890.2678                


                                                 Algorithm converged.                                                       


                                                           Model 2: Model 1 + (diet, alcohol, smoke, pa, slpdur) 

---------------------------------------------------------------------------- Imputation Number=1 ----------------------------------------------------------------------------

                                                                            The GENMOD Procedure

                                                             Analysis Of Maximum Likelihood Parameter Estimates
 
                                                                                        Standard     Wald 95% Confidence          Wald
                         Parameter                                    DF    Estimate       Error           Limits           Chi-Square    Pr > ChiSq

                         Intercept                                     1     -2.0576      1.3333     -4.6709      0.5557          2.38        0.1228
                         CENTERNUM          CHICAGO                    1      0.5211      0.3417     -0.1486      1.1909          2.33        0.1273
                         CENTERNUM          MIAMI                      1     -0.3199      0.4064     -1.1164      0.4766          0.62        0.4312
                         CENTERNUM          SAN DIEGO                  1      0.2182      0.3786     -0.5239      0.9602          0.33        0.5645
                         CENTERNUM          BRONX                      0      0.0000      0.0000      0.0000      0.0000           .           .    
                         YRS_BTWN_V1FLOR                               1      0.0129      0.0750     -0.1341      0.1599          0.03        0.8633
                         AGE                                           1      0.0263      0.0203     -0.0135      0.0660          1.68        0.1950
                         BKGRD1_C7NOMISS    BK_OTHER                   1     -1.1956      0.8220     -2.8067      0.4155          2.12        0.1458
                         BKGRD1_C7NOMISS    CUBAN                      1      0.8330      0.4965     -0.1400      1.8061          2.82        0.0934
                         BKGRD1_C7NOMISS    C_AMERICAN                 1      0.3270      0.3629     -0.3843      1.0382          0.81        0.3676
                         BKGRD1_C7NOMISS    DOMINICAN                  1      0.6191      0.4123     -0.1891      1.4272          2.25        0.1333
                         BKGRD1_C7NOMISS    P_RICAN                    1      0.3300      0.4370     -0.5265      1.1864          0.57        0.4502
                         BKGRD1_C7NOMISS    SOUTH                      1      0.5215      0.4397     -0.3404      1.3833          1.41        0.2357
                         BKGRD1_C7NOMISS    MEXICAN                    0      0.0000      0.0000      0.0000      0.0000           .           .    
                         N_HC               YES                        1      0.1445      0.2063     -0.2598      0.5487          0.49        0.4836
                         N_HC               NO                         0      0.0000      0.0000      0.0000      0.0000           .           .    
                         EDUCATION_C3       AT_MOST_HIGHSCHOOL_GED     1      0.1597      0.2290     -0.2891      0.6085          0.49        0.4856
                         EDUCATION_C3       G_HIGHSCHOOL               1     -0.1379      0.2463     -0.6207      0.3449          0.31        0.5757
                         EDUCATION_C3       N_HIGHSCHOOL_GED           0      0.0000      0.0000      0.0000      0.0000           .           .    
                         PARITY_V1                                     1      0.1255      0.0996     -0.0696      0.3207          1.59        0.2073
                         EMPLOYEDYN         EMPLOYED                   1     -0.0326      0.1860     -0.3971      0.3320          0.03        0.8611
                         EMPLOYEDYN         NOT_EMPLOYED               0      0.0000      0.0000      0.0000      0.0000           .           .    
                         MARITAL_STATUS     COHABITING                 1     -0.3837      0.1941     -0.7641     -0.0033          3.91        0.0480
                         MARITAL_STATUS     SEPARATED                  1      0.4414      0.4018     -0.3461      1.2289          1.21        0.2719
                         MARITAL_STATUS     SINGLE                     0      0.0000      0.0000      0.0000      0.0000           .           .    
                         YRSUS_C3           10+_Years                  1      0.1703      0.2823     -0.3831      0.7236          0.36        0.5465
                         YRSUS_C3           <10_Years                  1      0.1194      0.2804     -0.4302      0.6690          0.18        0.6703
                         YRSUS_C3           US_BORN                    0      0.0000      0.0000      0.0000      0.0000           .           .    
                         CURRENT_SMOKER     YES                        1      0.5111      0.3113     -0.0990      1.1212          2.70        0.1006
                         CURRENT_SMOKER     NO                         0      0.0000      0.0000      0.0000      0.0000           .           .    
                         HEI2010_C3         HIGH                       1     -0.0020      0.2274     -0.4477      0.4438          0.00        0.9930
                         HEI2010_C3         MEDIUM                     1      0.0727      0.2229     -0.3642      0.5095          0.11        0.7445
                         HEI2010_C3         LOW                        0      0.0000      0.0000      0.0000      0.0000           .           .    
                         ALCOHOL_USE        CURRENT                    1     -0.1706      0.2431     -0.6470      0.3058          0.49        0.4828
                         ALCOHOL_USE        FORMER                     1      0.0906      0.2555     -0.4102      0.5914          0.13        0.7229
                         ALCOHOL_USE        NEVER                      0      0.0000      0.0000      0.0000      0.0000           .           .    
                         PAG2008YN          NO                         1      0.0945      0.1903     -0.2785      0.4675          0.25        0.6195
                         PAG2008YN          YES                        0      0.0000      0.0000      0.0000      0.0000           .           .    
                         SLPDUR                                        1      0.1713      0.0669      0.0402      0.3023          6.56        0.0104
                         Scale                                         1      1.2159      0.0571      1.1090      1.3330                            

NOTE: The scale parameter was estimated by maximum likelihood.
                                                           Model 2: Model 1 + (diet, alcohol, smoke, pa, slpdur) 

---------------------------------------------------------------------------- Imputation Number=2 ----------------------------------------------------------------------------

                                                                            The GENMOD Procedure

                                                                              Model Information

                                            Data Set              DATA.HC338353_IMPUTED_DATA_12NOV25                             
                                            Distribution                                      Normal                             
                                            Link Function                                   Identity                             
                                            Dependent Variable                                  BMIZ    Body Mass Index for age  
                                                                                                        Z-Score - CDC (Child)    


                                                                   Number of Observations Read         227
                                                                   Number of Observations Used         227


                                                                           Class Level Information
 
                                              Class                Levels    Values

                                              CENTERNUM                 4    CHICAGO MIAMI SAN DIEGO BRONX                     
                                              BKGRD1_C7NOMISS           7    BK_OTHER CUBAN C_AMERICAN DOMINICAN P_RICAN SOUTH 
                                                                             MEXICAN                                           
                                              MARITAL_STATUS            3    COHABITING SEPARATED SINGLE                       
                                              EMPLOYEDYN                2    EMPLOYED NOT_EMPLOYED                             
                                              EDUCATION_C3              3    AT_MOST_HIGHSCHOOL_GED G_HIGHSCHOOL               
                                                                             N_HIGHSCHOOL_GED                                  
                                              N_HC                      2    YES NO                                            
                                              YRSUS_C3                  3    10+_Years <10_Years US_BORN                       
                                              CURRENT_SMOKER            2    YES NO                                            
                                              ALCOHOL_USE               3    CURRENT FORMER NEVER                              
                                              PAG2008YN                 2    NO YES                                            
                                              HEI2010_C3                3    HIGH MEDIUM LOW                                   


                                                                   Criteria For Assessing Goodness Of Fit
 
                                                      Criterion                     DF           Value        Value/DF

                                                      Deviance                     199        338.3498          1.7003
                                                      Scaled Deviance              199        227.0000          1.1407
                                                      Pearson Chi-Square           199        338.3498          1.7003
                                                      Scaled Pearson X2            199        227.0000          1.1407
                                                      Log Likelihood                         -367.4003                
                                                      Full Log Likelihood                    -367.4003                
                                                      AIC (smaller is better)                 792.8007                
                                                      AICC (smaller is better)                801.6331                
                                                      BIC (smaller is better)                 892.1242                


                                                 Algorithm converged.                                                       


                                                           Model 2: Model 1 + (diet, alcohol, smoke, pa, slpdur) 

---------------------------------------------------------------------------- Imputation Number=2 ----------------------------------------------------------------------------

                                                                            The GENMOD Procedure

                                                             Analysis Of Maximum Likelihood Parameter Estimates
 
                                                                                        Standard     Wald 95% Confidence          Wald
                         Parameter                                    DF    Estimate       Error           Limits           Chi-Square    Pr > ChiSq

                         Intercept                                     1     -1.5405      1.3199     -4.1274      1.0464          1.36        0.2431
                         CENTERNUM          CHICAGO                    1      0.3599      0.3396     -0.3058      1.0256          1.12        0.2893
                         CENTERNUM          MIAMI                      1     -0.5269      0.4067     -1.3240      0.2703          1.68        0.1952
                         CENTERNUM          SAN DIEGO                  1      0.0379      0.3819     -0.7105      0.7863          0.01        0.9209
                         CENTERNUM          BRONX                      0      0.0000      0.0000      0.0000      0.0000           .           .    
                         YRS_BTWN_V1FLOR                               1      0.0160      0.0750     -0.1311      0.1631          0.05        0.8312
                         AGE                                           1      0.0239      0.0202     -0.0157      0.0634          1.40        0.2366
                         BKGRD1_C7NOMISS    BK_OTHER                   1     -1.0515      0.8054     -2.6301      0.5270          1.70        0.1917
                         BKGRD1_C7NOMISS    CUBAN                      1      0.9527      0.4987     -0.0247      1.9301          3.65        0.0561
                         BKGRD1_C7NOMISS    C_AMERICAN                 1      0.3525      0.3641     -0.3612      1.0661          0.94        0.3330
                         BKGRD1_C7NOMISS    DOMINICAN                  1      0.6040      0.4162     -0.2117      1.4197          2.11        0.1467
                         BKGRD1_C7NOMISS    P_RICAN                    1      0.2766      0.4408     -0.5874      1.1406          0.39        0.5304
                         BKGRD1_C7NOMISS    SOUTH                      1      0.5112      0.4410     -0.3531      1.3756          1.34        0.2464
                         BKGRD1_C7NOMISS    MEXICAN                    0      0.0000      0.0000      0.0000      0.0000           .           .    
                         N_HC               YES                        1      0.0483      0.2077     -0.3588      0.4553          0.05        0.8162
                         N_HC               NO                         0      0.0000      0.0000      0.0000      0.0000           .           .    
                         EDUCATION_C3       AT_MOST_HIGHSCHOOL_GED     1      0.1499      0.2309     -0.3027      0.6026          0.42        0.5162
                         EDUCATION_C3       G_HIGHSCHOOL               1     -0.1356      0.2498     -0.6253      0.3541          0.29        0.5873
                         EDUCATION_C3       N_HIGHSCHOOL_GED           0      0.0000      0.0000      0.0000      0.0000           .           .    
                         PARITY_V1                                     1      0.0889      0.0981     -0.1034      0.2813          0.82        0.3647
                         EMPLOYEDYN         EMPLOYED                   1      0.0147      0.1866     -0.3511      0.3805          0.01        0.9373
                         EMPLOYEDYN         NOT_EMPLOYED               0      0.0000      0.0000      0.0000      0.0000           .           .    
                         MARITAL_STATUS     COHABITING                 1     -0.3411      0.1941     -0.7215      0.0392          3.09        0.0788
                         MARITAL_STATUS     SEPARATED                  1      0.4473      0.4025     -0.3417      1.2362          1.23        0.2665
                         MARITAL_STATUS     SINGLE                     0      0.0000      0.0000      0.0000      0.0000           .           .    
                         YRSUS_C3           10+_Years                  1      0.1463      0.2821     -0.4066      0.6992          0.27        0.6041
                         YRSUS_C3           <10_Years                  1      0.0892      0.2792     -0.4580      0.6364          0.10        0.7493
                         YRSUS_C3           US_BORN                    0      0.0000      0.0000      0.0000      0.0000           .           .    
                         CURRENT_SMOKER     YES                        1      0.5382      0.3134     -0.0761      1.1526          2.95        0.0859
                         CURRENT_SMOKER     NO                         0      0.0000      0.0000      0.0000      0.0000           .           .    
                         HEI2010_C3         HIGH                       1      0.0929      0.2271     -0.3521      0.5380          0.17        0.6824
                         HEI2010_C3         MEDIUM                     1      0.1498      0.2240     -0.2893      0.5889          0.45        0.5038
                         HEI2010_C3         LOW                        0      0.0000      0.0000      0.0000      0.0000           .           .    
                         ALCOHOL_USE        CURRENT                    1     -0.1875      0.2451     -0.6679      0.2930          0.58        0.4444
                         ALCOHOL_USE        FORMER                     1      0.0308      0.2570     -0.4729      0.5346          0.01        0.9045
                         ALCOHOL_USE        NEVER                      0      0.0000      0.0000      0.0000      0.0000           .           .    
                         PAG2008YN          NO                         1      0.3524      0.1911     -0.0221      0.7269          3.40        0.0651
                         PAG2008YN          YES                        0      0.0000      0.0000      0.0000      0.0000           .           .    
                         SLPDUR                                        1      0.1112      0.0676     -0.0212      0.2436          2.71        0.0998
                         Scale                                         1      1.2209      0.0573      1.1136      1.3385                            

NOTE: The scale parameter was estimated by maximum likelihood.
                                                           Model 2: Model 1 + (diet, alcohol, smoke, pa, slpdur) 

---------------------------------------------------------------------------- Imputation Number=3 ----------------------------------------------------------------------------

                                                                            The GENMOD Procedure

                                                                              Model Information

                                            Data Set              DATA.HC338353_IMPUTED_DATA_12NOV25                             
                                            Distribution                                      Normal                             
                                            Link Function                                   Identity                             
                                            Dependent Variable                                  BMIZ    Body Mass Index for age  
                                                                                                        Z-Score - CDC (Child)    


                                                                   Number of Observations Read         227
                                                                   Number of Observations Used         227


                                                                           Class Level Information
 
                                              Class                Levels    Values

                                              CENTERNUM                 4    CHICAGO MIAMI SAN DIEGO BRONX                     
                                              BKGRD1_C7NOMISS           7    BK_OTHER CUBAN C_AMERICAN DOMINICAN P_RICAN SOUTH 
                                                                             MEXICAN                                           
                                              MARITAL_STATUS            3    COHABITING SEPARATED SINGLE                       
                                              EMPLOYEDYN                2    EMPLOYED NOT_EMPLOYED                             
                                              EDUCATION_C3              3    AT_MOST_HIGHSCHOOL_GED G_HIGHSCHOOL               
                                                                             N_HIGHSCHOOL_GED                                  
                                              N_HC                      2    YES NO                                            
                                              YRSUS_C3                  3    10+_Years <10_Years US_BORN                       
                                              CURRENT_SMOKER            2    YES NO                                            
                                              ALCOHOL_USE               3    CURRENT FORMER NEVER                              
                                              PAG2008YN                 2    NO YES                                            
                                              HEI2010_C3                3    HIGH MEDIUM LOW                                   


                                                                   Criteria For Assessing Goodness Of Fit
 
                                                      Criterion                     DF           Value        Value/DF

                                                      Deviance                     199        335.9792          1.6883
                                                      Scaled Deviance              199        227.0000          1.1407
                                                      Pearson Chi-Square           199        335.9792          1.6883
                                                      Scaled Pearson X2            199        227.0000          1.1407
                                                      Log Likelihood                         -366.6023                
                                                      Full Log Likelihood                    -366.6023                
                                                      AIC (smaller is better)                 791.2046                
                                                      AICC (smaller is better)                800.0371                
                                                      BIC (smaller is better)                 890.5282                


                                                 Algorithm converged.                                                       


                                                           Model 2: Model 1 + (diet, alcohol, smoke, pa, slpdur) 

---------------------------------------------------------------------------- Imputation Number=3 ----------------------------------------------------------------------------

                                                                            The GENMOD Procedure

                                                             Analysis Of Maximum Likelihood Parameter Estimates
 
                                                                                        Standard     Wald 95% Confidence          Wald
                         Parameter                                    DF    Estimate       Error           Limits           Chi-Square    Pr > ChiSq

                         Intercept                                     1     -1.6632      1.3284     -4.2669      0.9405          1.57        0.2106
                         CENTERNUM          CHICAGO                    1      0.4385      0.3431     -0.2339      1.1109          1.63        0.2012
                         CENTERNUM          MIAMI                      1     -0.4430      0.4064     -1.2396      0.3536          1.19        0.2757
                         CENTERNUM          SAN DIEGO                  1      0.1589      0.3750     -0.5762      0.8940          0.18        0.6718
                         CENTERNUM          BRONX                      0      0.0000      0.0000      0.0000      0.0000           .           .    
                         YRS_BTWN_V1FLOR                               1      0.0029      0.0749     -0.1440      0.1497          0.00        0.9695
                         AGE                                           1      0.0307      0.0205     -0.0094      0.0708          2.24        0.1341
                         BKGRD1_C7NOMISS    BK_OTHER                   1     -1.0698      0.8160     -2.6692      0.5295          1.72        0.1898
                         BKGRD1_C7NOMISS    CUBAN                      1      0.8598      0.4983     -0.1168      1.8365          2.98        0.0844
                         BKGRD1_C7NOMISS    C_AMERICAN                 1      0.2919      0.3630     -0.4197      1.0034          0.65        0.4214
                         BKGRD1_C7NOMISS    DOMINICAN                  1      0.6559      0.4144     -0.1563      1.4681          2.51        0.1135
                         BKGRD1_C7NOMISS    P_RICAN                    1      0.3377      0.4324     -0.5098      1.1851          0.61        0.4349
                         BKGRD1_C7NOMISS    SOUTH                      1      0.5452      0.4397     -0.3167      1.4070          1.54        0.2151
                         BKGRD1_C7NOMISS    MEXICAN                    0      0.0000      0.0000      0.0000      0.0000           .           .    
                         N_HC               YES                        1      0.0327      0.2022     -0.3635      0.4289          0.03        0.8715
                         N_HC               NO                         0      0.0000      0.0000      0.0000      0.0000           .           .    
                         EDUCATION_C3       AT_MOST_HIGHSCHOOL_GED     1      0.1639      0.2286     -0.2841      0.6119          0.51        0.4734
                         EDUCATION_C3       G_HIGHSCHOOL               1     -0.1031      0.2482     -0.5895      0.3834          0.17        0.6780
                         EDUCATION_C3       N_HIGHSCHOOL_GED           0      0.0000      0.0000      0.0000      0.0000           .           .    
                         PARITY_V1                                     1      0.0885      0.0992     -0.1060      0.2829          0.80        0.3726
                         EMPLOYEDYN         EMPLOYED                   1     -0.1428      0.1831     -0.5017      0.2161          0.61        0.4356
                         EMPLOYEDYN         NOT_EMPLOYED               0      0.0000      0.0000      0.0000      0.0000           .           .    
                         MARITAL_STATUS     COHABITING                 1     -0.3554      0.1954     -0.7383      0.0276          3.31        0.0689
                         MARITAL_STATUS     SEPARATED                  1      0.4422      0.4012     -0.3440      1.2285          1.22        0.2703
                         MARITAL_STATUS     SINGLE                     0      0.0000      0.0000      0.0000      0.0000           .           .    
                         YRSUS_C3           10+_Years                  1      0.1267      0.2802     -0.4225      0.6759          0.20        0.6511
                         YRSUS_C3           <10_Years                  1      0.0639      0.2754     -0.4758      0.6037          0.05        0.8164
                         YRSUS_C3           US_BORN                    0      0.0000      0.0000      0.0000      0.0000           .           .    
                         CURRENT_SMOKER     YES                        1      0.5296      0.3143     -0.0864      1.1456          2.84        0.0920
                         CURRENT_SMOKER     NO                         0      0.0000      0.0000      0.0000      0.0000           .           .    
                         HEI2010_C3         HIGH                       1      0.0015      0.2281     -0.4455      0.4486          0.00        0.9946
                         HEI2010_C3         MEDIUM                     1      0.0771      0.2224     -0.3587      0.5130          0.12        0.7287
                         HEI2010_C3         LOW                        0      0.0000      0.0000      0.0000      0.0000           .           .    
                         ALCOHOL_USE        CURRENT                    1     -0.3018      0.2407     -0.7734      0.1699          1.57        0.2099
                         ALCOHOL_USE        FORMER                     1     -0.0699      0.2555     -0.5707      0.4310          0.07        0.7845
                         ALCOHOL_USE        NEVER                      0      0.0000      0.0000      0.0000      0.0000           .           .    
                         PAG2008YN          NO                         1      0.2263      0.1886     -0.1433      0.5959          1.44        0.2301
                         PAG2008YN          YES                        0      0.0000      0.0000      0.0000      0.0000           .           .    
                         SLPDUR                                        1      0.1517      0.0669      0.0206      0.2827          5.14        0.0233
                         Scale                                         1      1.2166      0.0571      1.1097      1.3338                            

NOTE: The scale parameter was estimated by maximum likelihood.
                                                           Model 2: Model 1 + (diet, alcohol, smoke, pa, slpdur) 

---------------------------------------------------------------------------- Imputation Number=4 ----------------------------------------------------------------------------

                                                                            The GENMOD Procedure

                                                                              Model Information

                                            Data Set              DATA.HC338353_IMPUTED_DATA_12NOV25                             
                                            Distribution                                      Normal                             
                                            Link Function                                   Identity                             
                                            Dependent Variable                                  BMIZ    Body Mass Index for age  
                                                                                                        Z-Score - CDC (Child)    


                                                                   Number of Observations Read         227
                                                                   Number of Observations Used         227


                                                                           Class Level Information
 
                                              Class                Levels    Values

                                              CENTERNUM                 4    CHICAGO MIAMI SAN DIEGO BRONX                     
                                              BKGRD1_C7NOMISS           7    BK_OTHER CUBAN C_AMERICAN DOMINICAN P_RICAN SOUTH 
                                                                             MEXICAN                                           
                                              MARITAL_STATUS            3    COHABITING SEPARATED SINGLE                       
                                              EMPLOYEDYN                2    EMPLOYED NOT_EMPLOYED                             
                                              EDUCATION_C3              3    AT_MOST_HIGHSCHOOL_GED G_HIGHSCHOOL               
                                                                             N_HIGHSCHOOL_GED                                  
                                              N_HC                      2    YES NO                                            
                                              YRSUS_C3                  3    10+_Years <10_Years US_BORN                       
                                              CURRENT_SMOKER            2    YES NO                                            
                                              ALCOHOL_USE               3    CURRENT FORMER NEVER                              
                                              PAG2008YN                 2    NO YES                                            
                                              HEI2010_C3                3    HIGH MEDIUM LOW                                   


                                                                   Criteria For Assessing Goodness Of Fit
 
                                                      Criterion                     DF           Value        Value/DF

                                                      Deviance                     199        344.9335          1.7333
                                                      Scaled Deviance              199        227.0000          1.1407
                                                      Pearson Chi-Square           199        344.9335          1.7333
                                                      Scaled Pearson X2            199        227.0000          1.1407
                                                      Log Likelihood                         -369.5876                
                                                      Full Log Likelihood                    -369.5876                
                                                      AIC (smaller is better)                 797.1753                
                                                      AICC (smaller is better)                806.0077                
                                                      BIC (smaller is better)                 896.4988                


                                                 Algorithm converged.                                                       


                                                           Model 2: Model 1 + (diet, alcohol, smoke, pa, slpdur) 

---------------------------------------------------------------------------- Imputation Number=4 ----------------------------------------------------------------------------

                                                                            The GENMOD Procedure

                                                             Analysis Of Maximum Likelihood Parameter Estimates
 
                                                                                        Standard     Wald 95% Confidence          Wald
                         Parameter                                    DF    Estimate       Error           Limits           Chi-Square    Pr > ChiSq

                         Intercept                                     1     -1.3232      1.3519     -3.9729      1.3264          0.96        0.3277
                         CENTERNUM          CHICAGO                    1      0.4076      0.3384     -0.2556      1.0708          1.45        0.2283
                         CENTERNUM          MIAMI                      1     -0.4433      0.4126     -1.2519      0.3654          1.15        0.2827
                         CENTERNUM          SAN DIEGO                  1      0.1234      0.3774     -0.6163      0.8631          0.11        0.7436
                         CENTERNUM          BRONX                      0      0.0000      0.0000      0.0000      0.0000           .           .    
                         YRS_BTWN_V1FLOR                               1      0.0142      0.0759     -0.1346      0.1631          0.04        0.8513
                         AGE                                           1      0.0247      0.0207     -0.0159      0.0652          1.42        0.2328
                         BKGRD1_C7NOMISS    BK_OTHER                   1     -0.7887      0.8137     -2.3836      0.8061          0.94        0.3324
                         BKGRD1_C7NOMISS    CUBAN                      1      0.9747      0.5030     -0.0111      1.9605          3.76        0.0526
                         BKGRD1_C7NOMISS    C_AMERICAN                 1      0.3350      0.3678     -0.3860      1.0560          0.83        0.3625
                         BKGRD1_C7NOMISS    DOMINICAN                  1      0.6749      0.4163     -0.1410      1.4907          2.63        0.1050
                         BKGRD1_C7NOMISS    P_RICAN                    1      0.2673      0.4408     -0.5967      1.1314          0.37        0.5442
                         BKGRD1_C7NOMISS    SOUTH                      1      0.5315      0.4459     -0.3425      1.4055          1.42        0.2333
                         BKGRD1_C7NOMISS    MEXICAN                    0      0.0000      0.0000      0.0000      0.0000           .           .    
                         N_HC               YES                        1      0.0090      0.2038     -0.3905      0.4085          0.00        0.9647
                         N_HC               NO                         0      0.0000      0.0000      0.0000      0.0000           .           .    
                         EDUCATION_C3       AT_MOST_HIGHSCHOOL_GED     1      0.1558      0.2313     -0.2975      0.6091          0.45        0.5006
                         EDUCATION_C3       G_HIGHSCHOOL               1     -0.1338      0.2514     -0.6265      0.3588          0.28        0.5944
                         EDUCATION_C3       N_HIGHSCHOOL_GED           0      0.0000      0.0000      0.0000      0.0000           .           .    
                         PARITY_V1                                     1      0.1076      0.1022     -0.0927      0.3079          1.11        0.2925
                         EMPLOYEDYN         EMPLOYED                   1     -0.0222      0.1899     -0.3944      0.3501          0.01        0.9072
                         EMPLOYEDYN         NOT_EMPLOYED               0      0.0000      0.0000      0.0000      0.0000           .           .    
                         MARITAL_STATUS     COHABITING                 1     -0.3519      0.1965     -0.7370      0.0332          3.21        0.0733
                         MARITAL_STATUS     SEPARATED                  1      0.4364      0.4064     -0.3602      1.2330          1.15        0.2829
                         MARITAL_STATUS     SINGLE                     0      0.0000      0.0000      0.0000      0.0000           .           .    
                         YRSUS_C3           10+_Years                  1      0.0090      0.2793     -0.5385      0.5565          0.00        0.9743
                         YRSUS_C3           <10_Years                  1     -0.0721      0.2735     -0.6082      0.4640          0.07        0.7922
                         YRSUS_C3           US_BORN                    0      0.0000      0.0000      0.0000      0.0000           .           .    
                         CURRENT_SMOKER     YES                        1      0.3190      0.3195     -0.3073      0.9452          1.00        0.3181
                         CURRENT_SMOKER     NO                         0      0.0000      0.0000      0.0000      0.0000           .           .    
                         HEI2010_C3         HIGH                       1      0.0361      0.2305     -0.4157      0.4879          0.02        0.8756
                         HEI2010_C3         MEDIUM                     1      0.1095      0.2261     -0.3337      0.5527          0.23        0.6282
                         HEI2010_C3         LOW                        0      0.0000      0.0000      0.0000      0.0000           .           .    
                         ALCOHOL_USE        CURRENT                    1     -0.1429      0.2477     -0.6284      0.3426          0.33        0.5640
                         ALCOHOL_USE        FORMER                     1      0.0239      0.2593     -0.4844      0.5321          0.01        0.9267
                         ALCOHOL_USE        NEVER                      0      0.0000      0.0000      0.0000      0.0000           .           .    
                         PAG2008YN          NO                         1      0.1861      0.1865     -0.1794      0.5517          1.00        0.3183
                         PAG2008YN          YES                        0      0.0000      0.0000      0.0000      0.0000           .           .    
                         SLPDUR                                        1      0.1116      0.0664     -0.0186      0.2417          2.82        0.0930
                         Scale                                         1      1.2327      0.0579      1.1244      1.3515                            

NOTE: The scale parameter was estimated by maximum likelihood.
                                                           Model 2: Model 1 + (diet, alcohol, smoke, pa, slpdur) 

---------------------------------------------------------------------------- Imputation Number=5 ----------------------------------------------------------------------------

                                                                            The GENMOD Procedure

                                                                              Model Information

                                            Data Set              DATA.HC338353_IMPUTED_DATA_12NOV25                             
                                            Distribution                                      Normal                             
                                            Link Function                                   Identity                             
                                            Dependent Variable                                  BMIZ    Body Mass Index for age  
                                                                                                        Z-Score - CDC (Child)    


                                                                   Number of Observations Read         227
                                                                   Number of Observations Used         227


                                                                           Class Level Information
 
                                              Class                Levels    Values

                                              CENTERNUM                 4    CHICAGO MIAMI SAN DIEGO BRONX                     
                                              BKGRD1_C7NOMISS           7    BK_OTHER CUBAN C_AMERICAN DOMINICAN P_RICAN SOUTH 
                                                                             MEXICAN                                           
                                              MARITAL_STATUS            3    COHABITING SEPARATED SINGLE                       
                                              EMPLOYEDYN                2    EMPLOYED NOT_EMPLOYED                             
                                              EDUCATION_C3              3    AT_MOST_HIGHSCHOOL_GED G_HIGHSCHOOL               
                                                                             N_HIGHSCHOOL_GED                                  
                                              N_HC                      2    YES NO                                            
                                              YRSUS_C3                  3    10+_Years <10_Years US_BORN                       
                                              CURRENT_SMOKER            2    YES NO                                            
                                              ALCOHOL_USE               3    CURRENT FORMER NEVER                              
                                              PAG2008YN                 2    NO YES                                            
                                              HEI2010_C3                3    HIGH MEDIUM LOW                                   


                                                                   Criteria For Assessing Goodness Of Fit
 
                                                      Criterion                     DF           Value        Value/DF

                                                      Deviance                     199        332.1958          1.6693
                                                      Scaled Deviance              199        227.0000          1.1407
                                                      Pearson Chi-Square           199        332.1958          1.6693
                                                      Scaled Pearson X2            199        227.0000          1.1407
                                                      Log Likelihood                         -365.3170                
                                                      Full Log Likelihood                    -365.3170                
                                                      AIC (smaller is better)                 788.6339                
                                                      AICC (smaller is better)                797.4664                
                                                      BIC (smaller is better)                 887.9575                


                                                 Algorithm converged.                                                       


                                                           Model 2: Model 1 + (diet, alcohol, smoke, pa, slpdur) 

---------------------------------------------------------------------------- Imputation Number=5 ----------------------------------------------------------------------------

                                                                            The GENMOD Procedure

                                                             Analysis Of Maximum Likelihood Parameter Estimates
 
                                                                                        Standard     Wald 95% Confidence          Wald
                         Parameter                                    DF    Estimate       Error           Limits           Chi-Square    Pr > ChiSq

                         Intercept                                     1     -2.2087      1.3272     -4.8101      0.3926          2.77        0.0961
                         CENTERNUM          CHICAGO                    1      0.4404      0.3370     -0.2201      1.1009          1.71        0.1912
                         CENTERNUM          MIAMI                      1     -0.4076      0.4042     -1.1997      0.3846          1.02        0.3133
                         CENTERNUM          SAN DIEGO                  1      0.1741      0.3713     -0.5537      0.9018          0.22        0.6392
                         CENTERNUM          BRONX                      0      0.0000      0.0000      0.0000      0.0000           .           .    
                         YRS_BTWN_V1FLOR                               1      0.0163      0.0746     -0.1299      0.1626          0.05        0.8265
                         AGE                                           1      0.0265      0.0204     -0.0134      0.0664          1.69        0.1934
                         BKGRD1_C7NOMISS    BK_OTHER                   1     -1.1754      0.7971     -2.7377      0.3869          2.17        0.1403
                         BKGRD1_C7NOMISS    CUBAN                      1      0.8682      0.4937     -0.0994      1.8358          3.09        0.0786
                         BKGRD1_C7NOMISS    C_AMERICAN                 1      0.3423      0.3617     -0.3666      1.0512          0.90        0.3439
                         BKGRD1_C7NOMISS    DOMINICAN                  1      0.6214      0.4078     -0.1779      1.4207          2.32        0.1276
                         BKGRD1_C7NOMISS    P_RICAN                    1      0.3675      0.4315     -0.4783      1.2132          0.73        0.3945
                         BKGRD1_C7NOMISS    SOUTH                      1      0.5549      0.4380     -0.3036      1.4133          1.61        0.2052
                         BKGRD1_C7NOMISS    MEXICAN                    0      0.0000      0.0000      0.0000      0.0000           .           .    
                         N_HC               YES                        1      0.1145      0.2040     -0.2854      0.5143          0.31        0.5746
                         N_HC               NO                         0      0.0000      0.0000      0.0000      0.0000           .           .    
                         EDUCATION_C3       AT_MOST_HIGHSCHOOL_GED     1      0.2000      0.2298     -0.2503      0.6503          0.76        0.3840
                         EDUCATION_C3       G_HIGHSCHOOL               1     -0.1035      0.2465     -0.5866      0.3797          0.18        0.6747
                         EDUCATION_C3       N_HIGHSCHOOL_GED           0      0.0000      0.0000      0.0000      0.0000           .           .    
                         PARITY_V1                                     1      0.1117      0.0976     -0.0796      0.3029          1.31        0.2526
                         EMPLOYEDYN         EMPLOYED                   1     -0.0499      0.1853     -0.4132      0.3134          0.07        0.7878
                         EMPLOYEDYN         NOT_EMPLOYED               0      0.0000      0.0000      0.0000      0.0000           .           .    
                         MARITAL_STATUS     COHABITING                 1     -0.3334      0.1927     -0.7110      0.0443          2.99        0.0836
                         MARITAL_STATUS     SEPARATED                  1      0.6581      0.3887     -0.1038      1.4200          2.87        0.0905
                         MARITAL_STATUS     SINGLE                     0      0.0000      0.0000      0.0000      0.0000           .           .    
                         YRSUS_C3           10+_Years                  1      0.1888      0.2769     -0.3539      0.7316          0.46        0.4953
                         YRSUS_C3           <10_Years                  1      0.1414      0.2728     -0.3934      0.6762          0.27        0.6043
                         YRSUS_C3           US_BORN                    0      0.0000      0.0000      0.0000      0.0000           .           .    
                         CURRENT_SMOKER     YES                        1      0.3464      0.3113     -0.2637      0.9565          1.24        0.2658
                         CURRENT_SMOKER     NO                         0      0.0000      0.0000      0.0000      0.0000           .           .    
                         HEI2010_C3         HIGH                       1      0.0388      0.2262     -0.4046      0.4822          0.03        0.8640
                         HEI2010_C3         MEDIUM                     1      0.1480      0.2216     -0.2863      0.5823          0.45        0.5042
                         HEI2010_C3         LOW                        0      0.0000      0.0000      0.0000      0.0000           .           .    
                         ALCOHOL_USE        CURRENT                    1     -0.1288      0.2427     -0.6044      0.3468          0.28        0.5956
                         ALCOHOL_USE        FORMER                     1      0.0438      0.2558     -0.4576      0.5452          0.03        0.8641
                         ALCOHOL_USE        NEVER                      0      0.0000      0.0000      0.0000      0.0000           .           .    
                         PAG2008YN          NO                         1      0.2416      0.1817     -0.1144      0.5977          1.77        0.1835
                         PAG2008YN          YES                        0      0.0000      0.0000      0.0000      0.0000           .           .    
                         SLPDUR                                        1      0.1701      0.0651      0.0424      0.2977          6.82        0.0090
                         Scale                                         1      1.2097      0.0568      1.1034      1.3263                            

NOTE: The scale parameter was estimated by maximum likelihood.
                                                           Model 2: Model 1 + (diet, alcohol, smoke, pa, slpdur) 

---------------------------------------------------------------------------- Imputation Number=6 ----------------------------------------------------------------------------

                                                                            The GENMOD Procedure

                                                                              Model Information

                                            Data Set              DATA.HC338353_IMPUTED_DATA_12NOV25                             
                                            Distribution                                      Normal                             
                                            Link Function                                   Identity                             
                                            Dependent Variable                                  BMIZ    Body Mass Index for age  
                                                                                                        Z-Score - CDC (Child)    


                                                                   Number of Observations Read         227
                                                                   Number of Observations Used         227


                                                                           Class Level Information
 
                                              Class                Levels    Values

                                              CENTERNUM                 4    CHICAGO MIAMI SAN DIEGO BRONX                     
                                              BKGRD1_C7NOMISS           7    BK_OTHER CUBAN C_AMERICAN DOMINICAN P_RICAN SOUTH 
                                                                             MEXICAN                                           
                                              MARITAL_STATUS            3    COHABITING SEPARATED SINGLE                       
                                              EMPLOYEDYN                2    EMPLOYED NOT_EMPLOYED                             
                                              EDUCATION_C3              3    AT_MOST_HIGHSCHOOL_GED G_HIGHSCHOOL               
                                                                             N_HIGHSCHOOL_GED                                  
                                              N_HC                      2    YES NO                                            
                                              YRSUS_C3                  3    10+_Years <10_Years US_BORN                       
                                              CURRENT_SMOKER            2    YES NO                                            
                                              ALCOHOL_USE               3    CURRENT FORMER NEVER                              
                                              PAG2008YN                 2    NO YES                                            
                                              HEI2010_C3                3    HIGH MEDIUM LOW                                   


                                                                   Criteria For Assessing Goodness Of Fit
 
                                                      Criterion                     DF           Value        Value/DF

                                                      Deviance                     199        341.0521          1.7138
                                                      Scaled Deviance              199        227.0000          1.1407
                                                      Pearson Chi-Square           199        341.0521          1.7138
                                                      Scaled Pearson X2            199        227.0000          1.1407
                                                      Log Likelihood                         -368.3032                
                                                      Full Log Likelihood                    -368.3032                
                                                      AIC (smaller is better)                 794.6064                
                                                      AICC (smaller is better)                803.4389                
                                                      BIC (smaller is better)                 893.9300                


                                                 Algorithm converged.                                                       


                                                           Model 2: Model 1 + (diet, alcohol, smoke, pa, slpdur) 

---------------------------------------------------------------------------- Imputation Number=6 ----------------------------------------------------------------------------

                                                                            The GENMOD Procedure

                                                             Analysis Of Maximum Likelihood Parameter Estimates
 
                                                                                        Standard     Wald 95% Confidence          Wald
                         Parameter                                    DF    Estimate       Error           Limits           Chi-Square    Pr > ChiSq

                         Intercept                                     1     -1.3345      1.3182     -3.9182      1.2492          1.02        0.3114
                         CENTERNUM          CHICAGO                    1      0.4356      0.3446     -0.2399      1.1111          1.60        0.2062
                         CENTERNUM          MIAMI                      1     -0.4191      0.4118     -1.2261      0.3880          1.04        0.3088
                         CENTERNUM          SAN DIEGO                  1      0.1602      0.3864     -0.5971      0.9174          0.17        0.6785
                         CENTERNUM          BRONX                      0      0.0000      0.0000      0.0000      0.0000           .           .    
                         YRS_BTWN_V1FLOR                               1      0.0165      0.0756     -0.1316      0.1646          0.05        0.8274
                         AGE                                           1      0.0219      0.0206     -0.0184      0.0623          1.14        0.2860
                         BKGRD1_C7NOMISS    BK_OTHER                   1     -1.0675      0.8056     -2.6466      0.5115          1.76        0.1851
                         BKGRD1_C7NOMISS    CUBAN                      1      0.9462      0.5032     -0.0401      1.9326          3.54        0.0601
                         BKGRD1_C7NOMISS    C_AMERICAN                 1      0.3235      0.3672     -0.3962      1.0433          0.78        0.3783
                         BKGRD1_C7NOMISS    DOMINICAN                  1      0.6159      0.4182     -0.2038      1.4355          2.17        0.1409
                         BKGRD1_C7NOMISS    P_RICAN                    1      0.2800      0.4421     -0.5865      1.1465          0.40        0.5265
                         BKGRD1_C7NOMISS    SOUTH                      1      0.5073      0.4428     -0.3606      1.3751          1.31        0.2520
                         BKGRD1_C7NOMISS    MEXICAN                    0      0.0000      0.0000      0.0000      0.0000           .           .    
                         N_HC               YES                        1      0.1604      0.2045     -0.2405      0.5612          0.61        0.4330
                         N_HC               NO                         0      0.0000      0.0000      0.0000      0.0000           .           .    
                         EDUCATION_C3       AT_MOST_HIGHSCHOOL_GED     1      0.1586      0.2303     -0.2928      0.6100          0.47        0.4910
                         EDUCATION_C3       G_HIGHSCHOOL               1     -0.2300      0.2492     -0.7183      0.2584          0.85        0.3561
                         EDUCATION_C3       N_HIGHSCHOOL_GED           0      0.0000      0.0000      0.0000      0.0000           .           .    
                         PARITY_V1                                     1      0.1041      0.0997     -0.0913      0.2996          1.09        0.2963
                         EMPLOYEDYN         EMPLOYED                   1      0.0049      0.1875     -0.3626      0.3725          0.00        0.9791
                         EMPLOYEDYN         NOT_EMPLOYED               0      0.0000      0.0000      0.0000      0.0000           .           .    
                         MARITAL_STATUS     COHABITING                 1     -0.3495      0.1963     -0.7343      0.0352          3.17        0.0750
                         MARITAL_STATUS     SEPARATED                  1      0.4840      0.4033     -0.3065      1.2744          1.44        0.2301
                         MARITAL_STATUS     SINGLE                     0      0.0000      0.0000      0.0000      0.0000           .           .    
                         YRSUS_C3           10+_Years                  1      0.2145      0.2795     -0.3332      0.7622          0.59        0.4428
                         YRSUS_C3           <10_Years                  1      0.1291      0.2789     -0.4176      0.6758          0.21        0.6434
                         YRSUS_C3           US_BORN                    0      0.0000      0.0000      0.0000      0.0000           .           .    
                         CURRENT_SMOKER     YES                        1      0.5055      0.3189     -0.1196      1.1306          2.51        0.1130
                         CURRENT_SMOKER     NO                         0      0.0000      0.0000      0.0000      0.0000           .           .    
                         HEI2010_C3         HIGH                       1      0.0590      0.2291     -0.3901      0.5081          0.07        0.7968
                         HEI2010_C3         MEDIUM                     1      0.1628      0.2243     -0.2769      0.6025          0.53        0.4680
                         HEI2010_C3         LOW                        0      0.0000      0.0000      0.0000      0.0000           .           .    
                         ALCOHOL_USE        CURRENT                    1     -0.1432      0.2460     -0.6253      0.3389          0.34        0.5604
                         ALCOHOL_USE        FORMER                     1      0.0241      0.2580     -0.4815      0.5297          0.01        0.9256
                         ALCOHOL_USE        NEVER                      0      0.0000      0.0000      0.0000      0.0000           .           .    
                         PAG2008YN          NO                         1      0.1487      0.1940     -0.2316      0.5290          0.59        0.4435
                         PAG2008YN          YES                        0      0.0000      0.0000      0.0000      0.0000           .           .    
                         SLPDUR                                        1      0.0893      0.0655     -0.0392      0.2178          1.86        0.1731
                         Scale                                         1      1.2257      0.0575      1.1180      1.3438                            

NOTE: The scale parameter was estimated by maximum likelihood.
                                                           Model 2: Model 1 + (diet, alcohol, smoke, pa, slpdur) 

---------------------------------------------------------------------------- Imputation Number=7 ----------------------------------------------------------------------------

                                                                            The GENMOD Procedure

                                                                              Model Information

                                            Data Set              DATA.HC338353_IMPUTED_DATA_12NOV25                             
                                            Distribution                                      Normal                             
                                            Link Function                                   Identity                             
                                            Dependent Variable                                  BMIZ    Body Mass Index for age  
                                                                                                        Z-Score - CDC (Child)    


                                                                   Number of Observations Read         227
                                                                   Number of Observations Used         227


                                                                           Class Level Information
 
                                              Class                Levels    Values

                                              CENTERNUM                 4    CHICAGO MIAMI SAN DIEGO BRONX                     
                                              BKGRD1_C7NOMISS           7    BK_OTHER CUBAN C_AMERICAN DOMINICAN P_RICAN SOUTH 
                                                                             MEXICAN                                           
                                              MARITAL_STATUS            3    COHABITING SEPARATED SINGLE                       
                                              EMPLOYEDYN                2    EMPLOYED NOT_EMPLOYED                             
                                              EDUCATION_C3              3    AT_MOST_HIGHSCHOOL_GED G_HIGHSCHOOL               
                                                                             N_HIGHSCHOOL_GED                                  
                                              N_HC                      2    YES NO                                            
                                              YRSUS_C3                  3    10+_Years <10_Years US_BORN                       
                                              CURRENT_SMOKER            2    YES NO                                            
                                              ALCOHOL_USE               3    CURRENT FORMER NEVER                              
                                              PAG2008YN                 2    NO YES                                            
                                              HEI2010_C3                3    HIGH MEDIUM LOW                                   


                                                                   Criteria For Assessing Goodness Of Fit
 
                                                      Criterion                     DF           Value        Value/DF

                                                      Deviance                     199        334.3015          1.6799
                                                      Scaled Deviance              199        227.0000          1.1407
                                                      Pearson Chi-Square           199        334.3015          1.6799
                                                      Scaled Pearson X2            199        227.0000          1.1407
                                                      Log Likelihood                         -366.0341                
                                                      Full Log Likelihood                    -366.0341                
                                                      AIC (smaller is better)                 790.0682                
                                                      AICC (smaller is better)                798.9007                
                                                      BIC (smaller is better)                 889.3918                


                                                 Algorithm converged.                                                       


                                                           Model 2: Model 1 + (diet, alcohol, smoke, pa, slpdur) 

---------------------------------------------------------------------------- Imputation Number=7 ----------------------------------------------------------------------------

                                                                            The GENMOD Procedure

                                                             Analysis Of Maximum Likelihood Parameter Estimates
 
                                                                                        Standard     Wald 95% Confidence          Wald
                         Parameter                                    DF    Estimate       Error           Limits           Chi-Square    Pr > ChiSq

                         Intercept                                     1     -1.7897      1.3369     -4.4100      0.8305          1.79        0.1807
                         CENTERNUM          CHICAGO                    1      0.4019      0.3397     -0.2639      1.0676          1.40        0.2367
                         CENTERNUM          MIAMI                      1     -0.4805      0.4067     -1.2776      0.3167          1.40        0.2375
                         CENTERNUM          SAN DIEGO                  1      0.0563      0.3803     -0.6891      0.8018          0.02        0.8822
                         CENTERNUM          BRONX                      0      0.0000      0.0000      0.0000      0.0000           .           .    
                         YRS_BTWN_V1FLOR                               1      0.0134      0.0749     -0.1334      0.1602          0.03        0.8577
                         AGE                                           1      0.0325      0.0204     -0.0073      0.0724          2.56        0.1098
                         BKGRD1_C7NOMISS    BK_OTHER                   1     -1.2356      0.8187     -2.8401      0.3690          2.28        0.1312
                         BKGRD1_C7NOMISS    CUBAN                      1      0.9103      0.4960     -0.0618      1.8825          3.37        0.0665
                         BKGRD1_C7NOMISS    C_AMERICAN                 1      0.3482      0.3619     -0.3612      1.0576          0.93        0.3361
                         BKGRD1_C7NOMISS    DOMINICAN                  1      0.5993      0.4116     -0.2075      1.4061          2.12        0.1454
                         BKGRD1_C7NOMISS    P_RICAN                    1      0.2226      0.4374     -0.6347      1.0799          0.26        0.6108
                         BKGRD1_C7NOMISS    SOUTH                      1      0.5345      0.4387     -0.3253      1.3943          1.48        0.2231
                         BKGRD1_C7NOMISS    MEXICAN                    0      0.0000      0.0000      0.0000      0.0000           .           .    
                         N_HC               YES                        1      0.1025      0.2048     -0.2990      0.5039          0.25        0.6169
                         N_HC               NO                         0      0.0000      0.0000      0.0000      0.0000           .           .    
                         EDUCATION_C3       AT_MOST_HIGHSCHOOL_GED     1      0.1366      0.2277     -0.3097      0.5830          0.36        0.5486
                         EDUCATION_C3       G_HIGHSCHOOL               1     -0.1553      0.2471     -0.6397      0.3290          0.40        0.5297
                         EDUCATION_C3       N_HIGHSCHOOL_GED           0      0.0000      0.0000      0.0000      0.0000           .           .    
                         PARITY_V1                                     1      0.0706      0.0982     -0.1219      0.2631          0.52        0.4723
                         EMPLOYEDYN         EMPLOYED                   1     -0.0789      0.1827     -0.4370      0.2791          0.19        0.6657
                         EMPLOYEDYN         NOT_EMPLOYED               0      0.0000      0.0000      0.0000      0.0000           .           .    
                         MARITAL_STATUS     COHABITING                 1     -0.3834      0.1941     -0.7639     -0.0029          3.90        0.0483
                         MARITAL_STATUS     SEPARATED                  1      0.4245      0.4007     -0.3607      1.2098          1.12        0.2893
                         MARITAL_STATUS     SINGLE                     0      0.0000      0.0000      0.0000      0.0000           .           .    
                         YRSUS_C3           10+_Years                  1      0.1289      0.2839     -0.4275      0.6853          0.21        0.6499
                         YRSUS_C3           <10_Years                  1     -0.0083      0.2824     -0.5619      0.5453          0.00        0.9766
                         YRSUS_C3           US_BORN                    0      0.0000      0.0000      0.0000      0.0000           .           .    
                         CURRENT_SMOKER     YES                        1      0.5613      0.3136     -0.0533      1.1759          3.20        0.0734
                         CURRENT_SMOKER     NO                         0      0.0000      0.0000      0.0000      0.0000           .           .    
                         HEI2010_C3         HIGH                       1      0.0446      0.2270     -0.4004      0.4895          0.04        0.8443
                         HEI2010_C3         MEDIUM                     1      0.1828      0.2240     -0.2562      0.6218          0.67        0.4145
                         HEI2010_C3         LOW                        0      0.0000      0.0000      0.0000      0.0000           .           .    
                         ALCOHOL_USE        CURRENT                    1     -0.2393      0.2410     -0.7116      0.2330          0.99        0.3207
                         ALCOHOL_USE        FORMER                     1     -0.0120      0.2546     -0.5110      0.4870          0.00        0.9625
                         ALCOHOL_USE        NEVER                      0      0.0000      0.0000      0.0000      0.0000           .           .    
                         PAG2008YN          NO                         1      0.2533      0.1917     -0.1225      0.6291          1.75        0.1864
                         PAG2008YN          YES                        0      0.0000      0.0000      0.0000      0.0000           .           .    
                         SLPDUR                                        1      0.1432      0.0646      0.0166      0.2699          4.91        0.0267
                         Scale                                         1      1.2135      0.0570      1.1069      1.3305                            

NOTE: The scale parameter was estimated by maximum likelihood.
                                                           Model 2: Model 1 + (diet, alcohol, smoke, pa, slpdur) 

---------------------------------------------------------------------------- Imputation Number=8 ----------------------------------------------------------------------------

                                                                            The GENMOD Procedure

                                                                              Model Information

                                            Data Set              DATA.HC338353_IMPUTED_DATA_12NOV25                             
                                            Distribution                                      Normal                             
                                            Link Function                                   Identity                             
                                            Dependent Variable                                  BMIZ    Body Mass Index for age  
                                                                                                        Z-Score - CDC (Child)    


                                                                   Number of Observations Read         227
                                                                   Number of Observations Used         227


                                                                           Class Level Information
 
                                              Class                Levels    Values

                                              CENTERNUM                 4    CHICAGO MIAMI SAN DIEGO BRONX                     
                                              BKGRD1_C7NOMISS           7    BK_OTHER CUBAN C_AMERICAN DOMINICAN P_RICAN SOUTH 
                                                                             MEXICAN                                           
                                              MARITAL_STATUS            3    COHABITING SEPARATED SINGLE                       
                                              EMPLOYEDYN                2    EMPLOYED NOT_EMPLOYED                             
                                              EDUCATION_C3              3    AT_MOST_HIGHSCHOOL_GED G_HIGHSCHOOL               
                                                                             N_HIGHSCHOOL_GED                                  
                                              N_HC                      2    YES NO                                            
                                              YRSUS_C3                  3    10+_Years <10_Years US_BORN                       
                                              CURRENT_SMOKER            2    YES NO                                            
                                              ALCOHOL_USE               3    CURRENT FORMER NEVER                              
                                              PAG2008YN                 2    NO YES                                            
                                              HEI2010_C3                3    HIGH MEDIUM LOW                                   


                                                                   Criteria For Assessing Goodness Of Fit
 
                                                      Criterion                     DF           Value        Value/DF

                                                      Deviance                     199        337.1745          1.6943
                                                      Scaled Deviance              199        227.0000          1.1407
                                                      Pearson Chi-Square           199        337.1745          1.6943
                                                      Scaled Pearson X2            199        227.0000          1.1407
                                                      Log Likelihood                         -367.0054                
                                                      Full Log Likelihood                    -367.0054                
                                                      AIC (smaller is better)                 792.0108                
                                                      AICC (smaller is better)                800.8433                
                                                      BIC (smaller is better)                 891.3343                


                                                 Algorithm converged.                                                       


                                                           Model 2: Model 1 + (diet, alcohol, smoke, pa, slpdur) 

---------------------------------------------------------------------------- Imputation Number=8 ----------------------------------------------------------------------------

                                                                            The GENMOD Procedure

                                                             Analysis Of Maximum Likelihood Parameter Estimates
 
                                                                                        Standard     Wald 95% Confidence          Wald
                         Parameter                                    DF    Estimate       Error           Limits           Chi-Square    Pr > ChiSq

                         Intercept                                     1     -1.4906      1.3322     -4.1018      1.1205          1.25        0.2632
                         CENTERNUM          CHICAGO                    1      0.4175      0.3377     -0.2444      1.0793          1.53        0.2164
                         CENTERNUM          MIAMI                      1     -0.4877      0.4082     -1.2877      0.3124          1.43        0.2322
                         CENTERNUM          SAN DIEGO                  1      0.0833      0.3792     -0.6600      0.8265          0.05        0.8262
                         CENTERNUM          BRONX                      0      0.0000      0.0000      0.0000      0.0000           .           .    
                         YRS_BTWN_V1FLOR                               1      0.0243      0.0751     -0.1229      0.1714          0.10        0.7465
                         AGE                                           1      0.0316      0.0205     -0.0086      0.0718          2.37        0.1237
                         BKGRD1_C7NOMISS    BK_OTHER                   1     -1.0517      0.8125     -2.6441      0.5408          1.68        0.1955
                         BKGRD1_C7NOMISS    CUBAN                      1      0.9559      0.4968     -0.0179      1.9297          3.70        0.0544
                         BKGRD1_C7NOMISS    C_AMERICAN                 1      0.3157      0.3627     -0.3951      1.0266          0.76        0.3840
                         BKGRD1_C7NOMISS    DOMINICAN                  1      0.6590      0.4183     -0.1608      1.4788          2.48        0.1152
                         BKGRD1_C7NOMISS    P_RICAN                    1      0.2425      0.4318     -0.6038      1.0888          0.32        0.5743
                         BKGRD1_C7NOMISS    SOUTH                      1      0.5981      0.4425     -0.2691      1.4652          1.83        0.1765
                         BKGRD1_C7NOMISS    MEXICAN                    0      0.0000      0.0000      0.0000      0.0000           .           .    
                         N_HC               YES                        1      0.0341      0.2037     -0.3652      0.4335          0.03        0.8669
                         N_HC               NO                         0      0.0000      0.0000      0.0000      0.0000           .           .    
                         EDUCATION_C3       AT_MOST_HIGHSCHOOL_GED     1      0.0612      0.2258     -0.3815      0.5038          0.07        0.7865
                         EDUCATION_C3       G_HIGHSCHOOL               1     -0.2507      0.2401     -0.7212      0.2198          1.09        0.2963
                         EDUCATION_C3       N_HIGHSCHOOL_GED           0      0.0000      0.0000      0.0000      0.0000           .           .    
                         PARITY_V1                                     1      0.0752      0.0986     -0.1180      0.2684          0.58        0.4456
                         EMPLOYEDYN         EMPLOYED                   1     -0.1334      0.1842     -0.4944      0.2275          0.53        0.4687
                         EMPLOYEDYN         NOT_EMPLOYED               0      0.0000      0.0000      0.0000      0.0000           .           .    
                         MARITAL_STATUS     COHABITING                 1     -0.3695      0.1944     -0.7505      0.0114          3.61        0.0573
                         MARITAL_STATUS     SEPARATED                  1      0.4462      0.4015     -0.3408      1.2332          1.23        0.2665
                         MARITAL_STATUS     SINGLE                     0      0.0000      0.0000      0.0000      0.0000           .           .    
                         YRSUS_C3           10+_Years                  1      0.1139      0.2833     -0.4414      0.6692          0.16        0.6877
                         YRSUS_C3           <10_Years                  1     -0.0184      0.2807     -0.5685      0.5317          0.00        0.9477
                         YRSUS_C3           US_BORN                    0      0.0000      0.0000      0.0000      0.0000           .           .    
                         CURRENT_SMOKER     YES                        1      0.5383      0.3142     -0.0775      1.1542          2.94        0.0867
                         CURRENT_SMOKER     NO                         0      0.0000      0.0000      0.0000      0.0000           .           .    
                         HEI2010_C3         HIGH                       1      0.0241      0.2277     -0.4223      0.4704          0.01        0.9158
                         HEI2010_C3         MEDIUM                     1      0.1203      0.2237     -0.3180      0.5587          0.29        0.5906
                         HEI2010_C3         LOW                        0      0.0000      0.0000      0.0000      0.0000           .           .    
                         ALCOHOL_USE        CURRENT                    1     -0.2029      0.2453     -0.6837      0.2779          0.68        0.4082
                         ALCOHOL_USE        FORMER                     1     -0.0649      0.2578     -0.5702      0.4404          0.06        0.8013
                         ALCOHOL_USE        NEVER                      0      0.0000      0.0000      0.0000      0.0000           .           .    
                         PAG2008YN          NO                         1      0.3103      0.1910     -0.0640      0.6847          2.64        0.1042
                         PAG2008YN          YES                        0      0.0000      0.0000      0.0000      0.0000           .           .    
                         SLPDUR                                        1      0.1046      0.0668     -0.0262      0.2355          2.46        0.1171
                         Scale                                         1      1.2187      0.0572      1.1116      1.3362                            

NOTE: The scale parameter was estimated by maximum likelihood.
                                                           Model 2: Model 1 + (diet, alcohol, smoke, pa, slpdur) 

---------------------------------------------------------------------------- Imputation Number=9 ----------------------------------------------------------------------------

                                                                            The GENMOD Procedure

                                                                              Model Information

                                            Data Set              DATA.HC338353_IMPUTED_DATA_12NOV25                             
                                            Distribution                                      Normal                             
                                            Link Function                                   Identity                             
                                            Dependent Variable                                  BMIZ    Body Mass Index for age  
                                                                                                        Z-Score - CDC (Child)    


                                                                   Number of Observations Read         227
                                                                   Number of Observations Used         227


                                                                           Class Level Information
 
                                              Class                Levels    Values

                                              CENTERNUM                 4    CHICAGO MIAMI SAN DIEGO BRONX                     
                                              BKGRD1_C7NOMISS           7    BK_OTHER CUBAN C_AMERICAN DOMINICAN P_RICAN SOUTH 
                                                                             MEXICAN                                           
                                              MARITAL_STATUS            3    COHABITING SEPARATED SINGLE                       
                                              EMPLOYEDYN                2    EMPLOYED NOT_EMPLOYED                             
                                              EDUCATION_C3              3    AT_MOST_HIGHSCHOOL_GED G_HIGHSCHOOL               
                                                                             N_HIGHSCHOOL_GED                                  
                                              N_HC                      2    YES NO                                            
                                              YRSUS_C3                  3    10+_Years <10_Years US_BORN                       
                                              CURRENT_SMOKER            2    YES NO                                            
                                              ALCOHOL_USE               3    CURRENT FORMER NEVER                              
                                              PAG2008YN                 2    NO YES                                            
                                              HEI2010_C3                3    HIGH MEDIUM LOW                                   


                                                                   Criteria For Assessing Goodness Of Fit
 
                                                      Criterion                     DF           Value        Value/DF

                                                      Deviance                     199        327.6835          1.6467
                                                      Scaled Deviance              199        227.0000          1.1407
                                                      Pearson Chi-Square           199        327.6835          1.6467
                                                      Scaled Pearson X2            199        227.0000          1.1407
                                                      Log Likelihood                         -363.7647                
                                                      Full Log Likelihood                    -363.7647                
                                                      AIC (smaller is better)                 785.5294                
                                                      AICC (smaller is better)                794.3619                
                                                      BIC (smaller is better)                 884.8529                


                                                 Algorithm converged.                                                       


                                                           Model 2: Model 1 + (diet, alcohol, smoke, pa, slpdur) 

---------------------------------------------------------------------------- Imputation Number=9 ----------------------------------------------------------------------------

                                                                            The GENMOD Procedure

                                                             Analysis Of Maximum Likelihood Parameter Estimates
 
                                                                                        Standard     Wald 95% Confidence          Wald
                         Parameter                                    DF    Estimate       Error           Limits           Chi-Square    Pr > ChiSq

                         Intercept                                     1     -1.5963      1.3377     -4.2181      1.0255          1.42        0.2327
                         CENTERNUM          CHICAGO                    1      0.2986      0.3364     -0.3607      0.9578          0.79        0.3747
                         CENTERNUM          MIAMI                      1     -0.5205      0.4011     -1.3066      0.2657          1.68        0.1944
                         CENTERNUM          SAN DIEGO                  1     -0.0723      0.3789     -0.8148      0.6703          0.04        0.8487
                         CENTERNUM          BRONX                      0      0.0000      0.0000      0.0000      0.0000           .           .    
                         YRS_BTWN_V1FLOR                               1      0.0042      0.0740     -0.1408      0.1492          0.00        0.9548
                         AGE                                           1      0.0344      0.0201     -0.0049      0.0737          2.95        0.0861
                         BKGRD1_C7NOMISS    BK_OTHER                   1     -1.1619      0.8070     -2.7436      0.4198          2.07        0.1499
                         BKGRD1_C7NOMISS    CUBAN                      1      0.7586      0.4927     -0.2071      1.7243          2.37        0.1236
                         BKGRD1_C7NOMISS    C_AMERICAN                 1      0.2878      0.3584     -0.4147      0.9903          0.64        0.4220
                         BKGRD1_C7NOMISS    DOMINICAN                  1      0.6367      0.4089     -0.1648      1.4382          2.42        0.1195
                         BKGRD1_C7NOMISS    P_RICAN                    1      0.0790      0.4354     -0.7744      0.9323          0.03        0.8560
                         BKGRD1_C7NOMISS    SOUTH                      1      0.4592      0.4352     -0.3937      1.3120          1.11        0.2913
                         BKGRD1_C7NOMISS    MEXICAN                    0      0.0000      0.0000      0.0000      0.0000           .           .    
                         N_HC               YES                        1      0.0179      0.2016     -0.3771      0.4129          0.01        0.9292
                         N_HC               NO                         0      0.0000      0.0000      0.0000      0.0000           .           .    
                         EDUCATION_C3       AT_MOST_HIGHSCHOOL_GED     1      0.1773      0.2252     -0.2640      0.6186          0.62        0.4309
                         EDUCATION_C3       G_HIGHSCHOOL               1     -0.0625      0.2427     -0.5381      0.4131          0.07        0.7968
                         EDUCATION_C3       N_HIGHSCHOOL_GED           0      0.0000      0.0000      0.0000      0.0000           .           .    
                         PARITY_V1                                     1      0.0714      0.0976     -0.1200      0.2628          0.53        0.4648
                         EMPLOYEDYN         EMPLOYED                   1     -0.1081      0.1832     -0.4672      0.2510          0.35        0.5552
                         EMPLOYEDYN         NOT_EMPLOYED               0      0.0000      0.0000      0.0000      0.0000           .           .    
                         MARITAL_STATUS     COHABITING                 1     -0.3471      0.1913     -0.7220      0.0277          3.29        0.0695
                         MARITAL_STATUS     SEPARATED                  1      0.4002      0.3958     -0.3754      1.1759          1.02        0.3119
                         MARITAL_STATUS     SINGLE                     0      0.0000      0.0000      0.0000      0.0000           .           .    
                         YRSUS_C3           10+_Years                  1      0.0174      0.2803     -0.5319      0.5667          0.00        0.9505
                         YRSUS_C3           <10_Years                  1     -0.1059      0.2814     -0.6574      0.4455          0.14        0.7065
                         YRSUS_C3           US_BORN                    0      0.0000      0.0000      0.0000      0.0000           .           .    
                         CURRENT_SMOKER     YES                        1      0.5715      0.3101     -0.0362      1.1792          3.40        0.0653
                         CURRENT_SMOKER     NO                         0      0.0000      0.0000      0.0000      0.0000           .           .    
                         HEI2010_C3         HIGH                       1     -0.0409      0.2249     -0.4817      0.4000          0.03        0.8558
                         HEI2010_C3         MEDIUM                     1      0.0983      0.2200     -0.3330      0.5295          0.20        0.6552
                         HEI2010_C3         LOW                        0      0.0000      0.0000      0.0000      0.0000           .           .    
                         ALCOHOL_USE        CURRENT                    1     -0.1936      0.2411     -0.6661      0.2789          0.64        0.4219
                         ALCOHOL_USE        FORMER                     1     -0.0000      0.2533     -0.4965      0.4965          0.00        1.0000
                         ALCOHOL_USE        NEVER                      0      0.0000      0.0000      0.0000      0.0000           .           .    
                         PAG2008YN          NO                         1      0.5379      0.1893      0.1669      0.9090          8.07        0.0045
                         PAG2008YN          YES                        0      0.0000      0.0000      0.0000      0.0000           .           .    
                         SLPDUR                                        1      0.1297      0.0664     -0.0004      0.2598          3.82        0.0508
                         Scale                                         1      1.2015      0.0564      1.0959      1.3172                            

NOTE: The scale parameter was estimated by maximum likelihood.
                                                           Model 2: Model 1 + (diet, alcohol, smoke, pa, slpdur) 

--------------------------------------------------------------------------- Imputation Number=10 ----------------------------------------------------------------------------

                                                                            The GENMOD Procedure

                                                                              Model Information

                                            Data Set              DATA.HC338353_IMPUTED_DATA_12NOV25                             
                                            Distribution                                      Normal                             
                                            Link Function                                   Identity                             
                                            Dependent Variable                                  BMIZ    Body Mass Index for age  
                                                                                                        Z-Score - CDC (Child)    


                                                                   Number of Observations Read         227
                                                                   Number of Observations Used         227


                                                                           Class Level Information
 
                                              Class                Levels    Values

                                              CENTERNUM                 4    CHICAGO MIAMI SAN DIEGO BRONX                     
                                              BKGRD1_C7NOMISS           7    BK_OTHER CUBAN C_AMERICAN DOMINICAN P_RICAN SOUTH 
                                                                             MEXICAN                                           
                                              MARITAL_STATUS            3    COHABITING SEPARATED SINGLE                       
                                              EMPLOYEDYN                2    EMPLOYED NOT_EMPLOYED                             
                                              EDUCATION_C3              3    AT_MOST_HIGHSCHOOL_GED G_HIGHSCHOOL               
                                                                             N_HIGHSCHOOL_GED                                  
                                              N_HC                      2    YES NO                                            
                                              YRSUS_C3                  3    10+_Years <10_Years US_BORN                       
                                              CURRENT_SMOKER            2    YES NO                                            
                                              ALCOHOL_USE               3    CURRENT FORMER NEVER                              
                                              PAG2008YN                 2    NO YES                                            
                                              HEI2010_C3                3    HIGH MEDIUM LOW                                   


                                                                   Criteria For Assessing Goodness Of Fit
 
                                                      Criterion                     DF           Value        Value/DF

                                                      Deviance                     199        339.4861          1.7060
                                                      Scaled Deviance              199        227.0000          1.1407
                                                      Pearson Chi-Square           199        339.4861          1.7060
                                                      Scaled Pearson X2            199        227.0000          1.1407
                                                      Log Likelihood                         -367.7809                
                                                      Full Log Likelihood                    -367.7809                
                                                      AIC (smaller is better)                 793.5617                
                                                      AICC (smaller is better)                802.3942                
                                                      BIC (smaller is better)                 892.8853                


                                                 Algorithm converged.                                                       


                                                           Model 2: Model 1 + (diet, alcohol, smoke, pa, slpdur) 

--------------------------------------------------------------------------- Imputation Number=10 ----------------------------------------------------------------------------

                                                                            The GENMOD Procedure

                                                             Analysis Of Maximum Likelihood Parameter Estimates
 
                                                                                        Standard     Wald 95% Confidence          Wald
                         Parameter                                    DF    Estimate       Error           Limits           Chi-Square    Pr > ChiSq

                         Intercept                                     1     -1.4956      1.3316     -4.1055      1.1143          1.26        0.2614
                         CENTERNUM          CHICAGO                    1      0.3631      0.3425     -0.3082      1.0344          1.12        0.2890
                         CENTERNUM          MIAMI                      1     -0.4318      0.4082     -1.2317      0.3682          1.12        0.2901
                         CENTERNUM          SAN DIEGO                  1      0.0724      0.3818     -0.6760      0.8208          0.04        0.8496
                         CENTERNUM          BRONX                      0      0.0000      0.0000      0.0000      0.0000           .           .    
                         YRS_BTWN_V1FLOR                               1      0.0161      0.0753     -0.1314      0.1637          0.05        0.8302
                         AGE                                           1      0.0302      0.0206     -0.0103      0.0707          2.14        0.1437
                         BKGRD1_C7NOMISS    BK_OTHER                   1     -0.9370      0.8067     -2.5182      0.6442          1.35        0.2455
                         BKGRD1_C7NOMISS    CUBAN                      1      0.8566      0.5007     -0.1248      1.8380          2.93        0.0871
                         BKGRD1_C7NOMISS    C_AMERICAN                 1      0.3350      0.3646     -0.3795      1.0496          0.84        0.3581
                         BKGRD1_C7NOMISS    DOMINICAN                  1      0.6528      0.4138     -0.1582      1.4637          2.49        0.1147
                         BKGRD1_C7NOMISS    P_RICAN                    1      0.2381      0.4389     -0.6221      1.0983          0.29        0.5874
                         BKGRD1_C7NOMISS    SOUTH                      1      0.5112      0.4417     -0.3544      1.3768          1.34        0.2471
                         BKGRD1_C7NOMISS    MEXICAN                    0      0.0000      0.0000      0.0000      0.0000           .           .    
                         N_HC               YES                        1      0.1269      0.2060     -0.2768      0.5305          0.38        0.5379
                         N_HC               NO                         0      0.0000      0.0000      0.0000      0.0000           .           .    
                         EDUCATION_C3       AT_MOST_HIGHSCHOOL_GED     1      0.0981      0.2292     -0.3510      0.5472          0.18        0.6685
                         EDUCATION_C3       G_HIGHSCHOOL               1     -0.2605      0.2459     -0.7424      0.2214          1.12        0.2893
                         EDUCATION_C3       N_HIGHSCHOOL_GED           0      0.0000      0.0000      0.0000      0.0000           .           .    
                         PARITY_V1                                     1      0.0810      0.0998     -0.1147      0.2766          0.66        0.4173
                         EMPLOYEDYN         EMPLOYED                   1     -0.0631      0.1856     -0.4269      0.3007          0.12        0.7340
                         EMPLOYEDYN         NOT_EMPLOYED               0      0.0000      0.0000      0.0000      0.0000           .           .    
                         MARITAL_STATUS     COHABITING                 1     -0.3417      0.1955     -0.7248      0.0415          3.05        0.0805
                         MARITAL_STATUS     SEPARATED                  1      0.4004      0.4031     -0.3896      1.1904          0.99        0.3205
                         MARITAL_STATUS     SINGLE                     0      0.0000      0.0000      0.0000      0.0000           .           .    
                         YRSUS_C3           10+_Years                  1      0.0685      0.2842     -0.4886      0.6255          0.06        0.8097
                         YRSUS_C3           <10_Years                  1      0.0059      0.2836     -0.5500      0.5617          0.00        0.9835
                         YRSUS_C3           US_BORN                    0      0.0000      0.0000      0.0000      0.0000           .           .    
                         CURRENT_SMOKER     YES                        1      0.3488      0.3172     -0.2729      0.9705          1.21        0.2715
                         CURRENT_SMOKER     NO                         0      0.0000      0.0000      0.0000      0.0000           .           .    
                         HEI2010_C3         HIGH                       1     -0.0045      0.2290     -0.4533      0.4443          0.00        0.9844
                         HEI2010_C3         MEDIUM                     1      0.0869      0.2244     -0.3528      0.5267          0.15        0.6984
                         HEI2010_C3         LOW                        0      0.0000      0.0000      0.0000      0.0000           .           .    
                         ALCOHOL_USE        CURRENT                    1     -0.1616      0.2461     -0.6439      0.3208          0.43        0.5115
                         ALCOHOL_USE        FORMER                     1     -0.0159      0.2581     -0.5217      0.4899          0.00        0.9508
                         ALCOHOL_USE        NEVER                      0      0.0000      0.0000      0.0000      0.0000           .           .    
                         PAG2008YN          NO                         1      0.3148      0.1928     -0.0631      0.6927          2.67        0.1026
                         PAG2008YN          YES                        0      0.0000      0.0000      0.0000      0.0000           .           .    
                         SLPDUR                                        1      0.1111      0.0669     -0.0201      0.2423          2.76        0.0969
                         Scale                                         1      1.2229      0.0574      1.1154      1.3407                            

NOTE: The scale parameter was estimated by maximum likelihood.
                                                                      Model 3: Model 2 + mental health

---------------------------------------------------------------------------- Imputation Number=1 ----------------------------------------------------------------------------

                                                                            The GENMOD Procedure

                                                                              Model Information

                                            Data Set              DATA.HC338353_IMPUTED_DATA_12NOV25                             
                                            Distribution                                      Normal                             
                                            Link Function                                   Identity                             
                                            Dependent Variable                                  BMIZ    Body Mass Index for age  
                                                                                                        Z-Score - CDC (Child)    


                                                                   Number of Observations Read         227
                                                                   Number of Observations Used         227


                                                                           Class Level Information
 
                                              Class                Levels    Values

                                              CENTERNUM                 4    CHICAGO MIAMI SAN DIEGO BRONX                     
                                              BKGRD1_C7NOMISS           7    BK_OTHER CUBAN C_AMERICAN DOMINICAN P_RICAN SOUTH 
                                                                             MEXICAN                                           
                                              MARITAL_STATUS            3    COHABITING SEPARATED SINGLE                       
                                              EMPLOYEDYN                2    EMPLOYED NOT_EMPLOYED                             
                                              EDUCATION_C3              3    AT_MOST_HIGHSCHOOL_GED G_HIGHSCHOOL               
                                                                             N_HIGHSCHOOL_GED                                  
                                              N_HC                      2    YES NO                                            
                                              YRSUS_C3                  3    10+_Years <10_Years US_BORN                       
                                              CURRENT_SMOKER            2    YES NO                                            
                                              ALCOHOL_USE               3    CURRENT FORMER NEVER                              
                                              PAG2008YN                 2    NO YES                                            
                                              HEI2010_C3                3    HIGH MEDIUM LOW                                   
                                              CESD10                    2    DEPRE NODEPRE                                     
                                              STAI10                    2    ANX NOANX                                         


                                                                   Criteria For Assessing Goodness Of Fit
 
                                                      Criterion                     DF           Value        Value/DF

                                                      Deviance                     197        333.6384          1.6936
                                                      Scaled Deviance              197        227.0000          1.1523
                                                      Pearson Chi-Square           197        333.6384          1.6936
                                                      Scaled Pearson X2            197        227.0000          1.1523
                                                      Log Likelihood                         -365.8088                
                                                      Full Log Likelihood                    -365.8088                
                                                      AIC (smaller is better)                 793.6176                
                                                      AICC (smaller is better)                803.7919                
                                                      BIC (smaller is better)                 899.7910                


                                                 Algorithm converged.                                                       
                                                                      Model 3: Model 2 + mental health

---------------------------------------------------------------------------- Imputation Number=1 ----------------------------------------------------------------------------

                                                                            The GENMOD Procedure

                                                             Analysis Of Maximum Likelihood Parameter Estimates
 
                                                                                        Standard     Wald 95% Confidence          Wald
                         Parameter                                    DF    Estimate       Error           Limits           Chi-Square    Pr > ChiSq

                         Intercept                                     1     -2.2879      1.3447     -4.9235      0.3477          2.89        0.0889
                         CENTERNUM          CHICAGO                    1      0.5090      0.3410     -0.1593      1.1773          2.23        0.1355
                         CENTERNUM          MIAMI                      1     -0.3099      0.4056     -1.1049      0.4851          0.58        0.4449
                         CENTERNUM          SAN DIEGO                  1      0.2592      0.3793     -0.4841      1.0025          0.47        0.4943
                         CENTERNUM          BRONX                      0      0.0000      0.0000      0.0000      0.0000           .           .    
                         YRS_BTWN_V1FLOR                               1      0.0140      0.0751     -0.1332      0.1612          0.03        0.8521
                         AGE                                           1      0.0253      0.0203     -0.0145      0.0651          1.56        0.2124
                         BKGRD1_C7NOMISS    BK_OTHER                   1     -1.2284      0.8253     -2.8459      0.3891          2.22        0.1366
                         BKGRD1_C7NOMISS    CUBAN                      1      0.9228      0.5013     -0.0598      1.9054          3.39        0.0657
                         BKGRD1_C7NOMISS    C_AMERICAN                 1      0.3294      0.3618     -0.3798      1.0385          0.83        0.3626
                         BKGRD1_C7NOMISS    DOMINICAN                  1      0.6136      0.4118     -0.1935      1.4207          2.22        0.1362
                         BKGRD1_C7NOMISS    P_RICAN                    1      0.3774      0.4390     -0.4830      1.2378          0.74        0.3899
                         BKGRD1_C7NOMISS    SOUTH                      1      0.6019      0.4444     -0.2692      1.4730          1.83        0.1757
                         BKGRD1_C7NOMISS    MEXICAN                    0      0.0000      0.0000      0.0000      0.0000           .           .    
                         N_HC               YES                        1      0.1573      0.2061     -0.2467      0.5613          0.58        0.4453
                         N_HC               NO                         0      0.0000      0.0000      0.0000      0.0000           .           .    
                         EDUCATION_C3       AT_MOST_HIGHSCHOOL_GED     1      0.1800      0.2294     -0.2696      0.6295          0.62        0.4327
                         EDUCATION_C3       G_HIGHSCHOOL               1     -0.0862      0.2509     -0.5779      0.4055          0.12        0.7312
                         EDUCATION_C3       N_HIGHSCHOOL_GED           0      0.0000      0.0000      0.0000      0.0000           .           .    
                         PARITY_V1                                     1      0.1510      0.1021     -0.0490      0.3511          2.19        0.1389
                         EMPLOYEDYN         EMPLOYED                   1     -0.0106      0.1875     -0.3781      0.3570          0.00        0.9550
                         EMPLOYEDYN         NOT_EMPLOYED               0      0.0000      0.0000      0.0000      0.0000           .           .    
                         MARITAL_STATUS     COHABITING                 1     -0.3933      0.1945     -0.7745     -0.0121          4.09        0.0432
                         MARITAL_STATUS     SEPARATED                  1      0.4351      0.4014     -0.3515      1.2218          1.18        0.2783
                         MARITAL_STATUS     SINGLE                     0      0.0000      0.0000      0.0000      0.0000           .           .    
                         YRSUS_C3           10+_Years                  1      0.1628      0.2820     -0.3899      0.7155          0.33        0.5636
                         YRSUS_C3           <10_Years                  1      0.1037      0.2804     -0.4459      0.6534          0.14        0.7114
                         YRSUS_C3           US_BORN                    0      0.0000      0.0000      0.0000      0.0000           .           .    
                         CURRENT_SMOKER     YES                        1      0.4200      0.3206     -0.2084      1.0483          1.72        0.1902
                         CURRENT_SMOKER     NO                         0      0.0000      0.0000      0.0000      0.0000           .           .    
                         HEI2010_C3         HIGH                       1      0.0177      0.2294     -0.4320      0.4674          0.01        0.9385
                         HEI2010_C3         MEDIUM                     1      0.1055      0.2241     -0.3337      0.5448          0.22        0.6377
                         HEI2010_C3         LOW                        0      0.0000      0.0000      0.0000      0.0000           .           .    
                         ALCOHOL_USE        CURRENT                    1     -0.1940      0.2434     -0.6711      0.2831          0.64        0.4255
                         ALCOHOL_USE        FORMER                     1      0.0657      0.2574     -0.4387      0.5701          0.07        0.7985
                         ALCOHOL_USE        NEVER                      0      0.0000      0.0000      0.0000      0.0000           .           .    
                         PAG2008YN          NO                         1      0.0748      0.1907     -0.2991      0.4486          0.15        0.6951
                         PAG2008YN          YES                        0      0.0000      0.0000      0.0000      0.0000           .           .    
                         SLPDUR                                        1      0.1833      0.0676      0.0509      0.3158          7.36        0.0067
                         CESD10             DEPRE                      1      0.1561      0.2306     -0.2960      0.6081          0.46        0.4986
                         CESD10             NODEPRE                    0      0.0000      0.0000      0.0000      0.0000           .           .    
                         STAI10             ANX                        1      0.1098      0.2138     -0.3092      0.5289          0.26        0.6074
                         STAI10             NOANX                      0      0.0000      0.0000      0.0000      0.0000           .           .    
                         Scale                                         1      1.2123      0.0569      1.1058      1.3291                            

NOTE: The scale parameter was estimated by maximum likelihood.
                                                                      Model 3: Model 2 + mental health

---------------------------------------------------------------------------- Imputation Number=2 ----------------------------------------------------------------------------

                                                                            The GENMOD Procedure

                                                                              Model Information

                                            Data Set              DATA.HC338353_IMPUTED_DATA_12NOV25                             
                                            Distribution                                      Normal                             
                                            Link Function                                   Identity                             
                                            Dependent Variable                                  BMIZ    Body Mass Index for age  
                                                                                                        Z-Score - CDC (Child)    


                                                                   Number of Observations Read         227
                                                                   Number of Observations Used         227


                                                                           Class Level Information
 
                                              Class                Levels    Values

                                              CENTERNUM                 4    CHICAGO MIAMI SAN DIEGO BRONX                     
                                              BKGRD1_C7NOMISS           7    BK_OTHER CUBAN C_AMERICAN DOMINICAN P_RICAN SOUTH 
                                                                             MEXICAN                                           
                                              MARITAL_STATUS            3    COHABITING SEPARATED SINGLE                       
                                              EMPLOYEDYN                2    EMPLOYED NOT_EMPLOYED                             
                                              EDUCATION_C3              3    AT_MOST_HIGHSCHOOL_GED G_HIGHSCHOOL               
                                                                             N_HIGHSCHOOL_GED                                  
                                              N_HC                      2    YES NO                                            
                                              YRSUS_C3                  3    10+_Years <10_Years US_BORN                       
                                              CURRENT_SMOKER            2    YES NO                                            
                                              ALCOHOL_USE               3    CURRENT FORMER NEVER                              
                                              PAG2008YN                 2    NO YES                                            
                                              HEI2010_C3                3    HIGH MEDIUM LOW                                   
                                              CESD10                    2    DEPRE NODEPRE                                     
                                              STAI10                    2    ANX NOANX                                         


                                                                   Criteria For Assessing Goodness Of Fit
 
                                                      Criterion                     DF           Value        Value/DF

                                                      Deviance                     197        336.8145          1.7097
                                                      Scaled Deviance              197        227.0000          1.1523
                                                      Pearson Chi-Square           197        336.8145          1.7097
                                                      Scaled Pearson X2            197        227.0000          1.1523
                                                      Log Likelihood                         -366.8841                
                                                      Full Log Likelihood                    -366.8841                
                                                      AIC (smaller is better)                 795.7683                
                                                      AICC (smaller is better)                805.9426                
                                                      BIC (smaller is better)                 901.9417                


                                                 Algorithm converged.                                                       
                                                                      Model 3: Model 2 + mental health

---------------------------------------------------------------------------- Imputation Number=2 ----------------------------------------------------------------------------

                                                                            The GENMOD Procedure

                                                             Analysis Of Maximum Likelihood Parameter Estimates
 
                                                                                        Standard     Wald 95% Confidence          Wald
                         Parameter                                    DF    Estimate       Error           Limits           Chi-Square    Pr > ChiSq

                         Intercept                                     1     -1.7606      1.3381     -4.3831      0.8619          1.73        0.1882
                         CENTERNUM          CHICAGO                    1      0.3375      0.3396     -0.3281      1.0031          0.99        0.3203
                         CENTERNUM          MIAMI                      1     -0.5092      0.4064     -1.3057      0.2874          1.57        0.2103
                         CENTERNUM          SAN DIEGO                  1      0.0620      0.3819     -0.6866      0.8106          0.03        0.8711
                         CENTERNUM          BRONX                      0      0.0000      0.0000      0.0000      0.0000           .           .    
                         YRS_BTWN_V1FLOR                               1      0.0176      0.0753     -0.1300      0.1652          0.05        0.8153
                         AGE                                           1      0.0230      0.0202     -0.0165      0.0626          1.31        0.2533
                         BKGRD1_C7NOMISS    BK_OTHER                   1     -1.0664      0.8167     -2.6671      0.5344          1.70        0.1917
                         BKGRD1_C7NOMISS    CUBAN                      1      1.0153      0.5027      0.0300      2.0005          4.08        0.0434
                         BKGRD1_C7NOMISS    C_AMERICAN                 1      0.3545      0.3633     -0.3575      1.0665          0.95        0.3292
                         BKGRD1_C7NOMISS    DOMINICAN                  1      0.6010      0.4157     -0.2138      1.4158          2.09        0.1483
                         BKGRD1_C7NOMISS    P_RICAN                    1      0.2845      0.4414     -0.5808      1.1497          0.42        0.5193
                         BKGRD1_C7NOMISS    SOUTH                      1      0.5874      0.4489     -0.2924      1.4672          1.71        0.1907
                         BKGRD1_C7NOMISS    MEXICAN                    0      0.0000      0.0000      0.0000      0.0000           .           .    
                         N_HC               YES                        1      0.0552      0.2076     -0.3517      0.4620          0.07        0.7904
                         N_HC               NO                         0      0.0000      0.0000      0.0000      0.0000           .           .    
                         EDUCATION_C3       AT_MOST_HIGHSCHOOL_GED     1      0.1749      0.2318     -0.2794      0.6292          0.57        0.4504
                         EDUCATION_C3       G_HIGHSCHOOL               1     -0.0918      0.2532     -0.5881      0.4045          0.13        0.7169
                         EDUCATION_C3       N_HIGHSCHOOL_GED           0      0.0000      0.0000      0.0000      0.0000           .           .    
                         PARITY_V1                                     1      0.1064      0.0994     -0.0885      0.3013          1.15        0.2845
                         EMPLOYEDYN         EMPLOYED                   1      0.0411      0.1884     -0.3282      0.4103          0.05        0.8275
                         EMPLOYEDYN         NOT_EMPLOYED               0      0.0000      0.0000      0.0000      0.0000           .           .    
                         MARITAL_STATUS     COHABITING                 1     -0.3479      0.1944     -0.7290      0.0331          3.20        0.0735
                         MARITAL_STATUS     SEPARATED                  1      0.4524      0.4024     -0.3363      1.2411          1.26        0.2610
                         MARITAL_STATUS     SINGLE                     0      0.0000      0.0000      0.0000      0.0000           .           .    
                         YRSUS_C3           10+_Years                  1      0.1370      0.2822     -0.4160      0.6900          0.24        0.6273
                         YRSUS_C3           <10_Years                  1      0.0656      0.2805     -0.4842      0.6153          0.05        0.8151
                         YRSUS_C3           US_BORN                    0      0.0000      0.0000      0.0000      0.0000           .           .    
                         CURRENT_SMOKER     YES                        1      0.4787      0.3198     -0.1480      1.1054          2.24        0.1344
                         CURRENT_SMOKER     NO                         0      0.0000      0.0000      0.0000      0.0000           .           .    
                         HEI2010_C3         HIGH                       1      0.1018      0.2296     -0.3483      0.5518          0.20        0.6576
                         HEI2010_C3         MEDIUM                     1      0.1742      0.2252     -0.2671      0.6155          0.60        0.4391
                         HEI2010_C3         LOW                        0      0.0000      0.0000      0.0000      0.0000           .           .    
                         ALCOHOL_USE        CURRENT                    1     -0.2061      0.2458     -0.6879      0.2757          0.70        0.4019
                         ALCOHOL_USE        FORMER                     1      0.0264      0.2585     -0.4803      0.5331          0.01        0.9187
                         ALCOHOL_USE        NEVER                      0      0.0000      0.0000      0.0000      0.0000           .           .    
                         PAG2008YN          NO                         1      0.3507      0.1907     -0.0231      0.7245          3.38        0.0659
                         PAG2008YN          YES                        0      0.0000      0.0000      0.0000      0.0000           .           .    
                         SLPDUR                                        1      0.1226      0.0683     -0.0113      0.2565          3.22        0.0728
                         CESD10             DEPRE                      1      0.0732      0.2328     -0.3831      0.5295          0.10        0.7533
                         CESD10             NODEPRE                    0      0.0000      0.0000      0.0000      0.0000           .           .    
                         STAI10             ANX                        1      0.1539      0.2143     -0.2661      0.5738          0.52        0.4726
                         STAI10             NOANX                      0      0.0000      0.0000      0.0000      0.0000           .           .    
                         Scale                                         1      1.2181      0.0572      1.1110      1.3355                            

NOTE: The scale parameter was estimated by maximum likelihood.
                                                                      Model 3: Model 2 + mental health

---------------------------------------------------------------------------- Imputation Number=3 ----------------------------------------------------------------------------

                                                                            The GENMOD Procedure

                                                                              Model Information

                                            Data Set              DATA.HC338353_IMPUTED_DATA_12NOV25                             
                                            Distribution                                      Normal                             
                                            Link Function                                   Identity                             
                                            Dependent Variable                                  BMIZ    Body Mass Index for age  
                                                                                                        Z-Score - CDC (Child)    


                                                                   Number of Observations Read         227
                                                                   Number of Observations Used         227


                                                                           Class Level Information
 
                                              Class                Levels    Values

                                              CENTERNUM                 4    CHICAGO MIAMI SAN DIEGO BRONX                     
                                              BKGRD1_C7NOMISS           7    BK_OTHER CUBAN C_AMERICAN DOMINICAN P_RICAN SOUTH 
                                                                             MEXICAN                                           
                                              MARITAL_STATUS            3    COHABITING SEPARATED SINGLE                       
                                              EMPLOYEDYN                2    EMPLOYED NOT_EMPLOYED                             
                                              EDUCATION_C3              3    AT_MOST_HIGHSCHOOL_GED G_HIGHSCHOOL               
                                                                             N_HIGHSCHOOL_GED                                  
                                              N_HC                      2    YES NO                                            
                                              YRSUS_C3                  3    10+_Years <10_Years US_BORN                       
                                              CURRENT_SMOKER            2    YES NO                                            
                                              ALCOHOL_USE               3    CURRENT FORMER NEVER                              
                                              PAG2008YN                 2    NO YES                                            
                                              HEI2010_C3                3    HIGH MEDIUM LOW                                   
                                              CESD10                    2    DEPRE NODEPRE                                     
                                              STAI10                    2    ANX NOANX                                         


                                                                   Criteria For Assessing Goodness Of Fit
 
                                                      Criterion                     DF           Value        Value/DF

                                                      Deviance                     197        331.7567          1.6840
                                                      Scaled Deviance              197        227.0000          1.1523
                                                      Pearson Chi-Square           197        331.7567          1.6840
                                                      Scaled Pearson X2            197        227.0000          1.1523
                                                      Log Likelihood                         -365.1668                
                                                      Full Log Likelihood                    -365.1668                
                                                      AIC (smaller is better)                 792.3337                
                                                      AICC (smaller is better)                802.5081                
                                                      BIC (smaller is better)                 898.5071                


                                                 Algorithm converged.                                                       
                                                                      Model 3: Model 2 + mental health

---------------------------------------------------------------------------- Imputation Number=3 ----------------------------------------------------------------------------

                                                                            The GENMOD Procedure

                                                             Analysis Of Maximum Likelihood Parameter Estimates
 
                                                                                        Standard     Wald 95% Confidence          Wald
                         Parameter                                    DF    Estimate       Error           Limits           Chi-Square    Pr > ChiSq

                         Intercept                                     1     -2.0416      1.3391     -4.6663      0.5830          2.32        0.1274
                         CENTERNUM          CHICAGO                    1      0.4109      0.3414     -0.2583      1.0801          1.45        0.2288
                         CENTERNUM          MIAMI                      1     -0.4274      0.4043     -1.2198      0.3651          1.12        0.2905
                         CENTERNUM          SAN DIEGO                  1      0.2163      0.3743     -0.5173      0.9498          0.33        0.5633
                         CENTERNUM          BRONX                      0      0.0000      0.0000      0.0000      0.0000           .           .    
                         YRS_BTWN_V1FLOR                               1      0.0066      0.0749     -0.1401      0.1533          0.01        0.9295
                         AGE                                           1      0.0297      0.0204     -0.0103      0.0697          2.12        0.1458
                         BKGRD1_C7NOMISS    BK_OTHER                   1     -1.0865      0.8156     -2.6849      0.5120          1.77        0.1828
                         BKGRD1_C7NOMISS    CUBAN                      1      0.9905      0.5013      0.0079      1.9731          3.90        0.0482
                         BKGRD1_C7NOMISS    C_AMERICAN                 1      0.3072      0.3609     -0.4001      1.0145          0.72        0.3946
                         BKGRD1_C7NOMISS    DOMINICAN                  1      0.6495      0.4125     -0.1589      1.4580          2.48        0.1153
                         BKGRD1_C7NOMISS    P_RICAN                    1      0.3876      0.4316     -0.4582      1.2334          0.81        0.3691
                         BKGRD1_C7NOMISS    SOUTH                      1      0.6714      0.4436     -0.1982      1.5409          2.29        0.1302
                         BKGRD1_C7NOMISS    MEXICAN                    0      0.0000      0.0000      0.0000      0.0000           .           .    
                         N_HC               YES                        1      0.0449      0.2012     -0.3495      0.4393          0.05        0.8234
                         N_HC               NO                         0      0.0000      0.0000      0.0000      0.0000           .           .    
                         EDUCATION_C3       AT_MOST_HIGHSCHOOL_GED     1      0.2006      0.2287     -0.2476      0.6488          0.77        0.3803
                         EDUCATION_C3       G_HIGHSCHOOL               1     -0.0398      0.2513     -0.5323      0.4526          0.03        0.8740
                         EDUCATION_C3       N_HIGHSCHOOL_GED           0      0.0000      0.0000      0.0000      0.0000           .           .    
                         PARITY_V1                                     1      0.1192      0.1009     -0.0786      0.3169          1.40        0.2375
                         EMPLOYEDYN         EMPLOYED                   1     -0.0960      0.1853     -0.4593      0.2672          0.27        0.6044
                         EMPLOYEDYN         NOT_EMPLOYED               0      0.0000      0.0000      0.0000      0.0000           .           .    
                         MARITAL_STATUS     COHABITING                 1     -0.3627      0.1950     -0.7450      0.0196          3.46        0.0629
                         MARITAL_STATUS     SEPARATED                  1      0.4321      0.3993     -0.3505      1.2147          1.17        0.2792
                         MARITAL_STATUS     SINGLE                     0      0.0000      0.0000      0.0000      0.0000           .           .    
                         YRSUS_C3           10+_Years                  1      0.1106      0.2789     -0.4361      0.6572          0.16        0.6918
                         YRSUS_C3           <10_Years                  1      0.0217      0.2752     -0.5177      0.5611          0.01        0.9372
                         YRSUS_C3           US_BORN                    0      0.0000      0.0000      0.0000      0.0000           .           .    
                         CURRENT_SMOKER     YES                        1      0.3982      0.3223     -0.2335      1.0298          1.53        0.2166
                         CURRENT_SMOKER     NO                         0      0.0000      0.0000      0.0000      0.0000           .           .    
                         HEI2010_C3         HIGH                       1      0.0282      0.2292     -0.4210      0.4773          0.02        0.9022
                         HEI2010_C3         MEDIUM                     1      0.1186      0.2224     -0.3173      0.5545          0.28        0.5939
                         HEI2010_C3         LOW                        0      0.0000      0.0000      0.0000      0.0000           .           .    
                         ALCOHOL_USE        CURRENT                    1     -0.3376      0.2401     -0.8082      0.1331          1.98        0.1598
                         ALCOHOL_USE        FORMER                     1     -0.0871      0.2553     -0.5874      0.4131          0.12        0.7328
                         ALCOHOL_USE        NEVER                      0      0.0000      0.0000      0.0000      0.0000           .           .    
                         PAG2008YN          NO                         1      0.2205      0.1877     -0.1473      0.5884          1.38        0.2399
                         PAG2008YN          YES                        0      0.0000      0.0000      0.0000      0.0000           .           .    
                         SLPDUR                                        1      0.1695      0.0674      0.0374      0.3016          6.32        0.0119
                         CESD10             DEPRE                      1      0.2325      0.2263     -0.2109      0.6760          1.06        0.3041
                         CESD10             NODEPRE                    0      0.0000      0.0000      0.0000      0.0000           .           .    
                         STAI10             ANX                        1      0.1570      0.2132     -0.2608      0.5748          0.54        0.4615
                         STAI10             NOANX                      0      0.0000      0.0000      0.0000      0.0000           .           .    
                         Scale                                         1      1.2089      0.0567      1.1027      1.3254                            

NOTE: The scale parameter was estimated by maximum likelihood.
                                                                      Model 3: Model 2 + mental health

---------------------------------------------------------------------------- Imputation Number=4 ----------------------------------------------------------------------------

                                                                            The GENMOD Procedure

                                                                              Model Information

                                            Data Set              DATA.HC338353_IMPUTED_DATA_12NOV25                             
                                            Distribution                                      Normal                             
                                            Link Function                                   Identity                             
                                            Dependent Variable                                  BMIZ    Body Mass Index for age  
                                                                                                        Z-Score - CDC (Child)    


                                                                   Number of Observations Read         227
                                                                   Number of Observations Used         227


                                                                           Class Level Information
 
                                              Class                Levels    Values

                                              CENTERNUM                 4    CHICAGO MIAMI SAN DIEGO BRONX                     
                                              BKGRD1_C7NOMISS           7    BK_OTHER CUBAN C_AMERICAN DOMINICAN P_RICAN SOUTH 
                                                                             MEXICAN                                           
                                              MARITAL_STATUS            3    COHABITING SEPARATED SINGLE                       
                                              EMPLOYEDYN                2    EMPLOYED NOT_EMPLOYED                             
                                              EDUCATION_C3              3    AT_MOST_HIGHSCHOOL_GED G_HIGHSCHOOL               
                                                                             N_HIGHSCHOOL_GED                                  
                                              N_HC                      2    YES NO                                            
                                              YRSUS_C3                  3    10+_Years <10_Years US_BORN                       
                                              CURRENT_SMOKER            2    YES NO                                            
                                              ALCOHOL_USE               3    CURRENT FORMER NEVER                              
                                              PAG2008YN                 2    NO YES                                            
                                              HEI2010_C3                3    HIGH MEDIUM LOW                                   
                                              CESD10                    2    DEPRE NODEPRE                                     
                                              STAI10                    2    ANX NOANX                                         


                                                                   Criteria For Assessing Goodness Of Fit
 
                                                      Criterion                     DF           Value        Value/DF

                                                      Deviance                     197        341.3848          1.7329
                                                      Scaled Deviance              197        227.0000          1.1523
                                                      Pearson Chi-Square           197        341.3848          1.7329
                                                      Scaled Pearson X2            197        227.0000          1.1523
                                                      Log Likelihood                         -368.4139                
                                                      Full Log Likelihood                    -368.4139                
                                                      AIC (smaller is better)                 798.8278                
                                                      AICC (smaller is better)                809.0022                
                                                      BIC (smaller is better)                 905.0013                


                                                 Algorithm converged.                                                       
                                                                      Model 3: Model 2 + mental health

---------------------------------------------------------------------------- Imputation Number=4 ----------------------------------------------------------------------------

                                                                            The GENMOD Procedure

                                                             Analysis Of Maximum Likelihood Parameter Estimates
 
                                                                                        Standard     Wald 95% Confidence          Wald
                         Parameter                                    DF    Estimate       Error           Limits           Chi-Square    Pr > ChiSq

                         Intercept                                     1     -1.6344      1.3634     -4.3066      1.0378          1.44        0.2306
                         CENTERNUM          CHICAGO                    1      0.3849      0.3370     -0.2755      1.0453          1.30        0.2534
                         CENTERNUM          MIAMI                      1     -0.4242      0.4110     -1.2297      0.3814          1.07        0.3021
                         CENTERNUM          SAN DIEGO                  1      0.1739      0.3770     -0.5651      0.9129          0.21        0.6446
                         CENTERNUM          BRONX                      0      0.0000      0.0000      0.0000      0.0000           .           .    
                         YRS_BTWN_V1FLOR                               1      0.0149      0.0759     -0.1340      0.1637          0.04        0.8448
                         AGE                                           1      0.0230      0.0206     -0.0174      0.0635          1.25        0.2638
                         BKGRD1_C7NOMISS    BK_OTHER                   1     -0.8552      0.8142     -2.4511      0.7406          1.10        0.2936
                         BKGRD1_C7NOMISS    CUBAN                      1      1.0855      0.5064      0.0930      2.0780          4.59        0.0321
                         BKGRD1_C7NOMISS    C_AMERICAN                 1      0.3425      0.3660     -0.3748      1.0598          0.88        0.3494
                         BKGRD1_C7NOMISS    DOMINICAN                  1      0.6603      0.4145     -0.1522      1.4728          2.54        0.1112
                         BKGRD1_C7NOMISS    P_RICAN                    1      0.3087      0.4408     -0.5552      1.1727          0.49        0.4837
                         BKGRD1_C7NOMISS    SOUTH                      1      0.6333      0.4500     -0.2487      1.5152          1.98        0.1593
                         BKGRD1_C7NOMISS    MEXICAN                    0      0.0000      0.0000      0.0000      0.0000           .           .    
                         N_HC               YES                        1      0.0202      0.2035     -0.3786      0.4191          0.01        0.9207
                         N_HC               NO                         0      0.0000      0.0000      0.0000      0.0000           .           .    
                         EDUCATION_C3       AT_MOST_HIGHSCHOOL_GED     1      0.1908      0.2315     -0.2630      0.6445          0.68        0.4099
                         EDUCATION_C3       G_HIGHSCHOOL               1     -0.0636      0.2547     -0.5629      0.4356          0.06        0.8027
                         EDUCATION_C3       N_HIGHSCHOOL_GED           0      0.0000      0.0000      0.0000      0.0000           .           .    
                         PARITY_V1                                     1      0.1403      0.1040     -0.0636      0.3441          1.82        0.1774
                         EMPLOYEDYN         EMPLOYED                   1      0.0169      0.1912     -0.3578      0.3916          0.01        0.9294
                         EMPLOYEDYN         NOT_EMPLOYED               0      0.0000      0.0000      0.0000      0.0000           .           .    
                         MARITAL_STATUS     COHABITING                 1     -0.3668      0.1965     -0.7520      0.0183          3.48        0.0619
                         MARITAL_STATUS     SEPARATED                  1      0.4390      0.4050     -0.3548      1.2327          1.17        0.2784
                         MARITAL_STATUS     SINGLE                     0      0.0000      0.0000      0.0000      0.0000           .           .    
                         YRSUS_C3           10+_Years                  1      0.0087      0.2782     -0.5365      0.5540          0.00        0.9750
                         YRSUS_C3           <10_Years                  1     -0.0903      0.2727     -0.6249      0.4442          0.11        0.7405
                         YRSUS_C3           US_BORN                    0      0.0000      0.0000      0.0000      0.0000           .           .    
                         CURRENT_SMOKER     YES                        1      0.2153      0.3267     -0.4250      0.8555          0.43        0.5099
                         CURRENT_SMOKER     NO                         0      0.0000      0.0000      0.0000      0.0000           .           .    
                         HEI2010_C3         HIGH                       1      0.0479      0.2323     -0.4074      0.5032          0.04        0.8366
                         HEI2010_C3         MEDIUM                     1      0.1473      0.2269     -0.2974      0.5920          0.42        0.5163
                         HEI2010_C3         LOW                        0      0.0000      0.0000      0.0000      0.0000           .           .    
                         ALCOHOL_USE        CURRENT                    1     -0.1753      0.2476     -0.6606      0.3101          0.50        0.4791
                         ALCOHOL_USE        FORMER                     1      0.0095      0.2601     -0.5004      0.5193          0.00        0.9710
                         ALCOHOL_USE        NEVER                      0      0.0000      0.0000      0.0000      0.0000           .           .    
                         PAG2008YN          NO                         1      0.1772      0.1858     -0.1870      0.5414          0.91        0.3403
                         PAG2008YN          YES                        0      0.0000      0.0000      0.0000      0.0000           .           .    
                         SLPDUR                                        1      0.1278      0.0669     -0.0033      0.2590          3.65        0.0561
                         CESD10             DEPRE                      1      0.1415      0.2265     -0.3024      0.5855          0.39        0.5321
                         CESD10             NODEPRE                    0      0.0000      0.0000      0.0000      0.0000           .           .    
                         STAI10             ANX                        1      0.2096      0.2114     -0.2048      0.6239          0.98        0.3215
                         STAI10             NOANX                      0      0.0000      0.0000      0.0000      0.0000           .           .    
                         Scale                                         1      1.2263      0.0576      1.1186      1.3445                            

NOTE: The scale parameter was estimated by maximum likelihood.
                                                                      Model 3: Model 2 + mental health

---------------------------------------------------------------------------- Imputation Number=5 ----------------------------------------------------------------------------

                                                                            The GENMOD Procedure

                                                                              Model Information

                                            Data Set              DATA.HC338353_IMPUTED_DATA_12NOV25                             
                                            Distribution                                      Normal                             
                                            Link Function                                   Identity                             
                                            Dependent Variable                                  BMIZ    Body Mass Index for age  
                                                                                                        Z-Score - CDC (Child)    


                                                                   Number of Observations Read         227
                                                                   Number of Observations Used         227


                                                                           Class Level Information
 
                                              Class                Levels    Values

                                              CENTERNUM                 4    CHICAGO MIAMI SAN DIEGO BRONX                     
                                              BKGRD1_C7NOMISS           7    BK_OTHER CUBAN C_AMERICAN DOMINICAN P_RICAN SOUTH 
                                                                             MEXICAN                                           
                                              MARITAL_STATUS            3    COHABITING SEPARATED SINGLE                       
                                              EMPLOYEDYN                2    EMPLOYED NOT_EMPLOYED                             
                                              EDUCATION_C3              3    AT_MOST_HIGHSCHOOL_GED G_HIGHSCHOOL               
                                                                             N_HIGHSCHOOL_GED                                  
                                              N_HC                      2    YES NO                                            
                                              YRSUS_C3                  3    10+_Years <10_Years US_BORN                       
                                              CURRENT_SMOKER            2    YES NO                                            
                                              ALCOHOL_USE               3    CURRENT FORMER NEVER                              
                                              PAG2008YN                 2    NO YES                                            
                                              HEI2010_C3                3    HIGH MEDIUM LOW                                   
                                              CESD10                    2    DEPRE NODEPRE                                     
                                              STAI10                    2    ANX NOANX                                         


                                                                   Criteria For Assessing Goodness Of Fit
 
                                                      Criterion                     DF           Value        Value/DF

                                                      Deviance                     197        330.8637          1.6795
                                                      Scaled Deviance              197        227.0000          1.1523
                                                      Pearson Chi-Square           197        330.8637          1.6795
                                                      Scaled Pearson X2            197        227.0000          1.1523
                                                      Log Likelihood                         -364.8609                
                                                      Full Log Likelihood                    -364.8609                
                                                      AIC (smaller is better)                 791.7218                
                                                      AICC (smaller is better)                801.8962                
                                                      BIC (smaller is better)                 897.8952                


                                                 Algorithm converged.                                                       
                                                                      Model 3: Model 2 + mental health

---------------------------------------------------------------------------- Imputation Number=5 ----------------------------------------------------------------------------

                                                                            The GENMOD Procedure

                                                             Analysis Of Maximum Likelihood Parameter Estimates
 
                                                                                        Standard     Wald 95% Confidence          Wald
                         Parameter                                    DF    Estimate       Error           Limits           Chi-Square    Pr > ChiSq

                         Intercept                                     1     -2.3545      1.3415     -4.9837      0.2748          3.08        0.0792
                         CENTERNUM          CHICAGO                    1      0.4256      0.3367     -0.2344      1.0855          1.60        0.2063
                         CENTERNUM          MIAMI                      1     -0.3868      0.4041     -1.1789      0.4054          0.92        0.3386
                         CENTERNUM          SAN DIEGO                  1      0.2022      0.3719     -0.5268      0.9312          0.30        0.5868
                         CENTERNUM          BRONX                      0      0.0000      0.0000      0.0000      0.0000           .           .    
                         YRS_BTWN_V1FLOR                               1      0.0149      0.0749     -0.1320      0.1617          0.04        0.8426
                         AGE                                           1      0.0252      0.0204     -0.0148      0.0651          1.53        0.2168
                         BKGRD1_C7NOMISS    BK_OTHER                   1     -1.2245      0.8086     -2.8093      0.3602          2.29        0.1299
                         BKGRD1_C7NOMISS    CUBAN                      1      0.9272      0.4979     -0.0487      1.9031          3.47        0.0626
                         BKGRD1_C7NOMISS    C_AMERICAN                 1      0.3438      0.3610     -0.3637      1.0513          0.91        0.3409
                         BKGRD1_C7NOMISS    DOMINICAN                  1      0.6076      0.4078     -0.1916      1.4068          2.22        0.1362
                         BKGRD1_C7NOMISS    P_RICAN                    1      0.3752      0.4323     -0.4721      1.2225          0.75        0.3855
                         BKGRD1_C7NOMISS    SOUTH                      1      0.6215      0.4455     -0.2517      1.4947          1.95        0.1630
                         BKGRD1_C7NOMISS    MEXICAN                    0      0.0000      0.0000      0.0000      0.0000           .           .    
                         N_HC               YES                        1      0.1203      0.2040     -0.2795      0.5201          0.35        0.5553
                         N_HC               NO                         0      0.0000      0.0000      0.0000      0.0000           .           .    
                         EDUCATION_C3       AT_MOST_HIGHSCHOOL_GED     1      0.2207      0.2304     -0.2308      0.6722          0.92        0.3381
                         EDUCATION_C3       G_HIGHSCHOOL               1     -0.0596      0.2504     -0.5503      0.4311          0.06        0.8119
                         EDUCATION_C3       N_HIGHSCHOOL_GED           0      0.0000      0.0000      0.0000      0.0000           .           .    
                         PARITY_V1                                     1      0.1321      0.0997     -0.0634      0.3275          1.75        0.1853
                         EMPLOYEDYN         EMPLOYED                   1     -0.0224      0.1874     -0.3896      0.3448          0.01        0.9049
                         EMPLOYEDYN         NOT_EMPLOYED               0      0.0000      0.0000      0.0000      0.0000           .           .    
                         MARITAL_STATUS     COHABITING                 1     -0.3475      0.1936     -0.7271      0.0320          3.22        0.0727
                         MARITAL_STATUS     SEPARATED                  1      0.6597      0.3886     -0.1018      1.4213          2.88        0.0895
                         MARITAL_STATUS     SINGLE                     0      0.0000      0.0000      0.0000      0.0000           .           .    
                         YRSUS_C3           10+_Years                  1      0.1794      0.2771     -0.3637      0.7225          0.42        0.5174
                         YRSUS_C3           <10_Years                  1      0.1199      0.2741     -0.4173      0.6570          0.19        0.6618
                         YRSUS_C3           US_BORN                    0      0.0000      0.0000      0.0000      0.0000           .           .    
                         CURRENT_SMOKER     YES                        1      0.2937      0.3182     -0.3300      0.9174          0.85        0.3560
                         CURRENT_SMOKER     NO                         0      0.0000      0.0000      0.0000      0.0000           .           .    
                         HEI2010_C3         HIGH                       1      0.0475      0.2290     -0.4014      0.4964          0.04        0.8357
                         HEI2010_C3         MEDIUM                     1      0.1674      0.2228     -0.2693      0.6040          0.56        0.4525
                         HEI2010_C3         LOW                        0      0.0000      0.0000      0.0000      0.0000           .           .    
                         ALCOHOL_USE        CURRENT                    1     -0.1465      0.2433     -0.6235      0.3304          0.36        0.5471
                         ALCOHOL_USE        FORMER                     1      0.0389      0.2570     -0.4649      0.5427          0.02        0.8796
                         ALCOHOL_USE        NEVER                      0      0.0000      0.0000      0.0000      0.0000           .           .    
                         PAG2008YN          NO                         1      0.2342      0.1816     -0.1217      0.5900          1.66        0.1971
                         PAG2008YN          YES                        0      0.0000      0.0000      0.0000      0.0000           .           .    
                         SLPDUR                                        1      0.1791      0.0658      0.0502      0.3080          7.42        0.0065
                         CESD10             DEPRE                      1      0.0641      0.2284     -0.3836      0.5118          0.08        0.7790
                         CESD10             NODEPRE                    0      0.0000      0.0000      0.0000      0.0000           .           .    
                         STAI10             ANX                        1      0.1467      0.2087     -0.2623      0.5557          0.49        0.4820
                         STAI10             NOANX                      0      0.0000      0.0000      0.0000      0.0000           .           .    
                         Scale                                         1      1.2073      0.0567      1.1012      1.3236                            

NOTE: The scale parameter was estimated by maximum likelihood.
                                                                      Model 3: Model 2 + mental health

---------------------------------------------------------------------------- Imputation Number=6 ----------------------------------------------------------------------------

                                                                            The GENMOD Procedure

                                                                              Model Information

                                            Data Set              DATA.HC338353_IMPUTED_DATA_12NOV25                             
                                            Distribution                                      Normal                             
                                            Link Function                                   Identity                             
                                            Dependent Variable                                  BMIZ    Body Mass Index for age  
                                                                                                        Z-Score - CDC (Child)    


                                                                   Number of Observations Read         227
                                                                   Number of Observations Used         227


                                                                           Class Level Information
 
                                              Class                Levels    Values

                                              CENTERNUM                 4    CHICAGO MIAMI SAN DIEGO BRONX                     
                                              BKGRD1_C7NOMISS           7    BK_OTHER CUBAN C_AMERICAN DOMINICAN P_RICAN SOUTH 
                                                                             MEXICAN                                           
                                              MARITAL_STATUS            3    COHABITING SEPARATED SINGLE                       
                                              EMPLOYEDYN                2    EMPLOYED NOT_EMPLOYED                             
                                              EDUCATION_C3              3    AT_MOST_HIGHSCHOOL_GED G_HIGHSCHOOL               
                                                                             N_HIGHSCHOOL_GED                                  
                                              N_HC                      2    YES NO                                            
                                              YRSUS_C3                  3    10+_Years <10_Years US_BORN                       
                                              CURRENT_SMOKER            2    YES NO                                            
                                              ALCOHOL_USE               3    CURRENT FORMER NEVER                              
                                              PAG2008YN                 2    NO YES                                            
                                              HEI2010_C3                3    HIGH MEDIUM LOW                                   
                                              CESD10                    2    DEPRE NODEPRE                                     
                                              STAI10                    2    ANX NOANX                                         


                                                                   Criteria For Assessing Goodness Of Fit
 
                                                      Criterion                     DF           Value        Value/DF

                                                      Deviance                     197        339.6667          1.7242
                                                      Scaled Deviance              197        227.0000          1.1523
                                                      Pearson Chi-Square           197        339.6667          1.7242
                                                      Scaled Pearson X2            197        227.0000          1.1523
                                                      Log Likelihood                         -367.8412                
                                                      Full Log Likelihood                    -367.8412                
                                                      AIC (smaller is better)                 797.6824                
                                                      AICC (smaller is better)                807.8568                
                                                      BIC (smaller is better)                 903.8559                


                                                 Algorithm converged.                                                       
                                                                      Model 3: Model 2 + mental health

---------------------------------------------------------------------------- Imputation Number=6 ----------------------------------------------------------------------------

                                                                            The GENMOD Procedure

                                                             Analysis Of Maximum Likelihood Parameter Estimates
 
                                                                                        Standard     Wald 95% Confidence          Wald
                         Parameter                                    DF    Estimate       Error           Limits           Chi-Square    Pr > ChiSq

                         Intercept                                     1     -1.5252      1.3339     -4.1395      1.0891          1.31        0.2528
                         CENTERNUM          CHICAGO                    1      0.4154      0.3447     -0.2602      1.0909          1.45        0.2281
                         CENTERNUM          MIAMI                      1     -0.3992      0.4119     -1.2065      0.4080          0.94        0.3324
                         CENTERNUM          SAN DIEGO                  1      0.1840      0.3865     -0.5736      0.9416          0.23        0.6341
                         CENTERNUM          BRONX                      0      0.0000      0.0000      0.0000      0.0000           .           .    
                         YRS_BTWN_V1FLOR                               1      0.0161      0.0757     -0.1322      0.1644          0.05        0.8315
                         AGE                                           1      0.0210      0.0206     -0.0194      0.0613          1.04        0.3082
                         BKGRD1_C7NOMISS    BK_OTHER                   1     -1.0942      0.8166     -2.6946      0.5063          1.80        0.1803
                         BKGRD1_C7NOMISS    CUBAN                      1      1.0016      0.5072      0.0075      1.9957          3.90        0.0483
                         BKGRD1_C7NOMISS    C_AMERICAN                 1      0.3246      0.3665     -0.3937      1.0429          0.78        0.3758
                         BKGRD1_C7NOMISS    DOMINICAN                  1      0.6119      0.4175     -0.2064      1.4302          2.15        0.1427
                         BKGRD1_C7NOMISS    P_RICAN                    1      0.2911      0.4429     -0.5769      1.1591          0.43        0.5110
                         BKGRD1_C7NOMISS    SOUTH                      1      0.5757      0.4504     -0.3072      1.4585          1.63        0.2012
                         BKGRD1_C7NOMISS    MEXICAN                    0      0.0000      0.0000      0.0000      0.0000           .           .    
                         N_HC               YES                        1      0.1648      0.2043     -0.2355      0.5652          0.65        0.4197
                         N_HC               NO                         0      0.0000      0.0000      0.0000      0.0000           .           .    
                         EDUCATION_C3       AT_MOST_HIGHSCHOOL_GED     1      0.1853      0.2315     -0.2684      0.6391          0.64        0.4234
                         EDUCATION_C3       G_HIGHSCHOOL               1     -0.1807      0.2539     -0.6784      0.3171          0.51        0.4768
                         EDUCATION_C3       N_HIGHSCHOOL_GED           0      0.0000      0.0000      0.0000      0.0000           .           .    
                         PARITY_V1                                     1      0.1245      0.1017     -0.0749      0.3239          1.50        0.2211
                         EMPLOYEDYN         EMPLOYED                   1      0.0301      0.1892     -0.3407      0.4008          0.03        0.8737
                         EMPLOYEDYN         NOT_EMPLOYED               0      0.0000      0.0000      0.0000      0.0000           .           .    
                         MARITAL_STATUS     COHABITING                 1     -0.3596      0.1968     -0.7455      0.0262          3.34        0.0677
                         MARITAL_STATUS     SEPARATED                  1      0.4871      0.4032     -0.3033      1.2774          1.46        0.2271
                         MARITAL_STATUS     SINGLE                     0      0.0000      0.0000      0.0000      0.0000           .           .    
                         YRSUS_C3           10+_Years                  1      0.2027      0.2800     -0.3460      0.7515          0.52        0.4690
                         YRSUS_C3           <10_Years                  1      0.1084      0.2806     -0.4416      0.6583          0.15        0.6994
                         YRSUS_C3           US_BORN                    0      0.0000      0.0000      0.0000      0.0000           .           .    
                         CURRENT_SMOKER     YES                        1      0.4524      0.3245     -0.1836      1.0884          1.94        0.1632
                         CURRENT_SMOKER     NO                         0      0.0000      0.0000      0.0000      0.0000           .           .    
                         HEI2010_C3         HIGH                       1      0.0644      0.2317     -0.3897      0.5186          0.08        0.7809
                         HEI2010_C3         MEDIUM                     1      0.1831      0.2256     -0.2590      0.6252          0.66        0.4170
                         HEI2010_C3         LOW                        0      0.0000      0.0000      0.0000      0.0000           .           .    
                         ALCOHOL_USE        CURRENT                    1     -0.1599      0.2469     -0.6438      0.3239          0.42        0.5171
                         ALCOHOL_USE        FORMER                     1      0.0206      0.2592     -0.4875      0.5286          0.01        0.9367
                         ALCOHOL_USE        NEVER                      0      0.0000      0.0000      0.0000      0.0000           .           .    
                         PAG2008YN          NO                         1      0.1470      0.1937     -0.2325      0.5266          0.58        0.4477
                         PAG2008YN          YES                        0      0.0000      0.0000      0.0000      0.0000           .           .    
                         SLPDUR                                        1      0.1006      0.0665     -0.0297      0.2308          2.29        0.1302
                         CESD10             DEPRE                      1      0.0594      0.2312     -0.3937      0.5125          0.07        0.7973
                         CESD10             NODEPRE                    0      0.0000      0.0000      0.0000      0.0000           .           .    
                         STAI10             ANX                        1      0.1544      0.2135     -0.2641      0.5729          0.52        0.4697
                         STAI10             NOANX                      0      0.0000      0.0000      0.0000      0.0000           .           .    
                         Scale                                         1      1.2232      0.0574      1.1157      1.3411                            

NOTE: The scale parameter was estimated by maximum likelihood.
                                                                      Model 3: Model 2 + mental health

---------------------------------------------------------------------------- Imputation Number=7 ----------------------------------------------------------------------------

                                                                            The GENMOD Procedure

                                                                              Model Information

                                            Data Set              DATA.HC338353_IMPUTED_DATA_12NOV25                             
                                            Distribution                                      Normal                             
                                            Link Function                                   Identity                             
                                            Dependent Variable                                  BMIZ    Body Mass Index for age  
                                                                                                        Z-Score - CDC (Child)    


                                                                   Number of Observations Read         227
                                                                   Number of Observations Used         227


                                                                           Class Level Information
 
                                              Class                Levels    Values

                                              CENTERNUM                 4    CHICAGO MIAMI SAN DIEGO BRONX                     
                                              BKGRD1_C7NOMISS           7    BK_OTHER CUBAN C_AMERICAN DOMINICAN P_RICAN SOUTH 
                                                                             MEXICAN                                           
                                              MARITAL_STATUS            3    COHABITING SEPARATED SINGLE                       
                                              EMPLOYEDYN                2    EMPLOYED NOT_EMPLOYED                             
                                              EDUCATION_C3              3    AT_MOST_HIGHSCHOOL_GED G_HIGHSCHOOL               
                                                                             N_HIGHSCHOOL_GED                                  
                                              N_HC                      2    YES NO                                            
                                              YRSUS_C3                  3    10+_Years <10_Years US_BORN                       
                                              CURRENT_SMOKER            2    YES NO                                            
                                              ALCOHOL_USE               3    CURRENT FORMER NEVER                              
                                              PAG2008YN                 2    NO YES                                            
                                              HEI2010_C3                3    HIGH MEDIUM LOW                                   
                                              CESD10                    2    DEPRE NODEPRE                                     
                                              STAI10                    2    ANX NOANX                                         


                                                                   Criteria For Assessing Goodness Of Fit
 
                                                      Criterion                     DF           Value        Value/DF

                                                      Deviance                     197        333.3209          1.6920
                                                      Scaled Deviance              197        227.0000          1.1523
                                                      Pearson Chi-Square           197        333.3209          1.6920
                                                      Scaled Pearson X2            197        227.0000          1.1523
                                                      Log Likelihood                         -365.7007                
                                                      Full Log Likelihood                    -365.7007                
                                                      AIC (smaller is better)                 793.4014                
                                                      AICC (smaller is better)                803.5758                
                                                      BIC (smaller is better)                 899.5749                


                                                 Algorithm converged.                                                       
                                                                      Model 3: Model 2 + mental health

---------------------------------------------------------------------------- Imputation Number=7 ----------------------------------------------------------------------------

                                                                            The GENMOD Procedure

                                                             Analysis Of Maximum Likelihood Parameter Estimates
 
                                                                                        Standard     Wald 95% Confidence          Wald
                         Parameter                                    DF    Estimate       Error           Limits           Chi-Square    Pr > ChiSq

                         Intercept                                     1     -1.9489      1.3491     -4.5930      0.6952          2.09        0.1486
                         CENTERNUM          CHICAGO                    1      0.3858      0.3399     -0.2804      1.0521          1.29        0.2564
                         CENTERNUM          MIAMI                      1     -0.4742      0.4066     -1.2712      0.3228          1.36        0.2436
                         CENTERNUM          SAN DIEGO                  1      0.0769      0.3806     -0.6691      0.8229          0.04        0.8399
                         CENTERNUM          BRONX                      0      0.0000      0.0000      0.0000      0.0000           .           .    
                         YRS_BTWN_V1FLOR                               1      0.0178      0.0753     -0.1299      0.1654          0.06        0.8135
                         AGE                                           1      0.0324      0.0204     -0.0075      0.0724          2.54        0.1112
                         BKGRD1_C7NOMISS    BK_OTHER                   1     -1.1889      0.8218     -2.7997      0.4218          2.09        0.1480
                         BKGRD1_C7NOMISS    CUBAN                      1      0.9670      0.5001     -0.0132      1.9472          3.74        0.0532
                         BKGRD1_C7NOMISS    C_AMERICAN                 1      0.3461      0.3614     -0.3623      1.0545          0.92        0.3382
                         BKGRD1_C7NOMISS    DOMINICAN                  1      0.6072      0.4120     -0.2004      1.4147          2.17        0.1406
                         BKGRD1_C7NOMISS    P_RICAN                    1      0.2468      0.4388     -0.6133      1.1069          0.32        0.5739
                         BKGRD1_C7NOMISS    SOUTH                      1      0.6033      0.4461     -0.2710      1.4776          1.83        0.1762
                         BKGRD1_C7NOMISS    MEXICAN                    0      0.0000      0.0000      0.0000      0.0000           .           .    
                         N_HC               YES                        1      0.1098      0.2047     -0.2915      0.5111          0.29        0.5916
                         N_HC               NO                         0      0.0000      0.0000      0.0000      0.0000           .           .    
                         EDUCATION_C3       AT_MOST_HIGHSCHOOL_GED     1      0.1515      0.2288     -0.2970      0.6000          0.44        0.5080
                         EDUCATION_C3       G_HIGHSCHOOL               1     -0.1283      0.2511     -0.6205      0.3638          0.26        0.6093
                         EDUCATION_C3       N_HIGHSCHOOL_GED           0      0.0000      0.0000      0.0000      0.0000           .           .    
                         PARITY_V1                                     1      0.0822      0.0998     -0.1134      0.2779          0.68        0.4100
                         EMPLOYEDYN         EMPLOYED                   1     -0.0686      0.1839     -0.4290      0.2917          0.14        0.7089
                         EMPLOYEDYN         NOT_EMPLOYED               0      0.0000      0.0000      0.0000      0.0000           .           .    
                         MARITAL_STATUS     COHABITING                 1     -0.3821      0.1946     -0.7635     -0.0006          3.85        0.0496
                         MARITAL_STATUS     SEPARATED                  1      0.4132      0.4009     -0.3726      1.1991          1.06        0.3027
                         MARITAL_STATUS     SINGLE                     0      0.0000      0.0000      0.0000      0.0000           .           .    
                         YRSUS_C3           10+_Years                  1      0.1100      0.2845     -0.4476      0.6677          0.15        0.6989
                         YRSUS_C3           <10_Years                  1     -0.0353      0.2841     -0.5920      0.5215          0.02        0.9012
                         YRSUS_C3           US_BORN                    0      0.0000      0.0000      0.0000      0.0000           .           .    
                         CURRENT_SMOKER     YES                        1      0.5110      0.3191     -0.1144      1.1365          2.56        0.1093
                         CURRENT_SMOKER     NO                         0      0.0000      0.0000      0.0000      0.0000           .           .    
                         HEI2010_C3         HIGH                       1      0.0641      0.2290     -0.3847      0.5128          0.08        0.7797
                         HEI2010_C3         MEDIUM                     1      0.2020      0.2250     -0.2389      0.6430          0.81        0.3692
                         HEI2010_C3         LOW                        0      0.0000      0.0000      0.0000      0.0000           .           .    
                         ALCOHOL_USE        CURRENT                    1     -0.2582      0.2417     -0.7320      0.2155          1.14        0.2854
                         ALCOHOL_USE        FORMER                     1     -0.0312      0.2563     -0.5335      0.4712          0.01        0.9032
                         ALCOHOL_USE        NEVER                      0      0.0000      0.0000      0.0000      0.0000           .           .    
                         PAG2008YN          NO                         1      0.2497      0.1916     -0.1258      0.6251          1.70        0.1924
                         PAG2008YN          YES                        0      0.0000      0.0000      0.0000      0.0000           .           .    
                         SLPDUR                                        1      0.1478      0.0649      0.0206      0.2750          5.19        0.0227
                         CESD10             DEPRE                      1      0.1497      0.2306     -0.3023      0.6017          0.42        0.5163
                         CESD10             NODEPRE                    0      0.0000      0.0000      0.0000      0.0000           .           .    
                         STAI10             ANX                        1      0.0319      0.2104     -0.3806      0.4443          0.02        0.8797
                         STAI10             NOANX                      0      0.0000      0.0000      0.0000      0.0000           .           .    
                         Scale                                         1      1.2118      0.0569      1.1053      1.3285                            

NOTE: The scale parameter was estimated by maximum likelihood.
                                                                      Model 3: Model 2 + mental health

---------------------------------------------------------------------------- Imputation Number=8 ----------------------------------------------------------------------------

                                                                            The GENMOD Procedure

                                                                              Model Information

                                            Data Set              DATA.HC338353_IMPUTED_DATA_12NOV25                             
                                            Distribution                                      Normal                             
                                            Link Function                                   Identity                             
                                            Dependent Variable                                  BMIZ    Body Mass Index for age  
                                                                                                        Z-Score - CDC (Child)    


                                                                   Number of Observations Read         227
                                                                   Number of Observations Used         227


                                                                           Class Level Information
 
                                              Class                Levels    Values

                                              CENTERNUM                 4    CHICAGO MIAMI SAN DIEGO BRONX                     
                                              BKGRD1_C7NOMISS           7    BK_OTHER CUBAN C_AMERICAN DOMINICAN P_RICAN SOUTH 
                                                                             MEXICAN                                           
                                              MARITAL_STATUS            3    COHABITING SEPARATED SINGLE                       
                                              EMPLOYEDYN                2    EMPLOYED NOT_EMPLOYED                             
                                              EDUCATION_C3              3    AT_MOST_HIGHSCHOOL_GED G_HIGHSCHOOL               
                                                                             N_HIGHSCHOOL_GED                                  
                                              N_HC                      2    YES NO                                            
                                              YRSUS_C3                  3    10+_Years <10_Years US_BORN                       
                                              CURRENT_SMOKER            2    YES NO                                            
                                              ALCOHOL_USE               3    CURRENT FORMER NEVER                              
                                              PAG2008YN                 2    NO YES                                            
                                              HEI2010_C3                3    HIGH MEDIUM LOW                                   
                                              CESD10                    2    DEPRE NODEPRE                                     
                                              STAI10                    2    ANX NOANX                                         


                                                                   Criteria For Assessing Goodness Of Fit
 
                                                      Criterion                     DF           Value        Value/DF

                                                      Deviance                     197        334.2834          1.6969
                                                      Scaled Deviance              197        227.0000          1.1523
                                                      Pearson Chi-Square           197        334.2834          1.6969
                                                      Scaled Pearson X2            197        227.0000          1.1523
                                                      Log Likelihood                         -366.0280                
                                                      Full Log Likelihood                    -366.0280                
                                                      AIC (smaller is better)                 794.0560                
                                                      AICC (smaller is better)                804.2303                
                                                      BIC (smaller is better)                 900.2294                


                                                 Algorithm converged.                                                       
                                                                      Model 3: Model 2 + mental health

---------------------------------------------------------------------------- Imputation Number=8 ----------------------------------------------------------------------------

                                                                            The GENMOD Procedure

                                                             Analysis Of Maximum Likelihood Parameter Estimates
 
                                                                                        Standard     Wald 95% Confidence          Wald
                         Parameter                                    DF    Estimate       Error           Limits           Chi-Square    Pr > ChiSq

                         Intercept                                     1     -1.7534      1.3397     -4.3792      0.8724          1.71        0.1906
                         CENTERNUM          CHICAGO                    1      0.3915      0.3367     -0.2685      1.0515          1.35        0.2449
                         CENTERNUM          MIAMI                      1     -0.4724      0.4069     -1.2699      0.3251          1.35        0.2457
                         CENTERNUM          SAN DIEGO                  1      0.1252      0.3788     -0.6172      0.8676          0.11        0.7410
                         CENTERNUM          BRONX                      0      0.0000      0.0000      0.0000      0.0000           .           .    
                         YRS_BTWN_V1FLOR                               1      0.0275      0.0751     -0.1196      0.1746          0.13        0.7141
                         AGE                                           1      0.0304      0.0205     -0.0097      0.0706          2.20        0.1376
                         BKGRD1_C7NOMISS    BK_OTHER                   1     -1.0498      0.8112     -2.6396      0.5401          1.67        0.1956
                         BKGRD1_C7NOMISS    CUBAN                      1      1.0572      0.5000      0.0772      2.0372          4.47        0.0345
                         BKGRD1_C7NOMISS    C_AMERICAN                 1      0.3153      0.3612     -0.3925      1.0232          0.76        0.3826
                         BKGRD1_C7NOMISS    DOMINICAN                  1      0.6546      0.4170     -0.1628      1.4719          2.46        0.1165
                         BKGRD1_C7NOMISS    P_RICAN                    1      0.2787      0.4314     -0.5668      1.1242          0.42        0.5183
                         BKGRD1_C7NOMISS    SOUTH                      1      0.7093      0.4485     -0.1698      1.5884          2.50        0.1138
                         BKGRD1_C7NOMISS    MEXICAN                    0      0.0000      0.0000      0.0000      0.0000           .           .    
                         N_HC               YES                        1      0.0425      0.2030     -0.3554      0.4404          0.04        0.8341
                         N_HC               NO                         0      0.0000      0.0000      0.0000      0.0000           .           .    
                         EDUCATION_C3       AT_MOST_HIGHSCHOOL_GED     1      0.0921      0.2262     -0.3512      0.5354          0.17        0.6839
                         EDUCATION_C3       G_HIGHSCHOOL               1     -0.1908      0.2436     -0.6684      0.2867          0.61        0.4335
                         EDUCATION_C3       N_HIGHSCHOOL_GED           0      0.0000      0.0000      0.0000      0.0000           .           .    
                         PARITY_V1                                     1      0.1032      0.1006     -0.0940      0.3004          1.05        0.3051
                         EMPLOYEDYN         EMPLOYED                   1     -0.1015      0.1860     -0.4660      0.2630          0.30        0.5852
                         EMPLOYEDYN         NOT_EMPLOYED               0      0.0000      0.0000      0.0000      0.0000           .           .    
                         MARITAL_STATUS     COHABITING                 1     -0.3793      0.1945     -0.7604      0.0018          3.80        0.0511
                         MARITAL_STATUS     SEPARATED                  1      0.4358      0.4007     -0.3496      1.2212          1.18        0.2768
                         MARITAL_STATUS     SINGLE                     0      0.0000      0.0000      0.0000      0.0000           .           .    
                         YRSUS_C3           10+_Years                  1      0.0935      0.2834     -0.4618      0.6489          0.11        0.7413
                         YRSUS_C3           <10_Years                  1     -0.0581      0.2820     -0.6108      0.4945          0.04        0.8366
                         YRSUS_C3           US_BORN                    0      0.0000      0.0000      0.0000      0.0000           .           .    
                         CURRENT_SMOKER     YES                        1      0.4480      0.3194     -0.1781      1.0741          1.97        0.1608
                         CURRENT_SMOKER     NO                         0      0.0000      0.0000      0.0000      0.0000           .           .    
                         HEI2010_C3         HIGH                       1      0.0462      0.2297     -0.4040      0.4963          0.04        0.8407
                         HEI2010_C3         MEDIUM                     1      0.1498      0.2238     -0.2888      0.5883          0.45        0.5033
                         HEI2010_C3         LOW                        0      0.0000      0.0000      0.0000      0.0000           .           .    
                         ALCOHOL_USE        CURRENT                    1     -0.2361      0.2456     -0.7175      0.2452          0.92        0.3363
                         ALCOHOL_USE        FORMER                     1     -0.0877      0.2587     -0.5947      0.4192          0.12        0.7345
                         ALCOHOL_USE        NEVER                      0      0.0000      0.0000      0.0000      0.0000           .           .    
                         PAG2008YN          NO                         1      0.3086      0.1903     -0.0644      0.6815          2.63        0.1049
                         PAG2008YN          YES                        0      0.0000      0.0000      0.0000      0.0000           .           .    
                         SLPDUR                                        1      0.1159      0.0672     -0.0159      0.2476          2.97        0.0848
                         CESD10             DEPRE                      1      0.1969      0.2293     -0.2526      0.6464          0.74        0.3905
                         CESD10             NODEPRE                    0      0.0000      0.0000      0.0000      0.0000           .           .    
                         STAI10             ANX                        1      0.1265      0.2127     -0.2903      0.5433          0.35        0.5519
                         STAI10             NOANX                      0      0.0000      0.0000      0.0000      0.0000           .           .    
                         Scale                                         1      1.2135      0.0570      1.1069      1.3304                            

NOTE: The scale parameter was estimated by maximum likelihood.
                                                                      Model 3: Model 2 + mental health

---------------------------------------------------------------------------- Imputation Number=9 ----------------------------------------------------------------------------

                                                                            The GENMOD Procedure

                                                                              Model Information

                                            Data Set              DATA.HC338353_IMPUTED_DATA_12NOV25                             
                                            Distribution                                      Normal                             
                                            Link Function                                   Identity                             
                                            Dependent Variable                                  BMIZ    Body Mass Index for age  
                                                                                                        Z-Score - CDC (Child)    


                                                                   Number of Observations Read         227
                                                                   Number of Observations Used         227


                                                                           Class Level Information
 
                                              Class                Levels    Values

                                              CENTERNUM                 4    CHICAGO MIAMI SAN DIEGO BRONX                     
                                              BKGRD1_C7NOMISS           7    BK_OTHER CUBAN C_AMERICAN DOMINICAN P_RICAN SOUTH 
                                                                             MEXICAN                                           
                                              MARITAL_STATUS            3    COHABITING SEPARATED SINGLE                       
                                              EMPLOYEDYN                2    EMPLOYED NOT_EMPLOYED                             
                                              EDUCATION_C3              3    AT_MOST_HIGHSCHOOL_GED G_HIGHSCHOOL               
                                                                             N_HIGHSCHOOL_GED                                  
                                              N_HC                      2    YES NO                                            
                                              YRSUS_C3                  3    10+_Years <10_Years US_BORN                       
                                              CURRENT_SMOKER            2    YES NO                                            
                                              ALCOHOL_USE               3    CURRENT FORMER NEVER                              
                                              PAG2008YN                 2    NO YES                                            
                                              HEI2010_C3                3    HIGH MEDIUM LOW                                   
                                              CESD10                    2    DEPRE NODEPRE                                     
                                              STAI10                    2    ANX NOANX                                         


                                                                   Criteria For Assessing Goodness Of Fit
 
                                                      Criterion                     DF           Value        Value/DF

                                                      Deviance                     197        326.2763          1.6562
                                                      Scaled Deviance              197        227.0000          1.1523
                                                      Pearson Chi-Square           197        326.2763          1.6562
                                                      Scaled Pearson X2            197        227.0000          1.1523
                                                      Log Likelihood                         -363.2762                
                                                      Full Log Likelihood                    -363.2762                
                                                      AIC (smaller is better)                 788.5525                
                                                      AICC (smaller is better)                798.7268                
                                                      BIC (smaller is better)                 894.7259                


                                                 Algorithm converged.                                                       
                                                                      Model 3: Model 2 + mental health

---------------------------------------------------------------------------- Imputation Number=9 ----------------------------------------------------------------------------

                                                                            The GENMOD Procedure

                                                             Analysis Of Maximum Likelihood Parameter Estimates
 
                                                                                        Standard     Wald 95% Confidence          Wald
                         Parameter                                    DF    Estimate       Error           Limits           Chi-Square    Pr > ChiSq

                         Intercept                                     1     -1.7942      1.3498     -4.4398      0.8513          1.77        0.1838
                         CENTERNUM          CHICAGO                    1      0.2785      0.3363     -0.3807      0.9377          0.69        0.4077
                         CENTERNUM          MIAMI                      1     -0.5129      0.4008     -1.2984      0.2725          1.64        0.2006
                         CENTERNUM          SAN DIEGO                  1     -0.0461      0.3790     -0.7889      0.6967          0.01        0.9032
                         CENTERNUM          BRONX                      0      0.0000      0.0000      0.0000      0.0000           .           .    
                         YRS_BTWN_V1FLOR                               1      0.0066      0.0742     -0.1388      0.1520          0.01        0.9291
                         AGE                                           1      0.0335      0.0201     -0.0059      0.0728          2.78        0.0953
                         BKGRD1_C7NOMISS    BK_OTHER                   1     -1.1793      0.8094     -2.7658      0.4071          2.12        0.1451
                         BKGRD1_C7NOMISS    CUBAN                      1      0.8308      0.4971     -0.1436      1.8052          2.79        0.0947
                         BKGRD1_C7NOMISS    C_AMERICAN                 1      0.2883      0.3576     -0.4127      0.9893          0.65        0.4202
                         BKGRD1_C7NOMISS    DOMINICAN                  1      0.6354      0.4086     -0.1654      1.4362          2.42        0.1199
                         BKGRD1_C7NOMISS    P_RICAN                    1      0.1073      0.4366     -0.7484      0.9629          0.06        0.8059
                         BKGRD1_C7NOMISS    SOUTH                      1      0.5435      0.4428     -0.3243      1.4113          1.51        0.2196
                         BKGRD1_C7NOMISS    MEXICAN                    0      0.0000      0.0000      0.0000      0.0000           .           .    
                         N_HC               YES                        1      0.0237      0.2013     -0.3708      0.4182          0.01        0.9063
                         N_HC               NO                         0      0.0000      0.0000      0.0000      0.0000           .           .    
                         EDUCATION_C3       AT_MOST_HIGHSCHOOL_GED     1      0.1973      0.2260     -0.2456      0.6402          0.76        0.3826
                         EDUCATION_C3       G_HIGHSCHOOL               1     -0.0182      0.2476     -0.5035      0.4671          0.01        0.9414
                         EDUCATION_C3       N_HIGHSCHOOL_GED           0      0.0000      0.0000      0.0000      0.0000           .           .    
                         PARITY_V1                                     1      0.0916      0.1000     -0.1044      0.2876          0.84        0.3598
                         EMPLOYEDYN         EMPLOYED                   1     -0.0869      0.1852     -0.4499      0.2761          0.22        0.6389
                         EMPLOYEDYN         NOT_EMPLOYED               0      0.0000      0.0000      0.0000      0.0000           .           .    
                         MARITAL_STATUS     COHABITING                 1     -0.3524      0.1917     -0.7281      0.0234          3.38        0.0661
                         MARITAL_STATUS     SEPARATED                  1      0.3903      0.3958     -0.3854      1.1660          0.97        0.3241
                         MARITAL_STATUS     SINGLE                     0      0.0000      0.0000      0.0000      0.0000           .           .    
                         YRSUS_C3           10+_Years                  1     -0.0006      0.2806     -0.5505      0.5494          0.00        0.9984
                         YRSUS_C3           <10_Years                  1     -0.1347      0.2827     -0.6887      0.4193          0.23        0.6337
                         YRSUS_C3           US_BORN                    0      0.0000      0.0000      0.0000      0.0000           .           .    
                         CURRENT_SMOKER     YES                        1      0.5061      0.3165     -0.1142      1.1265          2.56        0.1098
                         CURRENT_SMOKER     NO                         0      0.0000      0.0000      0.0000      0.0000           .           .    
                         HEI2010_C3         HIGH                       1     -0.0181      0.2274     -0.4638      0.4275          0.01        0.9365
                         HEI2010_C3         MEDIUM                     1      0.1265      0.2214     -0.3074      0.5605          0.33        0.5677
                         HEI2010_C3         LOW                        0      0.0000      0.0000      0.0000      0.0000           .           .    
                         ALCOHOL_USE        CURRENT                    1     -0.2150      0.2416     -0.6886      0.2587          0.79        0.3737
                         ALCOHOL_USE        FORMER                     1     -0.0198      0.2549     -0.5194      0.4798          0.01        0.9380
                         ALCOHOL_USE        NEVER                      0      0.0000      0.0000      0.0000      0.0000           .           .    
                         PAG2008YN          NO                         1      0.5389      0.1889      0.1686      0.9093          8.14        0.0043
                         PAG2008YN          YES                        0      0.0000      0.0000      0.0000      0.0000           .           .    
                         SLPDUR                                        1      0.1390      0.0670      0.0076      0.2704          4.30        0.0382
                         CESD10             DEPRE                      1      0.1469      0.2279     -0.2997      0.5935          0.42        0.5191
                         CESD10             NODEPRE                    0      0.0000      0.0000      0.0000      0.0000           .           .    
                         STAI10             ANX                        1      0.0797      0.2117     -0.3351      0.4946          0.14        0.7064
                         STAI10             NOANX                      0      0.0000      0.0000      0.0000      0.0000           .           .    
                         Scale                                         1      1.1989      0.0563      1.0935      1.3144                            

NOTE: The scale parameter was estimated by maximum likelihood.
                                                                      Model 3: Model 2 + mental health

--------------------------------------------------------------------------- Imputation Number=10 ----------------------------------------------------------------------------

                                                                            The GENMOD Procedure

                                                                              Model Information

                                            Data Set              DATA.HC338353_IMPUTED_DATA_12NOV25                             
                                            Distribution                                      Normal                             
                                            Link Function                                   Identity                             
                                            Dependent Variable                                  BMIZ    Body Mass Index for age  
                                                                                                        Z-Score - CDC (Child)    


                                                                   Number of Observations Read         227
                                                                   Number of Observations Used         227


                                                                           Class Level Information
 
                                              Class                Levels    Values

                                              CENTERNUM                 4    CHICAGO MIAMI SAN DIEGO BRONX                     
                                              BKGRD1_C7NOMISS           7    BK_OTHER CUBAN C_AMERICAN DOMINICAN P_RICAN SOUTH 
                                                                             MEXICAN                                           
                                              MARITAL_STATUS            3    COHABITING SEPARATED SINGLE                       
                                              EMPLOYEDYN                2    EMPLOYED NOT_EMPLOYED                             
                                              EDUCATION_C3              3    AT_MOST_HIGHSCHOOL_GED G_HIGHSCHOOL               
                                                                             N_HIGHSCHOOL_GED                                  
                                              N_HC                      2    YES NO                                            
                                              YRSUS_C3                  3    10+_Years <10_Years US_BORN                       
                                              CURRENT_SMOKER            2    YES NO                                            
                                              ALCOHOL_USE               3    CURRENT FORMER NEVER                              
                                              PAG2008YN                 2    NO YES                                            
                                              HEI2010_C3                3    HIGH MEDIUM LOW                                   
                                              CESD10                    2    DEPRE NODEPRE                                     
                                              STAI10                    2    ANX NOANX                                         


                                                                   Criteria For Assessing Goodness Of Fit
 
                                                      Criterion                     DF           Value        Value/DF

                                                      Deviance                     197        335.1142          1.7011
                                                      Scaled Deviance              197        227.0000          1.1523
                                                      Pearson Chi-Square           197        335.1142          1.7011
                                                      Scaled Pearson X2            197        227.0000          1.1523
                                                      Log Likelihood                         -366.3097                
                                                      Full Log Likelihood                    -366.3097                
                                                      AIC (smaller is better)                 794.6195                
                                                      AICC (smaller is better)                804.7938                
                                                      BIC (smaller is better)                 900.7929                


                                                 Algorithm converged.                                                       
                                                                      Model 3: Model 2 + mental health

--------------------------------------------------------------------------- Imputation Number=10 ----------------------------------------------------------------------------

                                                                            The GENMOD Procedure

                                                             Analysis Of Maximum Likelihood Parameter Estimates
 
                                                                                        Standard     Wald 95% Confidence          Wald
                         Parameter                                    DF    Estimate       Error           Limits           Chi-Square    Pr > ChiSq

                         Intercept                                     1     -1.8658      1.3406     -4.4932      0.7617          1.94        0.1640
                         CENTERNUM          CHICAGO                    1      0.3345      0.3408     -0.3334      1.0024          0.96        0.3263
                         CENTERNUM          MIAMI                      1     -0.4329      0.4061     -1.2288      0.3630          1.14        0.2864
                         CENTERNUM          SAN DIEGO                  1      0.1250      0.3807     -0.6211      0.8712          0.11        0.7426
                         CENTERNUM          BRONX                      0      0.0000      0.0000      0.0000      0.0000           .           .    
                         YRS_BTWN_V1FLOR                               1      0.0223      0.0752     -0.1252      0.1697          0.09        0.7672
                         AGE                                           1      0.0299      0.0206     -0.0105      0.0702          2.10        0.1472
                         BKGRD1_C7NOMISS    BK_OTHER                   1     -0.9419      0.8053     -2.5202      0.6365          1.37        0.2422
                         BKGRD1_C7NOMISS    CUBAN                      1      0.9894      0.5035      0.0026      1.9762          3.86        0.0494
                         BKGRD1_C7NOMISS    C_AMERICAN                 1      0.3483      0.3623     -0.3618      1.0584          0.92        0.3363
                         BKGRD1_C7NOMISS    DOMINICAN                  1      0.6609      0.4122     -0.1471      1.4689          2.57        0.1089
                         BKGRD1_C7NOMISS    P_RICAN                    1      0.2935      0.4377     -0.5645      1.1514          0.45        0.5026
                         BKGRD1_C7NOMISS    SOUTH                      1      0.6434      0.4455     -0.2297      1.5166          2.09        0.1487
                         BKGRD1_C7NOMISS    MEXICAN                    0      0.0000      0.0000      0.0000      0.0000           .           .    
                         N_HC               YES                        1      0.1303      0.2046     -0.2708      0.5314          0.41        0.5244
                         N_HC               NO                         0      0.0000      0.0000      0.0000      0.0000           .           .    
                         EDUCATION_C3       AT_MOST_HIGHSCHOOL_GED     1      0.1337      0.2291     -0.3153      0.5827          0.34        0.5596
                         EDUCATION_C3       G_HIGHSCHOOL               1     -0.1989      0.2493     -0.6875      0.2897          0.64        0.4249
                         EDUCATION_C3       N_HIGHSCHOOL_GED           0      0.0000      0.0000      0.0000      0.0000           .           .    
                         PARITY_V1                                     1      0.1054      0.1013     -0.0932      0.3039          1.08        0.2982
                         EMPLOYEDYN         EMPLOYED                   1     -0.0317      0.1870     -0.3982      0.3348          0.03        0.8655
                         EMPLOYEDYN         NOT_EMPLOYED               0      0.0000      0.0000      0.0000      0.0000           .           .    
                         MARITAL_STATUS     COHABITING                 1     -0.3384      0.1954     -0.7215      0.0446          3.00        0.0833
                         MARITAL_STATUS     SEPARATED                  1      0.3821      0.4013     -0.4043      1.1686          0.91        0.3409
                         MARITAL_STATUS     SINGLE                     0      0.0000      0.0000      0.0000      0.0000           .           .    
                         YRSUS_C3           10+_Years                  1      0.0423      0.2832     -0.5127      0.5973          0.02        0.8813
                         YRSUS_C3           <10_Years                  1     -0.0485      0.2839     -0.6050      0.5080          0.03        0.8643
                         YRSUS_C3           US_BORN                    0      0.0000      0.0000      0.0000      0.0000           .           .    
                         CURRENT_SMOKER     YES                        1      0.2271      0.3234     -0.4067      0.8609          0.49        0.4825
                         CURRENT_SMOKER     NO                         0      0.0000      0.0000      0.0000      0.0000           .           .    
                         HEI2010_C3         HIGH                       1      0.0344      0.2296     -0.4155      0.4843          0.02        0.8808
                         HEI2010_C3         MEDIUM                     1      0.1316      0.2245     -0.3084      0.5716          0.34        0.5577
                         HEI2010_C3         LOW                        0      0.0000      0.0000      0.0000      0.0000           .           .    
                         ALCOHOL_USE        CURRENT                    1     -0.2108      0.2462     -0.6933      0.2718          0.73        0.3920
                         ALCOHOL_USE        FORMER                     1     -0.0509      0.2581     -0.5569      0.4550          0.04        0.8436
                         ALCOHOL_USE        NEVER                      0      0.0000      0.0000      0.0000      0.0000           .           .    
                         PAG2008YN          NO                         1      0.3260      0.1917     -0.0498      0.7018          2.89        0.0891
                         PAG2008YN          YES                        0      0.0000      0.0000      0.0000      0.0000           .           .    
                         SLPDUR                                        1      0.1267      0.0675     -0.0057      0.2590          3.52        0.0607
                         CESD10             DEPRE                      1      0.3116      0.2272     -0.1336      0.7568          1.88        0.1701
                         CESD10             NODEPRE                    0      0.0000      0.0000      0.0000      0.0000           .           .    
                         STAI10             ANX                        1      0.0630      0.2137     -0.3559      0.4819          0.09        0.7682
                         STAI10             NOANX                      0      0.0000      0.0000      0.0000      0.0000           .           .    
                         Scale                                         1      1.2150      0.0570      1.1082      1.3321                            

NOTE: The scale parameter was estimated by maximum likelihood.
                                                                           Model 4: Model 3 + PRS

---------------------------------------------------------------------------- Imputation Number=1 ----------------------------------------------------------------------------

                                                                            The GENMOD Procedure

                                                                              Model Information

                                            Data Set              DATA.HC338353_IMPUTED_DATA_12NOV25                             
                                            Distribution                                      Normal                             
                                            Link Function                                   Identity                             
                                            Dependent Variable                                  BMIZ    Body Mass Index for age  
                                                                                                        Z-Score - CDC (Child)    


                                                                   Number of Observations Read         227
                                                                   Number of Observations Used         227


                                                                           Class Level Information
 
                                              Class                Levels    Values

                                              CENTERNUM                 4    CHICAGO MIAMI SAN DIEGO BRONX                     
                                              BKGRD1_C7NOMISS           7    BK_OTHER CUBAN C_AMERICAN DOMINICAN P_RICAN SOUTH 
                                                                             MEXICAN                                           
                                              MARITAL_STATUS            3    COHABITING SEPARATED SINGLE                       
                                              EMPLOYEDYN                2    EMPLOYED NOT_EMPLOYED                             
                                              EDUCATION_C3              3    AT_MOST_HIGHSCHOOL_GED G_HIGHSCHOOL               
                                                                             N_HIGHSCHOOL_GED                                  
                                              N_HC                      2    YES NO                                            
                                              YRSUS_C3                  3    10+_Years <10_Years US_BORN                       
                                              CURRENT_SMOKER            2    YES NO                                            
                                              ALCOHOL_USE               3    CURRENT FORMER NEVER                              
                                              PAG2008YN                 2    NO YES                                            
                                              HEI2010_C3                3    HIGH MEDIUM LOW                                   
                                              CESD10                    2    DEPRE NODEPRE                                     
                                              STAI10                    2    ANX NOANX                                         


                                                                   Criteria For Assessing Goodness Of Fit
 
                                                      Criterion                     DF           Value        Value/DF

                                                      Deviance                     196        294.7726          1.5039
                                                      Scaled Deviance              196        227.0000          1.1582
                                                      Pearson Chi-Square           196        294.7726          1.5039
                                                      Scaled Pearson X2            196        227.0000          1.1582
                                                      Log Likelihood                         -351.7514                
                                                      Full Log Likelihood                    -351.7514                
                                                      AIC (smaller is better)                 767.5028                
                                                      AICC (smaller is better)                778.3894                
                                                      BIC (smaller is better)                 877.1012                


                                                 Algorithm converged.                                                       
                                                                           Model 4: Model 3 + PRS

---------------------------------------------------------------------------- Imputation Number=1 ----------------------------------------------------------------------------

                                                                            The GENMOD Procedure

                                                             Analysis Of Maximum Likelihood Parameter Estimates
 
                                                                                        Standard     Wald 95% Confidence          Wald
                         Parameter                                    DF    Estimate       Error           Limits           Chi-Square    Pr > ChiSq

                         Intercept                                     1     -2.8167      1.2677     -5.3012     -0.3321          4.94        0.0263
                         CENTERNUM          CHICAGO                    1      0.5237      0.3205     -0.1045      1.1519          2.67        0.1022
                         CENTERNUM          MIAMI                      1     -0.0787      0.3836     -0.8305      0.6732          0.04        0.8375
                         CENTERNUM          SAN DIEGO                  1      0.4222      0.3577     -0.2789      1.1233          1.39        0.2379
                         CENTERNUM          BRONX                      0      0.0000      0.0000      0.0000      0.0000           .           .    
                         YRS_BTWN_V1FLOR                               1      0.0017      0.0706     -0.1368      0.1401          0.00        0.9813
                         AGE                                           1      0.0273      0.0191     -0.0101      0.0647          2.05        0.1525
                         BKGRD1_C7NOMISS    BK_OTHER                   1     -1.0118      0.7767     -2.5342      0.5106          1.70        0.1927
                         BKGRD1_C7NOMISS    CUBAN                      1      0.7745      0.4720     -0.1506      1.6996          2.69        0.1008
                         BKGRD1_C7NOMISS    C_AMERICAN                 1      0.1187      0.3423     -0.5521      0.7895          0.12        0.7287
                         BKGRD1_C7NOMISS    DOMINICAN                  1      0.7873      0.3884      0.0261      1.5485          4.11        0.0427
                         BKGRD1_C7NOMISS    P_RICAN                    1      0.2472      0.4133     -0.5629      1.0573          0.36        0.5498
                         BKGRD1_C7NOMISS    SOUTH                      1      0.3846      0.4196     -0.4378      1.2071          0.84        0.3594
                         BKGRD1_C7NOMISS    MEXICAN                    0      0.0000      0.0000      0.0000      0.0000           .           .    
                         N_HC               YES                        1      0.1510      0.1938     -0.2287      0.5308          0.61        0.4357
                         N_HC               NO                         0      0.0000      0.0000      0.0000      0.0000           .           .    
                         EDUCATION_C3       AT_MOST_HIGHSCHOOL_GED     1      0.3045      0.2168     -0.1204      0.7294          1.97        0.1602
                         EDUCATION_C3       G_HIGHSCHOOL               1      0.1582      0.2400     -0.3122      0.6286          0.43        0.5098
                         EDUCATION_C3       N_HIGHSCHOOL_GED           0      0.0000      0.0000      0.0000      0.0000           .           .    
                         PARITY_V1                                     1      0.1934      0.0962      0.0047      0.3820          4.04        0.0445
                         EMPLOYEDYN         EMPLOYED                   1     -0.0854      0.1768     -0.4319      0.2611          0.23        0.6291
                         EMPLOYEDYN         NOT_EMPLOYED               0      0.0000      0.0000      0.0000      0.0000           .           .    
                         MARITAL_STATUS     COHABITING                 1     -0.3745      0.1829     -0.7329     -0.0161          4.19        0.0405
                         MARITAL_STATUS     SEPARATED                  1      0.3862      0.3774     -0.3534      1.1258          1.05        0.3061
                         MARITAL_STATUS     SINGLE                     0      0.0000      0.0000      0.0000      0.0000           .           .    
                         YRSUS_C3           10+_Years                  1      0.1446      0.2651     -0.3750      0.6641          0.30        0.5855
                         YRSUS_C3           <10_Years                  1      0.0370      0.2639     -0.4802      0.5542          0.02        0.8885
                         YRSUS_C3           US_BORN                    0      0.0000      0.0000      0.0000      0.0000           .           .    
                         CURRENT_SMOKER     YES                        1      0.5131      0.3018     -0.0784      1.1047          2.89        0.0891
                         CURRENT_SMOKER     NO                         0      0.0000      0.0000      0.0000      0.0000           .           .    
                         HEI2010_C3         HIGH                       1     -0.0589      0.2161     -0.4824      0.3647          0.07        0.7853
                         HEI2010_C3         MEDIUM                     1     -0.0581      0.2128     -0.4752      0.3589          0.07        0.7847
                         HEI2010_C3         LOW                        0      0.0000      0.0000      0.0000      0.0000           .           .    
                         ALCOHOL_USE        CURRENT                    1     -0.1243      0.2292     -0.5734      0.3248          0.29        0.5875
                         ALCOHOL_USE        FORMER                     1      0.0445      0.2419     -0.4297      0.5187          0.03        0.8540
                         ALCOHOL_USE        NEVER                      0      0.0000      0.0000      0.0000      0.0000           .           .    
                         PAG2008YN          NO                         1      0.1011      0.1793     -0.2504      0.4526          0.32        0.5728
                         PAG2008YN          YES                        0      0.0000      0.0000      0.0000      0.0000           .           .    
                         SLPDUR                                        1      0.1690      0.0636      0.0444      0.2936          7.07        0.0079
                         CESD10             DEPRE                      1      0.0868      0.2171     -0.3388      0.5124          0.16        0.6894
                         CESD10             NODEPRE                    0      0.0000      0.0000      0.0000      0.0000           .           .    
                         STAI10             ANX                        1      0.1291      0.2010     -0.2648      0.5230          0.41        0.5206
                         STAI10             NOANX                      0      0.0000      0.0000      0.0000      0.0000           .           .    
                         CHILD_PRS_BMI_A                               1      1.1930      0.2181      0.7656      1.6204         29.93        <.0001
                         Scale                                         1      1.1395      0.0535      1.0394      1.2493                            

NOTE: The scale parameter was estimated by maximum likelihood.
                                                                           Model 4: Model 3 + PRS

---------------------------------------------------------------------------- Imputation Number=1 ----------------------------------------------------------------------------

                                                                            The GENMOD Procedure

                                                                     LR Statistics For Type 3 Analysis
 
                                                                                             Chi-
                                                             Source                 DF     Square    Pr > ChiSq

                                                             CENTERNUM               3       3.93        0.2694
                                                             YRS_BTWN_V1FLOR         1       0.00        0.9813
                                                             AGE                     1       2.04        0.1534
                                                             BKGRD1_C7NOMISS         6      10.35        0.1108
                                                             N_HC                    1       0.61        0.4360
                                                             EDUCATION_C3            2       2.01        0.3663
                                                             PARITY_V1               1       4.00        0.0455
                                                             EMPLOYEDYN              1       0.23        0.6292
                                                             MARITAL_STATUS          2       7.31        0.0258
                                                             YRSUS_C3                2       0.46        0.7941
                                                             CURRENT_SMOKER          1       2.87        0.0901
                                                             HEI2010_C3              2       0.10        0.9532
                                                             ALCOHOL_USE             2       0.84        0.6586
                                                             PAG2008YN               1       0.32        0.5729
                                                             SLPDUR                  1       6.96        0.0083
                                                             CESD10                  1       0.16        0.6894
                                                             STAI10                  1       0.41        0.5208
                                                             CHILD_PRS_BMI_A         1      28.11        <.0001
                                                                           Model 4: Model 3 + PRS

---------------------------------------------------------------------------- Imputation Number=2 ----------------------------------------------------------------------------

                                                                            The GENMOD Procedure

                                                                              Model Information

                                            Data Set              DATA.HC338353_IMPUTED_DATA_12NOV25                             
                                            Distribution                                      Normal                             
                                            Link Function                                   Identity                             
                                            Dependent Variable                                  BMIZ    Body Mass Index for age  
                                                                                                        Z-Score - CDC (Child)    


                                                                   Number of Observations Read         227
                                                                   Number of Observations Used         227


                                                                           Class Level Information
 
                                              Class                Levels    Values

                                              CENTERNUM                 4    CHICAGO MIAMI SAN DIEGO BRONX                     
                                              BKGRD1_C7NOMISS           7    BK_OTHER CUBAN C_AMERICAN DOMINICAN P_RICAN SOUTH 
                                                                             MEXICAN                                           
                                              MARITAL_STATUS            3    COHABITING SEPARATED SINGLE                       
                                              EMPLOYEDYN                2    EMPLOYED NOT_EMPLOYED                             
                                              EDUCATION_C3              3    AT_MOST_HIGHSCHOOL_GED G_HIGHSCHOOL               
                                                                             N_HIGHSCHOOL_GED                                  
                                              N_HC                      2    YES NO                                            
                                              YRSUS_C3                  3    10+_Years <10_Years US_BORN                       
                                              CURRENT_SMOKER            2    YES NO                                            
                                              ALCOHOL_USE               3    CURRENT FORMER NEVER                              
                                              PAG2008YN                 2    NO YES                                            
                                              HEI2010_C3                3    HIGH MEDIUM LOW                                   
                                              CESD10                    2    DEPRE NODEPRE                                     
                                              STAI10                    2    ANX NOANX                                         


                                                                   Criteria For Assessing Goodness Of Fit
 
                                                      Criterion                     DF           Value        Value/DF

                                                      Deviance                     196        292.2742          1.4912
                                                      Scaled Deviance              196        227.0000          1.1582
                                                      Pearson Chi-Square           196        292.2742          1.4912
                                                      Scaled Pearson X2            196        227.0000          1.1582
                                                      Log Likelihood                         -350.7853                
                                                      Full Log Likelihood                    -350.7853                
                                                      AIC (smaller is better)                 765.5706                
                                                      AICC (smaller is better)                776.4572                
                                                      BIC (smaller is better)                 875.1690                


                                                 Algorithm converged.                                                       
                                                                           Model 4: Model 3 + PRS

---------------------------------------------------------------------------- Imputation Number=2 ----------------------------------------------------------------------------

                                                                            The GENMOD Procedure

                                                             Analysis Of Maximum Likelihood Parameter Estimates
 
                                                                                        Standard     Wald 95% Confidence          Wald
                         Parameter                                    DF    Estimate       Error           Limits           Chi-Square    Pr > ChiSq

                         Intercept                                     1     -2.3832      1.2509     -4.8350      0.0686          3.63        0.0568
                         CENTERNUM          CHICAGO                    1      0.3824      0.3164     -0.2378      1.0027          1.46        0.2268
                         CENTERNUM          MIAMI                      1     -0.1346      0.3839     -0.8870      0.6179          0.12        0.7260
                         CENTERNUM          SAN DIEGO                  1      0.2722      0.3576     -0.4287      0.9730          0.58        0.4465
                         CENTERNUM          BRONX                      0      0.0000      0.0000      0.0000      0.0000           .           .    
                         YRS_BTWN_V1FLOR                               1      0.0093      0.0702     -0.1282      0.1469          0.02        0.8941
                         AGE                                           1      0.0237      0.0188     -0.0131      0.0606          1.59        0.2069
                         BKGRD1_C7NOMISS    BK_OTHER                   1     -0.7960      0.7622     -2.2899      0.6978          1.09        0.2963
                         BKGRD1_C7NOMISS    CUBAN                      1      0.8868      0.4688     -0.0320      1.8056          3.58        0.0585
                         BKGRD1_C7NOMISS    C_AMERICAN                 1      0.0368      0.3427     -0.6349      0.7085          0.01        0.9145
                         BKGRD1_C7NOMISS    DOMINICAN                  1      0.8138      0.3889      0.0515      1.5761          4.38        0.0364
                         BKGRD1_C7NOMISS    P_RICAN                    1      0.2262      0.4113     -0.5800      1.0324          0.30        0.5823
                         BKGRD1_C7NOMISS    SOUTH                      1      0.3285      0.4205     -0.4956      1.1526          0.61        0.4346
                         BKGRD1_C7NOMISS    MEXICAN                    0      0.0000      0.0000      0.0000      0.0000           .           .    
                         N_HC               YES                        1      0.0223      0.1934     -0.3568      0.4014          0.01        0.9082
                         N_HC               NO                         0      0.0000      0.0000      0.0000      0.0000           .           .    
                         EDUCATION_C3       AT_MOST_HIGHSCHOOL_GED     1      0.3169      0.2173     -0.1089      0.7428          2.13        0.1446
                         EDUCATION_C3       G_HIGHSCHOOL               1      0.1255      0.2387     -0.3425      0.5934          0.28        0.5992
                         EDUCATION_C3       N_HIGHSCHOOL_GED           0      0.0000      0.0000      0.0000      0.0000           .           .    
                         PARITY_V1                                     1      0.1657      0.0932     -0.0169      0.3483          3.16        0.0753
                         EMPLOYEDYN         EMPLOYED                   1     -0.0585      0.1763     -0.4041      0.2870          0.11        0.7399
                         EMPLOYEDYN         NOT_EMPLOYED               0      0.0000      0.0000      0.0000      0.0000           .           .    
                         MARITAL_STATUS     COHABITING                 1     -0.3393      0.1811     -0.6942      0.0157          3.51        0.0610
                         MARITAL_STATUS     SEPARATED                  1      0.3732      0.3751     -0.3620      1.1083          0.99        0.3198
                         MARITAL_STATUS     SINGLE                     0      0.0000      0.0000      0.0000      0.0000           .           .    
                         YRSUS_C3           10+_Years                  1      0.1030      0.2629     -0.4123      0.6183          0.15        0.6953
                         YRSUS_C3           <10_Years                  1     -0.0025      0.2615     -0.5151      0.5101          0.00        0.9925
                         YRSUS_C3           US_BORN                    0      0.0000      0.0000      0.0000      0.0000           .           .    
                         CURRENT_SMOKER     YES                        1      0.5598      0.2982     -0.0246      1.1442          3.52        0.0605
                         CURRENT_SMOKER     NO                         0      0.0000      0.0000      0.0000      0.0000           .           .    
                         HEI2010_C3         HIGH                       1     -0.0578      0.2156     -0.4804      0.3647          0.07        0.7885
                         HEI2010_C3         MEDIUM                     1     -0.0219      0.2124     -0.4381      0.3944          0.01        0.9180
                         HEI2010_C3         LOW                        0      0.0000      0.0000      0.0000      0.0000           .           .    
                         ALCOHOL_USE        CURRENT                    1     -0.1013      0.2297     -0.5514      0.3489          0.19        0.6592
                         ALCOHOL_USE        FORMER                     1      0.0001      0.2409     -0.4719      0.4722          0.00        0.9995
                         ALCOHOL_USE        NEVER                      0      0.0000      0.0000      0.0000      0.0000           .           .    
                         PAG2008YN          NO                         1      0.4014      0.1779      0.0528      0.7500          5.09        0.0240
                         PAG2008YN          YES                        0      0.0000      0.0000      0.0000      0.0000           .           .    
                         SLPDUR                                        1      0.1123      0.0637     -0.0125      0.2371          3.11        0.0778
                         CESD10             DEPRE                      1     -0.0180      0.2174     -0.4441      0.4082          0.01        0.9341
                         CESD10             NODEPRE                    0      0.0000      0.0000      0.0000      0.0000           .           .    
                         STAI10             ANX                        1      0.1618      0.1996     -0.2294      0.5530          0.66        0.4175
                         STAI10             NOANX                      0      0.0000      0.0000      0.0000      0.0000           .           .    
                         CHILD_PRS_BMI_A                               1      1.2972      0.2206      0.8649      1.7295         34.59        <.0001
                         Scale                                         1      1.1347      0.0533      1.0350      1.2440                            

NOTE: The scale parameter was estimated by maximum likelihood.
                                                                           Model 4: Model 3 + PRS

---------------------------------------------------------------------------- Imputation Number=2 ----------------------------------------------------------------------------

                                                                            The GENMOD Procedure

                                                                     LR Statistics For Type 3 Analysis
 
                                                                                             Chi-
                                                             Source                 DF     Square    Pr > ChiSq

                                                             CENTERNUM               3       2.54        0.4688
                                                             YRS_BTWN_V1FLOR         1       0.02        0.8941
                                                             AGE                     1       1.59        0.2077
                                                             BKGRD1_C7NOMISS         6      11.82        0.0660
                                                             N_HC                    1       0.01        0.9082
                                                             EDUCATION_C3            2       2.31        0.3145
                                                             PARITY_V1               1       3.14        0.0763
                                                             EMPLOYEDYN              1       0.11        0.7399
                                                             MARITAL_STATUS          2       6.28        0.0434
                                                             YRSUS_C3                2       0.36        0.8342
                                                             CURRENT_SMOKER          1       3.50        0.0615
                                                             HEI2010_C3              2       0.08        0.9631
                                                             ALCOHOL_USE             2       0.34        0.8431
                                                             PAG2008YN               1       5.04        0.0248
                                                             SLPDUR                  1       3.09        0.0788
                                                             CESD10                  1       0.01        0.9341
                                                             STAI10                  1       0.66        0.4178
                                                             CHILD_PRS_BMI_A         1      32.20        <.0001
                                                                           Model 4: Model 3 + PRS

---------------------------------------------------------------------------- Imputation Number=3 ----------------------------------------------------------------------------

                                                                            The GENMOD Procedure

                                                                              Model Information

                                            Data Set              DATA.HC338353_IMPUTED_DATA_12NOV25                             
                                            Distribution                                      Normal                             
                                            Link Function                                   Identity                             
                                            Dependent Variable                                  BMIZ    Body Mass Index for age  
                                                                                                        Z-Score - CDC (Child)    


                                                                   Number of Observations Read         227
                                                                   Number of Observations Used         227


                                                                           Class Level Information
 
                                              Class                Levels    Values

                                              CENTERNUM                 4    CHICAGO MIAMI SAN DIEGO BRONX                     
                                              BKGRD1_C7NOMISS           7    BK_OTHER CUBAN C_AMERICAN DOMINICAN P_RICAN SOUTH 
                                                                             MEXICAN                                           
                                              MARITAL_STATUS            3    COHABITING SEPARATED SINGLE                       
                                              EMPLOYEDYN                2    EMPLOYED NOT_EMPLOYED                             
                                              EDUCATION_C3              3    AT_MOST_HIGHSCHOOL_GED G_HIGHSCHOOL               
                                                                             N_HIGHSCHOOL_GED                                  
                                              N_HC                      2    YES NO                                            
                                              YRSUS_C3                  3    10+_Years <10_Years US_BORN                       
                                              CURRENT_SMOKER            2    YES NO                                            
                                              ALCOHOL_USE               3    CURRENT FORMER NEVER                              
                                              PAG2008YN                 2    NO YES                                            
                                              HEI2010_C3                3    HIGH MEDIUM LOW                                   
                                              CESD10                    2    DEPRE NODEPRE                                     
                                              STAI10                    2    ANX NOANX                                         


                                                                   Criteria For Assessing Goodness Of Fit
 
                                                      Criterion                     DF           Value        Value/DF

                                                      Deviance                     196        290.6109          1.4827
                                                      Scaled Deviance              196        227.0000          1.1582
                                                      Pearson Chi-Square           196        290.6109          1.4827
                                                      Scaled Pearson X2            196        227.0000          1.1582
                                                      Log Likelihood                         -350.1375                
                                                      Full Log Likelihood                    -350.1375                
                                                      AIC (smaller is better)                 764.2751                
                                                      AICC (smaller is better)                775.1617                
                                                      BIC (smaller is better)                 873.8735                


                                                 Algorithm converged.                                                       
                                                                           Model 4: Model 3 + PRS

---------------------------------------------------------------------------- Imputation Number=3 ----------------------------------------------------------------------------

                                                                            The GENMOD Procedure

                                                             Analysis Of Maximum Likelihood Parameter Estimates
 
                                                                                        Standard     Wald 95% Confidence          Wald
                         Parameter                                    DF    Estimate       Error           Limits           Chi-Square    Pr > ChiSq

                         Intercept                                     1     -2.3447      1.2545     -4.8034      0.1140          3.49        0.0616
                         CENTERNUM          CHICAGO                    1      0.3765      0.3196     -0.2499      1.0030          1.39        0.2387
                         CENTERNUM          MIAMI                      1     -0.2071      0.3804     -0.9526      0.5385          0.30        0.5862
                         CENTERNUM          SAN DIEGO                  1      0.3075      0.3507     -0.3798      0.9947          0.77        0.3806
                         CENTERNUM          BRONX                      0      0.0000      0.0000      0.0000      0.0000           .           .    
                         YRS_BTWN_V1FLOR                               1     -0.0131      0.0701     -0.1506      0.1244          0.03        0.8517
                         AGE                                           1      0.0293      0.0191     -0.0082      0.0667          2.35        0.1256
                         BKGRD1_C7NOMISS    BK_OTHER                   1     -0.9421      0.7637     -2.4390      0.5548          1.52        0.2174
                         BKGRD1_C7NOMISS    CUBAN                      1      0.9106      0.4694     -0.0095      1.8306          3.76        0.0524
                         BKGRD1_C7NOMISS    C_AMERICAN                 1      0.0274      0.3413     -0.6416      0.6964          0.01        0.9360
                         BKGRD1_C7NOMISS    DOMINICAN                  1      0.7004      0.3861     -0.0564      1.4572          3.29        0.0697
                         BKGRD1_C7NOMISS    P_RICAN                    1      0.2269      0.4049     -0.5667      1.0205          0.31        0.5752
                         BKGRD1_C7NOMISS    SOUTH                      1      0.4361      0.4173     -0.3818      1.2540          1.09        0.2960
                         BKGRD1_C7NOMISS    MEXICAN                    0      0.0000      0.0000      0.0000      0.0000           .           .    
                         N_HC               YES                        1      0.0250      0.1884     -0.3442      0.3942          0.02        0.8945
                         N_HC               NO                         0      0.0000      0.0000      0.0000      0.0000           .           .    
                         EDUCATION_C3       AT_MOST_HIGHSCHOOL_GED     1      0.2920      0.2146     -0.1286      0.7127          1.85        0.1736
                         EDUCATION_C3       G_HIGHSCHOOL               1      0.1425      0.2374     -0.3227      0.6077          0.36        0.5482
                         EDUCATION_C3       N_HIGHSCHOOL_GED           0      0.0000      0.0000      0.0000      0.0000           .           .    
                         PARITY_V1                                     1      0.1617      0.0947     -0.0240      0.3474          2.91        0.0878
                         EMPLOYEDYN         EMPLOYED                   1     -0.1586      0.1738     -0.4993      0.1820          0.83        0.3614
                         EMPLOYEDYN         NOT_EMPLOYED               0      0.0000      0.0000      0.0000      0.0000           .           .    
                         MARITAL_STATUS     COHABITING                 1     -0.3274      0.1827     -0.6854      0.0306          3.21        0.0731
                         MARITAL_STATUS     SEPARATED                  1      0.4113      0.3737     -0.3212      1.1438          1.21        0.2711
                         MARITAL_STATUS     SINGLE                     0      0.0000      0.0000      0.0000      0.0000           .           .    
                         YRSUS_C3           10+_Years                  1      0.0628      0.2612     -0.4491      0.5747          0.06        0.8099
                         YRSUS_C3           <10_Years                  1     -0.1113      0.2586     -0.6182      0.3956          0.19        0.6670
                         YRSUS_C3           US_BORN                    0      0.0000      0.0000      0.0000      0.0000           .           .    
                         CURRENT_SMOKER     YES                        1      0.4858      0.3020     -0.1061      1.0778          2.59        0.1077
                         CURRENT_SMOKER     NO                         0      0.0000      0.0000      0.0000      0.0000           .           .    
                         HEI2010_C3         HIGH                       1     -0.0431      0.2149     -0.4642      0.3780          0.04        0.8410
                         HEI2010_C3         MEDIUM                     1     -0.0179      0.2095     -0.4285      0.3928          0.01        0.9321
                         HEI2010_C3         LOW                        0      0.0000      0.0000      0.0000      0.0000           .           .    
                         ALCOHOL_USE        CURRENT                    1     -0.2467      0.2253     -0.6883      0.1950          1.20        0.2737
                         ALCOHOL_USE        FORMER                     1     -0.0900      0.2389     -0.5582      0.3783          0.14        0.7065
                         ALCOHOL_USE        NEVER                      0      0.0000      0.0000      0.0000      0.0000           .           .    
                         PAG2008YN          NO                         1      0.1714      0.1759     -0.1732      0.5161          0.95        0.3296
                         PAG2008YN          YES                        0      0.0000      0.0000      0.0000      0.0000           .           .    
                         SLPDUR                                        1      0.1599      0.0631      0.0363      0.2836          6.42        0.0113
                         CESD10             DEPRE                      1      0.1875      0.2119     -0.2278      0.6029          0.78        0.3762
                         CESD10             NODEPRE                    0      0.0000      0.0000      0.0000      0.0000           .           .    
                         STAI10             ANX                        1      0.1273      0.1996     -0.2638      0.5185          0.41        0.5234
                         STAI10             NOANX                      0      0.0000      0.0000      0.0000      0.0000           .           .    
                         CHILD_PRS_BMI_A                               1      1.2616      0.2225      0.8254      1.6978         32.14        <.0001
                         Scale                                         1      1.1315      0.0531      1.0320      1.2405                            

NOTE: The scale parameter was estimated by maximum likelihood.
                                                                           Model 4: Model 3 + PRS

---------------------------------------------------------------------------- Imputation Number=3 ----------------------------------------------------------------------------

                                                                            The GENMOD Procedure

                                                                     LR Statistics For Type 3 Analysis
 
                                                                                             Chi-
                                                             Source                 DF     Square    Pr > ChiSq

                                                             CENTERNUM               3       2.99        0.3930
                                                             YRS_BTWN_V1FLOR         1       0.03        0.8517
                                                             AGE                     1       2.33        0.1266
                                                             BKGRD1_C7NOMISS         6      11.21        0.0822
                                                             N_HC                    1       0.02        0.8945
                                                             EDUCATION_C3            2       1.91        0.3850
                                                             PARITY_V1               1       2.90        0.0888
                                                             EMPLOYEDYN              1       0.83        0.3619
                                                             MARITAL_STATUS          2       6.35        0.0418
                                                             YRSUS_C3                2       0.89        0.6421
                                                             CURRENT_SMOKER          1       2.57        0.1087
                                                             HEI2010_C3              2       0.04        0.9796
                                                             ALCOHOL_USE             2       1.40        0.4964
                                                             PAG2008YN               1       0.95        0.3301
                                                             SLPDUR                  1       6.34        0.0118
                                                             CESD10                  1       0.78        0.3766
                                                             STAI10                  1       0.41        0.5236
                                                             CHILD_PRS_BMI_A         1      30.06        <.0001
                                                                           Model 4: Model 3 + PRS

---------------------------------------------------------------------------- Imputation Number=4 ----------------------------------------------------------------------------

                                                                            The GENMOD Procedure

                                                                              Model Information

                                            Data Set              DATA.HC338353_IMPUTED_DATA_12NOV25                             
                                            Distribution                                      Normal                             
                                            Link Function                                   Identity                             
                                            Dependent Variable                                  BMIZ    Body Mass Index for age  
                                                                                                        Z-Score - CDC (Child)    


                                                                   Number of Observations Read         227
                                                                   Number of Observations Used         227


                                                                           Class Level Information
 
                                              Class                Levels    Values

                                              CENTERNUM                 4    CHICAGO MIAMI SAN DIEGO BRONX                     
                                              BKGRD1_C7NOMISS           7    BK_OTHER CUBAN C_AMERICAN DOMINICAN P_RICAN SOUTH 
                                                                             MEXICAN                                           
                                              MARITAL_STATUS            3    COHABITING SEPARATED SINGLE                       
                                              EMPLOYEDYN                2    EMPLOYED NOT_EMPLOYED                             
                                              EDUCATION_C3              3    AT_MOST_HIGHSCHOOL_GED G_HIGHSCHOOL               
                                                                             N_HIGHSCHOOL_GED                                  
                                              N_HC                      2    YES NO                                            
                                              YRSUS_C3                  3    10+_Years <10_Years US_BORN                       
                                              CURRENT_SMOKER            2    YES NO                                            
                                              ALCOHOL_USE               3    CURRENT FORMER NEVER                              
                                              PAG2008YN                 2    NO YES                                            
                                              HEI2010_C3                3    HIGH MEDIUM LOW                                   
                                              CESD10                    2    DEPRE NODEPRE                                     
                                              STAI10                    2    ANX NOANX                                         


                                                                   Criteria For Assessing Goodness Of Fit
 
                                                      Criterion                     DF           Value        Value/DF

                                                      Deviance                     196        302.0364          1.5410
                                                      Scaled Deviance              196        227.0000          1.1582
                                                      Pearson Chi-Square           196        302.0364          1.5410
                                                      Scaled Pearson X2            196        227.0000          1.1582
                                                      Log Likelihood                         -354.5144                
                                                      Full Log Likelihood                    -354.5144                
                                                      AIC (smaller is better)                 773.0287                
                                                      AICC (smaller is better)                783.9153                
                                                      BIC (smaller is better)                 882.6271                


                                                 Algorithm converged.                                                       
                                                                           Model 4: Model 3 + PRS

---------------------------------------------------------------------------- Imputation Number=4 ----------------------------------------------------------------------------

                                                                            The GENMOD Procedure

                                                             Analysis Of Maximum Likelihood Parameter Estimates
 
                                                                                        Standard     Wald 95% Confidence          Wald
                         Parameter                                    DF    Estimate       Error           Limits           Chi-Square    Pr > ChiSq

                         Intercept                                     1     -2.1499      1.2859     -4.6703      0.3705          2.80        0.0945
                         CENTERNUM          CHICAGO                    1      0.4745      0.3174     -0.1475      1.0966          2.24        0.1349
                         CENTERNUM          MIAMI                      1     -0.0675      0.3921     -0.8360      0.7011          0.03        0.8634
                         CENTERNUM          SAN DIEGO                  1      0.4143      0.3574     -0.2862      1.1147          1.34        0.2464
                         CENTERNUM          BRONX                      0      0.0000      0.0000      0.0000      0.0000           .           .    
                         YRS_BTWN_V1FLOR                               1     -0.0109      0.0716     -0.1512      0.1294          0.02        0.8788
                         AGE                                           1      0.0240      0.0194     -0.0140      0.0620          1.53        0.2162
                         BKGRD1_C7NOMISS    BK_OTHER                   1     -0.6196      0.7671     -2.1231      0.8838          0.65        0.4192
                         BKGRD1_C7NOMISS    CUBAN                      1      0.9877      0.4767      0.0535      1.9220          4.29        0.0383
                         BKGRD1_C7NOMISS    C_AMERICAN                 1      0.0194      0.3493     -0.6653      0.7041          0.00        0.9557
                         BKGRD1_C7NOMISS    DOMINICAN                  1      0.8750      0.3919      0.1069      1.6432          4.99        0.0256
                         BKGRD1_C7NOMISS    P_RICAN                    1      0.2281      0.4149     -0.5850      1.0413          0.30        0.5824
                         BKGRD1_C7NOMISS    SOUTH                      1      0.3913      0.4256     -0.4428      1.2255          0.85        0.3579
                         BKGRD1_C7NOMISS    MEXICAN                    0      0.0000      0.0000      0.0000      0.0000           .           .    
                         N_HC               YES                        1     -0.0033      0.1915     -0.3786      0.3719          0.00        0.9861
                         N_HC               NO                         0      0.0000      0.0000      0.0000      0.0000           .           .    
                         EDUCATION_C3       AT_MOST_HIGHSCHOOL_GED     1      0.2721      0.2183     -0.1557      0.6999          1.55        0.2125
                         EDUCATION_C3       G_HIGHSCHOOL               1      0.0968      0.2414     -0.3763      0.5699          0.16        0.6884
                         EDUCATION_C3       N_HIGHSCHOOL_GED           0      0.0000      0.0000      0.0000      0.0000           .           .    
                         PARITY_V1                                     1      0.1871      0.0982     -0.0053      0.3796          3.63        0.0567
                         EMPLOYEDYN         EMPLOYED                   1     -0.0476      0.1802     -0.4008      0.3056          0.07        0.7917
                         EMPLOYEDYN         NOT_EMPLOYED               0      0.0000      0.0000      0.0000      0.0000           .           .    
                         MARITAL_STATUS     COHABITING                 1     -0.3962      0.1849     -0.7586     -0.0338          4.59        0.0322
                         MARITAL_STATUS     SEPARATED                  1      0.3909      0.3810     -0.3559      1.1376          1.05        0.3050
                         MARITAL_STATUS     SINGLE                     0      0.0000      0.0000      0.0000      0.0000           .           .    
                         YRSUS_C3           10+_Years                  1     -0.0126      0.2617     -0.5255      0.5004          0.00        0.9617
                         YRSUS_C3           <10_Years                  1     -0.1606      0.2569     -0.6640      0.3428          0.39        0.5318
                         YRSUS_C3           US_BORN                    0      0.0000      0.0000      0.0000      0.0000           .           .    
                         CURRENT_SMOKER     YES                        1      0.3460      0.3082     -0.2581      0.9500          1.26        0.2616
                         CURRENT_SMOKER     NO                         0      0.0000      0.0000      0.0000      0.0000           .           .    
                         HEI2010_C3         HIGH                       1     -0.0586      0.2194     -0.4886      0.3714          0.07        0.7894
                         HEI2010_C3         MEDIUM                     1     -0.0272      0.2158     -0.4502      0.3958          0.02        0.8996
                         HEI2010_C3         LOW                        0      0.0000      0.0000      0.0000      0.0000           .           .    
                         ALCOHOL_USE        CURRENT                    1     -0.1573      0.2330     -0.6139      0.2993          0.46        0.4996
                         ALCOHOL_USE        FORMER                     1     -0.0171      0.2447     -0.4967      0.4626          0.00        0.9444
                         ALCOHOL_USE        NEVER                      0      0.0000      0.0000      0.0000      0.0000           .           .    
                         PAG2008YN          NO                         1      0.1506      0.1748     -0.1921      0.4933          0.74        0.3892
                         PAG2008YN          YES                        0      0.0000      0.0000      0.0000      0.0000           .           .    
                         SLPDUR                                        1      0.1406      0.0630      0.0172      0.2641          4.98        0.0256
                         CESD10             DEPRE                      1      0.1098      0.2132     -0.3079      0.5276          0.27        0.6064
                         CESD10             NODEPRE                    0      0.0000      0.0000      0.0000      0.0000           .           .    
                         STAI10             ANX                        1      0.2134      0.1988     -0.1763      0.6031          1.15        0.2831
                         STAI10             NOANX                      0      0.0000      0.0000      0.0000      0.0000           .           .    
                         CHILD_PRS_BMI_A                               1      1.2181      0.2240      0.7791      1.6571         29.57        <.0001
                         Scale                                         1      1.1535      0.0541      1.0521      1.2646                            

NOTE: The scale parameter was estimated by maximum likelihood.
                                                                           Model 4: Model 3 + PRS

---------------------------------------------------------------------------- Imputation Number=4 ----------------------------------------------------------------------------

                                                                            The GENMOD Procedure

                                                                     LR Statistics For Type 3 Analysis
 
                                                                                             Chi-
                                                             Source                 DF     Square    Pr > ChiSq

                                                             CENTERNUM               3       3.29        0.3495
                                                             YRS_BTWN_V1FLOR         1       0.02        0.8788
                                                             AGE                     1       1.52        0.2170
                                                             BKGRD1_C7NOMISS         6      12.75        0.0471
                                                             N_HC                    1       0.00        0.9861
                                                             EDUCATION_C3            2       1.72        0.4229
                                                             PARITY_V1               1       3.60        0.0577
                                                             EMPLOYEDYN              1       0.07        0.7917
                                                             MARITAL_STATUS          2       7.80        0.0202
                                                             YRSUS_C3                2       0.75        0.6860
                                                             CURRENT_SMOKER          1       1.26        0.2623
                                                             HEI2010_C3              2       0.07        0.9646
                                                             ALCOHOL_USE             2       0.71        0.7026
                                                             PAG2008YN               1       0.74        0.3895
                                                             SLPDUR                  1       4.93        0.0264
                                                             CESD10                  1       0.27        0.6065
                                                             STAI10                  1       1.15        0.2837
                                                             CHILD_PRS_BMI_A         1      27.80        <.0001
                                                                           Model 4: Model 3 + PRS

---------------------------------------------------------------------------- Imputation Number=5 ----------------------------------------------------------------------------

                                                                            The GENMOD Procedure

                                                                              Model Information

                                            Data Set              DATA.HC338353_IMPUTED_DATA_12NOV25                             
                                            Distribution                                      Normal                             
                                            Link Function                                   Identity                             
                                            Dependent Variable                                  BMIZ    Body Mass Index for age  
                                                                                                        Z-Score - CDC (Child)    


                                                                   Number of Observations Read         227
                                                                   Number of Observations Used         227


                                                                           Class Level Information
 
                                              Class                Levels    Values

                                              CENTERNUM                 4    CHICAGO MIAMI SAN DIEGO BRONX                     
                                              BKGRD1_C7NOMISS           7    BK_OTHER CUBAN C_AMERICAN DOMINICAN P_RICAN SOUTH 
                                                                             MEXICAN                                           
                                              MARITAL_STATUS            3    COHABITING SEPARATED SINGLE                       
                                              EMPLOYEDYN                2    EMPLOYED NOT_EMPLOYED                             
                                              EDUCATION_C3              3    AT_MOST_HIGHSCHOOL_GED G_HIGHSCHOOL               
                                                                             N_HIGHSCHOOL_GED                                  
                                              N_HC                      2    YES NO                                            
                                              YRSUS_C3                  3    10+_Years <10_Years US_BORN                       
                                              CURRENT_SMOKER            2    YES NO                                            
                                              ALCOHOL_USE               3    CURRENT FORMER NEVER                              
                                              PAG2008YN                 2    NO YES                                            
                                              HEI2010_C3                3    HIGH MEDIUM LOW                                   
                                              CESD10                    2    DEPRE NODEPRE                                     
                                              STAI10                    2    ANX NOANX                                         


                                                                   Criteria For Assessing Goodness Of Fit
 
                                                      Criterion                     DF           Value        Value/DF

                                                      Deviance                     196        299.3009          1.5270
                                                      Scaled Deviance              196        227.0000          1.1582
                                                      Pearson Chi-Square           196        299.3009          1.5270
                                                      Scaled Pearson X2            196        227.0000          1.1582
                                                      Log Likelihood                         -353.4817                
                                                      Full Log Likelihood                    -353.4817                
                                                      AIC (smaller is better)                 770.9634                
                                                      AICC (smaller is better)                781.8500                
                                                      BIC (smaller is better)                 880.5618                


                                                 Algorithm converged.                                                       
                                                                           Model 4: Model 3 + PRS

---------------------------------------------------------------------------- Imputation Number=5 ----------------------------------------------------------------------------

                                                                            The GENMOD Procedure

                                                             Analysis Of Maximum Likelihood Parameter Estimates
 
                                                                                        Standard     Wald 95% Confidence          Wald
                         Parameter                                    DF    Estimate       Error           Limits           Chi-Square    Pr > ChiSq

                         Intercept                                     1     -2.5779      1.2767     -5.0803     -0.0756          4.08        0.0435
                         CENTERNUM          CHICAGO                    1      0.3948      0.3203     -0.2330      1.0225          1.52        0.2178
                         CENTERNUM          MIAMI                      1     -0.1189      0.3883     -0.8798      0.6421          0.09        0.7595
                         CENTERNUM          SAN DIEGO                  1      0.2860      0.3542     -0.4082      0.9801          0.65        0.4194
                         CENTERNUM          BRONX                      0      0.0000      0.0000      0.0000      0.0000           .           .    
                         YRS_BTWN_V1FLOR                               1     -0.0049      0.0714     -0.1448      0.1350          0.00        0.9449
                         AGE                                           1      0.0245      0.0194     -0.0135      0.0625          1.60        0.2060
                         BKGRD1_C7NOMISS    BK_OTHER                   1     -0.9687      0.7708     -2.4794      0.5421          1.58        0.2089
                         BKGRD1_C7NOMISS    CUBAN                      1      0.8258      0.4740     -0.1033      1.7549          3.03        0.0815
                         BKGRD1_C7NOMISS    C_AMERICAN                 1      0.0215      0.3496     -0.6637      0.7067          0.00        0.9510
                         BKGRD1_C7NOMISS    DOMINICAN                  1      0.7773      0.3894      0.0142      1.5405          3.99        0.0459
                         BKGRD1_C7NOMISS    P_RICAN                    1      0.2234      0.4123     -0.5848      1.0315          0.29        0.5880
                         BKGRD1_C7NOMISS    SOUTH                      1      0.3924      0.4263     -0.4432      1.2280          0.85        0.3574
                         BKGRD1_C7NOMISS    MEXICAN                    0      0.0000      0.0000      0.0000      0.0000           .           .    
                         N_HC               YES                        1      0.0733      0.1943     -0.3075      0.4540          0.14        0.7061
                         N_HC               NO                         0      0.0000      0.0000      0.0000      0.0000           .           .    
                         EDUCATION_C3       AT_MOST_HIGHSCHOOL_GED     1      0.3095      0.2198     -0.1214      0.7404          1.98        0.1592
                         EDUCATION_C3       G_HIGHSCHOOL               1      0.1400      0.2416     -0.3335      0.6135          0.34        0.5622
                         EDUCATION_C3       N_HIGHSCHOOL_GED           0      0.0000      0.0000      0.0000      0.0000           .           .    
                         PARITY_V1                                     1      0.1661      0.0951     -0.0203      0.3525          3.05        0.0807
                         EMPLOYEDYN         EMPLOYED                   1     -0.1076      0.1791     -0.4585      0.2434          0.36        0.5480
                         EMPLOYEDYN         NOT_EMPLOYED               0      0.0000      0.0000      0.0000      0.0000           .           .    
                         MARITAL_STATUS     COHABITING                 1     -0.3205      0.1843     -0.6816      0.0407          3.03        0.0820
                         MARITAL_STATUS     SEPARATED                  1      0.5504      0.3702     -0.1752      1.2760          2.21        0.1371
                         MARITAL_STATUS     SINGLE                     0      0.0000      0.0000      0.0000      0.0000           .           .    
                         YRSUS_C3           10+_Years                  1      0.1348      0.2637     -0.3820      0.6517          0.26        0.6092
                         YRSUS_C3           <10_Years                  1      0.0290      0.2613     -0.4832      0.5411          0.01        0.9118
                         YRSUS_C3           US_BORN                    0      0.0000      0.0000      0.0000      0.0000           .           .    
                         CURRENT_SMOKER     YES                        1      0.3925      0.3033     -0.2020      0.9870          1.67        0.1957
                         CURRENT_SMOKER     NO                         0      0.0000      0.0000      0.0000      0.0000           .           .    
                         HEI2010_C3         HIGH                       1     -0.0186      0.2182     -0.4463      0.4092          0.01        0.9323
                         HEI2010_C3         MEDIUM                     1      0.0201      0.2140     -0.3994      0.4396          0.01        0.9251
                         HEI2010_C3         LOW                        0      0.0000      0.0000      0.0000      0.0000           .           .    
                         ALCOHOL_USE        CURRENT                    1     -0.0816      0.2318     -0.5360      0.3728          0.12        0.7249
                         ALCOHOL_USE        FORMER                     1      0.0393      0.2445     -0.4398      0.5185          0.03        0.8722
                         ALCOHOL_USE        NEVER                      0      0.0000      0.0000      0.0000      0.0000           .           .    
                         PAG2008YN          NO                         1      0.2054      0.1728     -0.1332      0.5441          1.41        0.2345
                         PAG2008YN          YES                        0      0.0000      0.0000      0.0000      0.0000           .           .    
                         SLPDUR                                        1      0.1701      0.0626      0.0475      0.2928          7.39        0.0066
                         CESD10             DEPRE                      1      0.0051      0.2176     -0.4214      0.4316          0.00        0.9812
                         CESD10             NODEPRE                    0      0.0000      0.0000      0.0000      0.0000           .           .    
                         STAI10             ANX                        1      0.1264      0.1985     -0.2627      0.5155          0.41        0.5242
                         STAI10             NOANX                      0      0.0000      0.0000      0.0000      0.0000           .           .    
                         CHILD_PRS_BMI_A                               1      1.1210      0.2291      0.6719      1.5700         23.94        <.0001
                         Scale                                         1      1.1483      0.0539      1.0474      1.2589                            

NOTE: The scale parameter was estimated by maximum likelihood.
                                                                           Model 4: Model 3 + PRS

---------------------------------------------------------------------------- Imputation Number=5 ----------------------------------------------------------------------------

                                                                            The GENMOD Procedure

                                                                     LR Statistics For Type 3 Analysis
 
                                                                                             Chi-
                                                             Source                 DF     Square    Pr > ChiSq

                                                             CENTERNUM               3       2.51        0.4742
                                                             YRS_BTWN_V1FLOR         1       0.00        0.9449
                                                             AGE                     1       1.59        0.2068
                                                             BKGRD1_C7NOMISS         6      11.95        0.0631
                                                             N_HC                    1       0.14        0.7061
                                                             EDUCATION_C3            2       2.08        0.3536
                                                             PARITY_V1               1       3.03        0.0818
                                                             EMPLOYEDYN              1       0.36        0.5482
                                                             MARITAL_STATUS          2       7.53        0.0232
                                                             YRSUS_C3                2       0.42        0.8095
                                                             CURRENT_SMOKER          1       1.67        0.1965
                                                             HEI2010_C3              2       0.04        0.9821
                                                             ALCOHOL_USE             2       0.40        0.8196
                                                             PAG2008YN               1       1.41        0.2352
                                                             SLPDUR                  1       7.27        0.0070
                                                             CESD10                  1       0.00        0.9812
                                                             STAI10                  1       0.41        0.5244
                                                             CHILD_PRS_BMI_A         1      22.76        <.0001
                                                                           Model 4: Model 3 + PRS

---------------------------------------------------------------------------- Imputation Number=6 ----------------------------------------------------------------------------

                                                                            The GENMOD Procedure

                                                                              Model Information

                                            Data Set              DATA.HC338353_IMPUTED_DATA_12NOV25                             
                                            Distribution                                      Normal                             
                                            Link Function                                   Identity                             
                                            Dependent Variable                                  BMIZ    Body Mass Index for age  
                                                                                                        Z-Score - CDC (Child)    


                                                                   Number of Observations Read         227
                                                                   Number of Observations Used         227


                                                                           Class Level Information
 
                                              Class                Levels    Values

                                              CENTERNUM                 4    CHICAGO MIAMI SAN DIEGO BRONX                     
                                              BKGRD1_C7NOMISS           7    BK_OTHER CUBAN C_AMERICAN DOMINICAN P_RICAN SOUTH 
                                                                             MEXICAN                                           
                                              MARITAL_STATUS            3    COHABITING SEPARATED SINGLE                       
                                              EMPLOYEDYN                2    EMPLOYED NOT_EMPLOYED                             
                                              EDUCATION_C3              3    AT_MOST_HIGHSCHOOL_GED G_HIGHSCHOOL               
                                                                             N_HIGHSCHOOL_GED                                  
                                              N_HC                      2    YES NO                                            
                                              YRSUS_C3                  3    10+_Years <10_Years US_BORN                       
                                              CURRENT_SMOKER            2    YES NO                                            
                                              ALCOHOL_USE               3    CURRENT FORMER NEVER                              
                                              PAG2008YN                 2    NO YES                                            
                                              HEI2010_C3                3    HIGH MEDIUM LOW                                   
                                              CESD10                    2    DEPRE NODEPRE                                     
                                              STAI10                    2    ANX NOANX                                         


                                                                   Criteria For Assessing Goodness Of Fit
 
                                                      Criterion                     DF           Value        Value/DF

                                                      Deviance                     196        301.2574          1.5370
                                                      Scaled Deviance              196        227.0000          1.1582
                                                      Pearson Chi-Square           196        301.2574          1.5370
                                                      Scaled Pearson X2            196        227.0000          1.1582
                                                      Log Likelihood                         -354.2212                
                                                      Full Log Likelihood                    -354.2212                
                                                      AIC (smaller is better)                 772.4425                
                                                      AICC (smaller is better)                783.3291                
                                                      BIC (smaller is better)                 882.0409                


                                                 Algorithm converged.                                                       
                                                                           Model 4: Model 3 + PRS

---------------------------------------------------------------------------- Imputation Number=6 ----------------------------------------------------------------------------

                                                                            The GENMOD Procedure

                                                             Analysis Of Maximum Likelihood Parameter Estimates
 
                                                                                        Standard     Wald 95% Confidence          Wald
                         Parameter                                    DF    Estimate       Error           Limits           Chi-Square    Pr > ChiSq

                         Intercept                                     1     -2.0987      1.2607     -4.5696      0.3722          2.77        0.0960
                         CENTERNUM          CHICAGO                    1      0.5779      0.3260     -0.0611      1.2168          3.14        0.0763
                         CENTERNUM          MIAMI                      1     -0.0320      0.3938     -0.8039      0.7400          0.01        0.9353
                         CENTERNUM          SAN DIEGO                  1      0.5253      0.3695     -0.1989      1.2495          2.02        0.1551
                         CENTERNUM          BRONX                      0      0.0000      0.0000      0.0000      0.0000           .           .    
                         YRS_BTWN_V1FLOR                               1     -0.0051      0.0714     -0.1450      0.1347          0.01        0.9428
                         AGE                                           1      0.0204      0.0194     -0.0176      0.0584          1.11        0.2928
                         BKGRD1_C7NOMISS    BK_OTHER                   1     -0.7300      0.7720     -2.2431      0.7831          0.89        0.3443
                         BKGRD1_C7NOMISS    CUBAN                      1      1.0308      0.4777      0.0945      1.9670          4.66        0.0309
                         BKGRD1_C7NOMISS    C_AMERICAN                 1      0.1893      0.3461     -0.4889      0.8676          0.30        0.5843
                         BKGRD1_C7NOMISS    DOMINICAN                  1      0.8719      0.3961      0.0955      1.6483          4.84        0.0277
                         BKGRD1_C7NOMISS    P_RICAN                    1      0.2689      0.4171     -0.5486      1.0864          0.42        0.5191
                         BKGRD1_C7NOMISS    SOUTH                      1      0.4089      0.4253     -0.4247      1.2426          0.92        0.3363
                         BKGRD1_C7NOMISS    MEXICAN                    0      0.0000      0.0000      0.0000      0.0000           .           .    
                         N_HC               YES                        1      0.1346      0.1925     -0.2426      0.5118          0.49        0.4843
                         N_HC               NO                         0      0.0000      0.0000      0.0000      0.0000           .           .    
                         EDUCATION_C3       AT_MOST_HIGHSCHOOL_GED     1      0.3003      0.2191     -0.1291      0.7297          1.88        0.1704
                         EDUCATION_C3       G_HIGHSCHOOL               1      0.0387      0.2426     -0.4368      0.5142          0.03        0.8733
                         EDUCATION_C3       N_HIGHSCHOOL_GED           0      0.0000      0.0000      0.0000      0.0000           .           .    
                         PARITY_V1                                     1      0.1984      0.0968      0.0087      0.3881          4.20        0.0404
                         EMPLOYEDYN         EMPLOYED                   1     -0.0390      0.1786     -0.3890      0.3111          0.05        0.8272
                         EMPLOYEDYN         NOT_EMPLOYED               0      0.0000      0.0000      0.0000      0.0000           .           .    
                         MARITAL_STATUS     COHABITING                 1     -0.3423      0.1854     -0.7057      0.0211          3.41        0.0649
                         MARITAL_STATUS     SEPARATED                  1      0.5065      0.3798     -0.2379      1.2508          1.78        0.1823
                         MARITAL_STATUS     SINGLE                     0      0.0000      0.0000      0.0000      0.0000           .           .    
                         YRSUS_C3           10+_Years                  1      0.1124      0.2642     -0.4055      0.6302          0.18        0.6706
                         YRSUS_C3           <10_Years                  1     -0.0167      0.2653     -0.5366      0.5032          0.00        0.9498
                         YRSUS_C3           US_BORN                    0      0.0000      0.0000      0.0000      0.0000           .           .    
                         CURRENT_SMOKER     YES                        1      0.4979      0.3057     -0.1013      1.0971          2.65        0.1034
                         CURRENT_SMOKER     NO                         0      0.0000      0.0000      0.0000      0.0000           .           .    
                         HEI2010_C3         HIGH                       1     -0.0196      0.2188     -0.4484      0.4092          0.01        0.9287
                         HEI2010_C3         MEDIUM                     1     -0.0343      0.2163     -0.4581      0.3896          0.03        0.8741
                         HEI2010_C3         LOW                        0      0.0000      0.0000      0.0000      0.0000           .           .    
                         ALCOHOL_USE        CURRENT                    1     -0.0904      0.2329     -0.5468      0.3659          0.15        0.6977
                         ALCOHOL_USE        FORMER                     1     -0.0025      0.2442     -0.4810      0.4760          0.00        0.9919
                         ALCOHOL_USE        NEVER                      0      0.0000      0.0000      0.0000      0.0000           .           .    
                         PAG2008YN          NO                         1      0.0549      0.1832     -0.3041      0.4139          0.09        0.7644
                         PAG2008YN          YES                        0      0.0000      0.0000      0.0000      0.0000           .           .    
                         SLPDUR                                        1      0.1054      0.0626     -0.0173      0.2281          2.84        0.0921
                         CESD10             DEPRE                      1      0.0262      0.2178     -0.4007      0.4531          0.01        0.9042
                         CESD10             NODEPRE                    0      0.0000      0.0000      0.0000      0.0000           .           .    
                         STAI10             ANX                        1      0.1674      0.2011     -0.2267      0.5616          0.69        0.4051
                         STAI10             NOANX                      0      0.0000      0.0000      0.0000      0.0000           .           .    
                         CHILD_PRS_BMI_A                               1      1.2284      0.2283      0.7808      1.6759         28.94        <.0001
                         Scale                                         1      1.1520      0.0541      1.0508      1.2630                            

NOTE: The scale parameter was estimated by maximum likelihood.
                                                                           Model 4: Model 3 + PRS

---------------------------------------------------------------------------- Imputation Number=6 ----------------------------------------------------------------------------

                                                                            The GENMOD Procedure

                                                                     LR Statistics For Type 3 Analysis
 
                                                                                             Chi-
                                                             Source                 DF     Square    Pr > ChiSq

                                                             CENTERNUM               3       4.42        0.2197
                                                             YRS_BTWN_V1FLOR         1       0.01        0.9428
                                                             AGE                     1       1.10        0.2934
                                                             BKGRD1_C7NOMISS         6      11.72        0.0686
                                                             N_HC                    1       0.49        0.4845
                                                             EDUCATION_C3            2       2.57        0.2771
                                                             PARITY_V1               1       4.16        0.0413
                                                             EMPLOYEDYN              1       0.05        0.8273
                                                             MARITAL_STATUS          2       7.43        0.0243
                                                             YRSUS_C3                2       0.51        0.7735
                                                             CURRENT_SMOKER          1       2.64        0.1044
                                                             HEI2010_C3              2       0.03        0.9875
                                                             ALCOHOL_USE             2       0.26        0.8784
                                                             PAG2008YN               1       0.09        0.7644
                                                             SLPDUR                  1       2.82        0.0931
                                                             CESD10                  1       0.01        0.9042
                                                             STAI10                  1       0.69        0.4055
                                                             CHILD_PRS_BMI_A         1      27.24        <.0001
                                                                           Model 4: Model 3 + PRS

---------------------------------------------------------------------------- Imputation Number=7 ----------------------------------------------------------------------------

                                                                            The GENMOD Procedure

                                                                              Model Information

                                            Data Set              DATA.HC338353_IMPUTED_DATA_12NOV25                             
                                            Distribution                                      Normal                             
                                            Link Function                                   Identity                             
                                            Dependent Variable                                  BMIZ    Body Mass Index for age  
                                                                                                        Z-Score - CDC (Child)    


                                                                   Number of Observations Read         227
                                                                   Number of Observations Used         227


                                                                           Class Level Information
 
                                              Class                Levels    Values

                                              CENTERNUM                 4    CHICAGO MIAMI SAN DIEGO BRONX                     
                                              BKGRD1_C7NOMISS           7    BK_OTHER CUBAN C_AMERICAN DOMINICAN P_RICAN SOUTH 
                                                                             MEXICAN                                           
                                              MARITAL_STATUS            3    COHABITING SEPARATED SINGLE                       
                                              EMPLOYEDYN                2    EMPLOYED NOT_EMPLOYED                             
                                              EDUCATION_C3              3    AT_MOST_HIGHSCHOOL_GED G_HIGHSCHOOL               
                                                                             N_HIGHSCHOOL_GED                                  
                                              N_HC                      2    YES NO                                            
                                              YRSUS_C3                  3    10+_Years <10_Years US_BORN                       
                                              CURRENT_SMOKER            2    YES NO                                            
                                              ALCOHOL_USE               3    CURRENT FORMER NEVER                              
                                              PAG2008YN                 2    NO YES                                            
                                              HEI2010_C3                3    HIGH MEDIUM LOW                                   
                                              CESD10                    2    DEPRE NODEPRE                                     
                                              STAI10                    2    ANX NOANX                                         


                                                                   Criteria For Assessing Goodness Of Fit
 
                                                      Criterion                     DF           Value        Value/DF

                                                      Deviance                     196        300.3676          1.5325
                                                      Scaled Deviance              196        227.0000          1.1582
                                                      Pearson Chi-Square           196        300.3676          1.5325
                                                      Scaled Pearson X2            196        227.0000          1.1582
                                                      Log Likelihood                         -353.8855                
                                                      Full Log Likelihood                    -353.8855                
                                                      AIC (smaller is better)                 771.7710                
                                                      AICC (smaller is better)                782.6576                
                                                      BIC (smaller is better)                 881.3694                


                                                 Algorithm converged.                                                       
                                                                           Model 4: Model 3 + PRS

---------------------------------------------------------------------------- Imputation Number=7 ----------------------------------------------------------------------------

                                                                            The GENMOD Procedure

                                                             Analysis Of Maximum Likelihood Parameter Estimates
 
                                                                                        Standard     Wald 95% Confidence          Wald
                         Parameter                                    DF    Estimate       Error           Limits           Chi-Square    Pr > ChiSq

                         Intercept                                     1     -2.4174      1.2841     -4.9342      0.0993          3.54        0.0598
                         CENTERNUM          CHICAGO                    1      0.4749      0.3232     -0.1585      1.1084          2.16        0.1417
                         CENTERNUM          MIAMI                      1     -0.1440      0.3916     -0.9116      0.6236          0.14        0.7131
                         CENTERNUM          SAN DIEGO                  1      0.3189      0.3645     -0.3956      1.0333          0.77        0.3817
                         CENTERNUM          BRONX                      0      0.0000      0.0000      0.0000      0.0000           .           .    
                         YRS_BTWN_V1FLOR                               1      0.0085      0.0715     -0.1317      0.1487          0.01        0.9055
                         AGE                                           1      0.0312      0.0193     -0.0067      0.0691          2.60        0.1069
                         BKGRD1_C7NOMISS    BK_OTHER                   1     -0.9045      0.7822     -2.4377      0.6286          1.34        0.2475
                         BKGRD1_C7NOMISS    CUBAN                      1      0.8795      0.4751     -0.0516      1.8107          3.43        0.0641
                         BKGRD1_C7NOMISS    C_AMERICAN                 1      0.0737      0.3474     -0.6073      0.7546          0.04        0.8321
                         BKGRD1_C7NOMISS    DOMINICAN                  1      0.8338      0.3937      0.0621      1.6055          4.48        0.0342
                         BKGRD1_C7NOMISS    P_RICAN                    1      0.2103      0.4166     -0.6063      1.0269          0.25        0.6137
                         BKGRD1_C7NOMISS    SOUTH                      1      0.4268      0.4249     -0.4060      1.2596          1.01        0.3151
                         BKGRD1_C7NOMISS    MEXICAN                    0      0.0000      0.0000      0.0000      0.0000           .           .    
                         N_HC               YES                        1      0.1073      0.1944     -0.2736      0.4883          0.30        0.5808
                         N_HC               NO                         0      0.0000      0.0000      0.0000      0.0000           .           .    
                         EDUCATION_C3       AT_MOST_HIGHSCHOOL_GED     1      0.2665      0.2184     -0.1617      0.6946          1.49        0.2225
                         EDUCATION_C3       G_HIGHSCHOOL               1      0.0481      0.2410     -0.4243      0.5204          0.04        0.8420
                         EDUCATION_C3       N_HIGHSCHOOL_GED           0      0.0000      0.0000      0.0000      0.0000           .           .    
                         PARITY_V1                                     1      0.1323      0.0953     -0.0544      0.3191          1.93        0.1648
                         EMPLOYEDYN         EMPLOYED                   1     -0.1508      0.1753     -0.4944      0.1928          0.74        0.3896
                         EMPLOYEDYN         NOT_EMPLOYED               0      0.0000      0.0000      0.0000      0.0000           .           .    
                         MARITAL_STATUS     COHABITING                 1     -0.3785      0.1848     -0.7406     -0.0164          4.20        0.0405
                         MARITAL_STATUS     SEPARATED                  1      0.2621      0.3818     -0.4863      1.0104          0.47        0.4925
                         MARITAL_STATUS     SINGLE                     0      0.0000      0.0000      0.0000      0.0000           .           .    
                         YRSUS_C3           10+_Years                  1      0.1456      0.2702     -0.3839      0.6752          0.29        0.5898
                         YRSUS_C3           <10_Years                  1     -0.0584      0.2697     -0.5870      0.4702          0.05        0.8286
                         YRSUS_C3           US_BORN                    0      0.0000      0.0000      0.0000      0.0000           .           .    
                         CURRENT_SMOKER     YES                        1      0.5932      0.3034     -0.0014      1.1878          3.82        0.0505
                         CURRENT_SMOKER     NO                         0      0.0000      0.0000      0.0000      0.0000           .           .    
                         HEI2010_C3         HIGH                       1     -0.0306      0.2182     -0.4583      0.3970          0.02        0.8883
                         HEI2010_C3         MEDIUM                     1      0.0328      0.2162     -0.3910      0.4567          0.02        0.8794
                         HEI2010_C3         LOW                        0      0.0000      0.0000      0.0000      0.0000           .           .    
                         ALCOHOL_USE        CURRENT                    1     -0.1724      0.2301     -0.6234      0.2786          0.56        0.4538
                         ALCOHOL_USE        FORMER                     1     -0.0499      0.2433     -0.5268      0.4270          0.04        0.8375
                         ALCOHOL_USE        NEVER                      0      0.0000      0.0000      0.0000      0.0000           .           .    
                         PAG2008YN          NO                         1      0.1722      0.1825     -0.1855      0.5299          0.89        0.3453
                         PAG2008YN          YES                        0      0.0000      0.0000      0.0000      0.0000           .           .    
                         SLPDUR                                        1      0.1356      0.0617      0.0148      0.2565          4.84        0.0278
                         CESD10             DEPRE                      1      0.0740      0.2195     -0.3561      0.5041          0.11        0.7360
                         CESD10             NODEPRE                    0      0.0000      0.0000      0.0000      0.0000           .           .    
                         STAI10             ANX                        1      0.0399      0.1998     -0.3517      0.4314          0.04        0.8417
                         STAI10             NOANX                      0      0.0000      0.0000      0.0000      0.0000           .           .    
                         CHILD_PRS_BMI_A                               1      1.1268      0.2258      0.6842      1.5693         24.90        <.0001
                         Scale                                         1      1.1503      0.0540      1.0492      1.2611                            

NOTE: The scale parameter was estimated by maximum likelihood.
                                                                           Model 4: Model 3 + PRS

---------------------------------------------------------------------------- Imputation Number=7 ----------------------------------------------------------------------------

                                                                            The GENMOD Procedure

                                                                     LR Statistics For Type 3 Analysis
 
                                                                                             Chi-
                                                             Source                 DF     Square    Pr > ChiSq

                                                             CENTERNUM               3       3.63        0.3037
                                                             YRS_BTWN_V1FLOR         1       0.01        0.9055
                                                             AGE                     1       2.58        0.1079
                                                             BKGRD1_C7NOMISS         6      11.53        0.0732
                                                             N_HC                    1       0.30        0.5810
                                                             EDUCATION_C3            2       1.91        0.3857
                                                             PARITY_V1               1       1.92        0.1657
                                                             EMPLOYEDYN              1       0.74        0.3900
                                                             MARITAL_STATUS          2       6.22        0.0447
                                                             YRSUS_C3                2       1.20        0.5487
                                                             CURRENT_SMOKER          1       3.79        0.0515
                                                             HEI2010_C3              2       0.10        0.9533
                                                             ALCOHOL_USE             2       0.70        0.7039
                                                             PAG2008YN               1       0.89        0.3458
                                                             SLPDUR                  1       4.79        0.0287
                                                             CESD10                  1       0.11        0.7360
                                                             STAI10                  1       0.04        0.8417
                                                             CHILD_PRS_BMI_A         1      23.63        <.0001
                                                                           Model 4: Model 3 + PRS

---------------------------------------------------------------------------- Imputation Number=8 ----------------------------------------------------------------------------

                                                                            The GENMOD Procedure

                                                                              Model Information

                                            Data Set              DATA.HC338353_IMPUTED_DATA_12NOV25                             
                                            Distribution                                      Normal                             
                                            Link Function                                   Identity                             
                                            Dependent Variable                                  BMIZ    Body Mass Index for age  
                                                                                                        Z-Score - CDC (Child)    


                                                                   Number of Observations Read         227
                                                                   Number of Observations Used         227


                                                                           Class Level Information
 
                                              Class                Levels    Values

                                              CENTERNUM                 4    CHICAGO MIAMI SAN DIEGO BRONX                     
                                              BKGRD1_C7NOMISS           7    BK_OTHER CUBAN C_AMERICAN DOMINICAN P_RICAN SOUTH 
                                                                             MEXICAN                                           
                                              MARITAL_STATUS            3    COHABITING SEPARATED SINGLE                       
                                              EMPLOYEDYN                2    EMPLOYED NOT_EMPLOYED                             
                                              EDUCATION_C3              3    AT_MOST_HIGHSCHOOL_GED G_HIGHSCHOOL               
                                                                             N_HIGHSCHOOL_GED                                  
                                              N_HC                      2    YES NO                                            
                                              YRSUS_C3                  3    10+_Years <10_Years US_BORN                       
                                              CURRENT_SMOKER            2    YES NO                                            
                                              ALCOHOL_USE               3    CURRENT FORMER NEVER                              
                                              PAG2008YN                 2    NO YES                                            
                                              HEI2010_C3                3    HIGH MEDIUM LOW                                   
                                              CESD10                    2    DEPRE NODEPRE                                     
                                              STAI10                    2    ANX NOANX                                         


                                                                   Criteria For Assessing Goodness Of Fit
 
                                                      Criterion                     DF           Value        Value/DF

                                                      Deviance                     196        296.8361          1.5145
                                                      Scaled Deviance              196        227.0000          1.1582
                                                      Pearson Chi-Square           196        296.8361          1.5145
                                                      Scaled Pearson X2            196        227.0000          1.1582
                                                      Log Likelihood                         -352.5431                
                                                      Full Log Likelihood                    -352.5431                
                                                      AIC (smaller is better)                 769.0863                
                                                      AICC (smaller is better)                779.9729                
                                                      BIC (smaller is better)                 878.6847                


                                                 Algorithm converged.                                                       
                                                                           Model 4: Model 3 + PRS

---------------------------------------------------------------------------- Imputation Number=8 ----------------------------------------------------------------------------

                                                                            The GENMOD Procedure

                                                             Analysis Of Maximum Likelihood Parameter Estimates
 
                                                                                        Standard     Wald 95% Confidence          Wald
                         Parameter                                    DF    Estimate       Error           Limits           Chi-Square    Pr > ChiSq

                         Intercept                                     1     -1.9850      1.2632     -4.4609      0.4908          2.47        0.1161
                         CENTERNUM          CHICAGO                    1      0.4875      0.3178     -0.1354      1.1105          2.35        0.1250
                         CENTERNUM          MIAMI                      1     -0.1303      0.3887     -0.8922      0.6316          0.11        0.7375
                         CENTERNUM          SAN DIEGO                  1      0.3458      0.3593     -0.3584      1.0500          0.93        0.3358
                         CENTERNUM          BRONX                      0      0.0000      0.0000      0.0000      0.0000           .           .    
                         YRS_BTWN_V1FLOR                               1     -0.0036      0.0710     -0.1427      0.1355          0.00        0.9593
                         AGE                                           1      0.0301      0.0193     -0.0078      0.0679          2.42        0.1195
                         BKGRD1_C7NOMISS    BK_OTHER                   1     -0.8460      0.7653     -2.3461      0.6540          1.22        0.2690
                         BKGRD1_C7NOMISS    CUBAN                      1      0.9395      0.4717      0.0150      1.8640          3.97        0.0464
                         BKGRD1_C7NOMISS    C_AMERICAN                 1      0.0498      0.3439     -0.6243      0.7239          0.02        0.8849
                         BKGRD1_C7NOMISS    DOMINICAN                  1      0.8968      0.3956      0.1215      1.6721          5.14        0.0234
                         BKGRD1_C7NOMISS    P_RICAN                    1      0.1657      0.4071     -0.6322      0.9635          0.17        0.6840
                         BKGRD1_C7NOMISS    SOUTH                      1      0.4385      0.4257     -0.3957      1.2728          1.06        0.3029
                         BKGRD1_C7NOMISS    MEXICAN                    0      0.0000      0.0000      0.0000      0.0000           .           .    
                         N_HC               YES                        1      0.0314      0.1913     -0.3436      0.4064          0.03        0.8697
                         N_HC               NO                         0      0.0000      0.0000      0.0000      0.0000           .           .    
                         EDUCATION_C3       AT_MOST_HIGHSCHOOL_GED     1      0.1638      0.2135     -0.2548      0.5823          0.59        0.4431
                         EDUCATION_C3       G_HIGHSCHOOL               1     -0.0351      0.2314     -0.4887      0.4185          0.02        0.8795
                         EDUCATION_C3       N_HIGHSCHOOL_GED           0      0.0000      0.0000      0.0000      0.0000           .           .    
                         PARITY_V1                                     1      0.1287      0.0949     -0.0573      0.3148          1.84        0.1751
                         EMPLOYEDYN         EMPLOYED                   1     -0.1530      0.1755     -0.4970      0.1909          0.76        0.3832
                         EMPLOYEDYN         NOT_EMPLOYED               0      0.0000      0.0000      0.0000      0.0000           .           .    
                         MARITAL_STATUS     COHABITING                 1     -0.3475      0.1833     -0.7069      0.0118          3.59        0.0580
                         MARITAL_STATUS     SEPARATED                  1      0.3427      0.3780     -0.3982      1.0836          0.82        0.3646
                         MARITAL_STATUS     SINGLE                     0      0.0000      0.0000      0.0000      0.0000           .           .    
                         YRSUS_C3           10+_Years                  1      0.0333      0.2672     -0.4905      0.5571          0.02        0.9008
                         YRSUS_C3           <10_Years                  1     -0.1708      0.2665     -0.6932      0.3516          0.41        0.5217
                         YRSUS_C3           US_BORN                    0      0.0000      0.0000      0.0000      0.0000           .           .    
                         CURRENT_SMOKER     YES                        1      0.5699      0.3019     -0.0218      1.1616          3.56        0.0590
                         CURRENT_SMOKER     NO                         0      0.0000      0.0000      0.0000      0.0000           .           .    
                         HEI2010_C3         HIGH                       1     -0.1004      0.2181     -0.5280      0.3271          0.21        0.6452
                         HEI2010_C3         MEDIUM                     1     -0.0447      0.2140     -0.4641      0.3747          0.04        0.8345
                         HEI2010_C3         LOW                        0      0.0000      0.0000      0.0000      0.0000           .           .    
                         ALCOHOL_USE        CURRENT                    1     -0.1935      0.2316     -0.6474      0.2603          0.70        0.4033
                         ALCOHOL_USE        FORMER                     1     -0.0836      0.2437     -0.5614      0.3941          0.12        0.7315
                         ALCOHOL_USE        NEVER                      0      0.0000      0.0000      0.0000      0.0000           .           .    
                         PAG2008YN          NO                         1      0.2090      0.1803     -0.1443      0.5624          1.34        0.2463
                         PAG2008YN          YES                        0      0.0000      0.0000      0.0000      0.0000           .           .    
                         SLPDUR                                        1      0.1159      0.0633     -0.0083      0.2400          3.35        0.0673
                         CESD10             DEPRE                      1      0.1249      0.2165     -0.2995      0.5493          0.33        0.5640
                         CESD10             NODEPRE                    0      0.0000      0.0000      0.0000      0.0000           .           .    
                         STAI10             ANX                        1      0.1398      0.2004     -0.2530      0.5326          0.49        0.4853
                         STAI10             NOANX                      0      0.0000      0.0000      0.0000      0.0000           .           .    
                         CHILD_PRS_BMI_A                               1      1.2008      0.2244      0.7610      1.6406         28.64        <.0001
                         Scale                                         1      1.1435      0.0537      1.0430      1.2537                            

NOTE: The scale parameter was estimated by maximum likelihood.
                                                                           Model 4: Model 3 + PRS

---------------------------------------------------------------------------- Imputation Number=8 ----------------------------------------------------------------------------

                                                                            The GENMOD Procedure

                                                                     LR Statistics For Type 3 Analysis
 
                                                                                             Chi-
                                                             Source                 DF     Square    Pr > ChiSq

                                                             CENTERNUM               3       3.82        0.2821
                                                             YRS_BTWN_V1FLOR         1       0.00        0.9593
                                                             AGE                     1       2.41        0.1205
                                                             BKGRD1_C7NOMISS         6      13.05        0.0423
                                                             N_HC                    1       0.03        0.8697
                                                             EDUCATION_C3            2       1.11        0.5728
                                                             PARITY_V1               1       1.83        0.1760
                                                             EMPLOYEDYN              1       0.76        0.3836
                                                             MARITAL_STATUS          2       6.13        0.0467
                                                             YRSUS_C3                2       1.27        0.5307
                                                             CURRENT_SMOKER          1       3.54        0.0600
                                                             HEI2010_C3              2       0.22        0.8980
                                                             ALCOHOL_USE             2       0.78        0.6766
                                                             PAG2008YN               1       1.34        0.2470
                                                             SLPDUR                  1       3.32        0.0684
                                                             CESD10                  1       0.33        0.5642
                                                             STAI10                  1       0.49        0.4856
                                                             CHILD_PRS_BMI_A         1      26.97        <.0001
                                                                           Model 4: Model 3 + PRS

---------------------------------------------------------------------------- Imputation Number=9 ----------------------------------------------------------------------------

                                                                            The GENMOD Procedure

                                                                              Model Information

                                            Data Set              DATA.HC338353_IMPUTED_DATA_12NOV25                             
                                            Distribution                                      Normal                             
                                            Link Function                                   Identity                             
                                            Dependent Variable                                  BMIZ    Body Mass Index for age  
                                                                                                        Z-Score - CDC (Child)    


                                                                   Number of Observations Read         227
                                                                   Number of Observations Used         227


                                                                           Class Level Information
 
                                              Class                Levels    Values

                                              CENTERNUM                 4    CHICAGO MIAMI SAN DIEGO BRONX                     
                                              BKGRD1_C7NOMISS           7    BK_OTHER CUBAN C_AMERICAN DOMINICAN P_RICAN SOUTH 
                                                                             MEXICAN                                           
                                              MARITAL_STATUS            3    COHABITING SEPARATED SINGLE                       
                                              EMPLOYEDYN                2    EMPLOYED NOT_EMPLOYED                             
                                              EDUCATION_C3              3    AT_MOST_HIGHSCHOOL_GED G_HIGHSCHOOL               
                                                                             N_HIGHSCHOOL_GED                                  
                                              N_HC                      2    YES NO                                            
                                              YRSUS_C3                  3    10+_Years <10_Years US_BORN                       
                                              CURRENT_SMOKER            2    YES NO                                            
                                              ALCOHOL_USE               3    CURRENT FORMER NEVER                              
                                              PAG2008YN                 2    NO YES                                            
                                              HEI2010_C3                3    HIGH MEDIUM LOW                                   
                                              CESD10                    2    DEPRE NODEPRE                                     
                                              STAI10                    2    ANX NOANX                                         


                                                                   Criteria For Assessing Goodness Of Fit
 
                                                      Criterion                     DF           Value        Value/DF

                                                      Deviance                     196        284.3037          1.4505
                                                      Scaled Deviance              196        227.0000          1.1582
                                                      Pearson Chi-Square           196        284.3037          1.4505
                                                      Scaled Pearson X2            196        227.0000          1.1582
                                                      Log Likelihood                         -347.6471                
                                                      Full Log Likelihood                    -347.6471                
                                                      AIC (smaller is better)                 759.2942                
                                                      AICC (smaller is better)                770.1808                
                                                      BIC (smaller is better)                 868.8926                


                                                 Algorithm converged.                                                       
                                                                           Model 4: Model 3 + PRS

---------------------------------------------------------------------------- Imputation Number=9 ----------------------------------------------------------------------------

                                                                            The GENMOD Procedure

                                                             Analysis Of Maximum Likelihood Parameter Estimates
 
                                                                                        Standard     Wald 95% Confidence          Wald
                         Parameter                                    DF    Estimate       Error           Limits           Chi-Square    Pr > ChiSq

                         Intercept                                     1     -1.9954      1.2605     -4.4658      0.4751          2.51        0.1134
                         CENTERNUM          CHICAGO                    1      0.3305      0.3141     -0.2851      0.9461          1.11        0.2927
                         CENTERNUM          MIAMI                      1     -0.2263      0.3773     -0.9659      0.5133          0.36        0.5488
                         CENTERNUM          SAN DIEGO                  1      0.1530      0.3554     -0.5437      0.8497          0.19        0.6668
                         CENTERNUM          BRONX                      0      0.0000      0.0000      0.0000      0.0000           .           .    
                         YRS_BTWN_V1FLOR                               1     -0.0187      0.0694     -0.1547      0.1173          0.07        0.7874
                         AGE                                           1      0.0321      0.0187     -0.0046      0.0689          2.94        0.0866
                         BKGRD1_C7NOMISS    BK_OTHER                   1     -1.0540      0.7559     -2.5355      0.4275          1.94        0.1632
                         BKGRD1_C7NOMISS    CUBAN                      1      0.6931      0.4647     -0.2176      1.6039          2.23        0.1358
                         BKGRD1_C7NOMISS    C_AMERICAN                 1      0.0644      0.3361     -0.5943      0.7231          0.04        0.8481
                         BKGRD1_C7NOMISS    DOMINICAN                  1      0.8197      0.3827      0.0696      1.5698          4.59        0.0322
                         BKGRD1_C7NOMISS    P_RICAN                    1     -0.0390      0.4083     -0.8392      0.7613          0.01        0.9240
                         BKGRD1_C7NOMISS    SOUTH                      1      0.3317      0.4149     -0.4816      1.1449          0.64        0.4241
                         BKGRD1_C7NOMISS    MEXICAN                    0      0.0000      0.0000      0.0000      0.0000           .           .    
                         N_HC               YES                        1      0.0432      0.1879     -0.3251      0.4115          0.05        0.8182
                         N_HC               NO                         0      0.0000      0.0000      0.0000      0.0000           .           .    
                         EDUCATION_C3       AT_MOST_HIGHSCHOOL_GED     1      0.2770      0.2114     -0.1373      0.6913          1.72        0.1900
                         EDUCATION_C3       G_HIGHSCHOOL               1      0.1899      0.2339     -0.2686      0.6483          0.66        0.4170
                         EDUCATION_C3       N_HIGHSCHOOL_GED           0      0.0000      0.0000      0.0000      0.0000           .           .    
                         PARITY_V1                                     1      0.1245      0.0935     -0.0588      0.3078          1.77        0.1830
                         EMPLOYEDYN         EMPLOYED                   1     -0.1462      0.1732     -0.4856      0.1933          0.71        0.3987
                         EMPLOYEDYN         NOT_EMPLOYED               0      0.0000      0.0000      0.0000      0.0000           .           .    
                         MARITAL_STATUS     COHABITING                 1     -0.3162      0.1791     -0.6672      0.0347          3.12        0.0774
                         MARITAL_STATUS     SEPARATED                  1      0.3200      0.3696     -0.4045      1.0445          0.75        0.3866
                         MARITAL_STATUS     SINGLE                     0      0.0000      0.0000      0.0000      0.0000           .           .    
                         YRSUS_C3           10+_Years                  1     -0.0237      0.2619     -0.5371      0.4897          0.01        0.9278
                         YRSUS_C3           <10_Years                  1     -0.1982      0.2641     -0.7158      0.3194          0.56        0.4530
                         YRSUS_C3           US_BORN                    0      0.0000      0.0000      0.0000      0.0000           .           .    
                         CURRENT_SMOKER     YES                        1      0.5997      0.2959      0.0197      1.1796          4.11        0.0427
                         CURRENT_SMOKER     NO                         0      0.0000      0.0000      0.0000      0.0000           .           .    
                         HEI2010_C3         HIGH                       1     -0.1749      0.2140     -0.5943      0.2445          0.67        0.4136
                         HEI2010_C3         MEDIUM                     1     -0.1407      0.2118     -0.5558      0.2744          0.44        0.5064
                         HEI2010_C3         LOW                        0      0.0000      0.0000      0.0000      0.0000           .           .    
                         ALCOHOL_USE        CURRENT                    1     -0.1646      0.2257     -0.6071      0.2778          0.53        0.4658
                         ALCOHOL_USE        FORMER                     1     -0.0578      0.2380     -0.5243      0.4088          0.06        0.8082
                         ALCOHOL_USE        NEVER                      0      0.0000      0.0000      0.0000      0.0000           .           .    
                         PAG2008YN          NO                         1      0.4725      0.1767      0.1261      0.8189          7.15        0.0075
                         PAG2008YN          YES                        0      0.0000      0.0000      0.0000      0.0000           .           .    
                         SLPDUR                                        1      0.1258      0.0626      0.0031      0.2485          4.04        0.0446
                         CESD10             DEPRE                      1      0.0537      0.2133     -0.3644      0.4717          0.06        0.8014
                         CESD10             NODEPRE                    0      0.0000      0.0000      0.0000      0.0000           .           .    
                         STAI10             ANX                        1      0.0935      0.1976     -0.2938      0.4808          0.22        0.6362
                         STAI10             NOANX                      0      0.0000      0.0000      0.0000      0.0000           .           .    
                         CHILD_PRS_BMI_A                               1      1.2554      0.2169      0.8303      1.6804         33.51        <.0001
                         Scale                                         1      1.1191      0.0525      1.0208      1.2270                            

NOTE: The scale parameter was estimated by maximum likelihood.
                                                                           Model 4: Model 3 + PRS

---------------------------------------------------------------------------- Imputation Number=9 ----------------------------------------------------------------------------

                                                                            The GENMOD Procedure

                                                                     LR Statistics For Type 3 Analysis
 
                                                                                             Chi-
                                                             Source                 DF     Square    Pr > ChiSq

                                                             CENTERNUM               3       2.76        0.4293
                                                             YRS_BTWN_V1FLOR         1       0.07        0.7875
                                                             AGE                     1       2.92        0.0876
                                                             BKGRD1_C7NOMISS         6      11.61        0.0713
                                                             N_HC                    1       0.05        0.8182
                                                             EDUCATION_C3            2       1.71        0.4244
                                                             PARITY_V1               1       1.77        0.1839
                                                             EMPLOYEDYN              1       0.71        0.3991
                                                             MARITAL_STATUS          2       5.38        0.0678
                                                             YRSUS_C3                2       1.08        0.5820
                                                             CURRENT_SMOKER          1       4.07        0.0436
                                                             HEI2010_C3              2       0.73        0.6944
                                                             ALCOHOL_USE             2       0.63        0.7285
                                                             PAG2008YN               1       7.04        0.0080
                                                             SLPDUR                  1       4.00        0.0455
                                                             CESD10                  1       0.06        0.8014
                                                             STAI10                  1       0.22        0.6363
                                                             CHILD_PRS_BMI_A         1      31.26        <.0001
                                                                           Model 4: Model 3 + PRS

--------------------------------------------------------------------------- Imputation Number=10 ----------------------------------------------------------------------------

                                                                            The GENMOD Procedure

                                                                              Model Information

                                            Data Set              DATA.HC338353_IMPUTED_DATA_12NOV25                             
                                            Distribution                                      Normal                             
                                            Link Function                                   Identity                             
                                            Dependent Variable                                  BMIZ    Body Mass Index for age  
                                                                                                        Z-Score - CDC (Child)    


                                                                   Number of Observations Read         227
                                                                   Number of Observations Used         227


                                                                           Class Level Information
 
                                              Class                Levels    Values

                                              CENTERNUM                 4    CHICAGO MIAMI SAN DIEGO BRONX                     
                                              BKGRD1_C7NOMISS           7    BK_OTHER CUBAN C_AMERICAN DOMINICAN P_RICAN SOUTH 
                                                                             MEXICAN                                           
                                              MARITAL_STATUS            3    COHABITING SEPARATED SINGLE                       
                                              EMPLOYEDYN                2    EMPLOYED NOT_EMPLOYED                             
                                              EDUCATION_C3              3    AT_MOST_HIGHSCHOOL_GED G_HIGHSCHOOL               
                                                                             N_HIGHSCHOOL_GED                                  
                                              N_HC                      2    YES NO                                            
                                              YRSUS_C3                  3    10+_Years <10_Years US_BORN                       
                                              CURRENT_SMOKER            2    YES NO                                            
                                              ALCOHOL_USE               3    CURRENT FORMER NEVER                              
                                              PAG2008YN                 2    NO YES                                            
                                              HEI2010_C3                3    HIGH MEDIUM LOW                                   
                                              CESD10                    2    DEPRE NODEPRE                                     
                                              STAI10                    2    ANX NOANX                                         


                                                                   Criteria For Assessing Goodness Of Fit
 
                                                      Criterion                     DF           Value        Value/DF

                                                      Deviance                     196        297.4801          1.5178
                                                      Scaled Deviance              196        227.0000          1.1582
                                                      Pearson Chi-Square           196        297.4801          1.5178
                                                      Scaled Pearson X2            196        227.0000          1.1582
                                                      Log Likelihood                         -352.7891                
                                                      Full Log Likelihood                    -352.7891                
                                                      AIC (smaller is better)                 769.5783                
                                                      AICC (smaller is better)                780.4649                
                                                      BIC (smaller is better)                 879.1767                


                                                 Algorithm converged.                                                       
                                                                           Model 4: Model 3 + PRS

--------------------------------------------------------------------------- Imputation Number=10 ----------------------------------------------------------------------------

                                                                            The GENMOD Procedure

                                                             Analysis Of Maximum Likelihood Parameter Estimates
 
                                                                                        Standard     Wald 95% Confidence          Wald
                         Parameter                                    DF    Estimate       Error           Limits           Chi-Square    Pr > ChiSq

                         Intercept                                     1     -2.6342      1.2712     -5.1256     -0.1428          4.29        0.0382
                         CENTERNUM          CHICAGO                    1      0.5211      0.3230     -0.1119      1.1541          2.60        0.1066
                         CENTERNUM          MIAMI                      1      0.0234      0.3920     -0.7448      0.7917          0.00        0.9523
                         CENTERNUM          SAN DIEGO                  1      0.5123      0.3659     -0.2048      1.2294          1.96        0.1615
                         CENTERNUM          BRONX                      0      0.0000      0.0000      0.0000      0.0000           .           .    
                         YRS_BTWN_V1FLOR                               1      0.0074      0.0709     -0.1316      0.1464          0.01        0.9169
                         AGE                                           1      0.0303      0.0194     -0.0077      0.0684          2.44        0.1180
                         BKGRD1_C7NOMISS    BK_OTHER                   1     -0.5487      0.7623     -2.0427      0.9453          0.52        0.4716
                         BKGRD1_C7NOMISS    CUBAN                      1      0.9338      0.4745      0.0038      1.8638          3.87        0.0491
                         BKGRD1_C7NOMISS    C_AMERICAN                 1      0.1195      0.3440     -0.5548      0.7937          0.12        0.7284
                         BKGRD1_C7NOMISS    DOMINICAN                  1      0.9451      0.3920      0.1768      1.7134          5.81        0.0159
                         BKGRD1_C7NOMISS    P_RICAN                    1      0.3780      0.4127     -0.4309      1.1870          0.84        0.3597
                         BKGRD1_C7NOMISS    SOUTH                      1      0.4404      0.4214     -0.3856      1.2664          1.09        0.2960
                         BKGRD1_C7NOMISS    MEXICAN                    0      0.0000      0.0000      0.0000      0.0000           .           .    
                         N_HC               YES                        1      0.1103      0.1928     -0.2676      0.4883          0.33        0.5672
                         N_HC               NO                         0      0.0000      0.0000      0.0000      0.0000           .           .    
                         EDUCATION_C3       AT_MOST_HIGHSCHOOL_GED     1      0.2629      0.2172     -0.1628      0.6886          1.47        0.2260
                         EDUCATION_C3       G_HIGHSCHOOL               1      0.0078      0.2380     -0.4587      0.4743          0.00        0.9739
                         EDUCATION_C3       N_HIGHSCHOOL_GED           0      0.0000      0.0000      0.0000      0.0000           .           .    
                         PARITY_V1                                     1      0.1795      0.0964     -0.0095      0.3685          3.47        0.0627
                         EMPLOYEDYN         EMPLOYED                   1     -0.0644      0.1763     -0.4099      0.2812          0.13        0.7151
                         EMPLOYEDYN         NOT_EMPLOYED               0      0.0000      0.0000      0.0000      0.0000           .           .    
                         MARITAL_STATUS     COHABITING                 1     -0.3384      0.1841     -0.6993      0.0225          3.38        0.0661
                         MARITAL_STATUS     SEPARATED                  1      0.2771      0.3786     -0.4648      1.0191          0.54        0.4641
                         MARITAL_STATUS     SINGLE                     0      0.0000      0.0000      0.0000      0.0000           .           .    
                         YRSUS_C3           10+_Years                  1     -0.0050      0.2669     -0.5282      0.5183          0.00        0.9852
                         YRSUS_C3           <10_Years                  1     -0.1090      0.2678     -0.6338      0.4158          0.17        0.6839
                         YRSUS_C3           US_BORN                    0      0.0000      0.0000      0.0000      0.0000           .           .    
                         CURRENT_SMOKER     YES                        1      0.2975      0.3050     -0.3002      0.8953          0.95        0.3292
                         CURRENT_SMOKER     NO                         0      0.0000      0.0000      0.0000      0.0000           .           .    
                         HEI2010_C3         HIGH                       1     -0.0316      0.2166     -0.4562      0.3930          0.02        0.8841
                         HEI2010_C3         MEDIUM                     1     -0.0220      0.2134     -0.4404      0.3963          0.01        0.9179
                         HEI2010_C3         LOW                        0      0.0000      0.0000      0.0000      0.0000           .           .    
                         ALCOHOL_USE        CURRENT                    1     -0.1407      0.2323     -0.5961      0.3146          0.37        0.5447
                         ALCOHOL_USE        FORMER                     1     -0.0499      0.2432     -0.5266      0.4268          0.04        0.8376
                         ALCOHOL_USE        NEVER                      0      0.0000      0.0000      0.0000      0.0000           .           .    
                         PAG2008YN          NO                         1      0.2667      0.1810     -0.0880      0.6214          2.17        0.1406
                         PAG2008YN          YES                        0      0.0000      0.0000      0.0000      0.0000           .           .    
                         SLPDUR                                        1      0.1298      0.0636      0.0051      0.2545          4.16        0.0413
                         CESD10             DEPRE                      1      0.2226      0.2147     -0.1981      0.6434          1.08        0.2997
                         CESD10             NODEPRE                    0      0.0000      0.0000      0.0000      0.0000           .           .    
                         STAI10             ANX                        1      0.0906      0.2014     -0.3042      0.4853          0.20        0.6529
                         STAI10             NOANX                      0      0.0000      0.0000      0.0000      0.0000           .           .    
                         CHILD_PRS_BMI_A                               1      1.1648      0.2174      0.7388      1.5908         28.72        <.0001
                         Scale                                         1      1.1448      0.0537      1.0442      1.2551                            

NOTE: The scale parameter was estimated by maximum likelihood.
                                                                           Model 4: Model 3 + PRS

--------------------------------------------------------------------------- Imputation Number=10 ----------------------------------------------------------------------------

                                                                            The GENMOD Procedure

                                                                     LR Statistics For Type 3 Analysis
 
                                                                                             Chi-
                                                             Source                 DF     Square    Pr > ChiSq

                                                             CENTERNUM               3       3.48        0.3227
                                                             YRS_BTWN_V1FLOR         1       0.01        0.9169
                                                             AGE                     1       2.43        0.1190
                                                             BKGRD1_C7NOMISS         6      11.72        0.0685
                                                             N_HC                    1       0.33        0.5673
                                                             EDUCATION_C3            2       2.18        0.3364
                                                             PARITY_V1               1       3.44        0.0637
                                                             EMPLOYEDYN              1       0.13        0.7151
                                                             MARITAL_STATUS          2       5.26        0.0722
                                                             YRSUS_C3                2       0.35        0.8374
                                                             CURRENT_SMOKER          1       0.95        0.3297
                                                             HEI2010_C3              2       0.02        0.9891
                                                             ALCOHOL_USE             2       0.44        0.8038
                                                             PAG2008YN               1       2.16        0.1416
                                                             SLPDUR                  1       4.13        0.0422
                                                             CESD10                  1       1.07        0.3003
                                                             STAI10                  1       0.20        0.6530
                                                             CHILD_PRS_BMI_A         1      27.04        <.0001
                                                                           Model 4: Model 3 + PRS

------------------------------------------------------------------------------ EffectName=AGE -------------------------------------------------------------------------------

                                                                           The MIANALYZE Procedure

                                                                              Model Information

                                                               Data Set                  WORK.GENMOD_RESULTS_1
                                                               Number of Imputations     10                   


                                                                    Variance Information (10 Imputations)
 
                                                                                                       Relative       Fraction
                                             -----------------Variance-----------------                Increase        Missing       Relative
                                Parameter         Between         Within          Total       DF    in Variance    Information     Efficiency

                                Estimate      0.000004807       0.000397       0.000402    52045       0.013325       0.013188       0.998683


                                                                    Parameter Estimates (10 Imputations)
 
                                                                                                                                             t for H0:
           Parameter        Estimate      Std Error    95% Confidence Limits        DF        Minimum        Maximum         Theta0   Parameter=Theta0   Pr > |t|

           Estimate         0.017885       0.020051     -0.02142     0.057186    52045       0.014191       0.019927              0               0.89     0.3724
                                                                           Model 4: Model 3 + PRS

-------------------------------------------------------------------- EffectName=BKGRD1_C7NOMISS_BK_OTHER --------------------------------------------------------------------

                                                                           The MIANALYZE Procedure

                                                                              Model Information

                                                               Data Set                  WORK.GENMOD_RESULTS_1
                                                               Number of Imputations     10                   


                                                                    Variance Information (10 Imputations)
 
                                                                                                       Relative       Fraction
                                             -----------------Variance-----------------                Increase        Missing       Relative
                                Parameter         Between         Within          Total       DF    in Variance    Information     Efficiency

                                Estimate         0.004892       0.649463       0.654844   133286       0.008285       0.008232       0.999177


                                                                    Parameter Estimates (10 Imputations)
 
                                                                                                                                             t for H0:
           Parameter        Estimate      Std Error    95% Confidence Limits        DF        Minimum        Maximum         Theta0   Parameter=Theta0   Pr > |t|

           Estimate        -0.714548       0.809225     -2.30061     0.871517   133286      -0.887380      -0.650886              0              -0.88     0.3772
                                                                           Model 4: Model 3 + PRS

--------------------------------------------------------------------- EffectName=BKGRD1_C7NOMISS_CUBAN ----------------------------------------------------------------------

                                                                           The MIANALYZE Procedure

                                                                              Model Information

                                                               Data Set                  WORK.GENMOD_RESULTS_1
                                                               Number of Imputations     10                   


                                                                    Variance Information (10 Imputations)
 
                                                                                                       Relative       Fraction
                                             -----------------Variance-----------------                Increase        Missing       Relative
                                Parameter         Between         Within          Total       DF    in Variance    Information     Efficiency

                                Estimate         0.001133       0.232590       0.233837   316642       0.005360       0.005338       0.999467


                                                                    Parameter Estimates (10 Imputations)
 
                                                                                                                                             t for H0:
           Parameter        Estimate      Std Error    95% Confidence Limits        DF        Minimum        Maximum         Theta0   Parameter=Theta0   Pr > |t|

           Estimate         0.989457       0.483567     0.041680     1.937234   316642       0.927651       1.039857              0               2.05     0.0407
                                                                           Model 4: Model 3 + PRS

------------------------------------------------------------------- EffectName=BKGRD1_C7NOMISS_C_AMERICAN -------------------------------------------------------------------

                                                                           The MIANALYZE Procedure

                                                                              Model Information

                                                               Data Set                  WORK.GENMOD_RESULTS_1
                                                               Number of Imputations     10                   


                                                                    Variance Information (10 Imputations)
 
                                                                                                       Relative       Fraction
                                             -----------------Variance-----------------                Increase        Missing       Relative
                                Parameter         Between         Within          Total       DF    in Variance    Information     Efficiency

                                Estimate         0.000314       0.129230       0.129575   1.27E6       0.002669       0.002664       0.999734


                                                                    Parameter Estimates (10 Imputations)
 
                                                                                                                                             t for H0:
           Parameter        Estimate      Std Error    95% Confidence Limits        DF        Minimum        Maximum         Theta0   Parameter=Theta0   Pr > |t|

           Estimate         0.263116       0.359966     -0.44240     0.968637   1.27E6       0.240949       0.291225              0               0.73     0.4648
                                                                           Model 4: Model 3 + PRS

------------------------------------------------------------------- EffectName=BKGRD1_C7NOMISS_DOMINICAN --------------------------------------------------------------------

                                                                           The MIANALYZE Procedure

                                                                              Model Information

                                                               Data Set                  WORK.GENMOD_RESULTS_1
                                                               Number of Imputations     10                   


                                                                    Variance Information (10 Imputations)
 
                                                                                                       Relative       Fraction
                                             -----------------Variance-----------------                Increase        Missing       Relative
                                Parameter         Between         Within          Total       DF    in Variance    Information     Efficiency

                                Estimate         0.000637       0.171013       0.171715   539665       0.004100       0.004087       0.999591


                                                                    Parameter Estimates (10 Imputations)
 
                                                                                                                                             t for H0:
           Parameter        Estimate      Std Error    95% Confidence Limits        DF        Minimum        Maximum         Theta0   Parameter=Theta0   Pr > |t|

           Estimate         0.680932       0.414385     -0.13125     1.493113   539665       0.633232       0.711682              0               1.64     0.1003
                                                                           Model 4: Model 3 + PRS

-------------------------------------------------------------------- EffectName=BKGRD1_C7NOMISS_MEXICAN ---------------------------------------------------------------------

                                                                           The MIANALYZE Procedure

                                                                              Model Information

                                                               Data Set                  WORK.GENMOD_RESULTS_1
                                                               Number of Imputations     10                   


                                                                    Variance Information (10 Imputations)
 
                                                                                                       Relative       Fraction
                                             -----------------Variance-----------------                Increase        Missing       Relative
                                Parameter         Between         Within          Total       DF    in Variance    Information     Efficiency

                                Estimate                0              0              0        .              .              .              .


                                                                    Parameter Estimates (10 Imputations)
 
                                                                                                                                             t for H0:
           Parameter        Estimate      Std Error    95% Confidence Limits        DF        Minimum        Maximum         Theta0   Parameter=Theta0   Pr > |t|

           Estimate                0              0            .            .        .              0              0              0                .        .    
                                                                           Model 4: Model 3 + PRS

-------------------------------------------------------------------- EffectName=BKGRD1_C7NOMISS_P_RICAN ---------------------------------------------------------------------

                                                                           The MIANALYZE Procedure

                                                                              Model Information

                                                               Data Set                  WORK.GENMOD_RESULTS_1
                                                               Number of Imputations     10                   


                                                                    Variance Information (10 Imputations)
 
                                                                                                       Relative       Fraction
                                             -----------------Variance-----------------                Increase        Missing       Relative
                                Parameter         Between         Within          Total       DF    in Variance    Information     Efficiency

                                Estimate         0.001826       0.179779       0.181788    73715       0.011173       0.011076       0.998894


                                                                    Parameter Estimates (10 Imputations)
 
                                                                                                                                             t for H0:
           Parameter        Estimate      Std Error    95% Confidence Limits        DF        Minimum        Maximum         Theta0   Parameter=Theta0   Pr > |t|

           Estimate         0.331762       0.426366     -0.50391     1.167438    73715       0.266187       0.397657              0               0.78     0.4365
                                                                           Model 4: Model 3 + PRS

--------------------------------------------------------------------- EffectName=BKGRD1_C7NOMISS_SOUTH ----------------------------------------------------------------------

                                                                           The MIANALYZE Procedure

                                                                              Model Information

                                                               Data Set                  WORK.GENMOD_RESULTS_1
                                                               Number of Imputations     10                   


                                                                    Variance Information (10 Imputations)
 
                                                                                                       Relative       Fraction
                                             -----------------Variance-----------------                Increase        Missing       Relative
                                Parameter         Between         Within          Total       DF    in Variance    Information     Efficiency

                                Estimate         0.000515       0.195294       0.195861   1.07E6       0.002903       0.002897       0.999710


                                                                    Parameter Estimates (10 Imputations)
 
                                                                                                                                             t for H0:
           Parameter        Estimate      Std Error    95% Confidence Limits        DF        Minimum        Maximum         Theta0   Parameter=Theta0   Pr > |t|

           Estimate         0.478842       0.442562     -0.38856     1.346248   1.07E6       0.444534       0.514555              0               1.08     0.2793
                                                                           Model 4: Model 3 + PRS

------------------------------------------------------------------------ EffectName=CENTERNUM_BRONX -------------------------------------------------------------------------

                                                                           The MIANALYZE Procedure

                                                                              Model Information

                                                               Data Set                  WORK.GENMOD_RESULTS_1
                                                               Number of Imputations     10                   


                                                                    Variance Information (10 Imputations)
 
                                                                                                       Relative       Fraction
                                             -----------------Variance-----------------                Increase        Missing       Relative
                                Parameter         Between         Within          Total       DF    in Variance    Information     Efficiency

                                Estimate                0              0              0        .              .              .              .


                                                                    Parameter Estimates (10 Imputations)
 
                                                                                                                                             t for H0:
           Parameter        Estimate      Std Error    95% Confidence Limits        DF        Minimum        Maximum         Theta0   Parameter=Theta0   Pr > |t|

           Estimate                0              0            .            .        .              0              0              0                .        .    
                                                                           Model 4: Model 3 + PRS

----------------------------------------------------------------------- EffectName=CENTERNUM_CHICAGO ------------------------------------------------------------------------

                                                                           The MIANALYZE Procedure

                                                                              Model Information

                                                               Data Set                  WORK.GENMOD_RESULTS_1
                                                               Number of Imputations     10                   


                                                                    Variance Information (10 Imputations)
 
                                                                                                       Relative       Fraction
                                             -----------------Variance-----------------                Increase        Missing       Relative
                                Parameter         Between         Within          Total       DF    in Variance    Information     Efficiency

                                Estimate         0.000243       0.106177       0.106445   1.42E6       0.002521       0.002516       0.999748


                                                                    Parameter Estimates (10 Imputations)
 
                                                                                                                                             t for H0:
           Parameter        Estimate      Std Error    95% Confidence Limits        DF        Minimum        Maximum         Theta0   Parameter=Theta0   Pr > |t|

           Estimate         0.489354       0.326259     -0.15010     1.128810   1.42E6       0.462357       0.523006              0               1.50     0.1336
                                                                           Model 4: Model 3 + PRS

------------------------------------------------------------------------ EffectName=CENTERNUM_MIAMI -------------------------------------------------------------------------

                                                                           The MIANALYZE Procedure

                                                                              Model Information

                                                               Data Set                  WORK.GENMOD_RESULTS_1
                                                               Number of Imputations     10                   


                                                                    Variance Information (10 Imputations)
 
                                                                                                       Relative       Fraction
                                             -----------------Variance-----------------                Increase        Missing       Relative
                                Parameter         Between         Within          Total       DF    in Variance    Information     Efficiency

                                Estimate         0.000205       0.142964       0.143189   3.64E6       0.001576       0.001574       0.999843


                                                                    Parameter Estimates (10 Imputations)
 
                                                                                                                                             t for H0:
           Parameter        Estimate      Std Error    95% Confidence Limits        DF        Minimum        Maximum         Theta0   Parameter=Theta0   Pr > |t|

           Estimate        -0.299805       0.378404     -1.04146     0.441853   3.64E6      -0.327042      -0.274342              0              -0.79     0.4282
                                                                           Model 4: Model 3 + PRS

---------------------------------------------------------------------- EffectName=CENTERNUM_SAN DIEGO -----------------------------------------------------------------------

                                                                           The MIANALYZE Procedure

                                                                              Model Information

                                                               Data Set                  WORK.GENMOD_RESULTS_1
                                                               Number of Imputations     10                   


                                                                    Variance Information (10 Imputations)
 
                                                                                                       Relative       Fraction
                                             -----------------Variance-----------------                Increase        Missing       Relative
                                Parameter         Between         Within          Total       DF    in Variance    Information     Efficiency

                                Estimate         0.000601       0.131708       0.132369   361162       0.005017       0.004997       0.999501


                                                                    Parameter Estimates (10 Imputations)
 
                                                                                                                                             t for H0:
           Parameter        Estimate      Std Error    95% Confidence Limits        DF        Minimum        Maximum         Theta0   Parameter=Theta0   Pr > |t|

           Estimate         0.218667       0.363826     -0.49442     0.931754   361162       0.185068       0.263996              0               0.60     0.5478
                                                                           Model 4: Model 3 + PRS

-------------------------------------------------------------- EffectName=EDUCATION_C3_AT_MOST_HIGHSCHOOL_GED ---------------------------------------------------------------

                                                                           The MIANALYZE Procedure

                                                                              Model Information

                                                               Data Set                  WORK.GENMOD_RESULTS_1
                                                               Number of Imputations     10                   


                                                                    Variance Information (10 Imputations)
 
                                                                                                       Relative       Fraction
                                             -----------------Variance-----------------                Increase        Missing       Relative
                                Parameter         Between         Within          Total       DF    in Variance    Information     Efficiency

                                Estimate         0.000708       0.049827       0.050606    38051       0.015620       0.015431       0.998459


                                                                    Parameter Estimates (10 Imputations)
 
                                                                                                                                             t for H0:
           Parameter        Estimate      Std Error    95% Confidence Limits        DF        Minimum        Maximum         Theta0   Parameter=Theta0   Pr > |t|

           Estimate         0.087013       0.224957     -0.35391     0.527935    38051       0.034900       0.116060              0               0.39     0.6989
                                                                           Model 4: Model 3 + PRS

------------------------------------------------------------------- EffectName=EDUCATION_C3_G_HIGHSCHOOL --------------------------------------------------------------------

                                                                           The MIANALYZE Procedure

                                                                              Model Information

                                                               Data Set                  WORK.GENMOD_RESULTS_1
                                                               Number of Imputations     10                   


                                                                    Variance Information (10 Imputations)
 
                                                                                                       Relative       Fraction
                                             -----------------Variance-----------------                Increase        Missing       Relative
                                Parameter         Between         Within          Total       DF    in Variance    Information     Efficiency

                                Estimate         0.002444       0.058396       0.061084   4647.8       0.046030       0.044416       0.995578


                                                                    Parameter Estimates (10 Imputations)
 
                                                                                                                                             t for H0:
           Parameter        Estimate      Std Error    95% Confidence Limits        DF        Minimum        Maximum         Theta0   Parameter=Theta0   Pr > |t|

           Estimate        -0.269685       0.247152     -0.75422     0.214850   4647.8      -0.365342      -0.205138              0              -1.09     0.2753
                                                                           Model 4: Model 3 + PRS

----------------------------------------------------------------- EffectName=EDUCATION_C3_N_HIGHSCHOOL_GED ------------------------------------------------------------------

                                                                           The MIANALYZE Procedure

                                                                              Model Information

                                                               Data Set                  WORK.GENMOD_RESULTS_1
                                                               Number of Imputations     10                   


                                                                    Variance Information (10 Imputations)
 
                                                                                                       Relative       Fraction
                                             -----------------Variance-----------------                Increase        Missing       Relative
                                Parameter         Between         Within          Total       DF    in Variance    Information     Efficiency

                                Estimate                0              0              0        .              .              .              .


                                                                    Parameter Estimates (10 Imputations)
 
                                                                                                                                             t for H0:
           Parameter        Estimate      Std Error    95% Confidence Limits        DF        Minimum        Maximum         Theta0   Parameter=Theta0   Pr > |t|

           Estimate                0              0            .            .        .              0              0              0                .        .    
                                                                           Model 4: Model 3 + PRS

---------------------------------------------------------------------- EffectName=EMPLOYEDYN_EMPLOYED -----------------------------------------------------------------------

                                                                           The MIANALYZE Procedure

                                                                              Model Information

                                                               Data Set                  WORK.GENMOD_RESULTS_1
                                                               Number of Imputations     10                   


                                                                    Variance Information (10 Imputations)
 
                                                                                                       Relative       Fraction
                                             -----------------Variance-----------------                Increase        Missing       Relative
                                Parameter         Between         Within          Total       DF    in Variance    Information     Efficiency

                                Estimate         0.003500       0.034183       0.038033   878.51       0.112614       0.103255       0.989780


                                                                    Parameter Estimates (10 Imputations)
 
                                                                                                                                             t for H0:
           Parameter        Estimate      Std Error    95% Confidence Limits        DF        Minimum        Maximum         Theta0   Parameter=Theta0   Pr > |t|

           Estimate        -0.105514       0.195021     -0.48827     0.277246   878.51      -0.190647      -0.014765              0              -0.54     0.5886
                                                                           Model 4: Model 3 + PRS

-------------------------------------------------------------------- EffectName=EMPLOYEDYN_NOT_EMPLOYED ---------------------------------------------------------------------

                                                                           The MIANALYZE Procedure

                                                                              Model Information

                                                               Data Set                  WORK.GENMOD_RESULTS_1
                                                               Number of Imputations     10                   


                                                                    Variance Information (10 Imputations)
 
                                                                                                       Relative       Fraction
                                             -----------------Variance-----------------                Increase        Missing       Relative
                                Parameter         Between         Within          Total       DF    in Variance    Information     Efficiency

                                Estimate                0              0              0        .              .              .              .


                                                                    Parameter Estimates (10 Imputations)
 
                                                                                                                                             t for H0:
           Parameter        Estimate      Std Error    95% Confidence Limits        DF        Minimum        Maximum         Theta0   Parameter=Theta0   Pr > |t|

           Estimate                0              0            .            .        .              0              0              0                .        .    
                                                                           Model 4: Model 3 + PRS

--------------------------------------------------------------------------- EffectName=Intercept ----------------------------------------------------------------------------

                                                                           The MIANALYZE Procedure

                                                                              Model Information

                                                               Data Set                  WORK.GENMOD_RESULTS_1
                                                               Number of Imputations     10                   


                                                                    Variance Information (10 Imputations)
 
                                                                                                       Relative       Fraction
                                             -----------------Variance-----------------                Increase        Missing       Relative
                                Parameter         Between         Within          Total       DF    in Variance    Information     Efficiency

                                Estimate         0.005570       1.157645       1.163773   324650       0.005293       0.005271       0.999473


                                                                    Parameter Estimates (10 Imputations)
 
                                                                                                                                             t for H0:
           Parameter        Estimate      Std Error    95% Confidence Limits        DF        Minimum        Maximum         Theta0   Parameter=Theta0   Pr > |t|

           Estimate        -0.156984       1.078783     -2.27137     1.957400   324650      -0.262718      -0.062442              0              -0.15     0.8843
                                                                           Model 4: Model 3 + PRS

------------------------------------------------------------------- EffectName=MARITAL_STATUS_COHABITING --------------------------------------------------------------------

                                                                           The MIANALYZE Procedure

                                                                              Model Information

                                                               Data Set                  WORK.GENMOD_RESULTS_1
                                                               Number of Imputations     10                   


                                                                    Variance Information (10 Imputations)
 
                                                                                                       Relative       Fraction
                                             -----------------Variance-----------------                Increase        Missing       Relative
                                Parameter         Between         Within          Total       DF    in Variance    Information     Efficiency

                                Estimate         0.000163       0.038195       0.038374   414245       0.004683       0.004666       0.999534


                                                                    Parameter Estimates (10 Imputations)
 
                                                                                                                                             t for H0:
           Parameter        Estimate      Std Error    95% Confidence Limits        DF        Minimum        Maximum         Theta0   Parameter=Theta0   Pr > |t|

           Estimate        -0.385400       0.195892     -0.76934     -0.00146   414245      -0.401804      -0.359117              0              -1.97     0.0491
                                                                           Model 4: Model 3 + PRS

-------------------------------------------------------------------- EffectName=MARITAL_STATUS_SEPARATED --------------------------------------------------------------------

                                                                           The MIANALYZE Procedure

                                                                              Model Information

                                                               Data Set                  WORK.GENMOD_RESULTS_1
                                                               Number of Imputations     10                   


                                                                    Variance Information (10 Imputations)
 
                                                                                                       Relative       Fraction
                                             -----------------Variance-----------------                Increase        Missing       Relative
                                Parameter         Between         Within          Total       DF    in Variance    Information     Efficiency

                                Estimate         0.007140       0.161036       0.168890   4162.1       0.048769       0.046959       0.995326


                                                                    Parameter Estimates (10 Imputations)
 
                                                                                                                                             t for H0:
           Parameter        Estimate      Std Error    95% Confidence Limits        DF        Minimum        Maximum         Theta0   Parameter=Theta0   Pr > |t|

           Estimate         0.474661       0.410962     -0.33104     1.280366   4162.1       0.424156       0.712071              0               1.16     0.2482
                                                                           Model 4: Model 3 + PRS

--------------------------------------------------------------------- EffectName=MARITAL_STATUS_SINGLE ----------------------------------------------------------------------

                                                                           The MIANALYZE Procedure

                                                                              Model Information

                                                               Data Set                  WORK.GENMOD_RESULTS_1
                                                               Number of Imputations     10                   


                                                                    Variance Information (10 Imputations)
 
                                                                                                       Relative       Fraction
                                             -----------------Variance-----------------                Increase        Missing       Relative
                                Parameter         Between         Within          Total       DF    in Variance    Information     Efficiency

                                Estimate                0              0              0        .              .              .              .


                                                                    Parameter Estimates (10 Imputations)
 
                                                                                                                                             t for H0:
           Parameter        Estimate      Std Error    95% Confidence Limits        DF        Minimum        Maximum         Theta0   Parameter=Theta0   Pr > |t|

           Estimate                0              0            .            .        .              0              0              0                .        .    
                                                                           Model 4: Model 3 + PRS

---------------------------------------------------------------------------- EffectName=N_HC_NO -----------------------------------------------------------------------------

                                                                           The MIANALYZE Procedure

                                                                              Model Information

                                                               Data Set                  WORK.GENMOD_RESULTS_1
                                                               Number of Imputations     10                   


                                                                    Variance Information (10 Imputations)
 
                                                                                                       Relative       Fraction
                                             -----------------Variance-----------------                Increase        Missing       Relative
                                Parameter         Between         Within          Total       DF    in Variance    Information     Efficiency

                                Estimate                0              0              0        .              .              .              .


                                                                    Parameter Estimates (10 Imputations)
 
                                                                                                                                             t for H0:
           Parameter        Estimate      Std Error    95% Confidence Limits        DF        Minimum        Maximum         Theta0   Parameter=Theta0   Pr > |t|

           Estimate                0              0            .            .        .              0              0              0                .        .    
                                                                           Model 4: Model 3 + PRS

---------------------------------------------------------------------------- EffectName=N_HC_YES ----------------------------------------------------------------------------

                                                                           The MIANALYZE Procedure

                                                                              Model Information

                                                               Data Set                  WORK.GENMOD_RESULTS_1
                                                               Number of Imputations     10                   


                                                                    Variance Information (10 Imputations)
 
                                                                                                       Relative       Fraction
                                             -----------------Variance-----------------                Increase        Missing       Relative
                                Parameter         Between         Within          Total       DF    in Variance    Information     Efficiency

                                Estimate         0.002833       0.041076       0.044192   1810.5       0.075853       0.071530       0.992898


                                                                    Parameter Estimates (10 Imputations)
 
                                                                                                                                             t for H0:
           Parameter        Estimate      Std Error    95% Confidence Limits        DF        Minimum        Maximum         Theta0   Parameter=Theta0   Pr > |t|

           Estimate         0.137126       0.210219     -0.27517     0.549424   1810.5       0.058407       0.192551              0               0.65     0.5143
                                                                           Model 4: Model 3 + PRS

--------------------------------------------------------------------------- EffectName=PARITY_V1 ----------------------------------------------------------------------------

                                                                           The MIANALYZE Procedure

                                                                              Model Information

                                                               Data Set                  WORK.GENMOD_RESULTS_1
                                                               Number of Imputations     10                   


                                                                    Variance Information (10 Imputations)
 
                                                                                                       Relative       Fraction
                                             -----------------Variance-----------------                Increase        Missing       Relative
                                Parameter         Between         Within          Total       DF    in Variance    Information     Efficiency

                                Estimate         0.000108       0.009574       0.009692    60388       0.012359       0.012241       0.998777


                                                                    Parameter Estimates (10 Imputations)
 
                                                                                                                                             t for H0:
           Parameter        Estimate      Std Error    95% Confidence Limits        DF        Minimum        Maximum         Theta0   Parameter=Theta0   Pr > |t|

           Estimate         0.115243       0.098450     -0.07772     0.308206    60388       0.096415       0.128893              0               1.17     0.2418
                                                                           Model 4: Model 3 + PRS

----------------------------------------------------------------------------- EffectName=Scale ------------------------------------------------------------------------------

                                                                           The MIANALYZE Procedure

                                                                              Model Information

                                                               Data Set                  WORK.GENMOD_RESULTS_1
                                                               Number of Imputations     10                   


                                                                    Variance Information (10 Imputations)
 
                                                                                                       Relative       Fraction
                                             -----------------Variance-----------------                Increase        Missing       Relative
                                Parameter         Between         Within          Total       DF    in Variance    Information     Efficiency

                                Estimate      0.000010129       0.003404       0.003415   845647       0.003273       0.003265       0.999674


                                                                    Parameter Estimates (10 Imputations)
 
                                                                                                                                             t for H0:
           Parameter        Estimate      Std Error    95% Confidence Limits        DF        Minimum        Maximum         Theta0   Parameter=Theta0   Pr > |t|

           Estimate         1.243156       0.058440     1.128616     1.357696   845647       1.236900       1.247663              0              21.27     <.0001
                                                                           Model 4: Model 3 + PRS

----------------------------------------------------------------------- EffectName=YRSUS_C3_10+_Years -----------------------------------------------------------------------

                                                                           The MIANALYZE Procedure

                                                                              Model Information

                                                               Data Set                  WORK.GENMOD_RESULTS_1
                                                               Number of Imputations     10                   


                                                                    Variance Information (10 Imputations)
 
                                                                                                       Relative       Fraction
                                             -----------------Variance-----------------                Increase        Missing       Relative
                                Parameter         Between         Within          Total       DF    in Variance    Information     Efficiency

                                Estimate         0.005295       0.080551       0.086376   1979.2       0.072310       0.068375       0.993209


                                                                    Parameter Estimates (10 Imputations)
 
                                                                                                                                             t for H0:
           Parameter        Estimate      Std Error    95% Confidence Limits        DF        Minimum        Maximum         Theta0   Parameter=Theta0   Pr > |t|

           Estimate         0.109582       0.293898     -0.46680     0.685964   1979.2      -0.037926       0.212892              0               0.37     0.7093
                                                                           Model 4: Model 3 + PRS

----------------------------------------------------------------------- EffectName=YRSUS_C3_<10_Years -----------------------------------------------------------------------

                                                                           The MIANALYZE Procedure

                                                                              Model Information

                                                               Data Set                  WORK.GENMOD_RESULTS_1
                                                               Number of Imputations     10                   


                                                                    Variance Information (10 Imputations)
 
                                                                                                       Relative       Fraction
                                             -----------------Variance-----------------                Increase        Missing       Relative
                                Parameter         Between         Within          Total       DF    in Variance    Information     Efficiency

                                Estimate         0.006738       0.076725       0.084136   1159.9       0.096596       0.089656       0.991114


                                                                    Parameter Estimates (10 Imputations)
 
                                                                                                                                             t for H0:
           Parameter        Estimate      Std Error    95% Confidence Limits        DF        Minimum        Maximum         Theta0   Parameter=Theta0   Pr > |t|

           Estimate         0.085346       0.290063     -0.48376     0.654453   1159.9      -0.075020       0.200956              0               0.29     0.7686
                                                                           Model 4: Model 3 + PRS

------------------------------------------------------------------------ EffectName=YRSUS_C3_US_BORN ------------------------------------------------------------------------

                                                                           The MIANALYZE Procedure

                                                                              Model Information

                                                               Data Set                  WORK.GENMOD_RESULTS_1
                                                               Number of Imputations     10                   


                                                                    Variance Information (10 Imputations)
 
                                                                                                       Relative       Fraction
                                             -----------------Variance-----------------                Increase        Missing       Relative
                                Parameter         Between         Within          Total       DF    in Variance    Information     Efficiency

                                Estimate                0              0              0        .              .              .              .


                                                                    Parameter Estimates (10 Imputations)
 
                                                                                                                                             t for H0:
           Parameter        Estimate      Std Error    95% Confidence Limits        DF        Minimum        Maximum         Theta0   Parameter=Theta0   Pr > |t|

           Estimate                0              0            .            .        .              0              0              0                .        .    
                                                                           Model 4: Model 3 + PRS

------------------------------------------------------------------------ EffectName=YRS_BTWN_V1FLOR -------------------------------------------------------------------------

                                                                           The MIANALYZE Procedure

                                                                              Model Information

                                                               Data Set                  WORK.GENMOD_RESULTS_1
                                                               Number of Imputations     10                   


                                                                    Variance Information (10 Imputations)
 
                                                                                                       Relative       Fraction
                                             -----------------Variance-----------------                Increase        Missing       Relative
                                Parameter         Between         Within          Total       DF    in Variance    Information     Efficiency

                                Estimate      0.000012670       0.005526       0.005540   1.42E6       0.002522       0.002517       0.999748


                                                                    Parameter Estimates (10 Imputations)
 
                                                                                                                                             t for H0:
           Parameter        Estimate      Std Error    95% Confidence Limits        DF        Minimum        Maximum         Theta0   Parameter=Theta0   Pr > |t|

           Estimate         0.011265       0.074433     -0.13462     0.157151   1.42E6       0.005900       0.017587              0               0.15     0.8797
                                                                           Model 4: Model 3 + PRS

------------------------------------------------------------------------------ EffectName=AGE -------------------------------------------------------------------------------

                                                                           The MIANALYZE Procedure

                                                                              Model Information

                                                               Data Set                  WORK.GENMOD_RESULTS_2
                                                               Number of Imputations     10                   


                                                                    Variance Information (10 Imputations)
 
                                                                                                       Relative       Fraction
                                             -----------------Variance-----------------                Increase        Missing       Relative
                                Parameter         Between         Within          Total       DF    in Variance    Information     Efficiency

                                Estimate      0.000017322       0.000417       0.000436   4704.2       0.045741       0.044146       0.995605


                                                                    Parameter Estimates (10 Imputations)
 
                                                                                                                                             t for H0:
           Parameter        Estimate      Std Error    95% Confidence Limits        DF        Minimum        Maximum         Theta0   Parameter=Theta0   Pr > |t|

           Estimate         0.028265       0.020872     -0.01265     0.069184   4704.2       0.021946       0.034418              0               1.35     0.1757
                                                                           Model 4: Model 3 + PRS

---------------------------------------------------------------------- EffectName=ALCOHOL_USE_CURRENT -----------------------------------------------------------------------

                                                                           The MIANALYZE Procedure

                                                                              Model Information

                                                               Data Set                  WORK.GENMOD_RESULTS_2
                                                               Number of Imputations     10                   


                                                                    Variance Information (10 Imputations)
 
                                                                                                       Relative       Fraction
                                             -----------------Variance-----------------                Increase        Missing       Relative
                                Parameter         Between         Within          Total       DF    in Variance    Information     Efficiency

                                Estimate         0.002707       0.059475       0.062453   3959.2       0.050065       0.048159       0.995207


                                                                    Parameter Estimates (10 Imputations)
 
                                                                                                                                             t for H0:
           Parameter        Estimate      Std Error    95% Confidence Limits        DF        Minimum        Maximum         Theta0   Parameter=Theta0   Pr > |t|

           Estimate        -0.187201       0.249905     -0.67716     0.302753   3959.2      -0.301754      -0.128791              0              -0.75     0.4538
                                                                           Model 4: Model 3 + PRS

----------------------------------------------------------------------- EffectName=ALCOHOL_USE_FORMER -----------------------------------------------------------------------

                                                                           The MIANALYZE Procedure

                                                                              Model Information

                                                               Data Set                  WORK.GENMOD_RESULTS_2
                                                               Number of Imputations     10                   


                                                                    Variance Information (10 Imputations)
 
                                                                                                       Relative       Fraction
                                             -----------------Variance-----------------                Increase        Missing       Relative
                                Parameter         Between         Within          Total       DF    in Variance    Information     Efficiency

                                Estimate         0.002385       0.065793       0.068416   6122.5       0.039869       0.038655       0.996149


                                                                    Parameter Estimates (10 Imputations)
 
                                                                                                                                             t for H0:
           Parameter        Estimate      Std Error    95% Confidence Limits        DF        Minimum        Maximum         Theta0   Parameter=Theta0   Pr > |t|

           Estimate         0.005050       0.261565     -0.50771     0.517810   6122.5      -0.069885       0.090602              0               0.02     0.9846
                                                                           Model 4: Model 3 + PRS

----------------------------------------------------------------------- EffectName=ALCOHOL_USE_NEVER ------------------------------------------------------------------------

                                                                           The MIANALYZE Procedure

                                                                              Model Information

                                                               Data Set                  WORK.GENMOD_RESULTS_2
                                                               Number of Imputations     10                   


                                                                    Variance Information (10 Imputations)
 
                                                                                                       Relative       Fraction
                                             -----------------Variance-----------------                Increase        Missing       Relative
                                Parameter         Between         Within          Total       DF    in Variance    Information     Efficiency

                                Estimate                0              0              0        .              .              .              .


                                                                    Parameter Estimates (10 Imputations)
 
                                                                                                                                             t for H0:
           Parameter        Estimate      Std Error    95% Confidence Limits        DF        Minimum        Maximum         Theta0   Parameter=Theta0   Pr > |t|

           Estimate                0              0            .            .        .              0              0              0                .        .    
                                                                           Model 4: Model 3 + PRS

-------------------------------------------------------------------- EffectName=BKGRD1_C7NOMISS_BK_OTHER --------------------------------------------------------------------

                                                                           The MIANALYZE Procedure

                                                                              Model Information

                                                               Data Set                  WORK.GENMOD_RESULTS_2
                                                               Number of Imputations     10                   


                                                                    Variance Information (10 Imputations)
 
                                                                                                       Relative       Fraction
                                             -----------------Variance-----------------                Increase        Missing       Relative
                                Parameter         Between         Within          Total       DF    in Variance    Information     Efficiency

                                Estimate         0.017790       0.656931       0.676500    10756       0.029788       0.029107       0.997098


                                                                    Parameter Estimates (10 Imputations)
 
                                                                                                                                             t for H0:
           Parameter        Estimate      Std Error    95% Confidence Limits        DF        Minimum        Maximum         Theta0   Parameter=Theta0   Pr > |t|

           Estimate        -1.073481       0.822496     -2.68572     0.538763    10756      -1.235567      -0.788728              0              -1.31     0.1919
                                                                           Model 4: Model 3 + PRS

--------------------------------------------------------------------- EffectName=BKGRD1_C7NOMISS_CUBAN ----------------------------------------------------------------------

                                                                           The MIANALYZE Procedure

                                                                              Model Information

                                                               Data Set                  WORK.GENMOD_RESULTS_2
                                                               Number of Imputations     10                   


                                                                    Variance Information (10 Imputations)
 
                                                                                                       Relative       Fraction
                                             -----------------Variance-----------------                Increase        Missing       Relative
                                Parameter         Between         Within          Total       DF    in Variance    Information     Efficiency

                                Estimate         0.004667       0.247975       0.253109    21879       0.020702       0.020371       0.997967


                                                                    Parameter Estimates (10 Imputations)
 
                                                                                                                                             t for H0:
           Parameter        Estimate      Std Error    95% Confidence Limits        DF        Minimum        Maximum         Theta0   Parameter=Theta0   Pr > |t|

           Estimate         0.891622       0.503099     -0.09449     1.877733    21879       0.758622       0.974717              0               1.77     0.0764
                                                                           Model 4: Model 3 + PRS

------------------------------------------------------------------- EffectName=BKGRD1_C7NOMISS_C_AMERICAN -------------------------------------------------------------------

                                                                           The MIANALYZE Procedure

                                                                              Model Information

                                                               Data Set                  WORK.GENMOD_RESULTS_2
                                                               Number of Imputations     10                   


                                                                    Variance Information (10 Imputations)
 
                                                                                                       Relative       Fraction
                                             -----------------Variance-----------------                Increase        Missing       Relative
                                Parameter         Between         Within          Total       DF    in Variance    Information     Efficiency

                                Estimate         0.000484       0.132095       0.132627   559059       0.004028       0.004016       0.999599


                                                                    Parameter Estimates (10 Imputations)
 
                                                                                                                                             t for H0:
           Parameter        Estimate      Std Error    95% Confidence Limits        DF        Minimum        Maximum         Theta0   Parameter=Theta0   Pr > |t|

           Estimate         0.325888       0.364180     -0.38789     1.039669   559059       0.287813       0.352453              0               0.89     0.3709
                                                                           Model 4: Model 3 + PRS

------------------------------------------------------------------- EffectName=BKGRD1_C7NOMISS_DOMINICAN --------------------------------------------------------------------

                                                                           The MIANALYZE Procedure

                                                                              Model Information

                                                               Data Set                  WORK.GENMOD_RESULTS_2
                                                               Number of Imputations     10                   


                                                                    Variance Information (10 Imputations)
 
                                                                                                       Relative       Fraction
                                             -----------------Variance-----------------                Increase        Missing       Relative
                                Parameter         Between         Within          Total       DF    in Variance    Information     Efficiency

                                Estimate         0.000661       0.171230       0.171958   503025       0.004248       0.004234       0.999577


                                                                    Parameter Estimates (10 Imputations)
 
                                                                                                                                             t for H0:
           Parameter        Estimate      Std Error    95% Confidence Limits        DF        Minimum        Maximum         Theta0   Parameter=Theta0   Pr > |t|

           Estimate         0.633884       0.414678     -0.17887     1.446639   503025       0.599279       0.674886              0               1.53     0.1264
                                                                           Model 4: Model 3 + PRS

-------------------------------------------------------------------- EffectName=BKGRD1_C7NOMISS_MEXICAN ---------------------------------------------------------------------

                                                                           The MIANALYZE Procedure

                                                                              Model Information

                                                               Data Set                  WORK.GENMOD_RESULTS_2
                                                               Number of Imputations     10                   


                                                                    Variance Information (10 Imputations)
 
                                                                                                       Relative       Fraction
                                             -----------------Variance-----------------                Increase        Missing       Relative
                                Parameter         Between         Within          Total       DF    in Variance    Information     Efficiency

                                Estimate                0              0              0        .              .              .              .


                                                                    Parameter Estimates (10 Imputations)
 
                                                                                                                                             t for H0:
           Parameter        Estimate      Std Error    95% Confidence Limits        DF        Minimum        Maximum         Theta0   Parameter=Theta0   Pr > |t|

           Estimate                0              0            .            .        .              0              0              0                .        .    
                                                                           Model 4: Model 3 + PRS

-------------------------------------------------------------------- EffectName=BKGRD1_C7NOMISS_P_RICAN ---------------------------------------------------------------------

                                                                           The MIANALYZE Procedure

                                                                              Model Information

                                                               Data Set                  WORK.GENMOD_RESULTS_2
                                                               Number of Imputations     10                   


                                                                    Variance Information (10 Imputations)
 
                                                                                                       Relative       Fraction
                                             -----------------Variance-----------------                Increase        Missing       Relative
                                Parameter         Between         Within          Total       DF    in Variance    Information     Efficiency

                                Estimate         0.006442       0.190818       0.197904   7020.3       0.037135       0.036079       0.996405


                                                                    Parameter Estimates (10 Imputations)
 
                                                                                                                                             t for H0:
           Parameter        Estimate      Std Error    95% Confidence Limits        DF        Minimum        Maximum         Theta0   Parameter=Theta0   Pr > |t|

           Estimate         0.264127       0.444864     -0.60794     1.136194   7020.3       0.078990       0.367453              0               0.59     0.5527
                                                                           Model 4: Model 3 + PRS

--------------------------------------------------------------------- EffectName=BKGRD1_C7NOMISS_SOUTH ----------------------------------------------------------------------

                                                                           The MIANALYZE Procedure

                                                                              Model Information

                                                               Data Set                  WORK.GENMOD_RESULTS_2
                                                               Number of Imputations     10                   


                                                                    Variance Information (10 Imputations)
 
                                                                                                       Relative       Fraction
                                             -----------------Variance-----------------                Increase        Missing       Relative
                                Parameter         Between         Within          Total       DF    in Variance    Information     Efficiency

                                Estimate         0.001306       0.194063       0.195499   166716       0.007402       0.007359       0.999265


                                                                    Parameter Estimates (10 Imputations)
 
                                                                                                                                             t for H0:
           Parameter        Estimate      Std Error    95% Confidence Limits        DF        Minimum        Maximum         Theta0   Parameter=Theta0   Pr > |t|

           Estimate         0.527443       0.442153     -0.33917     1.394053   166716       0.459161       0.598055              0               1.19     0.2329
                                                                           Model 4: Model 3 + PRS

------------------------------------------------------------------------ EffectName=CENTERNUM_BRONX -------------------------------------------------------------------------

                                                                           The MIANALYZE Procedure

                                                                              Model Information

                                                               Data Set                  WORK.GENMOD_RESULTS_2
                                                               Number of Imputations     10                   


                                                                    Variance Information (10 Imputations)
 
                                                                                                       Relative       Fraction
                                             -----------------Variance-----------------                Increase        Missing       Relative
                                Parameter         Between         Within          Total       DF    in Variance    Information     Efficiency

                                Estimate                0              0              0        .              .              .              .


                                                                    Parameter Estimates (10 Imputations)
 
                                                                                                                                             t for H0:
           Parameter        Estimate      Std Error    95% Confidence Limits        DF        Minimum        Maximum         Theta0   Parameter=Theta0   Pr > |t|

           Estimate                0              0            .            .        .              0              0              0                .        .    
                                                                           Model 4: Model 3 + PRS

----------------------------------------------------------------------- EffectName=CENTERNUM_CHICAGO ------------------------------------------------------------------------

                                                                           The MIANALYZE Procedure

                                                                              Model Information

                                                               Data Set                  WORK.GENMOD_RESULTS_2
                                                               Number of Imputations     10                   


                                                                    Variance Information (10 Imputations)
 
                                                                                                       Relative       Fraction
                                             -----------------Variance-----------------                Increase        Missing       Relative
                                Parameter         Between         Within          Total       DF    in Variance    Information     Efficiency

                                Estimate         0.003552       0.115649       0.119556   8427.1       0.033784       0.032909       0.996720


                                                                    Parameter Estimates (10 Imputations)
 
                                                                                                                                             t for H0:
           Parameter        Estimate      Std Error    95% Confidence Limits        DF        Minimum        Maximum         Theta0   Parameter=Theta0   Pr > |t|

           Estimate         0.408421       0.345769     -0.26937     1.086213   8427.1       0.298564       0.521125              0               1.18     0.2376
                                                                           Model 4: Model 3 + PRS

------------------------------------------------------------------------ EffectName=CENTERNUM_MIAMI -------------------------------------------------------------------------

                                                                           The MIANALYZE Procedure

                                                                              Model Information

                                                               Data Set                  WORK.GENMOD_RESULTS_2
                                                               Number of Imputations     10                   


                                                                    Variance Information (10 Imputations)
 
                                                                                                       Relative       Fraction
                                             -----------------Variance-----------------                Increase        Missing       Relative
                                Parameter         Between         Within          Total       DF    in Variance    Information     Efficiency

                                Estimate         0.003699       0.165836       0.169905    15694       0.024534       0.024071       0.997599


                                                                    Parameter Estimates (10 Imputations)
 
                                                                                                                                             t for H0:
           Parameter        Estimate      Std Error    95% Confidence Limits        DF        Minimum        Maximum         Theta0   Parameter=Theta0   Pr > |t|

           Estimate        -0.447999       0.412196     -1.25595     0.359952    15694      -0.526852      -0.319892              0              -1.09     0.2771
                                                                           Model 4: Model 3 + PRS

---------------------------------------------------------------------- EffectName=CENTERNUM_SAN DIEGO -----------------------------------------------------------------------

                                                                           The MIANALYZE Procedure

                                                                              Model Information

                                                               Data Set                  WORK.GENMOD_RESULTS_2
                                                               Number of Imputations     10                   


                                                                    Variance Information (10 Imputations)
 
                                                                                                       Relative       Fraction
                                             -----------------Variance-----------------                Increase        Missing       Relative
                                Parameter         Between         Within          Total       DF    in Variance    Information     Efficiency

                                Estimate         0.007061       0.143720       0.151487   3423.3       0.054045       0.051828       0.994844


                                                                    Parameter Estimates (10 Imputations)
 
                                                                                                                                             t for H0:
           Parameter        Estimate      Std Error    95% Confidence Limits        DF        Minimum        Maximum         Theta0   Parameter=Theta0   Pr > |t|

           Estimate         0.101234       0.389213     -0.66188     0.864348   3423.3      -0.072274       0.218163              0               0.26     0.7948
                                                                           Model 4: Model 3 + PRS

----------------------------------------------------------------------- EffectName=CURRENT_SMOKER_NO ------------------------------------------------------------------------

                                                                           The MIANALYZE Procedure

                                                                              Model Information

                                                               Data Set                  WORK.GENMOD_RESULTS_2
                                                               Number of Imputations     10                   


                                                                    Variance Information (10 Imputations)
 
                                                                                                       Relative       Fraction
                                             -----------------Variance-----------------                Increase        Missing       Relative
                                Parameter         Between         Within          Total       DF    in Variance    Information     Efficiency

                                Estimate                0              0              0        .              .              .              .


                                                                    Parameter Estimates (10 Imputations)
 
                                                                                                                                             t for H0:
           Parameter        Estimate      Std Error    95% Confidence Limits        DF        Minimum        Maximum         Theta0   Parameter=Theta0   Pr > |t|

           Estimate                0              0            .            .        .              0              0              0                .        .    
                                                                           Model 4: Model 3 + PRS

----------------------------------------------------------------------- EffectName=CURRENT_SMOKER_YES -----------------------------------------------------------------------

                                                                           The MIANALYZE Procedure

                                                                              Model Information

                                                               Data Set                  WORK.GENMOD_RESULTS_2
                                                               Number of Imputations     10                   


                                                                    Variance Information (10 Imputations)
 
                                                                                                       Relative       Fraction
                                             -----------------Variance-----------------                Increase        Missing       Relative
                                Parameter         Between         Within          Total       DF    in Variance    Information     Efficiency

                                Estimate         0.009639       0.098846       0.109449   958.93       0.107271       0.098757       0.990221


                                                                    Parameter Estimates (10 Imputations)
 
                                                                                                                                             t for H0:
           Parameter        Estimate      Std Error    95% Confidence Limits        DF        Minimum        Maximum         Theta0   Parameter=Theta0   Pr > |t|

           Estimate         0.476971       0.330831     -0.17227     1.126207   958.93       0.318987       0.571491              0               1.44     0.1497
                                                                           Model 4: Model 3 + PRS

-------------------------------------------------------------- EffectName=EDUCATION_C3_AT_MOST_HIGHSCHOOL_GED ---------------------------------------------------------------

                                                                           The MIANALYZE Procedure

                                                                              Model Information

                                                               Data Set                  WORK.GENMOD_RESULTS_2
                                                               Number of Imputations     10                   


                                                                    Variance Information (10 Imputations)
 
                                                                                                       Relative       Fraction
                                             -----------------Variance-----------------                Increase        Missing       Relative
                                Parameter         Between         Within          Total       DF    in Variance    Information     Efficiency

                                Estimate         0.001584       0.052341       0.054083     8674       0.033284       0.032435       0.996767


                                                                    Parameter Estimates (10 Imputations)
 
                                                                                                                                             t for H0:
           Parameter        Estimate      Std Error    95% Confidence Limits        DF        Minimum        Maximum         Theta0   Parameter=Theta0   Pr > |t|

           Estimate         0.146119       0.232558     -0.30975     0.601988     8674       0.061170       0.200005              0               0.63     0.5298
                                                                           Model 4: Model 3 + PRS

------------------------------------------------------------------- EffectName=EDUCATION_C3_G_HIGHSCHOOL --------------------------------------------------------------------

                                                                           The MIANALYZE Procedure

                                                                              Model Information

                                                               Data Set                  WORK.GENMOD_RESULTS_2
                                                               Number of Imputations     10                   


                                                                    Variance Information (10 Imputations)
 
                                                                                                       Relative       Fraction
                                             -----------------Variance-----------------                Increase        Missing       Relative
                                Parameter         Between         Within          Total       DF    in Variance    Information     Efficiency

                                Estimate         0.004543       0.060877       0.065874   1564.2       0.082080       0.077033       0.992356


                                                                    Parameter Estimates (10 Imputations)
 
                                                                                                                                             t for H0:
           Parameter        Estimate      Std Error    95% Confidence Limits        DF        Minimum        Maximum         Theta0   Parameter=Theta0   Pr > |t|

           Estimate        -0.157284       0.256659     -0.66071     0.346147   1564.2      -0.260506      -0.062497              0              -0.61     0.5401
                                                                           Model 4: Model 3 + PRS

----------------------------------------------------------------- EffectName=EDUCATION_C3_N_HIGHSCHOOL_GED ------------------------------------------------------------------

                                                                           The MIANALYZE Procedure

                                                                              Model Information

                                                               Data Set                  WORK.GENMOD_RESULTS_2
                                                               Number of Imputations     10                   


                                                                    Variance Information (10 Imputations)
 
                                                                                                       Relative       Fraction
                                             -----------------Variance-----------------                Increase        Missing       Relative
                                Parameter         Between         Within          Total       DF    in Variance    Information     Efficiency

                                Estimate                0              0              0        .              .              .              .


                                                                    Parameter Estimates (10 Imputations)
 
                                                                                                                                             t for H0:
           Parameter        Estimate      Std Error    95% Confidence Limits        DF        Minimum        Maximum         Theta0   Parameter=Theta0   Pr > |t|

           Estimate                0              0            .            .        .              0              0              0                .        .    
                                                                           Model 4: Model 3 + PRS

---------------------------------------------------------------------- EffectName=EMPLOYEDYN_EMPLOYED -----------------------------------------------------------------------

                                                                           The MIANALYZE Procedure

                                                                              Model Information

                                                               Data Set                  WORK.GENMOD_RESULTS_2
                                                               Number of Imputations     10                   


                                                                    Variance Information (10 Imputations)
 
                                                                                                       Relative       Fraction
                                             -----------------Variance-----------------                Increase        Missing       Relative
                                Parameter         Between         Within          Total       DF    in Variance    Information     Efficiency

                                Estimate         0.002999       0.034388       0.037688   1174.4       0.095940       0.089091       0.991170


                                                                    Parameter Estimates (10 Imputations)
 
                                                                                                                                             t for H0:
           Parameter        Estimate      Std Error    95% Confidence Limits        DF        Minimum        Maximum         Theta0   Parameter=Theta0   Pr > |t|

           Estimate        -0.061130       0.194133     -0.44202     0.319756   1174.4      -0.142778       0.014678              0              -0.31     0.7529
                                                                           Model 4: Model 3 + PRS

-------------------------------------------------------------------- EffectName=EMPLOYEDYN_NOT_EMPLOYED ---------------------------------------------------------------------

                                                                           The MIANALYZE Procedure

                                                                              Model Information

                                                               Data Set                  WORK.GENMOD_RESULTS_2
                                                               Number of Imputations     10                   


                                                                    Variance Information (10 Imputations)
 
                                                                                                       Relative       Fraction
                                             -----------------Variance-----------------                Increase        Missing       Relative
                                Parameter         Between         Within          Total       DF    in Variance    Information     Efficiency

                                Estimate                0              0              0        .              .              .              .


                                                                    Parameter Estimates (10 Imputations)
 
                                                                                                                                             t for H0:
           Parameter        Estimate      Std Error    95% Confidence Limits        DF        Minimum        Maximum         Theta0   Parameter=Theta0   Pr > |t|

           Estimate                0              0            .            .        .              0              0              0                .        .    
                                                                           Model 4: Model 3 + PRS

------------------------------------------------------------------------ EffectName=HEI2010_C3_HIGH -------------------------------------------------------------------------

                                                                           The MIANALYZE Procedure

                                                                              Model Information

                                                               Data Set                  WORK.GENMOD_RESULTS_2
                                                               Number of Imputations     10                   


                                                                    Variance Information (10 Imputations)
 
                                                                                                       Relative       Fraction
                                             -----------------Variance-----------------                Increase        Missing       Relative
                                Parameter         Between         Within          Total       DF    in Variance    Information     Efficiency

                                Estimate         0.001439       0.051856       0.053439    10253       0.030533       0.029817       0.997027


                                                                    Parameter Estimates (10 Imputations)
 
                                                                                                                                             t for H0:
           Parameter        Estimate      Std Error    95% Confidence Limits        DF        Minimum        Maximum         Theta0   Parameter=Theta0   Pr > |t|

           Estimate         0.024963       0.231168     -0.42817     0.478099    10253      -0.040867       0.092931              0               0.11     0.9140
                                                                           Model 4: Model 3 + PRS

------------------------------------------------------------------------- EffectName=HEI2010_C3_LOW -------------------------------------------------------------------------

                                                                           The MIANALYZE Procedure

                                                                              Model Information

                                                               Data Set                  WORK.GENMOD_RESULTS_2
                                                               Number of Imputations     10                   


                                                                    Variance Information (10 Imputations)
 
                                                                                                       Relative       Fraction
                                             -----------------Variance-----------------                Increase        Missing       Relative
                                Parameter         Between         Within          Total       DF    in Variance    Information     Efficiency

                                Estimate                0              0              0        .              .              .              .


                                                                    Parameter Estimates (10 Imputations)
 
                                                                                                                                             t for H0:
           Parameter        Estimate      Std Error    95% Confidence Limits        DF        Minimum        Maximum         Theta0   Parameter=Theta0   Pr > |t|

           Estimate                0              0            .            .        .              0              0              0                .        .    
                                                                           Model 4: Model 3 + PRS

----------------------------------------------------------------------- EffectName=HEI2010_C3_MEDIUM ------------------------------------------------------------------------

                                                                           The MIANALYZE Procedure

                                                                              Model Information

                                                               Data Set                  WORK.GENMOD_RESULTS_2
                                                               Number of Imputations     10                   


                                                                    Variance Information (10 Imputations)
 
                                                                                                       Relative       Fraction
                                             -----------------Variance-----------------                Increase        Missing       Relative
                                Parameter         Between         Within          Total       DF    in Variance    Information     Efficiency

                                Estimate         0.001466       0.049885       0.051497   9183.1       0.032318       0.031517       0.996858


                                                                    Parameter Estimates (10 Imputations)
 
                                                                                                                                             t for H0:
           Parameter        Estimate      Std Error    95% Confidence Limits        DF        Minimum        Maximum         Theta0   Parameter=Theta0   Pr > |t|

           Estimate         0.120818       0.226929     -0.32401     0.565648   9183.1       0.072653       0.182776              0               0.53     0.5945
                                                                           Model 4: Model 3 + PRS

--------------------------------------------------------------------------- EffectName=Intercept ----------------------------------------------------------------------------

                                                                           The MIANALYZE Procedure

                                                                              Model Information

                                                               Data Set                  WORK.GENMOD_RESULTS_2
                                                               Number of Imputations     10                   


                                                                    Variance Information (10 Imputations)
 
                                                                                                       Relative       Fraction
                                             -----------------Variance-----------------                Increase        Missing       Relative
                                Parameter         Between         Within          Total       DF    in Variance    Information     Efficiency

                                Estimate         0.085382       1.773613       1.867533   3558.5       0.052954       0.050824       0.994943


                                                                    Parameter Estimates (10 Imputations)
 
                                                                                                                                             t for H0:
           Parameter        Estimate      Std Error    95% Confidence Limits        DF        Minimum        Maximum         Theta0   Parameter=Theta0   Pr > |t|

           Estimate        -1.650001       1.366577     -4.32935     1.029352   3558.5      -2.208749      -1.323240              0              -1.21     0.2274
                                                                           Model 4: Model 3 + PRS

------------------------------------------------------------------- EffectName=MARITAL_STATUS_COHABITING --------------------------------------------------------------------

                                                                           The MIANALYZE Procedure

                                                                              Model Information

                                                               Data Set                  WORK.GENMOD_RESULTS_2
                                                               Number of Imputations     10                   


                                                                    Variance Information (10 Imputations)
 
                                                                                                       Relative       Fraction
                                             -----------------Variance-----------------                Increase        Missing       Relative
                                Parameter         Between         Within          Total       DF    in Variance    Information     Efficiency

                                Estimate         0.000308       0.037805       0.038144   113841       0.008971       0.008909       0.999110


                                                                    Parameter Estimates (10 Imputations)
 
                                                                                                                                             t for H0:
           Parameter        Estimate      Std Error    95% Confidence Limits        DF        Minimum        Maximum         Theta0   Parameter=Theta0   Pr > |t|

           Estimate        -0.355670       0.195304     -0.73846     0.027124   113841      -0.383694      -0.333366              0              -1.82     0.0686
                                                                           Model 4: Model 3 + PRS

-------------------------------------------------------------------- EffectName=MARITAL_STATUS_SEPARATED --------------------------------------------------------------------

                                                                           The MIANALYZE Procedure

                                                                              Model Information

                                                               Data Set                  WORK.GENMOD_RESULTS_2
                                                               Number of Imputations     10                   


                                                                    Variance Information (10 Imputations)
 
                                                                                                       Relative       Fraction
                                             -----------------Variance-----------------                Increase        Missing       Relative
                                Parameter         Between         Within          Total       DF    in Variance    Information     Efficiency

                                Estimate         0.005525       0.160417       0.166494   6754.2       0.037886       0.036789       0.996335


                                                                    Parameter Estimates (10 Imputations)
 
                                                                                                                                             t for H0:
           Parameter        Estimate      Std Error    95% Confidence Limits        DF        Minimum        Maximum         Theta0   Parameter=Theta0   Pr > |t|

           Estimate         0.458068       0.408037     -0.34181     1.257950   6754.2       0.400210       0.658075              0               1.12     0.2616
                                                                           Model 4: Model 3 + PRS

--------------------------------------------------------------------- EffectName=MARITAL_STATUS_SINGLE ----------------------------------------------------------------------

                                                                           The MIANALYZE Procedure

                                                                              Model Information

                                                               Data Set                  WORK.GENMOD_RESULTS_2
                                                               Number of Imputations     10                   


                                                                    Variance Information (10 Imputations)
 
                                                                                                       Relative       Fraction
                                             -----------------Variance-----------------                Increase        Missing       Relative
                                Parameter         Between         Within          Total       DF    in Variance    Information     Efficiency

                                Estimate                0              0              0        .              .              .              .


                                                                    Parameter Estimates (10 Imputations)
 
                                                                                                                                             t for H0:
           Parameter        Estimate      Std Error    95% Confidence Limits        DF        Minimum        Maximum         Theta0   Parameter=Theta0   Pr > |t|

           Estimate                0              0            .            .        .              0              0              0                .        .    
                                                                           Model 4: Model 3 + PRS

---------------------------------------------------------------------------- EffectName=N_HC_NO -----------------------------------------------------------------------------

                                                                           The MIANALYZE Procedure

                                                                              Model Information

                                                               Data Set                  WORK.GENMOD_RESULTS_2
                                                               Number of Imputations     10                   


                                                                    Variance Information (10 Imputations)
 
                                                                                                       Relative       Fraction
                                             -----------------Variance-----------------                Increase        Missing       Relative
                                Parameter         Between         Within          Total       DF    in Variance    Information     Efficiency

                                Estimate                0              0              0        .              .              .              .


                                                                    Parameter Estimates (10 Imputations)
 
                                                                                                                                             t for H0:
           Parameter        Estimate      Std Error    95% Confidence Limits        DF        Minimum        Maximum         Theta0   Parameter=Theta0   Pr > |t|

           Estimate                0              0            .            .        .              0              0              0                .        .    
                                                                           Model 4: Model 3 + PRS

---------------------------------------------------------------------------- EffectName=N_HC_YES ----------------------------------------------------------------------------

                                                                           The MIANALYZE Procedure

                                                                              Model Information

                                                               Data Set                  WORK.GENMOD_RESULTS_2
                                                               Number of Imputations     10                   


                                                                    Variance Information (10 Imputations)
 
                                                                                                       Relative       Fraction
                                             -----------------Variance-----------------                Increase        Missing       Relative
                                Parameter         Between         Within          Total       DF    in Variance    Information     Efficiency

                                Estimate         0.003194       0.041804       0.045317   1497.5       0.084039       0.078753       0.992186


                                                                    Parameter Estimates (10 Imputations)
 
                                                                                                                                             t for H0:
           Parameter        Estimate      Std Error    95% Confidence Limits        DF        Minimum        Maximum         Theta0   Parameter=Theta0   Pr > |t|

           Estimate         0.079074       0.212878     -0.33850     0.496645   1497.5       0.009011       0.160371              0               0.37     0.7104
                                                                           Model 4: Model 3 + PRS

-------------------------------------------------------------------------- EffectName=PAG2008YN_NO --------------------------------------------------------------------------

                                                                           The MIANALYZE Procedure

                                                                              Model Information

                                                               Data Set                  WORK.GENMOD_RESULTS_2
                                                               Number of Imputations     10                   


                                                                    Variance Information (10 Imputations)
 
                                                                                                       Relative       Fraction
                                             -----------------Variance-----------------                Increase        Missing       Relative
                                Parameter         Between         Within          Total       DF    in Variance    Information     Efficiency

                                Estimate         0.015294       0.035999       0.052822   88.729       0.467319       0.333344       0.967741


                                                                    Parameter Estimates (10 Imputations)
 
                                                                                                                                             t for H0:
           Parameter        Estimate      Std Error    95% Confidence Limits        DF        Minimum        Maximum         Theta0   Parameter=Theta0   Pr > |t|

           Estimate         0.266602       0.229829     -0.19008     0.723287   88.729       0.094485       0.537947              0               1.16     0.2492
                                                                           Model 4: Model 3 + PRS

------------------------------------------------------------------------- EffectName=PAG2008YN_YES --------------------------------------------------------------------------

                                                                           The MIANALYZE Procedure

                                                                              Model Information

                                                               Data Set                  WORK.GENMOD_RESULTS_2
                                                               Number of Imputations     10                   


                                                                    Variance Information (10 Imputations)
 
                                                                                                       Relative       Fraction
                                             -----------------Variance-----------------                Increase        Missing       Relative
                                Parameter         Between         Within          Total       DF    in Variance    Information     Efficiency

                                Estimate                0              0              0        .              .              .              .


                                                                    Parameter Estimates (10 Imputations)
 
                                                                                                                                             t for H0:
           Parameter        Estimate      Std Error    95% Confidence Limits        DF        Minimum        Maximum         Theta0   Parameter=Theta0   Pr > |t|

           Estimate                0              0            .            .        .              0              0              0                .        .    
                                                                           Model 4: Model 3 + PRS

--------------------------------------------------------------------------- EffectName=PARITY_V1 ----------------------------------------------------------------------------

                                                                           The MIANALYZE Procedure

                                                                              Model Information

                                                               Data Set                  WORK.GENMOD_RESULTS_2
                                                               Number of Imputations     10                   


                                                                    Variance Information (10 Imputations)
 
                                                                                                       Relative       Fraction
                                             -----------------Variance-----------------                Increase        Missing       Relative
                                Parameter         Between         Within          Total       DF    in Variance    Information     Efficiency

                                Estimate         0.000357       0.009816       0.010208   6094.7       0.039963       0.038743       0.996141


                                                                    Parameter Estimates (10 Imputations)
 
                                                                                                                                             t for H0:
           Parameter        Estimate      Std Error    95% Confidence Limits        DF        Minimum        Maximum         Theta0   Parameter=Theta0   Pr > |t|

           Estimate         0.092445       0.101035     -0.10562     0.290509   6094.7       0.070589       0.125536              0               0.91     0.3602
                                                                           Model 4: Model 3 + PRS

----------------------------------------------------------------------------- EffectName=SLPDUR -----------------------------------------------------------------------------

                                                                           The MIANALYZE Procedure

                                                                              Model Information

                                                               Data Set                  WORK.GENMOD_RESULTS_2
                                                               Number of Imputations     10                   


                                                                    Variance Information (10 Imputations)
 
                                                                                                       Relative       Fraction
                                             -----------------Variance-----------------                Increase        Missing       Relative
                                Parameter         Between         Within          Total       DF    in Variance    Information     Efficiency

                                Estimate         0.000811       0.004398       0.005290   316.47       0.202844       0.173842       0.982913


                                                                    Parameter Estimates (10 Imputations)
 
                                                                                                                                             t for H0:
           Parameter        Estimate      Std Error    95% Confidence Limits        DF        Minimum        Maximum         Theta0   Parameter=Theta0   Pr > |t|

           Estimate         0.129368       0.072730     -0.01373     0.272463   316.47       0.089307       0.171288              0               1.78     0.0762
                                                                           Model 4: Model 3 + PRS

----------------------------------------------------------------------------- EffectName=Scale ------------------------------------------------------------------------------

                                                                           The MIANALYZE Procedure

                                                                              Model Information

                                                               Data Set                  WORK.GENMOD_RESULTS_2
                                                               Number of Imputations     10                   


                                                                    Variance Information (10 Imputations)
 
                                                                                                       Relative       Fraction
                                             -----------------Variance-----------------                Increase        Missing       Relative
                                Parameter         Between         Within          Total       DF    in Variance    Information     Efficiency

                                Estimate      0.000075157       0.003267       0.003350    14774       0.025306       0.024814       0.997525


                                                                    Parameter Estimates (10 Imputations)
 
                                                                                                                                             t for H0:
           Parameter        Estimate      Std Error    95% Confidence Limits        DF        Minimum        Maximum         Theta0   Parameter=Theta0   Pr > |t|

           Estimate         1.217819       0.057875     1.104376     1.331261    14774       1.201474       1.232692              0              21.04     <.0001
                                                                           Model 4: Model 3 + PRS

----------------------------------------------------------------------- EffectName=YRSUS_C3_10+_Years -----------------------------------------------------------------------

                                                                           The MIANALYZE Procedure

                                                                              Model Information

                                                               Data Set                  WORK.GENMOD_RESULTS_2
                                                               Number of Imputations     10                   


                                                                    Variance Information (10 Imputations)
 
                                                                                                       Relative       Fraction
                                             -----------------Variance-----------------                Increase        Missing       Relative
                                Parameter         Between         Within          Total       DF    in Variance    Information     Efficiency

                                Estimate         0.004725       0.079081       0.084278   2366.6       0.065720       0.062459       0.993793


                                                                    Parameter Estimates (10 Imputations)
 
                                                                                                                                             t for H0:
           Parameter        Estimate      Std Error    95% Confidence Limits        DF        Minimum        Maximum         Theta0   Parameter=Theta0   Pr > |t|

           Estimate         0.118421       0.290307     -0.45086     0.687704   2366.6       0.009014       0.214493              0               0.41     0.6834
                                                                           Model 4: Model 3 + PRS

----------------------------------------------------------------------- EffectName=YRSUS_C3_<10_Years -----------------------------------------------------------------------

                                                                           The MIANALYZE Procedure

                                                                              Model Information

                                                               Data Set                  WORK.GENMOD_RESULTS_2
                                                               Number of Imputations     10                   


                                                                    Variance Information (10 Imputations)
 
                                                                                                       Relative       Fraction
                                             -----------------Variance-----------------                Increase        Missing       Relative
                                Parameter         Between         Within          Total       DF    in Variance    Information     Efficiency

                                Estimate         0.007553       0.077763       0.086072   965.86       0.106844       0.098395       0.990256


                                                                    Parameter Estimates (10 Imputations)
 
                                                                                                                                             t for H0:
           Parameter        Estimate      Std Error    95% Confidence Limits        DF        Minimum        Maximum         Theta0   Parameter=Theta0   Pr > |t|

           Estimate         0.034423       0.293380     -0.54131     0.610158   965.86      -0.105941       0.141404              0               0.12     0.9066
                                                                           Model 4: Model 3 + PRS

------------------------------------------------------------------------ EffectName=YRSUS_C3_US_BORN ------------------------------------------------------------------------

                                                                           The MIANALYZE Procedure

                                                                              Model Information

                                                               Data Set                  WORK.GENMOD_RESULTS_2
                                                               Number of Imputations     10                   


                                                                    Variance Information (10 Imputations)
 
                                                                                                       Relative       Fraction
                                             -----------------Variance-----------------                Increase        Missing       Relative
                                Parameter         Between         Within          Total       DF    in Variance    Information     Efficiency

                                Estimate                0              0              0        .              .              .              .


                                                                    Parameter Estimates (10 Imputations)
 
                                                                                                                                             t for H0:
           Parameter        Estimate      Std Error    95% Confidence Limits        DF        Minimum        Maximum         Theta0   Parameter=Theta0   Pr > |t|

           Estimate                0              0            .            .        .              0              0              0                .        .    
                                                                           Model 4: Model 3 + PRS

------------------------------------------------------------------------ EffectName=YRS_BTWN_V1FLOR -------------------------------------------------------------------------

                                                                           The MIANALYZE Procedure

                                                                              Model Information

                                                               Data Set                  WORK.GENMOD_RESULTS_2
                                                               Number of Imputations     10                   


                                                                    Variance Information (10 Imputations)
 
                                                                                                       Relative       Fraction
                                             -----------------Variance-----------------                Increase        Missing       Relative
                                Parameter         Between         Within          Total       DF    in Variance    Information     Efficiency

                                Estimate      0.000038490       0.005630       0.005673   161569       0.007520       0.007476       0.999253


                                                                    Parameter Estimates (10 Imputations)
 
                                                                                                                                             t for H0:
           Parameter        Estimate      Std Error    95% Confidence Limits        DF        Minimum        Maximum         Theta0   Parameter=Theta0   Pr > |t|

           Estimate         0.013688       0.075318     -0.13393     0.161309   161569       0.002864       0.024266              0               0.18     0.8558
                                                                           Model 4: Model 3 + PRS

------------------------------------------------------------------------------ EffectName=AGE -------------------------------------------------------------------------------

                                                                           The MIANALYZE Procedure

                                                                              Model Information

                                                               Data Set                  WORK.GENMOD_RESULTS_3
                                                               Number of Imputations     10                   


                                                                    Variance Information (10 Imputations)
 
                                                                                                       Relative       Fraction
                                             -----------------Variance-----------------                Increase        Missing       Relative
                                Parameter         Between         Within          Total       DF    in Variance    Information     Efficiency

                                Estimate      0.000019049       0.000416       0.000437   3916.9       0.050348       0.048421       0.995181


                                                                    Parameter Estimates (10 Imputations)
 
                                                                                                                                             t for H0:
           Parameter        Estimate      Std Error    95% Confidence Limits        DF        Minimum        Maximum         Theta0   Parameter=Theta0   Pr > |t|

           Estimate         0.027344       0.020908     -0.01365     0.068336   3916.9       0.020970       0.033487              0               1.31     0.1910
                                                                           Model 4: Model 3 + PRS

---------------------------------------------------------------------- EffectName=ALCOHOL_USE_CURRENT -----------------------------------------------------------------------

                                                                           The MIANALYZE Procedure

                                                                              Model Information

                                                               Data Set                  WORK.GENMOD_RESULTS_3
                                                               Number of Imputations     10                   


                                                                    Variance Information (10 Imputations)
 
                                                                                                       Relative       Fraction
                                             -----------------Variance-----------------                Increase        Missing       Relative
                                Parameter         Between         Within          Total       DF    in Variance    Information     Efficiency

                                Estimate         0.003018       0.059660       0.062980   3239.1       0.055645       0.053297       0.994699


                                                                    Parameter Estimates (10 Imputations)
 
                                                                                                                                             t for H0:
           Parameter        Estimate      Std Error    95% Confidence Limits        DF        Minimum        Maximum         Theta0   Parameter=Theta0   Pr > |t|

           Estimate        -0.213943       0.250957     -0.70599     0.278108   3239.1      -0.337559      -0.146538              0              -0.85     0.3940
                                                                           Model 4: Model 3 + PRS

----------------------------------------------------------------------- EffectName=ALCOHOL_USE_FORMER -----------------------------------------------------------------------

                                                                           The MIANALYZE Procedure

                                                                              Model Information

                                                               Data Set                  WORK.GENMOD_RESULTS_3
                                                               Number of Imputations     10                   


                                                                    Variance Information (10 Imputations)
 
                                                                                                       Relative       Fraction
                                             -----------------Variance-----------------                Increase        Missing       Relative
                                Parameter         Between         Within          Total       DF    in Variance    Information     Efficiency

                                Estimate         0.002772       0.066334       0.069383   4658.8       0.045973       0.044363       0.995583


                                                                    Parameter Estimates (10 Imputations)
 
                                                                                                                                             t for H0:
           Parameter        Estimate      Std Error    95% Confidence Limits        DF        Minimum        Maximum         Theta0   Parameter=Theta0   Pr > |t|

           Estimate        -0.011574       0.263407     -0.52798     0.504829   4658.8      -0.087734       0.065701              0              -0.04     0.9650
                                                                           Model 4: Model 3 + PRS

----------------------------------------------------------------------- EffectName=ALCOHOL_USE_NEVER ------------------------------------------------------------------------

                                                                           The MIANALYZE Procedure

                                                                              Model Information

                                                               Data Set                  WORK.GENMOD_RESULTS_3
                                                               Number of Imputations     10                   


                                                                    Variance Information (10 Imputations)
 
                                                                                                       Relative       Fraction
                                             -----------------Variance-----------------                Increase        Missing       Relative
                                Parameter         Between         Within          Total       DF    in Variance    Information     Efficiency

                                Estimate                0              0              0        .              .              .              .


                                                                    Parameter Estimates (10 Imputations)
 
                                                                                                                                             t for H0:
           Parameter        Estimate      Std Error    95% Confidence Limits        DF        Minimum        Maximum         Theta0   Parameter=Theta0   Pr > |t|

           Estimate                0              0            .            .        .              0              0              0                .        .    
                                                                           Model 4: Model 3 + PRS

-------------------------------------------------------------------- EffectName=BKGRD1_C7NOMISS_BK_OTHER --------------------------------------------------------------------

                                                                           The MIANALYZE Procedure

                                                                              Model Information

                                                               Data Set                  WORK.GENMOD_RESULTS_3
                                                               Number of Imputations     10                   


                                                                    Variance Information (10 Imputations)
 
                                                                                                       Relative       Fraction
                                             -----------------Variance-----------------                Increase        Missing       Relative
                                Parameter         Between         Within          Total       DF    in Variance    Information     Efficiency

                                Estimate         0.014918       0.663386       0.679796    15446       0.024736       0.024265       0.997579


                                                                    Parameter Estimates (10 Imputations)
 
                                                                                                                                             t for H0:
           Parameter        Estimate      Std Error    95% Confidence Limits        DF        Minimum        Maximum         Theta0   Parameter=Theta0   Pr > |t|

           Estimate        -1.091502       0.824497     -2.70761     0.524610    15446      -1.228413      -0.855228              0              -1.32     0.1856
                                                                           Model 4: Model 3 + PRS

--------------------------------------------------------------------- EffectName=BKGRD1_C7NOMISS_CUBAN ----------------------------------------------------------------------

                                                                           The MIANALYZE Procedure

                                                                              Model Information

                                                               Data Set                  WORK.GENMOD_RESULTS_3
                                                               Number of Imputations     10                   


                                                                    Variance Information (10 Imputations)
 
                                                                                                       Relative       Fraction
                                             -----------------Variance-----------------                Increase        Missing       Relative
                                Parameter         Between         Within          Total       DF    in Variance    Information     Efficiency

                                Estimate         0.005276       0.251779       0.257583    17727       0.023052       0.022643       0.997741


                                                                    Parameter Estimates (10 Imputations)
 
                                                                                                                                             t for H0:
           Parameter        Estimate      Std Error    95% Confidence Limits        DF        Minimum        Maximum         Theta0   Parameter=Theta0   Pr > |t|

           Estimate         0.978723       0.507526     -0.01608     1.973524    17727       0.830772       1.085505              0               1.93     0.0538
                                                                           Model 4: Model 3 + PRS

------------------------------------------------------------------- EffectName=BKGRD1_C7NOMISS_C_AMERICAN -------------------------------------------------------------------

                                                                           The MIANALYZE Procedure

                                                                              Model Information

                                                               Data Set                  WORK.GENMOD_RESULTS_3
                                                               Number of Imputations     10                   


                                                                    Variance Information (10 Imputations)
 
                                                                                                       Relative       Fraction
                                             -----------------Variance-----------------                Increase        Missing       Relative
                                Parameter         Between         Within          Total       DF    in Variance    Information     Efficiency

                                Estimate         0.000449       0.131192       0.131686   639194       0.003766       0.003755       0.999625


                                                                    Parameter Estimates (10 Imputations)
 
                                                                                                                                             t for H0:
           Parameter        Estimate      Std Error    95% Confidence Limits        DF        Minimum        Maximum         Theta0   Parameter=Theta0   Pr > |t|

           Estimate         0.330010       0.362885     -0.38123     1.041253   639194       0.288311       0.354475              0               0.91     0.3631
                                                                           Model 4: Model 3 + PRS

------------------------------------------------------------------- EffectName=BKGRD1_C7NOMISS_DOMINICAN --------------------------------------------------------------------

                                                                           The MIANALYZE Procedure

                                                                              Model Information

                                                               Data Set                  WORK.GENMOD_RESULTS_3
                                                               Number of Imputations     10                   


                                                                    Variance Information (10 Imputations)
 
                                                                                                       Relative       Fraction
                                             -----------------Variance-----------------                Increase        Missing       Relative
                                Parameter         Between         Within          Total       DF    in Variance    Information     Efficiency

                                Estimate         0.000594       0.170548       0.171202   617790       0.003831       0.003820       0.999618


                                                                    Parameter Estimates (10 Imputations)
 
                                                                                                                                             t for H0:
           Parameter        Estimate      Std Error    95% Confidence Limits        DF        Minimum        Maximum         Theta0   Parameter=Theta0   Pr > |t|

           Estimate         0.630203       0.413765     -0.18076     1.441169   617790       0.601008       0.660893              0               1.52     0.1277
                                                                           Model 4: Model 3 + PRS

-------------------------------------------------------------------- EffectName=BKGRD1_C7NOMISS_MEXICAN ---------------------------------------------------------------------

                                                                           The MIANALYZE Procedure

                                                                              Model Information

                                                               Data Set                  WORK.GENMOD_RESULTS_3
                                                               Number of Imputations     10                   


                                                                    Variance Information (10 Imputations)
 
                                                                                                       Relative       Fraction
                                             -----------------Variance-----------------                Increase        Missing       Relative
                                Parameter         Between         Within          Total       DF    in Variance    Information     Efficiency

                                Estimate                0              0              0        .              .              .              .


                                                                    Parameter Estimates (10 Imputations)
 
                                                                                                                                             t for H0:
           Parameter        Estimate      Std Error    95% Confidence Limits        DF        Minimum        Maximum         Theta0   Parameter=Theta0   Pr > |t|

           Estimate                0              0            .            .        .              0              0              0                .        .    
                                                                           Model 4: Model 3 + PRS

-------------------------------------------------------------------- EffectName=BKGRD1_C7NOMISS_P_RICAN ---------------------------------------------------------------------

                                                                           The MIANALYZE Procedure

                                                                              Model Information

                                                               Data Set                  WORK.GENMOD_RESULTS_3
                                                               Number of Imputations     10                   


                                                                    Variance Information (10 Imputations)
 
                                                                                                       Relative       Fraction
                                             -----------------Variance-----------------                Increase        Missing       Relative
                                Parameter         Between         Within          Total       DF    in Variance    Information     Efficiency

                                Estimate         0.006663       0.191205       0.198533   6604.4       0.038330       0.037207       0.996293


                                                                    Parameter Estimates (10 Imputations)
 
                                                                                                                                             t for H0:
           Parameter        Estimate      Std Error    95% Confidence Limits        DF        Minimum        Maximum         Theta0   Parameter=Theta0   Pr > |t|

           Estimate         0.295070       0.445571     -0.57839     1.168533   6604.4       0.107252       0.387609              0               0.66     0.5078
                                                                           Model 4: Model 3 + PRS

--------------------------------------------------------------------- EffectName=BKGRD1_C7NOMISS_SOUTH ----------------------------------------------------------------------

                                                                           The MIANALYZE Procedure

                                                                              Model Information

                                                               Data Set                  WORK.GENMOD_RESULTS_3
                                                               Number of Imputations     10                   


                                                                    Variance Information (10 Imputations)
 
                                                                                                       Relative       Fraction
                                             -----------------Variance-----------------                Increase        Missing       Relative
                                Parameter         Between         Within          Total       DF    in Variance    Information     Efficiency

                                Estimate         0.002313       0.199434       0.201978    56697       0.012760       0.012634       0.998738


                                                                    Parameter Estimates (10 Imputations)
 
                                                                                                                                             t for H0:
           Parameter        Estimate      Std Error    95% Confidence Limits        DF        Minimum        Maximum         Theta0   Parameter=Theta0   Pr > |t|

           Estimate         0.619058       0.449420     -0.26181     1.499924    56697       0.543491       0.709300              0               1.38     0.1684
                                                                           Model 4: Model 3 + PRS

------------------------------------------------------------------------ EffectName=CENTERNUM_BRONX -------------------------------------------------------------------------

                                                                           The MIANALYZE Procedure

                                                                              Model Information

                                                               Data Set                  WORK.GENMOD_RESULTS_3
                                                               Number of Imputations     10                   


                                                                    Variance Information (10 Imputations)
 
                                                                                                       Relative       Fraction
                                             -----------------Variance-----------------                Increase        Missing       Relative
                                Parameter         Between         Within          Total       DF    in Variance    Information     Efficiency

                                Estimate                0              0              0        .              .              .              .


                                                                    Parameter Estimates (10 Imputations)
 
                                                                                                                                             t for H0:
           Parameter        Estimate      Std Error    95% Confidence Limits        DF        Minimum        Maximum         Theta0   Parameter=Theta0   Pr > |t|

           Estimate                0              0            .            .        .              0              0              0                .        .    
                                                                           Model 4: Model 3 + PRS

----------------------------------------------------------------------- EffectName=CENTERNUM_CHICAGO ------------------------------------------------------------------------

                                                                           The MIANALYZE Procedure

                                                                              Model Information

                                                               Data Set                  WORK.GENMOD_RESULTS_3
                                                               Number of Imputations     10                   


                                                                    Variance Information (10 Imputations)
 
                                                                                                       Relative       Fraction
                                             -----------------Variance-----------------                Increase        Missing       Relative
                                Parameter         Between         Within          Total       DF    in Variance    Information     Efficiency

                                Estimate         0.003861       0.115206       0.119453   7120.6       0.036862       0.035823       0.996431


                                                                    Parameter Estimates (10 Imputations)
 
                                                                                                                                             t for H0:
           Parameter        Estimate      Std Error    95% Confidence Limits        DF        Minimum        Maximum         Theta0   Parameter=Theta0   Pr > |t|

           Estimate         0.387353       0.345619     -0.29016     1.064869   7120.6       0.278466       0.508978              0               1.12     0.2624
                                                                           Model 4: Model 3 + PRS

------------------------------------------------------------------------ EffectName=CENTERNUM_MIAMI -------------------------------------------------------------------------

                                                                           The MIANALYZE Procedure

                                                                              Model Information

                                                               Data Set                  WORK.GENMOD_RESULTS_3
                                                               Number of Imputations     10                   


                                                                    Variance Information (10 Imputations)
 
                                                                                                       Relative       Fraction
                                             -----------------Variance-----------------                Increase        Missing       Relative
                                Parameter         Between         Within          Total       DF    in Variance    Information     Efficiency

                                Estimate         0.003771       0.165149       0.169297    14991       0.025117       0.024632       0.997543


                                                                    Parameter Estimates (10 Imputations)
 
                                                                                                                                             t for H0:
           Parameter        Estimate      Std Error    95% Confidence Limits        DF        Minimum        Maximum         Theta0   Parameter=Theta0   Pr > |t|

           Estimate        -0.434895       0.411457     -1.24140     0.371612    14991      -0.512919      -0.309903              0              -1.06     0.2905
                                                                           Model 4: Model 3 + PRS

---------------------------------------------------------------------- EffectName=CENTERNUM_SAN DIEGO -----------------------------------------------------------------------

                                                                           The MIANALYZE Procedure

                                                                              Model Information

                                                               Data Set                  WORK.GENMOD_RESULTS_3
                                                               Number of Imputations     10                   


                                                                    Variance Information (10 Imputations)
 
                                                                                                       Relative       Fraction
                                             -----------------Variance-----------------                Increase        Missing       Relative
                                Parameter         Between         Within          Total       DF    in Variance    Information     Efficiency

                                Estimate         0.008007       0.143659       0.152467   2696.7       0.061313       0.058469       0.994187


                                                                    Parameter Estimates (10 Imputations)
 
                                                                                                                                             t for H0:
           Parameter        Estimate      Std Error    95% Confidence Limits        DF        Minimum        Maximum         Theta0   Parameter=Theta0   Pr > |t|

           Estimate         0.137859       0.390470     -0.62779     0.903510   2696.7      -0.046078       0.259198              0               0.35     0.7241
                                                                           Model 4: Model 3 + PRS

-------------------------------------------------------------------------- EffectName=CESD10_DEPRE --------------------------------------------------------------------------

                                                                           The MIANALYZE Procedure

                                                                              Model Information

                                                               Data Set                  WORK.GENMOD_RESULTS_3
                                                               Number of Imputations     10                   


                                                                    Variance Information (10 Imputations)
 
                                                                                                       Relative       Fraction
                                             -----------------Variance-----------------                Increase        Missing       Relative
                                Parameter         Between         Within          Total       DF    in Variance    Information     Efficiency

                                Estimate         0.006294       0.052484       0.059407   662.72       0.131907       0.119189       0.988221


                                                                    Parameter Estimates (10 Imputations)
 
                                                                                                                                             t for H0:
           Parameter        Estimate      Std Error    95% Confidence Limits        DF        Minimum        Maximum         Theta0   Parameter=Theta0   Pr > |t|

           Estimate         0.153194       0.243736     -0.32539     0.631782   662.72       0.059383       0.311614              0               0.63     0.5299
                                                                           Model 4: Model 3 + PRS

------------------------------------------------------------------------- EffectName=CESD10_NODEPRE -------------------------------------------------------------------------

                                                                           The MIANALYZE Procedure

                                                                              Model Information

                                                               Data Set                  WORK.GENMOD_RESULTS_3
                                                               Number of Imputations     10                   


                                                                    Variance Information (10 Imputations)
 
                                                                                                       Relative       Fraction
                                             -----------------Variance-----------------                Increase        Missing       Relative
                                Parameter         Between         Within          Total       DF    in Variance    Information     Efficiency

                                Estimate                0              0              0        .              .              .              .


                                                                    Parameter Estimates (10 Imputations)
 
                                                                                                                                             t for H0:
           Parameter        Estimate      Std Error    95% Confidence Limits        DF        Minimum        Maximum         Theta0   Parameter=Theta0   Pr > |t|

           Estimate                0              0            .            .        .              0              0              0                .        .    
                                                                           Model 4: Model 3 + PRS

----------------------------------------------------------------------- EffectName=CURRENT_SMOKER_NO ------------------------------------------------------------------------

                                                                           The MIANALYZE Procedure

                                                                              Model Information

                                                               Data Set                  WORK.GENMOD_RESULTS_3
                                                               Number of Imputations     10                   


                                                                    Variance Information (10 Imputations)
 
                                                                                                       Relative       Fraction
                                             -----------------Variance-----------------                Increase        Missing       Relative
                                Parameter         Between         Within          Total       DF    in Variance    Information     Efficiency

                                Estimate                0              0              0        .              .              .              .


                                                                    Parameter Estimates (10 Imputations)
 
                                                                                                                                             t for H0:
           Parameter        Estimate      Std Error    95% Confidence Limits        DF        Minimum        Maximum         Theta0   Parameter=Theta0   Pr > |t|

           Estimate                0              0            .            .        .              0              0              0                .        .    
                                                                           Model 4: Model 3 + PRS

----------------------------------------------------------------------- EffectName=CURRENT_SMOKER_YES -----------------------------------------------------------------------

                                                                           The MIANALYZE Procedure

                                                                              Model Information

                                                               Data Set                  WORK.GENMOD_RESULTS_3
                                                               Number of Imputations     10                   


                                                                    Variance Information (10 Imputations)
 
                                                                                                       Relative       Fraction
                                             -----------------Variance-----------------                Increase        Missing       Relative
                                Parameter         Between         Within          Total       DF    in Variance    Information     Efficiency

                                Estimate         0.012256       0.103077       0.116560    672.7       0.130796       0.118285       0.988310


                                                                    Parameter Estimates (10 Imputations)
 
                                                                                                                                             t for H0:
           Parameter        Estimate      Std Error    95% Confidence Limits        DF        Minimum        Maximum         Theta0   Parameter=Theta0   Pr > |t|

           Estimate         0.395062       0.341408     -0.27529     1.065416    672.7       0.215287       0.511037              0               1.16     0.2476
                                                                           Model 4: Model 3 + PRS

-------------------------------------------------------------- EffectName=EDUCATION_C3_AT_MOST_HIGHSCHOOL_GED ---------------------------------------------------------------

                                                                           The MIANALYZE Procedure

                                                                              Model Information

                                                               Data Set                  WORK.GENMOD_RESULTS_3
                                                               Number of Imputations     10                   


                                                                    Variance Information (10 Imputations)
 
                                                                                                       Relative       Fraction
                                             -----------------Variance-----------------                Increase        Missing       Relative
                                Parameter         Between         Within          Total       DF    in Variance    Information     Efficiency

                                Estimate         0.001412       0.052595       0.054148    10945       0.029523       0.028853       0.997123


                                                                    Parameter Estimates (10 Imputations)
 
                                                                                                                                             t for H0:
           Parameter        Estimate      Std Error    95% Confidence Limits        DF        Minimum        Maximum         Theta0   Parameter=Theta0   Pr > |t|

           Estimate         0.172685       0.232696     -0.28344     0.628812    10945       0.092072       0.220683              0               0.74     0.4580
                                                                           Model 4: Model 3 + PRS

------------------------------------------------------------------- EffectName=EDUCATION_C3_G_HIGHSCHOOL --------------------------------------------------------------------

                                                                           The MIANALYZE Procedure

                                                                              Model Information

                                                               Data Set                  WORK.GENMOD_RESULTS_3
                                                               Number of Imputations     10                   


                                                                    Variance Information (10 Imputations)
 
                                                                                                       Relative       Fraction
                                             -----------------Variance-----------------                Increase        Missing       Relative
                                Parameter         Between         Within          Total       DF    in Variance    Information     Efficiency

                                Estimate         0.004281       0.062810       0.067519   1850.3       0.074972       0.070747       0.992975


                                                                    Parameter Estimates (10 Imputations)
 
                                                                                                                                             t for H0:
           Parameter        Estimate      Std Error    95% Confidence Limits        DF        Minimum        Maximum         Theta0   Parameter=Theta0   Pr > |t|

           Estimate        -0.105798       0.259845     -0.61542     0.403823   1850.3      -0.198901      -0.018200              0              -0.41     0.6839
                                                                           Model 4: Model 3 + PRS

----------------------------------------------------------------- EffectName=EDUCATION_C3_N_HIGHSCHOOL_GED ------------------------------------------------------------------

                                                                           The MIANALYZE Procedure

                                                                              Model Information

                                                               Data Set                  WORK.GENMOD_RESULTS_3
                                                               Number of Imputations     10                   


                                                                    Variance Information (10 Imputations)
 
                                                                                                       Relative       Fraction
                                             -----------------Variance-----------------                Increase        Missing       Relative
                                Parameter         Between         Within          Total       DF    in Variance    Information     Efficiency

                                Estimate                0              0              0        .              .              .              .


                                                                    Parameter Estimates (10 Imputations)
 
                                                                                                                                             t for H0:
           Parameter        Estimate      Std Error    95% Confidence Limits        DF        Minimum        Maximum         Theta0   Parameter=Theta0   Pr > |t|

           Estimate                0              0            .            .        .              0              0              0                .        .    
                                                                           Model 4: Model 3 + PRS

---------------------------------------------------------------------- EffectName=EMPLOYEDYN_EMPLOYED -----------------------------------------------------------------------

                                                                           The MIANALYZE Procedure

                                                                              Model Information

                                                               Data Set                  WORK.GENMOD_RESULTS_3
                                                               Number of Imputations     10                   


                                                                    Variance Information (10 Imputations)
 
                                                                                                       Relative       Fraction
                                             -----------------Variance-----------------                Increase        Missing       Relative
                                Parameter         Between         Within          Total       DF    in Variance    Information     Efficiency

                                Estimate         0.002824       0.035008       0.038114   1355.1       0.088726       0.082848       0.991783


                                                                    Parameter Estimates (10 Imputations)
 
                                                                                                                                             t for H0:
           Parameter        Estimate      Std Error    95% Confidence Limits        DF        Minimum        Maximum         Theta0   Parameter=Theta0   Pr > |t|

           Estimate        -0.032966       0.195229     -0.41595     0.350019   1355.1      -0.101508       0.041061              0              -0.17     0.8659
                                                                           Model 4: Model 3 + PRS

-------------------------------------------------------------------- EffectName=EMPLOYEDYN_NOT_EMPLOYED ---------------------------------------------------------------------

                                                                           The MIANALYZE Procedure

                                                                              Model Information

                                                               Data Set                  WORK.GENMOD_RESULTS_3
                                                               Number of Imputations     10                   


                                                                    Variance Information (10 Imputations)
 
                                                                                                       Relative       Fraction
                                             -----------------Variance-----------------                Increase        Missing       Relative
                                Parameter         Between         Within          Total       DF    in Variance    Information     Efficiency

                                Estimate                0              0              0        .              .              .              .


                                                                    Parameter Estimates (10 Imputations)
 
                                                                                                                                             t for H0:
           Parameter        Estimate      Std Error    95% Confidence Limits        DF        Minimum        Maximum         Theta0   Parameter=Theta0   Pr > |t|

           Estimate                0              0            .            .        .              0              0              0                .        .    
                                                                           Model 4: Model 3 + PRS

------------------------------------------------------------------------ EffectName=HEI2010_C3_HIGH -------------------------------------------------------------------------

                                                                           The MIANALYZE Procedure

                                                                              Model Information

                                                               Data Set                  WORK.GENMOD_RESULTS_3
                                                               Number of Imputations     10                   


                                                                    Variance Information (10 Imputations)
 
                                                                                                       Relative       Fraction
                                             -----------------Variance-----------------                Increase        Missing       Relative
                                Parameter         Between         Within          Total       DF    in Variance    Information     Efficiency

                                Estimate         0.001009       0.052756       0.053866    21199       0.021038       0.020697       0.997935


                                                                    Parameter Estimates (10 Imputations)
 
                                                                                                                                             t for H0:
           Parameter        Estimate      Std Error    95% Confidence Limits        DF        Minimum        Maximum         Theta0   Parameter=Theta0   Pr > |t|

           Estimate         0.043398       0.232091     -0.41152     0.498313    21199      -0.018122       0.101771              0               0.19     0.8517
                                                                           Model 4: Model 3 + PRS

------------------------------------------------------------------------- EffectName=HEI2010_C3_LOW -------------------------------------------------------------------------

                                                                           The MIANALYZE Procedure

                                                                              Model Information

                                                               Data Set                  WORK.GENMOD_RESULTS_3
                                                               Number of Imputations     10                   


                                                                    Variance Information (10 Imputations)
 
                                                                                                       Relative       Fraction
                                             -----------------Variance-----------------                Increase        Missing       Relative
                                Parameter         Between         Within          Total       DF    in Variance    Information     Efficiency

                                Estimate                0              0              0        .              .              .              .


                                                                    Parameter Estimates (10 Imputations)
 
                                                                                                                                             t for H0:
           Parameter        Estimate      Std Error    95% Confidence Limits        DF        Minimum        Maximum         Theta0   Parameter=Theta0   Pr > |t|

           Estimate                0              0            .            .        .              0              0              0                .        .    
                                                                           Model 4: Model 3 + PRS

----------------------------------------------------------------------- EffectName=HEI2010_C3_MEDIUM ------------------------------------------------------------------------

                                                                           The MIANALYZE Procedure

                                                                              Model Information

                                                               Data Set                  WORK.GENMOD_RESULTS_3
                                                               Number of Imputations     10                   


                                                                    Variance Information (10 Imputations)
 
                                                                                                       Relative       Fraction
                                             -----------------Variance-----------------                Increase        Missing       Relative
                                Parameter         Between         Within          Total       DF    in Variance    Information     Efficiency

                                Estimate         0.000950       0.050250       0.051295    21696       0.020791       0.020458       0.997958


                                                                    Parameter Estimates (10 Imputations)
 
                                                                                                                                             t for H0:
           Parameter        Estimate      Std Error    95% Confidence Limits        DF        Minimum        Maximum         Theta0   Parameter=Theta0   Pr > |t|

           Estimate         0.150605       0.226484     -0.29332     0.594531    21696       0.105540       0.202046              0               0.66     0.5061
                                                                           Model 4: Model 3 + PRS

--------------------------------------------------------------------------- EffectName=Intercept ----------------------------------------------------------------------------

                                                                           The MIANALYZE Procedure

                                                                              Model Information

                                                               Data Set                  WORK.GENMOD_RESULTS_3
                                                               Number of Imputations     10                   


                                                                    Variance Information (10 Imputations)
 
                                                                                                       Relative       Fraction
                                             -----------------Variance-----------------                Increase        Missing       Relative
                                Parameter         Between         Within          Total       DF    in Variance    Information     Efficiency

                                Estimate         0.071512       1.806335       1.884998   5167.9       0.043549       0.042102       0.995807


                                                                    Parameter Estimates (10 Imputations)
 
                                                                                                                                             t for H0:
           Parameter        Estimate      Std Error    95% Confidence Limits        DF        Minimum        Maximum         Theta0   Parameter=Theta0   Pr > |t|

           Estimate        -1.896650       1.372952     -4.58822     0.794917   5167.9      -2.354475      -1.525237              0              -1.38     0.1672
                                                                           Model 4: Model 3 + PRS

------------------------------------------------------------------- EffectName=MARITAL_STATUS_COHABITING --------------------------------------------------------------------

                                                                           The MIANALYZE Procedure

                                                                              Model Information

                                                               Data Set                  WORK.GENMOD_RESULTS_3
                                                               Number of Imputations     10                   


                                                                    Variance Information (10 Imputations)
 
                                                                                                       Relative       Fraction
                                             -----------------Variance-----------------                Increase        Missing       Relative
                                Parameter         Between         Within          Total       DF    in Variance    Information     Efficiency

                                Estimate         0.000306       0.037918       0.038255   116036       0.008885       0.008824       0.999118


                                                                    Parameter Estimates (10 Imputations)
 
                                                                                                                                             t for H0:
           Parameter        Estimate      Std Error    95% Confidence Limits        DF        Minimum        Maximum         Theta0   Parameter=Theta0   Pr > |t|

           Estimate        -0.363013       0.195588     -0.74636     0.020336   116036      -0.393292      -0.338441              0              -1.86     0.0635
                                                                           Model 4: Model 3 + PRS

-------------------------------------------------------------------- EffectName=MARITAL_STATUS_SEPARATED --------------------------------------------------------------------

                                                                           The MIANALYZE Procedure

                                                                              Model Information

                                                               Data Set                  WORK.GENMOD_RESULTS_3
                                                               Number of Imputations     10                   


                                                                    Variance Information (10 Imputations)
 
                                                                                                       Relative       Fraction
                                             -----------------Variance-----------------                Increase        Missing       Relative
                                Parameter         Between         Within          Total       DF    in Variance    Information     Efficiency

                                Estimate         0.006187       0.159901       0.166707   5399.9       0.042563       0.041180       0.995899


                                                                    Parameter Estimates (10 Imputations)
 
                                                                                                                                             t for H0:
           Parameter        Estimate      Std Error    95% Confidence Limits        DF        Minimum        Maximum         Theta0   Parameter=Theta0   Pr > |t|

           Estimate         0.452675       0.408297     -0.34775     1.253102   5399.9       0.382124       0.659724              0               1.11     0.2676
                                                                           Model 4: Model 3 + PRS

--------------------------------------------------------------------- EffectName=MARITAL_STATUS_SINGLE ----------------------------------------------------------------------

                                                                           The MIANALYZE Procedure

                                                                              Model Information

                                                               Data Set                  WORK.GENMOD_RESULTS_3
                                                               Number of Imputations     10                   


                                                                    Variance Information (10 Imputations)
 
                                                                                                       Relative       Fraction
                                             -----------------Variance-----------------                Increase        Missing       Relative
                                Parameter         Between         Within          Total       DF    in Variance    Information     Efficiency

                                Estimate                0              0              0        .              .              .              .


                                                                    Parameter Estimates (10 Imputations)
 
                                                                                                                                             t for H0:
           Parameter        Estimate      Std Error    95% Confidence Limits        DF        Minimum        Maximum         Theta0   Parameter=Theta0   Pr > |t|

           Estimate                0              0            .            .        .              0              0              0                .        .    
                                                                           Model 4: Model 3 + PRS

---------------------------------------------------------------------------- EffectName=N_HC_NO -----------------------------------------------------------------------------

                                                                           The MIANALYZE Procedure

                                                                              Model Information

                                                               Data Set                  WORK.GENMOD_RESULTS_3
                                                               Number of Imputations     10                   


                                                                    Variance Information (10 Imputations)
 
                                                                                                       Relative       Fraction
                                             -----------------Variance-----------------                Increase        Missing       Relative
                                Parameter         Between         Within          Total       DF    in Variance    Information     Efficiency

                                Estimate                0              0              0        .              .              .              .


                                                                    Parameter Estimates (10 Imputations)
 
                                                                                                                                             t for H0:
           Parameter        Estimate      Std Error    95% Confidence Limits        DF        Minimum        Maximum         Theta0   Parameter=Theta0   Pr > |t|

           Estimate                0              0            .            .        .              0              0              0                .        .    
                                                                           Model 4: Model 3 + PRS

---------------------------------------------------------------------------- EffectName=N_HC_YES ----------------------------------------------------------------------------

                                                                           The MIANALYZE Procedure

                                                                              Model Information

                                                               Data Set                  WORK.GENMOD_RESULTS_3
                                                               Number of Imputations     10                   


                                                                    Variance Information (10 Imputations)
 
                                                                                                       Relative       Fraction
                                             -----------------Variance-----------------                Increase        Missing       Relative
                                Parameter         Between         Within          Total       DF    in Variance    Information     Efficiency

                                Estimate         0.003082       0.041634       0.045025   1587.3       0.081431       0.076463       0.992412


                                                                    Parameter Estimates (10 Imputations)
 
                                                                                                                                             t for H0:
           Parameter        Estimate      Std Error    95% Confidence Limits        DF        Minimum        Maximum         Theta0   Parameter=Theta0   Pr > |t|

           Estimate         0.086917       0.212190     -0.32929     0.503119   1587.3       0.020247       0.164845              0               0.41     0.6821
                                                                           Model 4: Model 3 + PRS

-------------------------------------------------------------------------- EffectName=PAG2008YN_NO --------------------------------------------------------------------------

                                                                           The MIANALYZE Procedure

                                                                              Model Information

                                                               Data Set                  WORK.GENMOD_RESULTS_3
                                                               Number of Imputations     10                   


                                                                    Variance Information (10 Imputations)
 
                                                                                                       Relative       Fraction
                                             -----------------Variance-----------------                Increase        Missing       Relative
                                Parameter         Between         Within          Total       DF    in Variance    Information     Efficiency

                                Estimate         0.016550       0.035833       0.054038   79.301       0.508037       0.353001       0.965904


                                                                    Parameter Estimates (10 Imputations)
 
                                                                                                                                             t for H0:
           Parameter        Estimate      Std Error    95% Confidence Limits        DF        Minimum        Maximum         Theta0   Parameter=Theta0   Pr > |t|

           Estimate         0.262760       0.232461     -0.19991     0.725435   79.301       0.074756       0.538945              0               1.13     0.2617
                                                                           Model 4: Model 3 + PRS

------------------------------------------------------------------------- EffectName=PAG2008YN_YES --------------------------------------------------------------------------

                                                                           The MIANALYZE Procedure

                                                                              Model Information

                                                               Data Set                  WORK.GENMOD_RESULTS_3
                                                               Number of Imputations     10                   


                                                                    Variance Information (10 Imputations)
 
                                                                                                       Relative       Fraction
                                             -----------------Variance-----------------                Increase        Missing       Relative
                                Parameter         Between         Within          Total       DF    in Variance    Information     Efficiency

                                Estimate                0              0              0        .              .              .              .


                                                                    Parameter Estimates (10 Imputations)
 
                                                                                                                                             t for H0:
           Parameter        Estimate      Std Error    95% Confidence Limits        DF        Minimum        Maximum         Theta0   Parameter=Theta0   Pr > |t|

           Estimate                0              0            .            .        .              0              0              0                .        .    
                                                                           Model 4: Model 3 + PRS

--------------------------------------------------------------------------- EffectName=PARITY_V1 ----------------------------------------------------------------------------

                                                                           The MIANALYZE Procedure

                                                                              Model Information

                                                               Data Set                  WORK.GENMOD_RESULTS_3
                                                               Number of Imputations     10                   


                                                                    Variance Information (10 Imputations)
 
                                                                                                       Relative       Fraction
                                             -----------------Variance-----------------                Increase        Missing       Relative
                                Parameter         Between         Within          Total       DF    in Variance    Information     Efficiency

                                Estimate         0.000473       0.010194       0.010715   3810.7       0.051081       0.049097       0.995114


                                                                    Parameter Estimates (10 Imputations)
 
                                                                                                                                             t for H0:
           Parameter        Estimate      Std Error    95% Confidence Limits        DF        Minimum        Maximum         Theta0   Parameter=Theta0   Pr > |t|

           Estimate         0.115584       0.103513     -0.08736     0.318530   3810.7       0.082231       0.151045              0               1.12     0.2642
                                                                           Model 4: Model 3 + PRS

----------------------------------------------------------------------------- EffectName=SLPDUR -----------------------------------------------------------------------------

                                                                           The MIANALYZE Procedure

                                                                              Model Information

                                                               Data Set                  WORK.GENMOD_RESULTS_3
                                                               Number of Imputations     10                   


                                                                    Variance Information (10 Imputations)
 
                                                                                                       Relative       Fraction
                                             -----------------Variance-----------------                Increase        Missing       Relative
                                Parameter         Between         Within          Total       DF    in Variance    Information     Efficiency

                                Estimate         0.000788       0.004478       0.005345   342.42       0.193492       0.166974       0.983577


                                                                    Parameter Estimates (10 Imputations)
 
                                                                                                                                             t for H0:
           Parameter        Estimate      Std Error    95% Confidence Limits        DF        Minimum        Maximum         Theta0   Parameter=Theta0   Pr > |t|

           Estimate         0.141219       0.073108     -0.00258     0.285016   342.42       0.100575       0.183345              0               1.93     0.0542
                                                                           Model 4: Model 3 + PRS

--------------------------------------------------------------------------- EffectName=STAI10_ANX ---------------------------------------------------------------------------

                                                                           The MIANALYZE Procedure

                                                                              Model Information

                                                               Data Set                  WORK.GENMOD_RESULTS_3
                                                               Number of Imputations     10                   


                                                                    Variance Information (10 Imputations)
 
                                                                                                       Relative       Fraction
                                             -----------------Variance-----------------                Increase        Missing       Relative
                                Parameter         Between         Within          Total       DF    in Variance    Information     Efficiency

                                Estimate         0.002790       0.045086       0.048155     2216       0.068066       0.064572       0.993584


                                                                    Parameter Estimates (10 Imputations)
 
                                                                                                                                             t for H0:
           Parameter        Estimate      Std Error    95% Confidence Limits        DF        Minimum        Maximum         Theta0   Parameter=Theta0   Pr > |t|

           Estimate         0.123247       0.219442     -0.30709     0.553581     2216       0.031862       0.209552              0               0.56     0.5744
                                                                           Model 4: Model 3 + PRS

-------------------------------------------------------------------------- EffectName=STAI10_NOANX --------------------------------------------------------------------------

                                                                           The MIANALYZE Procedure

                                                                              Model Information

                                                               Data Set                  WORK.GENMOD_RESULTS_3
                                                               Number of Imputations     10                   


                                                                    Variance Information (10 Imputations)
 
                                                                                                       Relative       Fraction
                                             -----------------Variance-----------------                Increase        Missing       Relative
                                Parameter         Between         Within          Total       DF    in Variance    Information     Efficiency

                                Estimate                0              0              0        .              .              .              .


                                                                    Parameter Estimates (10 Imputations)
 
                                                                                                                                             t for H0:
           Parameter        Estimate      Std Error    95% Confidence Limits        DF        Minimum        Maximum         Theta0   Parameter=Theta0   Pr > |t|

           Estimate                0              0            .            .        .              0              0              0                .        .    
                                                                           Model 4: Model 3 + PRS

----------------------------------------------------------------------------- EffectName=Scale ------------------------------------------------------------------------------

                                                                           The MIANALYZE Procedure

                                                                              Model Information

                                                               Data Set                  WORK.GENMOD_RESULTS_3
                                                               Number of Imputations     10                   


                                                                    Variance Information (10 Imputations)
 
                                                                                                       Relative       Fraction
                                             -----------------Variance-----------------                Increase        Missing       Relative
                                Parameter         Between         Within          Total       DF    in Variance    Information     Efficiency

                                Estimate      0.000062275       0.003244       0.003312    21044       0.021117       0.020773       0.997927


                                                                    Parameter Estimates (10 Imputations)
 
                                                                                                                                             t for H0:
           Parameter        Estimate      Std Error    95% Confidence Limits        DF        Minimum        Maximum         Theta0   Parameter=Theta0   Pr > |t|

           Estimate         1.213542       0.057554     1.100732     1.326351    21044       1.198891       1.226335              0              21.09     <.0001
                                                                           Model 4: Model 3 + PRS

----------------------------------------------------------------------- EffectName=YRSUS_C3_10+_Years -----------------------------------------------------------------------

                                                                           The MIANALYZE Procedure

                                                                              Model Information

                                                               Data Set                  WORK.GENMOD_RESULTS_3
                                                               Number of Imputations     10                   


                                                                    Variance Information (10 Imputations)
 
                                                                                                       Relative       Fraction
                                             -----------------Variance-----------------                Increase        Missing       Relative
                                Parameter         Between         Within          Total       DF    in Variance    Information     Efficiency

                                Estimate         0.004887       0.078965       0.084341   2215.3       0.068078       0.064583       0.993583


                                                                    Parameter Estimates (10 Imputations)
 
                                                                                                                                             t for H0:
           Parameter        Estimate      Std Error    95% Confidence Limits        DF        Minimum        Maximum         Theta0   Parameter=Theta0   Pr > |t|

           Estimate         0.104657       0.290415     -0.46486     0.674171   2215.3      -0.000555       0.202747              0               0.36     0.7186
                                                                           Model 4: Model 3 + PRS

----------------------------------------------------------------------- EffectName=YRSUS_C3_<10_Years -----------------------------------------------------------------------

                                                                           The MIANALYZE Procedure

                                                                              Model Information

                                                               Data Set                  WORK.GENMOD_RESULTS_3
                                                               Number of Imputations     10                   


                                                                    Variance Information (10 Imputations)
 
                                                                                                       Relative       Fraction
                                             -----------------Variance-----------------                Increase        Missing       Relative
                                Parameter         Between         Within          Total       DF    in Variance    Information     Efficiency

                                Estimate         0.008295       0.078200       0.087324   824.35       0.116680       0.106653       0.989447


                                                                    Parameter Estimates (10 Imputations)
 
                                                                                                                                             t for H0:
           Parameter        Estimate      Std Error    95% Confidence Limits        DF        Minimum        Maximum         Theta0   Parameter=Theta0   Pr > |t|

           Estimate         0.005230       0.295506     -0.57480     0.585263   824.35      -0.134695       0.119884              0               0.02     0.9859
                                                                           Model 4: Model 3 + PRS

------------------------------------------------------------------------ EffectName=YRSUS_C3_US_BORN ------------------------------------------------------------------------

                                                                           The MIANALYZE Procedure

                                                                              Model Information

                                                               Data Set                  WORK.GENMOD_RESULTS_3
                                                               Number of Imputations     10                   


                                                                    Variance Information (10 Imputations)
 
                                                                                                       Relative       Fraction
                                             -----------------Variance-----------------                Increase        Missing       Relative
                                Parameter         Between         Within          Total       DF    in Variance    Information     Efficiency

                                Estimate                0              0              0        .              .              .              .


                                                                    Parameter Estimates (10 Imputations)
 
                                                                                                                                             t for H0:
           Parameter        Estimate      Std Error    95% Confidence Limits        DF        Minimum        Maximum         Theta0   Parameter=Theta0   Pr > |t|

           Estimate                0              0            .            .        .              0              0              0                .        .    
                                                                           Model 4: Model 3 + PRS

------------------------------------------------------------------------ EffectName=YRS_BTWN_V1FLOR -------------------------------------------------------------------------

                                                                           The MIANALYZE Procedure

                                                                              Model Information

                                                               Data Set                  WORK.GENMOD_RESULTS_3
                                                               Number of Imputations     10                   


                                                                    Variance Information (10 Imputations)
 
                                                                                                       Relative       Fraction
                                             -----------------Variance-----------------                Increase        Missing       Relative
                                Parameter         Between         Within          Total       DF    in Variance    Information     Efficiency

                                Estimate      0.000039979       0.005649       0.005693   150844       0.007784       0.007737       0.999227


                                                                    Parameter Estimates (10 Imputations)
 
                                                                                                                                             t for H0:
           Parameter        Estimate      Std Error    95% Confidence Limits        DF        Minimum        Maximum         Theta0   Parameter=Theta0   Pr > |t|

           Estimate         0.015819       0.075454     -0.13207     0.163708   150844       0.006600       0.027499              0               0.21     0.8339
                                                                           Model 4: Model 3 + PRS

------------------------------------------------------------------------------ EffectName=AGE -------------------------------------------------------------------------------

                                                                           The MIANALYZE Procedure

                                                                              Model Information

                                                               Data Set                  WORK.GENMOD_RESULTS_4
                                                               Number of Imputations     10                   


                                                                    Variance Information (10 Imputations)
 
                                                                                                       Relative       Fraction
                                             -----------------Variance-----------------                Increase        Missing       Relative
                                Parameter         Between         Within          Total       DF    in Variance    Information     Efficiency

                                Estimate      0.000015350       0.000368       0.000385   4687.8       0.045824       0.044224       0.995597


                                                                    Parameter Estimates (10 Imputations)
 
                                                                                                                                             t for H0:
           Parameter        Estimate      Std Error    95% Confidence Limits        DF        Minimum        Maximum         Theta0   Parameter=Theta0   Pr > |t|

           Estimate         0.027286       0.019630     -0.01120     0.065770   4687.8       0.020386       0.032117              0               1.39     0.1646
                                                                           Model 4: Model 3 + PRS

---------------------------------------------------------------------- EffectName=ALCOHOL_USE_CURRENT -----------------------------------------------------------------------

                                                                           The MIANALYZE Procedure

                                                                              Model Information

                                                               Data Set                  WORK.GENMOD_RESULTS_4
                                                               Number of Imputations     10                   


                                                                    Variance Information (10 Imputations)
 
                                                                                                       Relative       Fraction
                                             -----------------Variance-----------------                Increase        Missing       Relative
                                Parameter         Between         Within          Total       DF    in Variance    Information     Efficiency

                                Estimate         0.002587       0.052979       0.055824   3464.4       0.053707       0.051517       0.994875


                                                                    Parameter Estimates (10 Imputations)
 
                                                                                                                                             t for H0:
           Parameter        Estimate      Std Error    95% Confidence Limits        DF        Minimum        Maximum         Theta0   Parameter=Theta0   Pr > |t|

           Estimate        -0.147283       0.236271     -0.61053     0.315961   3464.4      -0.246660      -0.081592              0              -0.62     0.5331
                                                                           Model 4: Model 3 + PRS

----------------------------------------------------------------------- EffectName=ALCOHOL_USE_FORMER -----------------------------------------------------------------------

                                                                           The MIANALYZE Procedure

                                                                              Model Information

                                                               Data Set                  WORK.GENMOD_RESULTS_4
                                                               Number of Imputations     10                   


                                                                    Variance Information (10 Imputations)
 
                                                                                                       Relative       Fraction
                                             -----------------Variance-----------------                Increase        Missing       Relative
                                Parameter         Between         Within          Total       DF    in Variance    Information     Efficiency

                                Estimate         0.002235       0.058731       0.061190   5573.3       0.041868       0.040529       0.995963


                                                                    Parameter Estimates (10 Imputations)
 
                                                                                                                                             t for H0:
           Parameter        Estimate      Std Error    95% Confidence Limits        DF        Minimum        Maximum         Theta0   Parameter=Theta0   Pr > |t|

           Estimate        -0.026670       0.247366     -0.51160     0.458264   5573.3      -0.089962       0.044516              0              -0.11     0.9141
                                                                           Model 4: Model 3 + PRS

----------------------------------------------------------------------- EffectName=ALCOHOL_USE_NEVER ------------------------------------------------------------------------

                                                                           The MIANALYZE Procedure

                                                                              Model Information

                                                               Data Set                  WORK.GENMOD_RESULTS_4
                                                               Number of Imputations     10                   


                                                                    Variance Information (10 Imputations)
 
                                                                                                       Relative       Fraction
                                             -----------------Variance-----------------                Increase        Missing       Relative
                                Parameter         Between         Within          Total       DF    in Variance    Information     Efficiency

                                Estimate                0              0              0        .              .              .              .


                                                                    Parameter Estimates (10 Imputations)
 
                                                                                                                                             t for H0:
           Parameter        Estimate      Std Error    95% Confidence Limits        DF        Minimum        Maximum         Theta0   Parameter=Theta0   Pr > |t|

           Estimate                0              0            .            .        .              0              0              0                .        .    
                                                                           Model 4: Model 3 + PRS

-------------------------------------------------------------------- EffectName=BKGRD1_C7NOMISS_BK_OTHER --------------------------------------------------------------------

                                                                           The MIANALYZE Procedure

                                                                              Model Information

                                                               Data Set                  WORK.GENMOD_RESULTS_4
                                                               Number of Imputations     10                   


                                                                    Variance Information (10 Imputations)
 
                                                                                                       Relative       Fraction
                                             -----------------Variance-----------------                Increase        Missing       Relative
                                Parameter         Between         Within          Total       DF    in Variance    Information     Efficiency

                                Estimate         0.028210       0.589612       0.620642   3600.4       0.052629       0.050525       0.994973


                                                                    Parameter Estimates (10 Imputations)
 
                                                                                                                                             t for H0:
           Parameter        Estimate      Std Error    95% Confidence Limits        DF        Minimum        Maximum         Theta0   Parameter=Theta0   Pr > |t|

           Estimate        -0.842154       0.787808     -2.38675     0.702441   3600.4      -1.054034      -0.548724              0              -1.07     0.2851
                                                                           Model 4: Model 3 + PRS

--------------------------------------------------------------------- EffectName=BKGRD1_C7NOMISS_CUBAN ----------------------------------------------------------------------

                                                                           The MIANALYZE Procedure

                                                                              Model Information

                                                               Data Set                  WORK.GENMOD_RESULTS_4
                                                               Number of Imputations     10                   


                                                                    Variance Information (10 Imputations)
 
                                                                                                       Relative       Fraction
                                             -----------------Variance-----------------                Increase        Missing       Relative
                                Parameter         Between         Within          Total       DF    in Variance    Information     Efficiency

                                Estimate         0.010039       0.223228       0.234271   4050.4       0.049470       0.047608       0.995262


                                                                    Parameter Estimates (10 Imputations)
 
                                                                                                                                             t for H0:
           Parameter        Estimate      Std Error    95% Confidence Limits        DF        Minimum        Maximum         Theta0   Parameter=Theta0   Pr > |t|

           Estimate         0.886217       0.484015     -0.06272     1.835154   4050.4       0.693147       1.030794              0               1.83     0.0672
                                                                           Model 4: Model 3 + PRS

------------------------------------------------------------------- EffectName=BKGRD1_C7NOMISS_C_AMERICAN -------------------------------------------------------------------

                                                                           The MIANALYZE Procedure

                                                                              Model Information

                                                               Data Set                  WORK.GENMOD_RESULTS_4
                                                               Number of Imputations     10                   


                                                                    Variance Information (10 Imputations)
 
                                                                                                       Relative       Fraction
                                             -----------------Variance-----------------                Increase        Missing       Relative
                                Parameter         Between         Within          Total       DF    in Variance    Information     Efficiency

                                Estimate         0.003033       0.118538       0.121875    12010       0.028145       0.027536       0.997254


                                                                    Parameter Estimates (10 Imputations)
 
                                                                                                                                             t for H0:
           Parameter        Estimate      Std Error    95% Confidence Limits        DF        Minimum        Maximum         Theta0   Parameter=Theta0   Pr > |t|

           Estimate         0.072042       0.349106     -0.61226     0.756346    12010       0.019418       0.189309              0               0.21     0.8365
                                                                           Model 4: Model 3 + PRS

------------------------------------------------------------------- EffectName=BKGRD1_C7NOMISS_DOMINICAN --------------------------------------------------------------------

                                                                           The MIANALYZE Procedure

                                                                              Model Information

                                                               Data Set                  WORK.GENMOD_RESULTS_4
                                                               Number of Imputations     10                   


                                                                    Variance Information (10 Imputations)
 
                                                                                                       Relative       Fraction
                                             -----------------Variance-----------------                Increase        Missing       Relative
                                Parameter         Between         Within          Total       DF    in Variance    Information     Efficiency

                                Estimate         0.004802       0.152500       0.157783   8029.5       0.034639       0.033720       0.996639


                                                                    Parameter Estimates (10 Imputations)
 
                                                                                                                                             t for H0:
           Parameter        Estimate      Std Error    95% Confidence Limits        DF        Minimum        Maximum         Theta0   Parameter=Theta0   Pr > |t|

           Estimate         0.832112       0.397219     0.053460     1.610764   8029.5       0.700411       0.945081              0               2.09     0.0362
                                                                           Model 4: Model 3 + PRS

-------------------------------------------------------------------- EffectName=BKGRD1_C7NOMISS_MEXICAN ---------------------------------------------------------------------

                                                                           The MIANALYZE Procedure

                                                                              Model Information

                                                               Data Set                  WORK.GENMOD_RESULTS_4
                                                               Number of Imputations     10                   


                                                                    Variance Information (10 Imputations)
 
                                                                                                       Relative       Fraction
                                             -----------------Variance-----------------                Increase        Missing       Relative
                                Parameter         Between         Within          Total       DF    in Variance    Information     Efficiency

                                Estimate                0              0              0        .              .              .              .


                                                                    Parameter Estimates (10 Imputations)
 
                                                                                                                                             t for H0:
           Parameter        Estimate      Std Error    95% Confidence Limits        DF        Minimum        Maximum         Theta0   Parameter=Theta0   Pr > |t|

           Estimate                0              0            .            .        .              0              0              0                .        .    
                                                                           Model 4: Model 3 + PRS

-------------------------------------------------------------------- EffectName=BKGRD1_C7NOMISS_P_RICAN ---------------------------------------------------------------------

                                                                           The MIANALYZE Procedure

                                                                              Model Information

                                                               Data Set                  WORK.GENMOD_RESULTS_4
                                                               Number of Imputations     10                   


                                                                    Variance Information (10 Imputations)
 
                                                                                                       Relative       Fraction
                                             -----------------Variance-----------------                Increase        Missing       Relative
                                Parameter         Between         Within          Total       DF    in Variance    Information     Efficiency

                                Estimate         0.010884       0.169646       0.181618   2071.1       0.070573       0.066821       0.993362


                                                                    Parameter Estimates (10 Imputations)
 
                                                                                                                                             t for H0:
           Parameter        Estimate      Std Error    95% Confidence Limits        DF        Minimum        Maximum         Theta0   Parameter=Theta0   Pr > |t|

           Estimate         0.213574       0.426167     -0.62219     1.049334   2071.1      -0.038963       0.378008              0               0.50     0.6163
                                                                           Model 4: Model 3 + PRS

--------------------------------------------------------------------- EffectName=BKGRD1_C7NOMISS_SOUTH ----------------------------------------------------------------------

                                                                           The MIANALYZE Procedure

                                                                              Model Information

                                                               Data Set                  WORK.GENMOD_RESULTS_4
                                                               Number of Imputations     10                   


                                                                    Variance Information (10 Imputations)
 
                                                                                                       Relative       Fraction
                                             -----------------Variance-----------------                Increase        Missing       Relative
                                Parameter         Between         Within          Total       DF    in Variance    Information     Efficiency

                                Estimate         0.001703       0.178230       0.180103    83182       0.010511       0.010426       0.998959


                                                                    Parameter Estimates (10 Imputations)
 
                                                                                                                                             t for H0:
           Parameter        Estimate      Std Error    95% Confidence Limits        DF        Minimum        Maximum         Theta0   Parameter=Theta0   Pr > |t|

           Estimate         0.397927       0.424386     -0.43387     1.229720    83182       0.328505       0.440386              0               0.94     0.3484
                                                                           Model 4: Model 3 + PRS

------------------------------------------------------------------------ EffectName=CENTERNUM_BRONX -------------------------------------------------------------------------

                                                                           The MIANALYZE Procedure

                                                                              Model Information

                                                               Data Set                  WORK.GENMOD_RESULTS_4
                                                               Number of Imputations     10                   


                                                                    Variance Information (10 Imputations)
 
                                                                                                       Relative       Fraction
                                             -----------------Variance-----------------                Increase        Missing       Relative
                                Parameter         Between         Within          Total       DF    in Variance    Information     Efficiency

                                Estimate                0              0              0        .              .              .              .


                                                                    Parameter Estimates (10 Imputations)
 
                                                                                                                                             t for H0:
           Parameter        Estimate      Std Error    95% Confidence Limits        DF        Minimum        Maximum         Theta0   Parameter=Theta0   Pr > |t|

           Estimate                0              0            .            .        .              0              0              0                .        .    
                                                                           Model 4: Model 3 + PRS

----------------------------------------------------------------------- EffectName=CENTERNUM_CHICAGO ------------------------------------------------------------------------

                                                                           The MIANALYZE Procedure

                                                                              Model Information

                                                               Data Set                  WORK.GENMOD_RESULTS_4
                                                               Number of Imputations     10                   


                                                                    Variance Information (10 Imputations)
 
                                                                                                       Relative       Fraction
                                             -----------------Variance-----------------                Increase        Missing       Relative
                                Parameter         Between         Within          Total       DF    in Variance    Information     Efficiency

                                Estimate         0.006285       0.102301       0.109215   2245.7       0.067584       0.064139       0.993627


                                                                    Parameter Estimates (10 Imputations)
 
                                                                                                                                             t for H0:
           Parameter        Estimate      Std Error    95% Confidence Limits        DF        Minimum        Maximum         Theta0   Parameter=Theta0   Pr > |t|

           Estimate         0.454391       0.330477     -0.19368     1.102463   2245.7       0.330498       0.577870              0               1.37     0.1693
                                                                           Model 4: Model 3 + PRS

------------------------------------------------------------------------ EffectName=CENTERNUM_MIAMI -------------------------------------------------------------------------

                                                                           The MIANALYZE Procedure

                                                                              Model Information

                                                               Data Set                  WORK.GENMOD_RESULTS_4
                                                               Number of Imputations     10                   


                                                                    Variance Information (10 Imputations)
 
                                                                                                       Relative       Fraction
                                             -----------------Variance-----------------                Increase        Missing       Relative
                                Parameter         Between         Within          Total       DF    in Variance    Information     Efficiency

                                Estimate         0.005762       0.149938       0.156276   5472.3       0.042268       0.040905       0.995926


                                                                    Parameter Estimates (10 Imputations)
 
                                                                                                                                             t for H0:
           Parameter        Estimate      Std Error    95% Confidence Limits        DF        Minimum        Maximum         Theta0   Parameter=Theta0   Pr > |t|

           Estimate        -0.111573       0.395317     -0.88655     0.663406   5472.3      -0.226269       0.023433              0              -0.28     0.7778
                                                                           Model 4: Model 3 + PRS

---------------------------------------------------------------------- EffectName=CENTERNUM_SAN DIEGO -----------------------------------------------------------------------

                                                                           The MIANALYZE Procedure

                                                                              Model Information

                                                               Data Set                  WORK.GENMOD_RESULTS_4
                                                               Number of Imputations     10                   


                                                                    Variance Information (10 Imputations)
 
                                                                                                       Relative       Fraction
                                             -----------------Variance-----------------                Increase        Missing       Relative
                                Parameter         Between         Within          Total       DF    in Variance    Information     Efficiency

                                Estimate         0.013092       0.129070       0.143471   893.23       0.111578       0.102386       0.989865


                                                                    Parameter Estimates (10 Imputations)
 
                                                                                                                                             t for H0:
           Parameter        Estimate      Std Error    95% Confidence Limits        DF        Minimum        Maximum         Theta0   Parameter=Theta0   Pr > |t|

           Estimate         0.355739       0.378776     -0.38765     1.099133   893.23       0.153016       0.525307              0               0.94     0.3479
                                                                           Model 4: Model 3 + PRS

-------------------------------------------------------------------------- EffectName=CESD10_DEPRE --------------------------------------------------------------------------

                                                                           The MIANALYZE Procedure

                                                                              Model Information

                                                               Data Set                  WORK.GENMOD_RESULTS_4
                                                               Number of Imputations     10                   


                                                                    Variance Information (10 Imputations)
 
                                                                                                       Relative       Fraction
                                             -----------------Variance-----------------                Increase        Missing       Relative
                                Parameter         Between         Within          Total       DF    in Variance    Information     Efficiency

                                Estimate         0.005906       0.046620       0.053116   601.68       0.139346       0.125207       0.987634


                                                                    Parameter Estimates (10 Imputations)
 
                                                                                                                                             t for H0:
           Parameter        Estimate      Std Error    95% Confidence Limits        DF        Minimum        Maximum         Theta0   Parameter=Theta0   Pr > |t|

           Estimate         0.087268       0.230469     -0.36535     0.539889   601.68      -0.017970       0.222613              0               0.38     0.7051
                                                                           Model 4: Model 3 + PRS

------------------------------------------------------------------------- EffectName=CESD10_NODEPRE -------------------------------------------------------------------------

                                                                           The MIANALYZE Procedure

                                                                              Model Information

                                                               Data Set                  WORK.GENMOD_RESULTS_4
                                                               Number of Imputations     10                   


                                                                    Variance Information (10 Imputations)
 
                                                                                                       Relative       Fraction
                                             -----------------Variance-----------------                Increase        Missing       Relative
                                Parameter         Between         Within          Total       DF    in Variance    Information     Efficiency

                                Estimate                0              0              0        .              .              .              .


                                                                    Parameter Estimates (10 Imputations)
 
                                                                                                                                             t for H0:
           Parameter        Estimate      Std Error    95% Confidence Limits        DF        Minimum        Maximum         Theta0   Parameter=Theta0   Pr > |t|

           Estimate                0              0            .            .        .              0              0              0                .        .    
                                                                           Model 4: Model 3 + PRS

------------------------------------------------------------------------ EffectName=CHILD_PRS_BMI_A -------------------------------------------------------------------------

                                                                           The MIANALYZE Procedure

                                                                              Model Information

                                                               Data Set                  WORK.GENMOD_RESULTS_4
                                                               Number of Imputations     10                   


                                                                    Variance Information (10 Imputations)
 
                                                                                                       Relative       Fraction
                                             -----------------Variance-----------------                Increase        Missing       Relative
                                Parameter         Between         Within          Total       DF    in Variance    Information     Efficiency

                                Estimate         0.003321       0.049612       0.053265   1913.8       0.073624       0.069547       0.993093


                                                                    Parameter Estimates (10 Imputations)
 
                                                                                                                                             t for H0:
           Parameter        Estimate      Std Error    95% Confidence Limits        DF        Minimum        Maximum         Theta0   Parameter=Theta0   Pr > |t|

           Estimate         1.206701       0.230792     0.754070     1.659332   1913.8       1.120988       1.297216              0               5.23     <.0001
                                                                           Model 4: Model 3 + PRS

----------------------------------------------------------------------- EffectName=CURRENT_SMOKER_NO ------------------------------------------------------------------------

                                                                           The MIANALYZE Procedure

                                                                              Model Information

                                                               Data Set                  WORK.GENMOD_RESULTS_4
                                                               Number of Imputations     10                   


                                                                    Variance Information (10 Imputations)
 
                                                                                                       Relative       Fraction
                                             -----------------Variance-----------------                Increase        Missing       Relative
                                Parameter         Between         Within          Total       DF    in Variance    Information     Efficiency

                                Estimate                0              0              0        .              .              .              .


                                                                    Parameter Estimates (10 Imputations)
 
                                                                                                                                             t for H0:
           Parameter        Estimate      Std Error    95% Confidence Limits        DF        Minimum        Maximum         Theta0   Parameter=Theta0   Pr > |t|

           Estimate                0              0            .            .        .              0              0              0                .        .    
                                                                           Model 4: Model 3 + PRS

----------------------------------------------------------------------- EffectName=CURRENT_SMOKER_YES -----------------------------------------------------------------------

                                                                           The MIANALYZE Procedure

                                                                              Model Information

                                                               Data Set                  WORK.GENMOD_RESULTS_4
                                                               Number of Imputations     10                   


                                                                    Variance Information (10 Imputations)
 
                                                                                                       Relative       Fraction
                                             -----------------Variance-----------------                Increase        Missing       Relative
                                Parameter         Between         Within          Total       DF    in Variance    Information     Efficiency

                                Estimate         0.011294       0.091540       0.103964   630.24       0.135718       0.122281       0.987920


                                                                    Parameter Estimates (10 Imputations)
 
                                                                                                                                             t for H0:
           Parameter        Estimate      Std Error    95% Confidence Limits        DF        Minimum        Maximum         Theta0   Parameter=Theta0   Pr > |t|

           Estimate         0.485539       0.322434     -0.14764     1.118715   630.24       0.297541       0.599675              0               1.51     0.1326
                                                                           Model 4: Model 3 + PRS

-------------------------------------------------------------- EffectName=EDUCATION_C3_AT_MOST_HIGHSCHOOL_GED ---------------------------------------------------------------

                                                                           The MIANALYZE Procedure

                                                                              Model Information

                                                               Data Set                  WORK.GENMOD_RESULTS_4
                                                               Number of Imputations     10                   


                                                                    Variance Information (10 Imputations)
 
                                                                                                       Relative       Fraction
                                             -----------------Variance-----------------                Increase        Missing       Relative
                                Parameter         Between         Within          Total       DF    in Variance    Information     Efficiency

                                Estimate         0.001925       0.046941       0.049059   4830.5       0.045112       0.043560       0.995663


                                                                    Parameter Estimates (10 Imputations)
 
                                                                                                                                             t for H0:
           Parameter        Estimate      Std Error    95% Confidence Limits        DF        Minimum        Maximum         Theta0   Parameter=Theta0   Pr > |t|

           Estimate         0.276568       0.221493     -0.15766     0.710794   4830.5       0.163784       0.316947              0               1.25     0.2119
                                                                           Model 4: Model 3 + PRS

------------------------------------------------------------------- EffectName=EDUCATION_C3_G_HIGHSCHOOL --------------------------------------------------------------------

                                                                           The MIANALYZE Procedure

                                                                              Model Information

                                                               Data Set                  WORK.GENMOD_RESULTS_4
                                                               Number of Imputations     10                   


                                                                    Variance Information (10 Imputations)
 
                                                                                                       Relative       Fraction
                                             -----------------Variance-----------------                Increase        Missing       Relative
                                Parameter         Between         Within          Total       DF    in Variance    Information     Efficiency

                                Estimate         0.005330       0.056943       0.062806   1032.7       0.102965       0.095104       0.990579


                                                                    Parameter Estimates (10 Imputations)
 
                                                                                                                                             t for H0:
           Parameter        Estimate      Std Error    95% Confidence Limits        DF        Minimum        Maximum         Theta0   Parameter=Theta0   Pr > |t|

           Estimate         0.091233       0.250612     -0.40053     0.583000   1032.7      -0.035078       0.189864              0               0.36     0.7159
                                                                           Model 4: Model 3 + PRS

----------------------------------------------------------------- EffectName=EDUCATION_C3_N_HIGHSCHOOL_GED ------------------------------------------------------------------

                                                                           The MIANALYZE Procedure

                                                                              Model Information

                                                               Data Set                  WORK.GENMOD_RESULTS_4
                                                               Number of Imputations     10                   


                                                                    Variance Information (10 Imputations)
 
                                                                                                       Relative       Fraction
                                             -----------------Variance-----------------                Increase        Missing       Relative
                                Parameter         Between         Within          Total       DF    in Variance    Information     Efficiency

                                Estimate                0              0              0        .              .              .              .


                                                                    Parameter Estimates (10 Imputations)
 
                                                                                                                                             t for H0:
           Parameter        Estimate      Std Error    95% Confidence Limits        DF        Minimum        Maximum         Theta0   Parameter=Theta0   Pr > |t|

           Estimate                0              0            .            .        .              0              0              0                .        .    
                                                                           Model 4: Model 3 + PRS

---------------------------------------------------------------------- EffectName=EMPLOYEDYN_EMPLOYED -----------------------------------------------------------------------

                                                                           The MIANALYZE Procedure

                                                                              Model Information

                                                               Data Set                  WORK.GENMOD_RESULTS_4
                                                               Number of Imputations     10                   


                                                                    Variance Information (10 Imputations)
 
                                                                                                       Relative       Fraction
                                             -----------------Variance-----------------                Increase        Missing       Relative
                                Parameter         Between         Within          Total       DF    in Variance    Information     Efficiency

                                Estimate         0.002298       0.031158       0.033686   1597.9       0.081137       0.076204       0.992437


                                                                    Parameter Estimates (10 Imputations)
 
                                                                                                                                             t for H0:
           Parameter        Estimate      Std Error    95% Confidence Limits        DF        Minimum        Maximum         Theta0   Parameter=Theta0   Pr > |t|

           Estimate        -0.101106       0.183538     -0.46111     0.258895   1597.9      -0.158623      -0.038977              0              -0.55     0.5818
                                                                           Model 4: Model 3 + PRS

-------------------------------------------------------------------- EffectName=EMPLOYEDYN_NOT_EMPLOYED ---------------------------------------------------------------------

                                                                           The MIANALYZE Procedure

                                                                              Model Information

                                                               Data Set                  WORK.GENMOD_RESULTS_4
                                                               Number of Imputations     10                   


                                                                    Variance Information (10 Imputations)
 
                                                                                                       Relative       Fraction
                                             -----------------Variance-----------------                Increase        Missing       Relative
                                Parameter         Between         Within          Total       DF    in Variance    Information     Efficiency

                                Estimate                0              0              0        .              .              .              .


                                                                    Parameter Estimates (10 Imputations)
 
                                                                                                                                             t for H0:
           Parameter        Estimate      Std Error    95% Confidence Limits        DF        Minimum        Maximum         Theta0   Parameter=Theta0   Pr > |t|

           Estimate                0              0            .            .        .              0              0              0                .        .    
                                                                           Model 4: Model 3 + PRS

------------------------------------------------------------------------ EffectName=HEI2010_C3_HIGH -------------------------------------------------------------------------

                                                                           The MIANALYZE Procedure

                                                                              Model Information

                                                               Data Set                  WORK.GENMOD_RESULTS_4
                                                               Number of Imputations     10                   


                                                                    Variance Information (10 Imputations)
 
                                                                                                       Relative       Fraction
                                             -----------------Variance-----------------                Increase        Missing       Relative
                                Parameter         Between         Within          Total       DF    in Variance    Information     Efficiency

                                Estimate         0.002239       0.047088       0.049552   3641.6       0.052314       0.050235       0.995002


                                                                    Parameter Estimates (10 Imputations)
 
                                                                                                                                             t for H0:
           Parameter        Estimate      Std Error    95% Confidence Limits        DF        Minimum        Maximum         Theta0   Parameter=Theta0   Pr > |t|

           Estimate        -0.059412       0.222602     -0.49585     0.377025   3641.6      -0.174926      -0.018553              0              -0.27     0.7896
                                                                           Model 4: Model 3 + PRS

------------------------------------------------------------------------- EffectName=HEI2010_C3_LOW -------------------------------------------------------------------------

                                                                           The MIANALYZE Procedure

                                                                              Model Information

                                                               Data Set                  WORK.GENMOD_RESULTS_4
                                                               Number of Imputations     10                   


                                                                    Variance Information (10 Imputations)
 
                                                                                                       Relative       Fraction
                                             -----------------Variance-----------------                Increase        Missing       Relative
                                Parameter         Between         Within          Total       DF    in Variance    Information     Efficiency

                                Estimate                0              0              0        .              .              .              .


                                                                    Parameter Estimates (10 Imputations)
 
                                                                                                                                             t for H0:
           Parameter        Estimate      Std Error    95% Confidence Limits        DF        Minimum        Maximum         Theta0   Parameter=Theta0   Pr > |t|

           Estimate                0              0            .            .        .              0              0              0                .        .    
                                                                           Model 4: Model 3 + PRS

----------------------------------------------------------------------- EffectName=HEI2010_C3_MEDIUM ------------------------------------------------------------------------

                                                                           The MIANALYZE Procedure

                                                                              Model Information

                                                               Data Set                  WORK.GENMOD_RESULTS_4
                                                               Number of Imputations     10                   


                                                                    Variance Information (10 Imputations)
 
                                                                                                       Relative       Fraction
                                             -----------------Variance-----------------                Increase        Missing       Relative
                                Parameter         Between         Within          Total       DF    in Variance    Information     Efficiency

                                Estimate         0.002224       0.045639       0.048085   3478.5       0.053592       0.051411       0.994885


                                                                    Parameter Estimates (10 Imputations)
 
                                                                                                                                             t for H0:
           Parameter        Estimate      Std Error    95% Confidence Limits        DF        Minimum        Maximum         Theta0   Parameter=Theta0   Pr > |t|

           Estimate        -0.031389       0.219282     -0.46132     0.398546   3478.5      -0.140739       0.032817              0              -0.14     0.8862
                                                                           Model 4: Model 3 + PRS

--------------------------------------------------------------------------- EffectName=Intercept ----------------------------------------------------------------------------

                                                                           The MIANALYZE Procedure

                                                                              Model Information

                                                               Data Set                  WORK.GENMOD_RESULTS_4
                                                               Number of Imputations     10                   


                                                                    Variance Information (10 Imputations)
 
                                                                                                       Relative       Fraction
                                             -----------------Variance-----------------                Increase        Missing       Relative
                                Parameter         Between         Within          Total       DF    in Variance    Information     Efficiency

                                Estimate         0.079710       1.606753       1.694435   3361.1       0.054570       0.052310       0.994796


                                                                    Parameter Estimates (10 Imputations)
 
                                                                                                                                             t for H0:
           Parameter        Estimate      Std Error    95% Confidence Limits        DF        Minimum        Maximum         Theta0   Parameter=Theta0   Pr > |t|

           Estimate        -2.340308       1.301705     -4.89252     0.211905   3361.1      -2.816658      -1.985042              0              -1.80     0.0723
                                                                           Model 4: Model 3 + PRS

------------------------------------------------------------------- EffectName=MARITAL_STATUS_COHABITING --------------------------------------------------------------------

                                                                           The MIANALYZE Procedure

                                                                              Model Information

                                                               Data Set                  WORK.GENMOD_RESULTS_4
                                                               Number of Imputations     10                   


                                                                    Variance Information (10 Imputations)
 
                                                                                                       Relative       Fraction
                                             -----------------Variance-----------------                Increase        Missing       Relative
                                Parameter         Between         Within          Total       DF    in Variance    Information     Efficiency

                                Estimate         0.000706       0.033584       0.034361    17641       0.023109       0.022698       0.997735


                                                                    Parameter Estimates (10 Imputations)
 
                                                                                                                                             t for H0:
           Parameter        Estimate      Std Error    95% Confidence Limits        DF        Minimum        Maximum         Theta0   Parameter=Theta0   Pr > |t|

           Estimate        -0.348080       0.185366     -0.71142     0.015255    17641      -0.396200      -0.316216              0              -1.88     0.0604
                                                                           Model 4: Model 3 + PRS

-------------------------------------------------------------------- EffectName=MARITAL_STATUS_SEPARATED --------------------------------------------------------------------

                                                                           The MIANALYZE Procedure

                                                                              Model Information

                                                               Data Set                  WORK.GENMOD_RESULTS_4
                                                               Number of Imputations     10                   


                                                                    Variance Information (10 Imputations)
 
                                                                                                       Relative       Fraction
                                             -----------------Variance-----------------                Increase        Missing       Relative
                                Parameter         Between         Within          Total       DF    in Variance    Information     Efficiency

                                Estimate         0.008405       0.141787       0.151032     2402       0.065204       0.061993       0.993839


                                                                    Parameter Estimates (10 Imputations)
 
                                                                                                                                             t for H0:
           Parameter        Estimate      Std Error    95% Confidence Limits        DF        Minimum        Maximum         Theta0   Parameter=Theta0   Pr > |t|

           Estimate         0.382028       0.388628     -0.38005     1.144109     2402       0.262067       0.550401              0               0.98     0.3257
                                                                           Model 4: Model 3 + PRS

--------------------------------------------------------------------- EffectName=MARITAL_STATUS_SINGLE ----------------------------------------------------------------------

                                                                           The MIANALYZE Procedure

                                                                              Model Information

                                                               Data Set                  WORK.GENMOD_RESULTS_4
                                                               Number of Imputations     10                   


                                                                    Variance Information (10 Imputations)
 
                                                                                                       Relative       Fraction
                                             -----------------Variance-----------------                Increase        Missing       Relative
                                Parameter         Between         Within          Total       DF    in Variance    Information     Efficiency

                                Estimate                0              0              0        .              .              .              .


                                                                    Parameter Estimates (10 Imputations)
 
                                                                                                                                             t for H0:
           Parameter        Estimate      Std Error    95% Confidence Limits        DF        Minimum        Maximum         Theta0   Parameter=Theta0   Pr > |t|

           Estimate                0              0            .            .        .              0              0              0                .        .    
                                                                           Model 4: Model 3 + PRS

---------------------------------------------------------------------------- EffectName=N_HC_NO -----------------------------------------------------------------------------

                                                                           The MIANALYZE Procedure

                                                                              Model Information

                                                               Data Set                  WORK.GENMOD_RESULTS_4
                                                               Number of Imputations     10                   


                                                                    Variance Information (10 Imputations)
 
                                                                                                       Relative       Fraction
                                             -----------------Variance-----------------                Increase        Missing       Relative
                                Parameter         Between         Within          Total       DF    in Variance    Information     Efficiency

                                Estimate                0              0              0        .              .              .              .


                                                                    Parameter Estimates (10 Imputations)
 
                                                                                                                                             t for H0:
           Parameter        Estimate      Std Error    95% Confidence Limits        DF        Minimum        Maximum         Theta0   Parameter=Theta0   Pr > |t|

           Estimate                0              0            .            .        .              0              0              0                .        .    
                                                                           Model 4: Model 3 + PRS

---------------------------------------------------------------------------- EffectName=N_HC_YES ----------------------------------------------------------------------------

                                                                           The MIANALYZE Procedure

                                                                              Model Information

                                                               Data Set                  WORK.GENMOD_RESULTS_4
                                                               Number of Imputations     10                   


                                                                    Variance Information (10 Imputations)
 
                                                                                                       Relative       Fraction
                                             -----------------Variance-----------------                Increase        Missing       Relative
                                Parameter         Between         Within          Total       DF    in Variance    Information     Efficiency

                                Estimate         0.002851       0.036875       0.040012     1465       0.085045       0.079635       0.992099


                                                                    Parameter Estimates (10 Imputations)
 
                                                                                                                                             t for H0:
           Parameter        Estimate      Std Error    95% Confidence Limits        DF        Minimum        Maximum         Theta0   Parameter=Theta0   Pr > |t|

           Estimate         0.069512       0.200029     -0.32286     0.461885     1465      -0.003331       0.151037              0               0.35     0.7283
                                                                           Model 4: Model 3 + PRS

-------------------------------------------------------------------------- EffectName=PAG2008YN_NO --------------------------------------------------------------------------

                                                                           The MIANALYZE Procedure

                                                                              Model Information

                                                               Data Set                  WORK.GENMOD_RESULTS_4
                                                               Number of Imputations     10                   


                                                                    Variance Information (10 Imputations)
 
                                                                                                       Relative       Fraction
                                             -----------------Variance-----------------                Increase        Missing       Relative
                                Parameter         Between         Within          Total       DF    in Variance    Information     Efficiency

                                Estimate         0.016671       0.031851       0.050189   67.415       0.575741       0.383403       0.963075


                                                                    Parameter Estimates (10 Imputations)
 
                                                                                                                                             t for H0:
           Parameter        Estimate      Std Error    95% Confidence Limits        DF        Minimum        Maximum         Theta0   Parameter=Theta0   Pr > |t|

           Estimate         0.220536       0.224030     -0.22658     0.667651   67.415       0.054911       0.472513              0               0.98     0.3284
                                                                           Model 4: Model 3 + PRS

------------------------------------------------------------------------- EffectName=PAG2008YN_YES --------------------------------------------------------------------------

                                                                           The MIANALYZE Procedure

                                                                              Model Information

                                                               Data Set                  WORK.GENMOD_RESULTS_4
                                                               Number of Imputations     10                   


                                                                    Variance Information (10 Imputations)
 
                                                                                                       Relative       Fraction
                                             -----------------Variance-----------------                Increase        Missing       Relative
                                Parameter         Between         Within          Total       DF    in Variance    Information     Efficiency

                                Estimate                0              0              0        .              .              .              .


                                                                    Parameter Estimates (10 Imputations)
 
                                                                                                                                             t for H0:
           Parameter        Estimate      Std Error    95% Confidence Limits        DF        Minimum        Maximum         Theta0   Parameter=Theta0   Pr > |t|

           Estimate                0              0            .            .        .              0              0              0                .        .    
                                                                           Model 4: Model 3 + PRS

--------------------------------------------------------------------------- EffectName=PARITY_V1 ----------------------------------------------------------------------------

                                                                           The MIANALYZE Procedure

                                                                              Model Information

                                                               Data Set                  WORK.GENMOD_RESULTS_4
                                                               Number of Imputations     10                   


                                                                    Variance Information (10 Imputations)
 
                                                                                                       Relative       Fraction
                                             -----------------Variance-----------------                Increase        Missing       Relative
                                Parameter         Between         Within          Total       DF    in Variance    Information     Efficiency

                                Estimate         0.000738       0.009111       0.009923   1345.4       0.089073       0.083150       0.991754


                                                                    Parameter Estimates (10 Imputations)
 
                                                                                                                                             t for H0:
           Parameter        Estimate      Std Error    95% Confidence Limits        DF        Minimum        Maximum         Theta0   Parameter=Theta0   Pr > |t|

           Estimate         0.163755       0.099613     -0.03166     0.359169   1345.4       0.124524       0.198419              0               1.64     0.1004
                                                                           Model 4: Model 3 + PRS

----------------------------------------------------------------------------- EffectName=SLPDUR -----------------------------------------------------------------------------

                                                                           The MIANALYZE Procedure

                                                                              Model Information

                                                               Data Set                  WORK.GENMOD_RESULTS_4
                                                               Number of Imputations     10                   


                                                                    Variance Information (10 Imputations)
 
                                                                                                       Relative       Fraction
                                             -----------------Variance-----------------                Increase        Missing       Relative
                                Parameter         Between         Within          Total       DF    in Variance    Information     Efficiency

                                Estimate         0.000543       0.003966       0.004564   525.02       0.150653       0.134220       0.986756


                                                                    Parameter Estimates (10 Imputations)
 
                                                                                                                                             t for H0:
           Parameter        Estimate      Std Error    95% Confidence Limits        DF        Minimum        Maximum         Theta0   Parameter=Theta0   Pr > |t|

           Estimate         0.136451       0.067556     0.003738     0.269165   525.02       0.105421       0.170114              0               2.02     0.0439
                                                                           Model 4: Model 3 + PRS

--------------------------------------------------------------------------- EffectName=STAI10_ANX ---------------------------------------------------------------------------

                                                                           The MIANALYZE Procedure

                                                                              Model Information

                                                               Data Set                  WORK.GENMOD_RESULTS_4
                                                               Number of Imputations     10                   


                                                                    Variance Information (10 Imputations)
 
                                                                                                       Relative       Fraction
                                             -----------------Variance-----------------                Increase        Missing       Relative
                                Parameter         Between         Within          Total       DF    in Variance    Information     Efficiency

                                Estimate         0.002276       0.039914       0.042418   2583.4       0.062726       0.059752       0.994060


                                                                    Parameter Estimates (10 Imputations)
 
                                                                                                                                             t for H0:
           Parameter        Estimate      Std Error    95% Confidence Limits        DF        Minimum        Maximum         Theta0   Parameter=Theta0   Pr > |t|

           Estimate         0.128931       0.205955     -0.27492     0.532785   2583.4       0.039893       0.213412              0               0.63     0.5314
                                                                           Model 4: Model 3 + PRS

-------------------------------------------------------------------------- EffectName=STAI10_NOANX --------------------------------------------------------------------------

                                                                           The MIANALYZE Procedure

                                                                              Model Information

                                                               Data Set                  WORK.GENMOD_RESULTS_4
                                                               Number of Imputations     10                   


                                                                    Variance Information (10 Imputations)
 
                                                                                                       Relative       Fraction
                                             -----------------Variance-----------------                Increase        Missing       Relative
                                Parameter         Between         Within          Total       DF    in Variance    Information     Efficiency

                                Estimate                0              0              0        .              .              .              .


                                                                    Parameter Estimates (10 Imputations)
 
                                                                                                                                             t for H0:
           Parameter        Estimate      Std Error    95% Confidence Limits        DF        Minimum        Maximum         Theta0   Parameter=Theta0   Pr > |t|

           Estimate                0              0            .            .        .              0              0              0                .        .    
                                                                           Model 4: Model 3 + PRS

----------------------------------------------------------------------------- EffectName=Scale ------------------------------------------------------------------------------

                                                                           The MIANALYZE Procedure

                                                                              Model Information

                                                               Data Set                  WORK.GENMOD_RESULTS_4
                                                               Number of Imputations     10                   


                                                                    Variance Information (10 Imputations)
 
                                                                                                       Relative       Fraction
                                             -----------------Variance-----------------                Increase        Missing       Relative
                                Parameter         Between         Within          Total       DF    in Variance    Information     Efficiency

                                Estimate         0.000116       0.002871       0.002999   4978.6       0.044405       0.042902       0.995728


                                                                    Parameter Estimates (10 Imputations)
 
                                                                                                                                             t for H0:
           Parameter        Estimate      Std Error    95% Confidence Limits        DF        Minimum        Maximum         Theta0   Parameter=Theta0   Pr > |t|

           Estimate         1.141720       0.054763     1.034362     1.249079   4978.6       1.119124       1.153498              0              20.85     <.0001
                                                                           Model 4: Model 3 + PRS

----------------------------------------------------------------------- EffectName=YRSUS_C3_10+_Years -----------------------------------------------------------------------

                                                                           The MIANALYZE Procedure

                                                                              Model Information

                                                               Data Set                  WORK.GENMOD_RESULTS_4
                                                               Number of Imputations     10                   


                                                                    Variance Information (10 Imputations)
 
                                                                                                       Relative       Fraction
                                             -----------------Variance-----------------                Increase        Missing       Relative
                                Parameter         Between         Within          Total       DF    in Variance    Information     Efficiency

                                Estimate         0.004553       0.069974       0.074982   2017.1       0.071579       0.067722       0.993273


                                                                    Parameter Estimates (10 Imputations)
 
                                                                                                                                             t for H0:
           Parameter        Estimate      Std Error    95% Confidence Limits        DF        Minimum        Maximum         Theta0   Parameter=Theta0   Pr > |t|

           Estimate         0.069522       0.273829     -0.46750     0.606540   2017.1      -0.023721       0.145642              0               0.25     0.7996
                                                                           Model 4: Model 3 + PRS

----------------------------------------------------------------------- EffectName=YRSUS_C3_<10_Years -----------------------------------------------------------------------

                                                                           The MIANALYZE Procedure

                                                                              Model Information

                                                               Data Set                  WORK.GENMOD_RESULTS_4
                                                               Number of Imputations     10                   


                                                                    Variance Information (10 Imputations)
 
                                                                                                       Relative       Fraction
                                             -----------------Variance-----------------                Increase        Missing       Relative
                                Parameter         Between         Within          Total       DF    in Variance    Information     Efficiency

                                Estimate         0.007380       0.069478       0.077595   822.35       0.116838       0.106784       0.989434


                                                                    Parameter Estimates (10 Imputations)
 
                                                                                                                                             t for H0:
           Parameter        Estimate      Std Error    95% Confidence Limits        DF        Minimum        Maximum         Theta0   Parameter=Theta0   Pr > |t|

           Estimate        -0.076146       0.278560     -0.62292     0.470626   822.35      -0.198157       0.037013              0              -0.27     0.7846
                                                                           Model 4: Model 3 + PRS

------------------------------------------------------------------------ EffectName=YRSUS_C3_US_BORN ------------------------------------------------------------------------

                                                                           The MIANALYZE Procedure

                                                                              Model Information

                                                               Data Set                  WORK.GENMOD_RESULTS_4
                                                               Number of Imputations     10                   


                                                                    Variance Information (10 Imputations)
 
                                                                                                       Relative       Fraction
                                             -----------------Variance-----------------                Increase        Missing       Relative
                                Parameter         Between         Within          Total       DF    in Variance    Information     Efficiency

                                Estimate                0              0              0        .              .              .              .


                                                                    Parameter Estimates (10 Imputations)
 
                                                                                                                                             t for H0:
           Parameter        Estimate      Std Error    95% Confidence Limits        DF        Minimum        Maximum         Theta0   Parameter=Theta0   Pr > |t|

           Estimate                0              0            .            .        .              0              0              0                .        .    
                                                                           Model 4: Model 3 + PRS

------------------------------------------------------------------------ EffectName=YRS_BTWN_V1FLOR -------------------------------------------------------------------------

                                                                           The MIANALYZE Procedure

                                                                              Model Information

                                                               Data Set                  WORK.GENMOD_RESULTS_4
                                                               Number of Imputations     10                   


                                                                    Variance Information (10 Imputations)
 
                                                                                                       Relative       Fraction
                                             -----------------Variance-----------------                Increase        Missing       Relative
                                Parameter         Between         Within          Total       DF    in Variance    Information     Efficiency

                                Estimate      0.000092711       0.005015       0.005117    22654       0.020337       0.020018       0.998002


                                                                    Parameter Estimates (10 Imputations)
 
                                                                                                                                             t for H0:
           Parameter        Estimate      Std Error    95% Confidence Limits        DF        Minimum        Maximum         Theta0   Parameter=Theta0   Pr > |t|

           Estimate        -0.002953       0.071530     -0.14316     0.137252    22654      -0.018704       0.009343              0              -0.04     0.9671
                                                                           Model 4: Model 3 + PRS

                                                                                         n
                                                                                  --------
                                                                                       227
