                                                                      First domain - Sociodemographics

---------------------------------------------------------------------------- Imputation Number=1 ----------------------------------------------------------------------------

                                                                            The GENMOD Procedure

                                                                             Model Information

                                           Data Set              DATA.HC338353A_IMPUTED_DATA_20AUG25    Multiply-Imputed Data    
                                           Distribution                                       Normal                             
                                           Link Function                                    Identity                             
                                           Dependent Variable                                    WAZ    Weight for age Z-Score   
                                                                                                        - CDC (Child)            


                                                                   Number of Observations Read         201
                                                                   Number of Observations Used         201


                                                                           Class Level Information
 
                                              Class                Levels    Values

                                              CENTERNUM                 4    CHICAGO MIAMI SAN DIEGO BRONX                     
                                              INCOME_C2                 2    <30 >30                                           
                                              LANG_PREF                 2    SPANISH ENGLISH                                   
                                              BKGRD1_C7NOMISS           7    BK_OTHER CUBAN C_AMERICAN DOMINICAN MORE THAN ONE 
                                                                             P_RICAN MEXICAN                                   
                                              MARITAL_STATUS            3    COHABITING SEPARATED SINGLE                       
                                              EMPLOYEDYN                2    EMPLOYED NOT_EMPLOYED                             
                                              EDUCATION_C3              3    AT_MOST_HIGHSCHOOL_GED G_HIGHSCHOOL               
                                                                             N_HIGHSCHOOL_GED                                  
                                              N_HC                      2    NO YES                                            
                                              YRSUS_C3                  3    10+_Years <10_Years US_BORN                       


                                                                   Criteria For Assessing Goodness Of Fit
 
                                                      Criterion                     DF           Value        Value/DF

                                                      Deviance                     177        262.4164          1.4826
                                                      Scaled Deviance              177        201.0000          1.1356
                                                      Pearson Chi-Square           177        262.4164          1.4826
                                                      Scaled Pearson X2            177        201.0000          1.1356
                                                      Log Likelihood                         -312.0027                
                                                      Full Log Likelihood                    -312.0027                
                                                      AIC (smaller is better)                 674.0055                
                                                      AICC (smaller is better)                681.4340                
                                                      BIC (smaller is better)                 756.5881                


                                                 Algorithm converged.                                                       


                                                                      First domain - Sociodemographics

---------------------------------------------------------------------------- Imputation Number=1 ----------------------------------------------------------------------------

                                                                            The GENMOD Procedure

                                                             Analysis Of Maximum Likelihood Parameter Estimates
 
                                                                                        Standard     Wald 95% Confidence          Wald
                         Parameter                                    DF    Estimate       Error           Limits           Chi-Square    Pr > ChiSq

                         Intercept                                     1      0.2444      0.6559     -1.0412      1.5299          0.14        0.7095
                         CENTERNUM          CHICAGO                    1      0.2824      0.3441     -0.3921      0.9568          0.67        0.4119
                         CENTERNUM          MIAMI                      1     -0.3440      0.3948     -1.1178      0.4298          0.76        0.3836
                         CENTERNUM          SAN DIEGO                  1      0.4232      0.3974     -0.3556      1.2021          1.13        0.2869
                         CENTERNUM          BRONX                      0      0.0000      0.0000      0.0000      0.0000           .           .    
                         YRSV1BIRTH                                    1     -0.0367      0.0540     -0.1425      0.0691          0.46        0.4968
                         BKGRD1_C7NOMISS    BK_OTHER                   1     -0.3852      0.7675     -1.8896      1.1191          0.25        0.6157
                         BKGRD1_C7NOMISS    CUBAN                      1      1.2524      0.4776      0.3163      2.1886          6.88        0.0087
                         BKGRD1_C7NOMISS    C_AMERICAN                 1      0.4391      0.3723     -0.2905      1.1688          1.39        0.2381
                         BKGRD1_C7NOMISS    DOMINICAN                  1      0.8673      0.4508     -0.0164      1.7509          3.70        0.0544
                         BKGRD1_C7NOMISS    MORE THAN ONE              1      0.4632      0.4353     -0.3900      1.3163          1.13        0.2873
                         BKGRD1_C7NOMISS    P_RICAN                    1      0.3390      0.4334     -0.5103      1.1884          0.61        0.4340
                         BKGRD1_C7NOMISS    MEXICAN                    0      0.0000      0.0000      0.0000      0.0000           .           .    
                         AGE                                           1      0.0182      0.0192     -0.0193      0.0558          0.90        0.3415
                         INCOME_C2          <30                        1     -0.0596      0.2354     -0.5209      0.4017          0.06        0.8002
                         INCOME_C2          >30                        0      0.0000      0.0000      0.0000      0.0000           .           .    
                         LANG_PREF          SPANISH                    1      0.0663      0.2594     -0.4420      0.5747          0.07        0.7982
                         LANG_PREF          ENGLISH                    0      0.0000      0.0000      0.0000      0.0000           .           .    
                         PARITY_V1                                     1      0.0702      0.1030     -0.1318      0.2721          0.46        0.4960
                         POVPCT                                        1     -0.0023      0.0012     -0.0047      0.0001          3.44        0.0637
                         MARITAL_STATUS     COHABITING                 1     -0.4966      0.1966     -0.8819     -0.1113          6.38        0.0115
                         MARITAL_STATUS     SEPARATED                  1      0.5702      0.4544     -0.3205      1.4609          1.57        0.2096
                         MARITAL_STATUS     SINGLE                     0      0.0000      0.0000      0.0000      0.0000           .           .    
                         EMPLOYEDYN         EMPLOYED                   1      0.2238      0.1858     -0.1404      0.5881          1.45        0.2284
                         EMPLOYEDYN         NOT_EMPLOYED               0      0.0000      0.0000      0.0000      0.0000           .           .    
                         EDUCATION_C3       AT_MOST_HIGHSCHOOL_GED     1      0.1241      0.2175     -0.3022      0.5503          0.33        0.5684
                         EDUCATION_C3       G_HIGHSCHOOL               1     -0.0433      0.2341     -0.5020      0.4155          0.03        0.8534
                         EDUCATION_C3       N_HIGHSCHOOL_GED           0      0.0000      0.0000      0.0000      0.0000           .           .    
                         YRSUS_C3           10+_Years                  1     -0.0508      0.2904     -0.6199      0.5184          0.03        0.8612
                         YRSUS_C3           <10_Years                  1     -0.1885      0.2975     -0.7716      0.3946          0.40        0.5263
                         YRSUS_C3           US_BORN                    0      0.0000      0.0000      0.0000      0.0000           .           .    
                         N_HC               NO                         1     -0.0437      0.2046     -0.4448      0.3574          0.05        0.8310
                         N_HC               YES                        0      0.0000      0.0000      0.0000      0.0000           .           .    
                         Scale                                         1      1.1426      0.0570      1.0362      1.2599                            

NOTE: The scale parameter was estimated by maximum likelihood.
                                                                      First domain - Sociodemographics

---------------------------------------------------------------------------- Imputation Number=2 ----------------------------------------------------------------------------

                                                                            The GENMOD Procedure

                                                                             Model Information

                                           Data Set              DATA.HC338353A_IMPUTED_DATA_20AUG25    Multiply-Imputed Data    
                                           Distribution                                       Normal                             
                                           Link Function                                    Identity                             
                                           Dependent Variable                                    WAZ    Weight for age Z-Score   
                                                                                                        - CDC (Child)            


                                                                   Number of Observations Read         201
                                                                   Number of Observations Used         201


                                                                           Class Level Information
 
                                              Class                Levels    Values

                                              CENTERNUM                 4    CHICAGO MIAMI SAN DIEGO BRONX                     
                                              INCOME_C2                 2    <30 >30                                           
                                              LANG_PREF                 2    SPANISH ENGLISH                                   
                                              BKGRD1_C7NOMISS           7    BK_OTHER CUBAN C_AMERICAN DOMINICAN MORE THAN ONE 
                                                                             P_RICAN MEXICAN                                   
                                              MARITAL_STATUS            3    COHABITING SEPARATED SINGLE                       
                                              EMPLOYEDYN                2    EMPLOYED NOT_EMPLOYED                             
                                              EDUCATION_C3              3    AT_MOST_HIGHSCHOOL_GED G_HIGHSCHOOL               
                                                                             N_HIGHSCHOOL_GED                                  
                                              N_HC                      2    NO YES                                            
                                              YRSUS_C3                  3    10+_Years <10_Years US_BORN                       


                                                                   Criteria For Assessing Goodness Of Fit
 
                                                      Criterion                     DF           Value        Value/DF

                                                      Deviance                     177        264.5031          1.4944
                                                      Scaled Deviance              177        201.0000          1.1356
                                                      Pearson Chi-Square           177        264.5031          1.4944
                                                      Scaled Pearson X2            177        201.0000          1.1356
                                                      Log Likelihood                         -312.7987                
                                                      Full Log Likelihood                    -312.7987                
                                                      AIC (smaller is better)                 675.5974                
                                                      AICC (smaller is better)                683.0260                
                                                      BIC (smaller is better)                 758.1801                


                                                 Algorithm converged.                                                       


                                                                      First domain - Sociodemographics

---------------------------------------------------------------------------- Imputation Number=2 ----------------------------------------------------------------------------

                                                                            The GENMOD Procedure

                                                             Analysis Of Maximum Likelihood Parameter Estimates
 
                                                                                        Standard     Wald 95% Confidence          Wald
                         Parameter                                    DF    Estimate       Error           Limits           Chi-Square    Pr > ChiSq

                         Intercept                                     1      0.1423      0.6531     -1.1378      1.4224          0.05        0.8275
                         CENTERNUM          CHICAGO                    1      0.2713      0.3438     -0.4024      0.9451          0.62        0.4299
                         CENTERNUM          MIAMI                      1     -0.3542      0.3926     -1.1237      0.4153          0.81        0.3670
                         CENTERNUM          SAN DIEGO                  1      0.3663      0.3960     -0.4097      1.1424          0.86        0.3549
                         CENTERNUM          BRONX                      0      0.0000      0.0000      0.0000      0.0000           .           .    
                         YRSV1BIRTH                                    1     -0.0130      0.0535     -0.1179      0.0919          0.06        0.8083
                         BKGRD1_C7NOMISS    BK_OTHER                   1     -0.3241      0.7691     -1.8314      1.1832          0.18        0.6735
                         BKGRD1_C7NOMISS    CUBAN                      1      1.1574      0.4791      0.2183      2.0965          5.84        0.0157
                         BKGRD1_C7NOMISS    C_AMERICAN                 1      0.4158      0.3733     -0.3159      1.1474          1.24        0.2654
                         BKGRD1_C7NOMISS    DOMINICAN                  1      0.7870      0.4477     -0.0904      1.6644          3.09        0.0788
                         BKGRD1_C7NOMISS    MORE THAN ONE              1      0.4052      0.4377     -0.4528      1.2631          0.86        0.3547
                         BKGRD1_C7NOMISS    P_RICAN                    1      0.3386      0.4325     -0.5090      1.1862          0.61        0.4336
                         BKGRD1_C7NOMISS    MEXICAN                    0      0.0000      0.0000      0.0000      0.0000           .           .    
                         AGE                                           1      0.0230      0.0191     -0.0144      0.0605          1.45        0.2281
                         INCOME_C2          <30                        1     -0.0586      0.2433     -0.5355      0.4183          0.06        0.8097
                         INCOME_C2          >30                        0      0.0000      0.0000      0.0000      0.0000           .           .    
                         LANG_PREF          SPANISH                    1      0.0930      0.2612     -0.4189      0.6049          0.13        0.7219
                         LANG_PREF          ENGLISH                    0      0.0000      0.0000      0.0000      0.0000           .           .    
                         PARITY_V1                                     1      0.0363      0.1046     -0.1688      0.2414          0.12        0.7284
                         POVPCT                                        1     -0.0019      0.0013     -0.0044      0.0006          2.32        0.1276
                         MARITAL_STATUS     COHABITING                 1     -0.4813      0.1968     -0.8671     -0.0956          5.98        0.0145
                         MARITAL_STATUS     SEPARATED                  1      0.5897      0.4551     -0.3022      1.4816          1.68        0.1950
                         MARITAL_STATUS     SINGLE                     0      0.0000      0.0000      0.0000      0.0000           .           .    
                         EMPLOYEDYN         EMPLOYED                   1      0.2155      0.1882     -0.1535      0.5844          1.31        0.2524
                         EMPLOYEDYN         NOT_EMPLOYED               0      0.0000      0.0000      0.0000      0.0000           .           .    
                         EDUCATION_C3       AT_MOST_HIGHSCHOOL_GED     1      0.0964      0.2186     -0.3322      0.5249          0.19        0.6594
                         EDUCATION_C3       G_HIGHSCHOOL               1     -0.1286      0.2363     -0.5916      0.3344          0.30        0.5862
                         EDUCATION_C3       N_HIGHSCHOOL_GED           0      0.0000      0.0000      0.0000      0.0000           .           .    
                         YRSUS_C3           10+_Years                  1     -0.0163      0.2902     -0.5851      0.5524          0.00        0.9551
                         YRSUS_C3           <10_Years                  1     -0.1443      0.2950     -0.7225      0.4339          0.24        0.6247
                         YRSUS_C3           US_BORN                    0      0.0000      0.0000      0.0000      0.0000           .           .    
                         N_HC               NO                         1     -0.1764      0.2051     -0.5784      0.2257          0.74        0.3899
                         N_HC               YES                        0      0.0000      0.0000      0.0000      0.0000           .           .    
                         Scale                                         1      1.1471      0.0572      1.0403      1.2649                            

NOTE: The scale parameter was estimated by maximum likelihood.
                                                                      First domain - Sociodemographics

---------------------------------------------------------------------------- Imputation Number=3 ----------------------------------------------------------------------------

                                                                            The GENMOD Procedure

                                                                             Model Information

                                           Data Set              DATA.HC338353A_IMPUTED_DATA_20AUG25    Multiply-Imputed Data    
                                           Distribution                                       Normal                             
                                           Link Function                                    Identity                             
                                           Dependent Variable                                    WAZ    Weight for age Z-Score   
                                                                                                        - CDC (Child)            


                                                                   Number of Observations Read         201
                                                                   Number of Observations Used         201


                                                                           Class Level Information
 
                                              Class                Levels    Values

                                              CENTERNUM                 4    CHICAGO MIAMI SAN DIEGO BRONX                     
                                              INCOME_C2                 2    <30 >30                                           
                                              LANG_PREF                 2    SPANISH ENGLISH                                   
                                              BKGRD1_C7NOMISS           7    BK_OTHER CUBAN C_AMERICAN DOMINICAN MORE THAN ONE 
                                                                             P_RICAN MEXICAN                                   
                                              MARITAL_STATUS            3    COHABITING SEPARATED SINGLE                       
                                              EMPLOYEDYN                2    EMPLOYED NOT_EMPLOYED                             
                                              EDUCATION_C3              3    AT_MOST_HIGHSCHOOL_GED G_HIGHSCHOOL               
                                                                             N_HIGHSCHOOL_GED                                  
                                              N_HC                      2    NO YES                                            
                                              YRSUS_C3                  3    10+_Years <10_Years US_BORN                       


                                                                   Criteria For Assessing Goodness Of Fit
 
                                                      Criterion                     DF           Value        Value/DF

                                                      Deviance                     177        265.4307          1.4996
                                                      Scaled Deviance              177        201.0000          1.1356
                                                      Pearson Chi-Square           177        265.4307          1.4996
                                                      Scaled Pearson X2            177        201.0000          1.1356
                                                      Log Likelihood                         -313.1505                
                                                      Full Log Likelihood                    -313.1505                
                                                      AIC (smaller is better)                 676.3011                
                                                      AICC (smaller is better)                683.7297                
                                                      BIC (smaller is better)                 758.8837                


                                                 Algorithm converged.                                                       


                                                                      First domain - Sociodemographics

---------------------------------------------------------------------------- Imputation Number=3 ----------------------------------------------------------------------------

                                                                            The GENMOD Procedure

                                                             Analysis Of Maximum Likelihood Parameter Estimates
 
                                                                                        Standard     Wald 95% Confidence          Wald
                         Parameter                                    DF    Estimate       Error           Limits           Chi-Square    Pr > ChiSq

                         Intercept                                     1     -0.0579      0.6513     -1.3343      1.2186          0.01        0.9292
                         CENTERNUM          CHICAGO                    1      0.2813      0.3440     -0.3929      0.9554          0.67        0.4135
                         CENTERNUM          MIAMI                      1     -0.3438      0.3927     -1.1135      0.4260          0.77        0.3814
                         CENTERNUM          SAN DIEGO                  1      0.3817      0.3975     -0.3973      1.1608          0.92        0.3369
                         CENTERNUM          BRONX                      0      0.0000      0.0000      0.0000      0.0000           .           .    
                         YRSV1BIRTH                                    1     -0.0464      0.0534     -0.1510      0.0583          0.75        0.3851
                         BKGRD1_C7NOMISS    BK_OTHER                   1     -0.4686      0.7748     -1.9872      1.0500          0.37        0.5453
                         BKGRD1_C7NOMISS    CUBAN                      1      1.2498      0.4806      0.3077      2.1918          6.76        0.0093
                         BKGRD1_C7NOMISS    C_AMERICAN                 1      0.4235      0.3742     -0.3099      1.1569          1.28        0.2578
                         BKGRD1_C7NOMISS    DOMINICAN                  1      0.8632      0.4493     -0.0174      1.7437          3.69        0.0547
                         BKGRD1_C7NOMISS    MORE THAN ONE              1      0.4630      0.4402     -0.3997      1.3257          1.11        0.2928
                         BKGRD1_C7NOMISS    P_RICAN                    1      0.3610      0.4343     -0.4902      1.2122          0.69        0.4058
                         BKGRD1_C7NOMISS    MEXICAN                    0      0.0000      0.0000      0.0000      0.0000           .           .    
                         AGE                                           1      0.0112      0.0193     -0.0266      0.0490          0.34        0.5611
                         INCOME_C2          <30                        1      0.1999      0.2482     -0.2865      0.6863          0.65        0.4205
                         INCOME_C2          >30                        0      0.0000      0.0000      0.0000      0.0000           .           .    
                         LANG_PREF          SPANISH                    1      0.0549      0.2608     -0.4563      0.5662          0.04        0.8332
                         LANG_PREF          ENGLISH                    0      0.0000      0.0000      0.0000      0.0000           .           .    
                         PARITY_V1                                     1      0.1279      0.1035     -0.0748      0.3307          1.53        0.2162
                         POVPCT                                        1      0.0001      0.0013     -0.0024      0.0026          0.01        0.9379
                         MARITAL_STATUS     COHABITING                 1     -0.5233      0.1977     -0.9107     -0.1358          7.01        0.0081
                         MARITAL_STATUS     SEPARATED                  1      0.5011      0.4568     -0.3941      1.3963          1.20        0.2726
                         MARITAL_STATUS     SINGLE                     0      0.0000      0.0000      0.0000      0.0000           .           .    
                         EMPLOYEDYN         EMPLOYED                   1      0.2427      0.1890     -0.1277      0.6132          1.65        0.1990
                         EMPLOYEDYN         NOT_EMPLOYED               0      0.0000      0.0000      0.0000      0.0000           .           .    
                         EDUCATION_C3       AT_MOST_HIGHSCHOOL_GED     1      0.1151      0.2181     -0.3125      0.5426          0.28        0.5978
                         EDUCATION_C3       G_HIGHSCHOOL               1     -0.0767      0.2364     -0.5400      0.3867          0.11        0.7457
                         EDUCATION_C3       N_HIGHSCHOOL_GED           0      0.0000      0.0000      0.0000      0.0000           .           .    
                         YRSUS_C3           10+_Years                  1     -0.0444      0.2911     -0.6149      0.5261          0.02        0.8787
                         YRSUS_C3           <10_Years                  1     -0.1524      0.2962     -0.7329      0.4281          0.26        0.6069
                         YRSUS_C3           US_BORN                    0      0.0000      0.0000      0.0000      0.0000           .           .    
                         N_HC               NO                         1     -0.0159      0.2030     -0.4137      0.3819          0.01        0.9376
                         N_HC               YES                        0      0.0000      0.0000      0.0000      0.0000           .           .    
                         Scale                                         1      1.1492      0.0573      1.0421      1.2672                            

NOTE: The scale parameter was estimated by maximum likelihood.
                                                                      First domain - Sociodemographics

---------------------------------------------------------------------------- Imputation Number=4 ----------------------------------------------------------------------------

                                                                            The GENMOD Procedure

                                                                             Model Information

                                           Data Set              DATA.HC338353A_IMPUTED_DATA_20AUG25    Multiply-Imputed Data    
                                           Distribution                                       Normal                             
                                           Link Function                                    Identity                             
                                           Dependent Variable                                    WAZ    Weight for age Z-Score   
                                                                                                        - CDC (Child)            


                                                                   Number of Observations Read         201
                                                                   Number of Observations Used         201


                                                                           Class Level Information
 
                                              Class                Levels    Values

                                              CENTERNUM                 4    CHICAGO MIAMI SAN DIEGO BRONX                     
                                              INCOME_C2                 2    <30 >30                                           
                                              LANG_PREF                 2    SPANISH ENGLISH                                   
                                              BKGRD1_C7NOMISS           7    BK_OTHER CUBAN C_AMERICAN DOMINICAN MORE THAN ONE 
                                                                             P_RICAN MEXICAN                                   
                                              MARITAL_STATUS            3    COHABITING SEPARATED SINGLE                       
                                              EMPLOYEDYN                2    EMPLOYED NOT_EMPLOYED                             
                                              EDUCATION_C3              3    AT_MOST_HIGHSCHOOL_GED G_HIGHSCHOOL               
                                                                             N_HIGHSCHOOL_GED                                  
                                              N_HC                      2    NO YES                                            
                                              YRSUS_C3                  3    10+_Years <10_Years US_BORN                       


                                                                   Criteria For Assessing Goodness Of Fit
 
                                                      Criterion                     DF           Value        Value/DF

                                                      Deviance                     177        266.3702          1.5049
                                                      Scaled Deviance              177        201.0000          1.1356
                                                      Pearson Chi-Square           177        266.3702          1.5049
                                                      Scaled Pearson X2            177        201.0000          1.1356
                                                      Log Likelihood                         -313.5057                
                                                      Full Log Likelihood                    -313.5057                
                                                      AIC (smaller is better)                 677.0113                
                                                      AICC (smaller is better)                684.4399                
                                                      BIC (smaller is better)                 759.5939                


                                                 Algorithm converged.                                                       


                                                                      First domain - Sociodemographics

---------------------------------------------------------------------------- Imputation Number=4 ----------------------------------------------------------------------------

                                                                            The GENMOD Procedure

                                                             Analysis Of Maximum Likelihood Parameter Estimates
 
                                                                                        Standard     Wald 95% Confidence          Wald
                         Parameter                                    DF    Estimate       Error           Limits           Chi-Square    Pr > ChiSq

                         Intercept                                     1     -0.0548      0.6504     -1.3296      1.2199          0.01        0.9328
                         CENTERNUM          CHICAGO                    1      0.2848      0.3450     -0.3914      0.9609          0.68        0.4091
                         CENTERNUM          MIAMI                      1     -0.3277      0.3942     -1.1004      0.4450          0.69        0.4058
                         CENTERNUM          SAN DIEGO                  1      0.3951      0.4003     -0.3893      1.1796          0.97        0.3235
                         CENTERNUM          BRONX                      0      0.0000      0.0000      0.0000      0.0000           .           .    
                         YRSV1BIRTH                                    1     -0.0229      0.0536     -0.1279      0.0821          0.18        0.6688
                         BKGRD1_C7NOMISS    BK_OTHER                   1     -0.3966      0.7729     -1.9115      1.1183          0.26        0.6079
                         BKGRD1_C7NOMISS    CUBAN                      1      1.2179      0.4814      0.2744      2.1615          6.40        0.0114
                         BKGRD1_C7NOMISS    C_AMERICAN                 1      0.3979      0.3756     -0.3383      1.1342          1.12        0.2894
                         BKGRD1_C7NOMISS    DOMINICAN                  1      0.8650      0.4539     -0.0247      1.7547          3.63        0.0567
                         BKGRD1_C7NOMISS    MORE THAN ONE              1      0.4545      0.4401     -0.4081      1.3172          1.07        0.3017
                         BKGRD1_C7NOMISS    P_RICAN                    1      0.3798      0.4357     -0.4741      1.2337          0.76        0.3833
                         BKGRD1_C7NOMISS    MEXICAN                    0      0.0000      0.0000      0.0000      0.0000           .           .    
                         AGE                                           1      0.0180      0.0190     -0.0192      0.0552          0.90        0.3436
                         INCOME_C2          <30                        1      0.0855      0.2455     -0.3957      0.5666          0.12        0.7278
                         INCOME_C2          >30                        0      0.0000      0.0000      0.0000      0.0000           .           .    
                         LANG_PREF          SPANISH                    1      0.0629      0.2621     -0.4508      0.5766          0.06        0.8102
                         LANG_PREF          ENGLISH                    0      0.0000      0.0000      0.0000      0.0000           .           .    
                         PARITY_V1                                     1      0.1011      0.1002     -0.0952      0.2975          1.02        0.3128
                         POVPCT                                        1     -0.0009      0.0013     -0.0033      0.0016          0.47        0.4919
                         MARITAL_STATUS     COHABITING                 1     -0.5083      0.1981     -0.8966     -0.1200          6.58        0.0103
                         MARITAL_STATUS     SEPARATED                  1      0.5418      0.4561     -0.3522      1.4358          1.41        0.2349
                         MARITAL_STATUS     SINGLE                     0      0.0000      0.0000      0.0000      0.0000           .           .    
                         EMPLOYEDYN         EMPLOYED                   1      0.1862      0.1895     -0.1852      0.5576          0.97        0.3258
                         EMPLOYEDYN         NOT_EMPLOYED               0      0.0000      0.0000      0.0000      0.0000           .           .    
                         EDUCATION_C3       AT_MOST_HIGHSCHOOL_GED     1      0.1203      0.2187     -0.3083      0.5489          0.30        0.5823
                         EDUCATION_C3       G_HIGHSCHOOL               1     -0.0825      0.2312     -0.5356      0.3707          0.13        0.7214
                         EDUCATION_C3       N_HIGHSCHOOL_GED           0      0.0000      0.0000      0.0000      0.0000           .           .    
                         YRSUS_C3           10+_Years                  1     -0.0323      0.2916     -0.6038      0.5391          0.01        0.9117
                         YRSUS_C3           <10_Years                  1     -0.1320      0.2963     -0.7127      0.4487          0.20        0.6559
                         YRSUS_C3           US_BORN                    0      0.0000      0.0000      0.0000      0.0000           .           .    
                         N_HC               NO                         1     -0.0796      0.2024     -0.4763      0.3172          0.15        0.6942
                         N_HC               YES                        0      0.0000      0.0000      0.0000      0.0000           .           .    
                         Scale                                         1      1.1512      0.0574      1.0440      1.2694                            

NOTE: The scale parameter was estimated by maximum likelihood.
                                                                      First domain - Sociodemographics

---------------------------------------------------------------------------- Imputation Number=5 ----------------------------------------------------------------------------

                                                                            The GENMOD Procedure

                                                                             Model Information

                                           Data Set              DATA.HC338353A_IMPUTED_DATA_20AUG25    Multiply-Imputed Data    
                                           Distribution                                       Normal                             
                                           Link Function                                    Identity                             
                                           Dependent Variable                                    WAZ    Weight for age Z-Score   
                                                                                                        - CDC (Child)            


                                                                   Number of Observations Read         201
                                                                   Number of Observations Used         201


                                                                           Class Level Information
 
                                              Class                Levels    Values

                                              CENTERNUM                 4    CHICAGO MIAMI SAN DIEGO BRONX                     
                                              INCOME_C2                 2    <30 >30                                           
                                              LANG_PREF                 2    SPANISH ENGLISH                                   
                                              BKGRD1_C7NOMISS           7    BK_OTHER CUBAN C_AMERICAN DOMINICAN MORE THAN ONE 
                                                                             P_RICAN MEXICAN                                   
                                              MARITAL_STATUS            3    COHABITING SEPARATED SINGLE                       
                                              EMPLOYEDYN                2    EMPLOYED NOT_EMPLOYED                             
                                              EDUCATION_C3              3    AT_MOST_HIGHSCHOOL_GED G_HIGHSCHOOL               
                                                                             N_HIGHSCHOOL_GED                                  
                                              N_HC                      2    NO YES                                            
                                              YRSUS_C3                  3    10+_Years <10_Years US_BORN                       


                                                                   Criteria For Assessing Goodness Of Fit
 
                                                      Criterion                     DF           Value        Value/DF

                                                      Deviance                     177        262.1106          1.4809
                                                      Scaled Deviance              177        201.0000          1.1356
                                                      Pearson Chi-Square           177        262.1106          1.4809
                                                      Scaled Pearson X2            177        201.0000          1.1356
                                                      Log Likelihood                         -311.8856                
                                                      Full Log Likelihood                    -311.8856                
                                                      AIC (smaller is better)                 673.7711                
                                                      AICC (smaller is better)                681.1997                
                                                      BIC (smaller is better)                 756.3537                


                                                 Algorithm converged.                                                       


                                                                      First domain - Sociodemographics

---------------------------------------------------------------------------- Imputation Number=5 ----------------------------------------------------------------------------

                                                                            The GENMOD Procedure

                                                             Analysis Of Maximum Likelihood Parameter Estimates
 
                                                                                        Standard     Wald 95% Confidence          Wald
                         Parameter                                    DF    Estimate       Error           Limits           Chi-Square    Pr > ChiSq

                         Intercept                                     1      0.2984      0.6489     -0.9734      1.5702          0.21        0.6456
                         CENTERNUM          CHICAGO                    1      0.2824      0.3432     -0.3903      0.9551          0.68        0.4106
                         CENTERNUM          MIAMI                      1     -0.3328      0.3929     -1.1029      0.4373          0.72        0.3970
                         CENTERNUM          SAN DIEGO                  1      0.3960      0.3968     -0.3816      1.1736          1.00        0.3182
                         CENTERNUM          BRONX                      0      0.0000      0.0000      0.0000      0.0000           .           .    
                         YRSV1BIRTH                                    1     -0.0380      0.0525     -0.1410      0.0650          0.52        0.4694
                         BKGRD1_C7NOMISS    BK_OTHER                   1     -0.3430      0.7675     -1.8472      1.1613          0.20        0.6550
                         BKGRD1_C7NOMISS    CUBAN                      1      1.1716      0.4776      0.2355      2.1078          6.02        0.0142
                         BKGRD1_C7NOMISS    C_AMERICAN                 1      0.4068      0.3718     -0.3218      1.1355          1.20        0.2738
                         BKGRD1_C7NOMISS    DOMINICAN                  1      0.8228      0.4472     -0.0536      1.6992          3.39        0.0658
                         BKGRD1_C7NOMISS    MORE THAN ONE              1      0.3523      0.4377     -0.5055      1.2101          0.65        0.4209
                         BKGRD1_C7NOMISS    P_RICAN                    1      0.3745      0.4338     -0.4758      1.2248          0.75        0.3880
                         BKGRD1_C7NOMISS    MEXICAN                    0      0.0000      0.0000      0.0000      0.0000           .           .    
                         AGE                                           1      0.0216      0.0188     -0.0152      0.0585          1.32        0.2504
                         INCOME_C2          <30                        1     -0.1433      0.2496     -0.6324      0.3459          0.33        0.5659
                         INCOME_C2          >30                        0      0.0000      0.0000      0.0000      0.0000           .           .    
                         LANG_PREF          SPANISH                    1      0.0781      0.2609     -0.4332      0.5894          0.09        0.7647
                         LANG_PREF          ENGLISH                    0      0.0000      0.0000      0.0000      0.0000           .           .    
                         PARITY_V1                                     1      0.0460      0.1019     -0.1536      0.2457          0.20        0.6513
                         POVPCT                                        1     -0.0024      0.0013     -0.0049      0.0001          3.60        0.0578
                         MARITAL_STATUS     COHABITING                 1     -0.4912      0.1969     -0.8772     -0.1052          6.22        0.0126
                         MARITAL_STATUS     SEPARATED                  1      0.5963      0.4535     -0.2926      1.4853          1.73        0.1886
                         MARITAL_STATUS     SINGLE                     0      0.0000      0.0000      0.0000      0.0000           .           .    
                         EMPLOYEDYN         EMPLOYED                   1      0.2181      0.1857     -0.1458      0.5819          1.38        0.2402
                         EMPLOYEDYN         NOT_EMPLOYED               0      0.0000      0.0000      0.0000      0.0000           .           .    
                         EDUCATION_C3       AT_MOST_HIGHSCHOOL_GED     1      0.1145      0.2173     -0.3113      0.5404          0.28        0.5981
                         EDUCATION_C3       G_HIGHSCHOOL               1     -0.0854      0.2318     -0.5397      0.3689          0.14        0.7125
                         EDUCATION_C3       N_HIGHSCHOOL_GED           0      0.0000      0.0000      0.0000      0.0000           .           .    
                         YRSUS_C3           10+_Years                  1      0.0094      0.2882     -0.5555      0.5744          0.00        0.9739
                         YRSUS_C3           <10_Years                  1     -0.1362      0.2922     -0.7089      0.4364          0.22        0.6410
                         YRSUS_C3           US_BORN                    0      0.0000      0.0000      0.0000      0.0000           .           .    
                         N_HC               NO                         1     -0.1384      0.1996     -0.5297      0.2529          0.48        0.4881
                         N_HC               YES                        0      0.0000      0.0000      0.0000      0.0000           .           .    
                         Scale                                         1      1.1419      0.0570      1.0356      1.2592                            

NOTE: The scale parameter was estimated by maximum likelihood.
                                                                      First domain - Sociodemographics

---------------------------------------------------------------------------- Imputation Number=6 ----------------------------------------------------------------------------

                                                                            The GENMOD Procedure

                                                                             Model Information

                                           Data Set              DATA.HC338353A_IMPUTED_DATA_20AUG25    Multiply-Imputed Data    
                                           Distribution                                       Normal                             
                                           Link Function                                    Identity                             
                                           Dependent Variable                                    WAZ    Weight for age Z-Score   
                                                                                                        - CDC (Child)            


                                                                   Number of Observations Read         201
                                                                   Number of Observations Used         201


                                                                           Class Level Information
 
                                              Class                Levels    Values

                                              CENTERNUM                 4    CHICAGO MIAMI SAN DIEGO BRONX                     
                                              INCOME_C2                 2    <30 >30                                           
                                              LANG_PREF                 2    SPANISH ENGLISH                                   
                                              BKGRD1_C7NOMISS           7    BK_OTHER CUBAN C_AMERICAN DOMINICAN MORE THAN ONE 
                                                                             P_RICAN MEXICAN                                   
                                              MARITAL_STATUS            3    COHABITING SEPARATED SINGLE                       
                                              EMPLOYEDYN                2    EMPLOYED NOT_EMPLOYED                             
                                              EDUCATION_C3              3    AT_MOST_HIGHSCHOOL_GED G_HIGHSCHOOL               
                                                                             N_HIGHSCHOOL_GED                                  
                                              N_HC                      2    NO YES                                            
                                              YRSUS_C3                  3    10+_Years <10_Years US_BORN                       


                                                                   Criteria For Assessing Goodness Of Fit
 
                                                      Criterion                     DF           Value        Value/DF

                                                      Deviance                     177        265.4967          1.5000
                                                      Scaled Deviance              177        201.0000          1.1356
                                                      Pearson Chi-Square           177        265.4967          1.5000
                                                      Scaled Pearson X2            177        201.0000          1.1356
                                                      Log Likelihood                         -313.1755                
                                                      Full Log Likelihood                    -313.1755                
                                                      AIC (smaller is better)                 676.3511                
                                                      AICC (smaller is better)                683.7797                
                                                      BIC (smaller is better)                 758.9337                


                                                 Algorithm converged.                                                       


                                                                      First domain - Sociodemographics

---------------------------------------------------------------------------- Imputation Number=6 ----------------------------------------------------------------------------

                                                                            The GENMOD Procedure

                                                             Analysis Of Maximum Likelihood Parameter Estimates
 
                                                                                        Standard     Wald 95% Confidence          Wald
                         Parameter                                    DF    Estimate       Error           Limits           Chi-Square    Pr > ChiSq

                         Intercept                                     1     -0.0165      0.6489     -1.2883      1.2553          0.00        0.9797
                         CENTERNUM          CHICAGO                    1      0.2740      0.3428     -0.3978      0.9458          0.64        0.4240
                         CENTERNUM          MIAMI                      1     -0.3847      0.3916     -1.1523      0.3828          0.97        0.3259
                         CENTERNUM          SAN DIEGO                  1      0.3925      0.3974     -0.3863      1.1713          0.98        0.3233
                         CENTERNUM          BRONX                      0      0.0000      0.0000      0.0000      0.0000           .           .    
                         YRSV1BIRTH                                    1     -0.0308      0.0536     -0.1358      0.0742          0.33        0.5659
                         BKGRD1_C7NOMISS    BK_OTHER                   1     -0.3947      0.7749     -1.9135      1.1241          0.26        0.6105
                         BKGRD1_C7NOMISS    CUBAN                      1      1.2629      0.4812      0.3197      2.2060          6.89        0.0087
                         BKGRD1_C7NOMISS    C_AMERICAN                 1      0.4534      0.3761     -0.2837      1.1904          1.45        0.2280
                         BKGRD1_C7NOMISS    DOMINICAN                  1      0.8371      0.4513     -0.0475      1.7217          3.44        0.0636
                         BKGRD1_C7NOMISS    MORE THAN ONE              1      0.5017      0.4411     -0.3628      1.3662          1.29        0.2553
                         BKGRD1_C7NOMISS    P_RICAN                    1      0.3462      0.4330     -0.5025      1.1950          0.64        0.4240
                         BKGRD1_C7NOMISS    MEXICAN                    0      0.0000      0.0000      0.0000      0.0000           .           .    
                         AGE                                           1      0.0166      0.0193     -0.0211      0.0544          0.75        0.3879
                         INCOME_C2          <30                        1      0.1337      0.2462     -0.3488      0.6161          0.29        0.5871
                         INCOME_C2          >30                        0      0.0000      0.0000      0.0000      0.0000           .           .    
                         LANG_PREF          SPANISH                    1      0.0437      0.2610     -0.4680      0.5553          0.03        0.8671
                         LANG_PREF          ENGLISH                    0      0.0000      0.0000      0.0000      0.0000           .           .    
                         PARITY_V1                                     1      0.0915      0.1033     -0.1110      0.2940          0.78        0.3758
                         POVPCT                                        1     -0.0009      0.0013     -0.0034      0.0016          0.49        0.4818
                         MARITAL_STATUS     COHABITING                 1     -0.5075      0.1961     -0.8919     -0.1231          6.70        0.0097
                         MARITAL_STATUS     SEPARATED                  1      0.5523      0.4554     -0.3402      1.4449          1.47        0.2252
                         MARITAL_STATUS     SINGLE                     0      0.0000      0.0000      0.0000      0.0000           .           .    
                         EMPLOYEDYN         EMPLOYED                   1      0.1947      0.1887     -0.1752      0.5647          1.06        0.3022
                         EMPLOYEDYN         NOT_EMPLOYED               0      0.0000      0.0000      0.0000      0.0000           .           .    
                         EDUCATION_C3       AT_MOST_HIGHSCHOOL_GED     1      0.1189      0.2188     -0.3099      0.5478          0.30        0.5867
                         EDUCATION_C3       G_HIGHSCHOOL               1     -0.0725      0.2340     -0.5312      0.3862          0.10        0.7568
                         EDUCATION_C3       N_HIGHSCHOOL_GED           0      0.0000      0.0000      0.0000      0.0000           .           .    
                         YRSUS_C3           10+_Years                  1     -0.0194      0.2904     -0.5886      0.5498          0.00        0.9467
                         YRSUS_C3           <10_Years                  1     -0.1205      0.2952     -0.6990      0.4581          0.17        0.6832
                         YRSUS_C3           US_BORN                    0      0.0000      0.0000      0.0000      0.0000           .           .    
                         N_HC               NO                         1     -0.0614      0.2060     -0.4651      0.3422          0.09        0.7655
                         N_HC               YES                        0      0.0000      0.0000      0.0000      0.0000           .           .    
                         Scale                                         1      1.1493      0.0573      1.0423      1.2673                            

NOTE: The scale parameter was estimated by maximum likelihood.
                                                                      First domain - Sociodemographics

---------------------------------------------------------------------------- Imputation Number=7 ----------------------------------------------------------------------------

                                                                            The GENMOD Procedure

                                                                             Model Information

                                           Data Set              DATA.HC338353A_IMPUTED_DATA_20AUG25    Multiply-Imputed Data    
                                           Distribution                                       Normal                             
                                           Link Function                                    Identity                             
                                           Dependent Variable                                    WAZ    Weight for age Z-Score   
                                                                                                        - CDC (Child)            


                                                                   Number of Observations Read         201
                                                                   Number of Observations Used         201


                                                                           Class Level Information
 
                                              Class                Levels    Values

                                              CENTERNUM                 4    CHICAGO MIAMI SAN DIEGO BRONX                     
                                              INCOME_C2                 2    <30 >30                                           
                                              LANG_PREF                 2    SPANISH ENGLISH                                   
                                              BKGRD1_C7NOMISS           7    BK_OTHER CUBAN C_AMERICAN DOMINICAN MORE THAN ONE 
                                                                             P_RICAN MEXICAN                                   
                                              MARITAL_STATUS            3    COHABITING SEPARATED SINGLE                       
                                              EMPLOYEDYN                2    EMPLOYED NOT_EMPLOYED                             
                                              EDUCATION_C3              3    AT_MOST_HIGHSCHOOL_GED G_HIGHSCHOOL               
                                                                             N_HIGHSCHOOL_GED                                  
                                              N_HC                      2    NO YES                                            
                                              YRSUS_C3                  3    10+_Years <10_Years US_BORN                       


                                                                   Criteria For Assessing Goodness Of Fit
 
                                                      Criterion                     DF           Value        Value/DF

                                                      Deviance                     177        264.0598          1.4919
                                                      Scaled Deviance              177        201.0000          1.1356
                                                      Pearson Chi-Square           177        264.0598          1.4919
                                                      Scaled Pearson X2            177        201.0000          1.1356
                                                      Log Likelihood                         -312.6302                
                                                      Full Log Likelihood                    -312.6302                
                                                      AIC (smaller is better)                 675.2603                
                                                      AICC (smaller is better)                682.6889                
                                                      BIC (smaller is better)                 757.8429                


                                                 Algorithm converged.                                                       


                                                                      First domain - Sociodemographics

---------------------------------------------------------------------------- Imputation Number=7 ----------------------------------------------------------------------------

                                                                            The GENMOD Procedure

                                                             Analysis Of Maximum Likelihood Parameter Estimates
 
                                                                                        Standard     Wald 95% Confidence          Wald
                         Parameter                                    DF    Estimate       Error           Limits           Chi-Square    Pr > ChiSq

                         Intercept                                     1      0.0334      0.6485     -1.2376      1.3044          0.00        0.9589
                         CENTERNUM          CHICAGO                    1      0.2973      0.3444     -0.3778      0.9723          0.75        0.3881
                         CENTERNUM          MIAMI                      1     -0.3010      0.3944     -1.0741      0.4720          0.58        0.4453
                         CENTERNUM          SAN DIEGO                  1      0.4144      0.3979     -0.3654      1.1942          1.08        0.2976
                         CENTERNUM          BRONX                      0      0.0000      0.0000      0.0000      0.0000           .           .    
                         YRSV1BIRTH                                    1     -0.0358      0.0535     -0.1407      0.0691          0.45        0.5035
                         BKGRD1_C7NOMISS    BK_OTHER                   1     -0.3964      0.7701     -1.9058      1.1129          0.26        0.6067
                         BKGRD1_C7NOMISS    CUBAN                      1      1.1919      0.4798      0.2515      2.1324          6.17        0.0130
                         BKGRD1_C7NOMISS    C_AMERICAN                 1      0.3878      0.3729     -0.3430      1.1187          1.08        0.2983
                         BKGRD1_C7NOMISS    DOMINICAN                  1      0.8522      0.4477     -0.0252      1.7296          3.62        0.0570
                         BKGRD1_C7NOMISS    MORE THAN ONE              1      0.4946      0.4377     -0.3633      1.3524          1.28        0.2585
                         BKGRD1_C7NOMISS    P_RICAN                    1      0.3722      0.4329     -0.4763      1.2208          0.74        0.3899
                         BKGRD1_C7NOMISS    MEXICAN                    0      0.0000      0.0000      0.0000      0.0000           .           .    
                         AGE                                           1      0.0195      0.0193     -0.0183      0.0573          1.02        0.3124
                         INCOME_C2          <30                        1      0.0591      0.2440     -0.4191      0.5373          0.06        0.8086
                         INCOME_C2          >30                        0      0.0000      0.0000      0.0000      0.0000           .           .    
                         LANG_PREF          SPANISH                    1      0.0942      0.2620     -0.4194      0.6077          0.13        0.7192
                         LANG_PREF          ENGLISH                    0      0.0000      0.0000      0.0000      0.0000           .           .    
                         PARITY_V1                                     1      0.0763      0.1039     -0.1273      0.2799          0.54        0.4624
                         POVPCT                                        1     -0.0015      0.0013     -0.0040      0.0010          1.45        0.2287
                         MARITAL_STATUS     COHABITING                 1     -0.5017      0.1963     -0.8864     -0.1169          6.53        0.0106
                         MARITAL_STATUS     SEPARATED                  1      0.5619      0.4568     -0.3333      1.4572          1.51        0.2186
                         MARITAL_STATUS     SINGLE                     0      0.0000      0.0000      0.0000      0.0000           .           .    
                         EMPLOYEDYN         EMPLOYED                   1      0.2189      0.1858     -0.1452      0.5830          1.39        0.2387
                         EMPLOYEDYN         NOT_EMPLOYED               0      0.0000      0.0000      0.0000      0.0000           .           .    
                         EDUCATION_C3       AT_MOST_HIGHSCHOOL_GED     1      0.1070      0.2179     -0.3201      0.5341          0.24        0.6235
                         EDUCATION_C3       G_HIGHSCHOOL               1     -0.0673      0.2334     -0.5246      0.3901          0.08        0.7732
                         EDUCATION_C3       N_HIGHSCHOOL_GED           0      0.0000      0.0000      0.0000      0.0000           .           .    
                         YRSUS_C3           10+_Years                  1     -0.0274      0.2888     -0.5934      0.5386          0.01        0.9244
                         YRSUS_C3           <10_Years                  1     -0.1563      0.2937     -0.7319      0.4194          0.28        0.5947
                         YRSUS_C3           US_BORN                    0      0.0000      0.0000      0.0000      0.0000           .           .    
                         N_HC               NO                         1     -0.1075      0.2026     -0.5046      0.2896          0.28        0.5957
                         N_HC               YES                        0      0.0000      0.0000      0.0000      0.0000           .           .    
                         Scale                                         1      1.1462      0.0572      1.0394      1.2639                            

NOTE: The scale parameter was estimated by maximum likelihood.
                                                                      First domain - Sociodemographics

---------------------------------------------------------------------------- Imputation Number=8 ----------------------------------------------------------------------------

                                                                            The GENMOD Procedure

                                                                             Model Information

                                           Data Set              DATA.HC338353A_IMPUTED_DATA_20AUG25    Multiply-Imputed Data    
                                           Distribution                                       Normal                             
                                           Link Function                                    Identity                             
                                           Dependent Variable                                    WAZ    Weight for age Z-Score   
                                                                                                        - CDC (Child)            


                                                                   Number of Observations Read         201
                                                                   Number of Observations Used         201


                                                                           Class Level Information
 
                                              Class                Levels    Values

                                              CENTERNUM                 4    CHICAGO MIAMI SAN DIEGO BRONX                     
                                              INCOME_C2                 2    <30 >30                                           
                                              LANG_PREF                 2    SPANISH ENGLISH                                   
                                              BKGRD1_C7NOMISS           7    BK_OTHER CUBAN C_AMERICAN DOMINICAN MORE THAN ONE 
                                                                             P_RICAN MEXICAN                                   
                                              MARITAL_STATUS            3    COHABITING SEPARATED SINGLE                       
                                              EMPLOYEDYN                2    EMPLOYED NOT_EMPLOYED                             
                                              EDUCATION_C3              3    AT_MOST_HIGHSCHOOL_GED G_HIGHSCHOOL               
                                                                             N_HIGHSCHOOL_GED                                  
                                              N_HC                      2    NO YES                                            
                                              YRSUS_C3                  3    10+_Years <10_Years US_BORN                       


                                                                   Criteria For Assessing Goodness Of Fit
 
                                                      Criterion                     DF           Value        Value/DF

                                                      Deviance                     177        266.6743          1.5066
                                                      Scaled Deviance              177        201.0000          1.1356
                                                      Pearson Chi-Square           177        266.6743          1.5066
                                                      Scaled Pearson X2            177        201.0000          1.1356
                                                      Log Likelihood                         -313.6203                
                                                      Full Log Likelihood                    -313.6203                
                                                      AIC (smaller is better)                 677.2406                
                                                      AICC (smaller is better)                684.6692                
                                                      BIC (smaller is better)                 759.8233                


                                                 Algorithm converged.                                                       


                                                                      First domain - Sociodemographics

---------------------------------------------------------------------------- Imputation Number=8 ----------------------------------------------------------------------------

                                                                            The GENMOD Procedure

                                                             Analysis Of Maximum Likelihood Parameter Estimates
 
                                                                                        Standard     Wald 95% Confidence          Wald
                         Parameter                                    DF    Estimate       Error           Limits           Chi-Square    Pr > ChiSq

                         Intercept                                     1     -0.0644      0.6529     -1.3440      1.2152          0.01        0.9214
                         CENTERNUM          CHICAGO                    1      0.2694      0.3447     -0.4062      0.9450          0.61        0.4345
                         CENTERNUM          MIAMI                      1     -0.3393      0.3962     -1.1158      0.4372          0.73        0.3917
                         CENTERNUM          SAN DIEGO                  1      0.3567      0.3970     -0.4214      1.1347          0.81        0.3689
                         CENTERNUM          BRONX                      0      0.0000      0.0000      0.0000      0.0000           .           .    
                         YRSV1BIRTH                                    1     -0.0317      0.0544     -0.1383      0.0750          0.34        0.5606
                         BKGRD1_C7NOMISS    BK_OTHER                   1     -0.3293      0.7786     -1.8553      1.1966          0.18        0.6723
                         BKGRD1_C7NOMISS    CUBAN                      1      1.1804      0.4809      0.2379      2.1229          6.03        0.0141
                         BKGRD1_C7NOMISS    C_AMERICAN                 1      0.3800      0.3745     -0.3540      1.1140          1.03        0.3102
                         BKGRD1_C7NOMISS    DOMINICAN                  1      0.8386      0.4524     -0.0482      1.7253          3.44        0.0638
                         BKGRD1_C7NOMISS    MORE THAN ONE              1      0.4383      0.4398     -0.4237      1.3003          0.99        0.3190
                         BKGRD1_C7NOMISS    P_RICAN                    1      0.3534      0.4367     -0.5026      1.2093          0.65        0.4185
                         BKGRD1_C7NOMISS    MEXICAN                    0      0.0000      0.0000      0.0000      0.0000           .           .    
                         AGE                                           1      0.0186      0.0194     -0.0195      0.0567          0.92        0.3380
                         INCOME_C2          <30                        1      0.1525      0.2503     -0.3381      0.6431          0.37        0.5423
                         INCOME_C2          >30                        0      0.0000      0.0000      0.0000      0.0000           .           .    
                         LANG_PREF          SPANISH                    1      0.0938      0.2613     -0.4184      0.6060          0.13        0.7197
                         LANG_PREF          ENGLISH                    0      0.0000      0.0000      0.0000      0.0000           .           .    
                         PARITY_V1                                     1      0.0887      0.1050     -0.1170      0.2945          0.71        0.3980
                         POVPCT                                        1     -0.0006      0.0013     -0.0031      0.0019          0.22        0.6362
                         MARITAL_STATUS     COHABITING                 1     -0.5110      0.1982     -0.8996     -0.1225          6.64        0.0099
                         MARITAL_STATUS     SEPARATED                  1      0.5485      0.4583     -0.3497      1.4467          1.43        0.2314
                         MARITAL_STATUS     SINGLE                     0      0.0000      0.0000      0.0000      0.0000           .           .    
                         EMPLOYEDYN         EMPLOYED                   1      0.1385      0.1849     -0.2238      0.5009          0.56        0.4537
                         EMPLOYEDYN         NOT_EMPLOYED               0      0.0000      0.0000      0.0000      0.0000           .           .    
                         EDUCATION_C3       AT_MOST_HIGHSCHOOL_GED     1      0.1051      0.2196     -0.3254      0.5355          0.23        0.6324
                         EDUCATION_C3       G_HIGHSCHOOL               1     -0.0823      0.2357     -0.5442      0.3796          0.12        0.7270
                         EDUCATION_C3       N_HIGHSCHOOL_GED           0      0.0000      0.0000      0.0000      0.0000           .           .    
                         YRSUS_C3           10+_Years                  1     -0.0334      0.2940     -0.6097      0.5428          0.01        0.9095
                         YRSUS_C3           <10_Years                  1     -0.1437      0.2990     -0.7297      0.4423          0.23        0.6308
                         YRSUS_C3           US_BORN                    0      0.0000      0.0000      0.0000      0.0000           .           .    
                         N_HC               NO                         1     -0.0853      0.2059     -0.4888      0.3182          0.17        0.6785
                         N_HC               YES                        0      0.0000      0.0000      0.0000      0.0000           .           .    
                         Scale                                         1      1.1518      0.0574      1.0446      1.2701                            

NOTE: The scale parameter was estimated by maximum likelihood.
                                                                      First domain - Sociodemographics

---------------------------------------------------------------------------- Imputation Number=9 ----------------------------------------------------------------------------

                                                                            The GENMOD Procedure

                                                                             Model Information

                                           Data Set              DATA.HC338353A_IMPUTED_DATA_20AUG25    Multiply-Imputed Data    
                                           Distribution                                       Normal                             
                                           Link Function                                    Identity                             
                                           Dependent Variable                                    WAZ    Weight for age Z-Score   
                                                                                                        - CDC (Child)            


                                                                   Number of Observations Read         201
                                                                   Number of Observations Used         201


                                                                           Class Level Information
 
                                              Class                Levels    Values

                                              CENTERNUM                 4    CHICAGO MIAMI SAN DIEGO BRONX                     
                                              INCOME_C2                 2    <30 >30                                           
                                              LANG_PREF                 2    SPANISH ENGLISH                                   
                                              BKGRD1_C7NOMISS           7    BK_OTHER CUBAN C_AMERICAN DOMINICAN MORE THAN ONE 
                                                                             P_RICAN MEXICAN                                   
                                              MARITAL_STATUS            3    COHABITING SEPARATED SINGLE                       
                                              EMPLOYEDYN                2    EMPLOYED NOT_EMPLOYED                             
                                              EDUCATION_C3              3    AT_MOST_HIGHSCHOOL_GED G_HIGHSCHOOL               
                                                                             N_HIGHSCHOOL_GED                                  
                                              N_HC                      2    NO YES                                            
                                              YRSUS_C3                  3    10+_Years <10_Years US_BORN                       


                                                                   Criteria For Assessing Goodness Of Fit
 
                                                      Criterion                     DF           Value        Value/DF

                                                      Deviance                     177        266.1682          1.5038
                                                      Scaled Deviance              177        201.0000          1.1356
                                                      Pearson Chi-Square           177        266.1682          1.5038
                                                      Scaled Pearson X2            177        201.0000          1.1356
                                                      Log Likelihood                         -313.4294                
                                                      Full Log Likelihood                    -313.4294                
                                                      AIC (smaller is better)                 676.8588                
                                                      AICC (smaller is better)                684.2874                
                                                      BIC (smaller is better)                 759.4414                


                                                 Algorithm converged.                                                       


                                                                      First domain - Sociodemographics

---------------------------------------------------------------------------- Imputation Number=9 ----------------------------------------------------------------------------

                                                                            The GENMOD Procedure

                                                             Analysis Of Maximum Likelihood Parameter Estimates
 
                                                                                        Standard     Wald 95% Confidence          Wald
                         Parameter                                    DF    Estimate       Error           Limits           Chi-Square    Pr > ChiSq

                         Intercept                                     1      0.2702      0.6473     -0.9984      1.5389          0.17        0.6763
                         CENTERNUM          CHICAGO                    1      0.2322      0.3424     -0.4389      0.9032          0.46        0.4977
                         CENTERNUM          MIAMI                      1     -0.3821      0.3920     -1.1503      0.3862          0.95        0.3297
                         CENTERNUM          SAN DIEGO                  1      0.3224      0.3948     -0.4513      1.0962          0.67        0.4141
                         CENTERNUM          BRONX                      0      0.0000      0.0000      0.0000      0.0000           .           .    
                         YRSV1BIRTH                                    1     -0.0442      0.0535     -0.1489      0.0606          0.68        0.4089
                         BKGRD1_C7NOMISS    BK_OTHER                   1     -0.3270      0.7718     -1.8396      1.1856          0.18        0.6717
                         BKGRD1_C7NOMISS    CUBAN                      1      1.1787      0.4804      0.2370      2.1203          6.02        0.0142
                         BKGRD1_C7NOMISS    C_AMERICAN                 1      0.4161      0.3746     -0.3182      1.1504          1.23        0.2668
                         BKGRD1_C7NOMISS    DOMINICAN                  1      0.7973      0.4522     -0.0891      1.6837          3.11        0.0779
                         BKGRD1_C7NOMISS    MORE THAN ONE              1      0.4282      0.4388     -0.4317      1.2882          0.95        0.3290
                         BKGRD1_C7NOMISS    P_RICAN                    1      0.3033      0.4337     -0.5469      1.1534          0.49        0.4844
                         BKGRD1_C7NOMISS    MEXICAN                    0      0.0000      0.0000      0.0000      0.0000           .           .    
                         AGE                                           1      0.0204      0.0190     -0.0168      0.0577          1.16        0.2818
                         INCOME_C2          <30                        1     -0.0722      0.2420     -0.5465      0.4021          0.09        0.7653
                         INCOME_C2          >30                        0      0.0000      0.0000      0.0000      0.0000           .           .    
                         LANG_PREF          SPANISH                    1      0.0761      0.2618     -0.4369      0.5892          0.08        0.7712
                         LANG_PREF          ENGLISH                    0      0.0000      0.0000      0.0000      0.0000           .           .    
                         PARITY_V1                                     1      0.0749      0.1008     -0.1227      0.2724          0.55        0.4576
                         POVPCT                                        1     -0.0015      0.0012     -0.0039      0.0009          1.44        0.2296
                         MARITAL_STATUS     COHABITING                 1     -0.5498      0.1977     -0.9373     -0.1623          7.73        0.0054
                         MARITAL_STATUS     SEPARATED                  1      0.6003      0.4574     -0.2962      1.4969          1.72        0.1894
                         MARITAL_STATUS     SINGLE                     0      0.0000      0.0000      0.0000      0.0000           .           .    
                         EMPLOYEDYN         EMPLOYED                   1      0.1061      0.1872     -0.2608      0.4730          0.32        0.5709
                         EMPLOYEDYN         NOT_EMPLOYED               0      0.0000      0.0000      0.0000      0.0000           .           .    
                         EDUCATION_C3       AT_MOST_HIGHSCHOOL_GED     1      0.1168      0.2194     -0.3133      0.5469          0.28        0.5946
                         EDUCATION_C3       G_HIGHSCHOOL               1     -0.0749      0.2338     -0.5332      0.3834          0.10        0.7488
                         EDUCATION_C3       N_HIGHSCHOOL_GED           0      0.0000      0.0000      0.0000      0.0000           .           .    
                         YRSUS_C3           10+_Years                  1     -0.0003      0.2932     -0.5749      0.5744          0.00        0.9993
                         YRSUS_C3           <10_Years                  1     -0.1199      0.2992     -0.7064      0.4665          0.16        0.6885
                         YRSUS_C3           US_BORN                    0      0.0000      0.0000      0.0000      0.0000           .           .    
                         N_HC               NO                         1     -0.0946      0.2054     -0.4971      0.3079          0.21        0.6451
                         N_HC               YES                        0      0.0000      0.0000      0.0000      0.0000           .           .    
                         Scale                                         1      1.1507      0.0574      1.0436      1.2689                            

NOTE: The scale parameter was estimated by maximum likelihood.
                                                                      First domain - Sociodemographics

--------------------------------------------------------------------------- Imputation Number=10 ----------------------------------------------------------------------------

                                                                            The GENMOD Procedure

                                                                             Model Information

                                           Data Set              DATA.HC338353A_IMPUTED_DATA_20AUG25    Multiply-Imputed Data    
                                           Distribution                                       Normal                             
                                           Link Function                                    Identity                             
                                           Dependent Variable                                    WAZ    Weight for age Z-Score   
                                                                                                        - CDC (Child)            


                                                                   Number of Observations Read         201
                                                                   Number of Observations Used         201


                                                                           Class Level Information
 
                                              Class                Levels    Values

                                              CENTERNUM                 4    CHICAGO MIAMI SAN DIEGO BRONX                     
                                              INCOME_C2                 2    <30 >30                                           
                                              LANG_PREF                 2    SPANISH ENGLISH                                   
                                              BKGRD1_C7NOMISS           7    BK_OTHER CUBAN C_AMERICAN DOMINICAN MORE THAN ONE 
                                                                             P_RICAN MEXICAN                                   
                                              MARITAL_STATUS            3    COHABITING SEPARATED SINGLE                       
                                              EMPLOYEDYN                2    EMPLOYED NOT_EMPLOYED                             
                                              EDUCATION_C3              3    AT_MOST_HIGHSCHOOL_GED G_HIGHSCHOOL               
                                                                             N_HIGHSCHOOL_GED                                  
                                              N_HC                      2    NO YES                                            
                                              YRSUS_C3                  3    10+_Years <10_Years US_BORN                       


                                                                   Criteria For Assessing Goodness Of Fit
 
                                                      Criterion                     DF           Value        Value/DF

                                                      Deviance                     177        261.9344          1.4799
                                                      Scaled Deviance              177        201.0000          1.1356
                                                      Pearson Chi-Square           177        261.9344          1.4799
                                                      Scaled Pearson X2            177        201.0000          1.1356
                                                      Log Likelihood                         -311.8180                
                                                      Full Log Likelihood                    -311.8180                
                                                      AIC (smaller is better)                 673.6359                
                                                      AICC (smaller is better)                681.0645                
                                                      BIC (smaller is better)                 756.2185                


                                                 Algorithm converged.                                                       


                                                                      First domain - Sociodemographics

--------------------------------------------------------------------------- Imputation Number=10 ----------------------------------------------------------------------------

                                                                            The GENMOD Procedure

                                                             Analysis Of Maximum Likelihood Parameter Estimates
 
                                                                                        Standard     Wald 95% Confidence          Wald
                         Parameter                                    DF    Estimate       Error           Limits           Chi-Square    Pr > ChiSq

                         Intercept                                     1      0.2383      0.6420     -1.0199      1.4965          0.14        0.7104
                         CENTERNUM          CHICAGO                    1      0.2925      0.3418     -0.3775      0.9625          0.73        0.3922
                         CENTERNUM          MIAMI                      1     -0.3437      0.3899     -1.1079      0.4204          0.78        0.3780
                         CENTERNUM          SAN DIEGO                  1      0.4293      0.3948     -0.3445      1.2031          1.18        0.2769
                         CENTERNUM          BRONX                      0      0.0000      0.0000      0.0000      0.0000           .           .    
                         YRSV1BIRTH                                    1     -0.0392      0.0527     -0.1424      0.0640          0.55        0.4568
                         BKGRD1_C7NOMISS    BK_OTHER                   1     -0.3899      0.7669     -1.8930      1.1133          0.26        0.6112
                         BKGRD1_C7NOMISS    CUBAN                      1      1.2110      0.4764      0.2772      2.1447          6.46        0.0110
                         BKGRD1_C7NOMISS    C_AMERICAN                 1      0.4628      0.3724     -0.2670      1.1926          1.54        0.2139
                         BKGRD1_C7NOMISS    DOMINICAN                  1      0.8551      0.4481     -0.0232      1.7333          3.64        0.0564
                         BKGRD1_C7NOMISS    MORE THAN ONE              1      0.4627      0.4351     -0.3901      1.3154          1.13        0.2876
                         BKGRD1_C7NOMISS    P_RICAN                    1      0.3682      0.4309     -0.4763      1.2126          0.73        0.3928
                         BKGRD1_C7NOMISS    MEXICAN                    0      0.0000      0.0000      0.0000      0.0000           .           .    
                         AGE                                           1      0.0191      0.0188     -0.0177      0.0558          1.03        0.3094
                         INCOME_C2          <30                        1     -0.0434      0.2350     -0.5039      0.4172          0.03        0.8536
                         INCOME_C2          >30                        0      0.0000      0.0000      0.0000      0.0000           .           .    
                         LANG_PREF          SPANISH                    1      0.0919      0.2596     -0.4169      0.6007          0.13        0.7233
                         LANG_PREF          ENGLISH                    0      0.0000      0.0000      0.0000      0.0000           .           .    
                         PARITY_V1                                     1      0.0524      0.1017     -0.1470      0.2517          0.26        0.6068
                         POVPCT                                        1     -0.0024      0.0013     -0.0048      0.0001          3.56        0.0592
                         MARITAL_STATUS     COHABITING                 1     -0.4676      0.1967     -0.8531     -0.0822          5.65        0.0174
                         MARITAL_STATUS     SEPARATED                  1      0.6342      0.4564     -0.2604      1.5287          1.93        0.1647
                         MARITAL_STATUS     SINGLE                     0      0.0000      0.0000      0.0000      0.0000           .           .    
                         EMPLOYEDYN         EMPLOYED                   1      0.2416      0.1854     -0.1217      0.6049          1.70        0.1924
                         EMPLOYEDYN         NOT_EMPLOYED               0      0.0000      0.0000      0.0000      0.0000           .           .    
                         EDUCATION_C3       AT_MOST_HIGHSCHOOL_GED     1      0.1069      0.2174     -0.3193      0.5331          0.24        0.6230
                         EDUCATION_C3       G_HIGHSCHOOL               1     -0.0624      0.2332     -0.5195      0.3948          0.07        0.7892
                         EDUCATION_C3       N_HIGHSCHOOL_GED           0      0.0000      0.0000      0.0000      0.0000           .           .    
                         YRSUS_C3           10+_Years                  1     -0.0301      0.2903     -0.5991      0.5388          0.01        0.9173
                         YRSUS_C3           <10_Years                  1     -0.1713      0.2978     -0.7550      0.4123          0.33        0.5651
                         YRSUS_C3           US_BORN                    0      0.0000      0.0000      0.0000      0.0000           .           .    
                         N_HC               NO                         1     -0.1235      0.2037     -0.5227      0.2758          0.37        0.5445
                         N_HC               YES                        0      0.0000      0.0000      0.0000      0.0000           .           .    
                         Scale                                         1      1.1416      0.0569      1.0352      1.2588                            

NOTE: The scale parameter was estimated by maximum likelihood.
                                                                                Second domain

---------------------------------------------------------------------------- Imputation Number=1 ----------------------------------------------------------------------------

                                                                            The GENMOD Procedure

                                                                             Model Information

                                           Data Set              DATA.HC338353A_IMPUTED_DATA_20AUG25    Multiply-Imputed Data    
                                           Distribution                                       Normal                             
                                           Link Function                                    Identity                             
                                           Dependent Variable                                    WAZ    Weight for age Z-Score   
                                                                                                        - CDC (Child)            


                                                                   Number of Observations Read         201
                                                                   Number of Observations Used         201


                                                                           Class Level Information
 
                                                           Class          Levels    Values

                                                           CENTERNUM           4    CHICAGO MIAMI SAN DIEGO BRONX 


                                                                   Criteria For Assessing Goodness Of Fit
 
                                                      Criterion                     DF           Value        Value/DF

                                                      Deviance                     189        244.6455          1.2944
                                                      Scaled Deviance              189        201.0000          1.0635
                                                      Pearson Chi-Square           189        244.6455          1.2944
                                                      Scaled Pearson X2            189        201.0000          1.0635
                                                      Log Likelihood                         -304.9554                
                                                      Full Log Likelihood                    -304.9554                
                                                      AIC (smaller is better)                 635.9109                
                                                      AICC (smaller is better)                637.8574                
                                                      BIC (smaller is better)                 678.8539                


                                                 Algorithm converged.                                                       


                                                             Analysis Of Maximum Likelihood Parameter Estimates
 
                                                                               Standard     Wald 95% Confidence          Wald
                                  Parameter                  DF    Estimate       Error           Limits           Chi-Square    Pr > ChiSq

                                  Intercept                   1     -8.7537      2.2518    -13.1672     -4.3402         15.11        0.0001
                                  CENTERNUM     CHICAGO       1     -0.0212      0.2283     -0.4687      0.4262          0.01        0.9260
                                  CENTERNUM     MIAMI         1     -0.1269      0.2205     -0.5592      0.3053          0.33        0.5649
                                  CENTERNUM     SAN DIEGO     1     -0.0337      0.2358     -0.4959      0.4284          0.02        0.8863
                                  CENTERNUM     BRONX         0      0.0000      0.0000      0.0000      0.0000           .           .    
                                  YRSV1BIRTH                  1     -0.0040      0.0489     -0.0998      0.0919          0.01        0.9355
                                  BMI                         1      0.1373      0.0326      0.0734      0.2012         17.73        <.0001
                                  ANTA10A                     1     -0.0336      0.0151     -0.0632     -0.0040          4.95        0.0261
                                  HEIGHT                      1      0.0581      0.0138      0.0310      0.0852         17.64        <.0001
                                  AGG_MENT                    1     -0.0106      0.0099     -0.0300      0.0087          1.16        0.2808
                                                                                Second domain

---------------------------------------------------------------------------- Imputation Number=1 ----------------------------------------------------------------------------

                                                                            The GENMOD Procedure

                                                             Analysis Of Maximum Likelihood Parameter Estimates
 
                                                                               Standard     Wald 95% Confidence          Wald
                                  Parameter                  DF    Estimate       Error           Limits           Chi-Square    Pr > ChiSq

                                  AGG_PHYS                    1      0.0034      0.0145     -0.0250      0.0318          0.05        0.8150
                                  CESD10                      1      0.0067      0.0224     -0.0372      0.0506          0.09        0.7656
                                  STAI10                      1     -0.0120      0.0209     -0.0531      0.0290          0.33        0.5654
                                  Scale                       1      1.1032      0.0550      1.0005      1.2165                            

NOTE: The scale parameter was estimated by maximum likelihood.
                                                                                Second domain

---------------------------------------------------------------------------- Imputation Number=2 ----------------------------------------------------------------------------

                                                                            The GENMOD Procedure

                                                                             Model Information

                                           Data Set              DATA.HC338353A_IMPUTED_DATA_20AUG25    Multiply-Imputed Data    
                                           Distribution                                       Normal                             
                                           Link Function                                    Identity                             
                                           Dependent Variable                                    WAZ    Weight for age Z-Score   
                                                                                                        - CDC (Child)            


                                                                   Number of Observations Read         201
                                                                   Number of Observations Used         201


                                                                           Class Level Information
 
                                                           Class          Levels    Values

                                                           CENTERNUM           4    CHICAGO MIAMI SAN DIEGO BRONX 


                                                                   Criteria For Assessing Goodness Of Fit
 
                                                      Criterion                     DF           Value        Value/DF

                                                      Deviance                     189        249.3170          1.3191
                                                      Scaled Deviance              189        201.0000          1.0635
                                                      Pearson Chi-Square           189        249.3170          1.3191
                                                      Scaled Pearson X2            189        201.0000          1.0635
                                                      Log Likelihood                         -306.8564                
                                                      Full Log Likelihood                    -306.8564                
                                                      AIC (smaller is better)                 639.7128                
                                                      AICC (smaller is better)                641.6593                
                                                      BIC (smaller is better)                 682.6557                


                                                 Algorithm converged.                                                       


                                                             Analysis Of Maximum Likelihood Parameter Estimates
 
                                                                               Standard     Wald 95% Confidence          Wald
                                  Parameter                  DF    Estimate       Error           Limits           Chi-Square    Pr > ChiSq

                                  Intercept                   1     -9.1901      2.3095    -13.7167     -4.6635         15.83        <.0001
                                  CENTERNUM     CHICAGO       1     -0.0386      0.2300     -0.4894      0.4122          0.03        0.8666
                                  CENTERNUM     MIAMI         1     -0.1856      0.2223     -0.6212      0.2500          0.70        0.4037
                                  CENTERNUM     SAN DIEGO     1     -0.0779      0.2372     -0.5428      0.3870          0.11        0.7427
                                  CENTERNUM     BRONX         0      0.0000      0.0000      0.0000      0.0000           .           .    
                                  YRSV1BIRTH                  1     -0.0056      0.0484     -0.1004      0.0892          0.01        0.9083
                                  BMI                         1      0.1368      0.0336      0.0710      0.2027         16.58        <.0001
                                  ANTA10A                     1     -0.0344      0.0153     -0.0645     -0.0044          5.04        0.0248
                                  HEIGHT                      1      0.0616      0.0140      0.0342      0.0890         19.43        <.0001
                                  AGG_MENT                    1     -0.0099      0.0099     -0.0292      0.0095          1.00        0.3177
                                                                                Second domain

---------------------------------------------------------------------------- Imputation Number=2 ----------------------------------------------------------------------------

                                                                            The GENMOD Procedure

                                                             Analysis Of Maximum Likelihood Parameter Estimates
 
                                                                               Standard     Wald 95% Confidence          Wald
                                  Parameter                  DF    Estimate       Error           Limits           Chi-Square    Pr > ChiSq

                                  AGG_PHYS                    1      0.0052      0.0146     -0.0233      0.0338          0.13        0.7194
                                  CESD10                      1      0.0125      0.0228     -0.0322      0.0572          0.30        0.5827
                                  STAI10                      1     -0.0208      0.0214     -0.0627      0.0211          0.95        0.3308
                                  Scale                       1      1.1137      0.0555      1.0100      1.2281                            

NOTE: The scale parameter was estimated by maximum likelihood.
                                                                                Second domain

---------------------------------------------------------------------------- Imputation Number=3 ----------------------------------------------------------------------------

                                                                            The GENMOD Procedure

                                                                             Model Information

                                           Data Set              DATA.HC338353A_IMPUTED_DATA_20AUG25    Multiply-Imputed Data    
                                           Distribution                                       Normal                             
                                           Link Function                                    Identity                             
                                           Dependent Variable                                    WAZ    Weight for age Z-Score   
                                                                                                        - CDC (Child)            


                                                                   Number of Observations Read         201
                                                                   Number of Observations Used         201


                                                                           Class Level Information
 
                                                           Class          Levels    Values

                                                           CENTERNUM           4    CHICAGO MIAMI SAN DIEGO BRONX 


                                                                   Criteria For Assessing Goodness Of Fit
 
                                                      Criterion                     DF           Value        Value/DF

                                                      Deviance                     189        246.0968          1.3021
                                                      Scaled Deviance              189        201.0000          1.0635
                                                      Pearson Chi-Square           189        246.0968          1.3021
                                                      Scaled Pearson X2            189        201.0000          1.0635
                                                      Log Likelihood                         -305.5499                
                                                      Full Log Likelihood                    -305.5499                
                                                      AIC (smaller is better)                 637.0997                
                                                      AICC (smaller is better)                639.0463                
                                                      BIC (smaller is better)                 680.0427                


                                                 Algorithm converged.                                                       


                                                             Analysis Of Maximum Likelihood Parameter Estimates
 
                                                                               Standard     Wald 95% Confidence          Wald
                                  Parameter                  DF    Estimate       Error           Limits           Chi-Square    Pr > ChiSq

                                  Intercept                   1     -9.0346      2.2804    -13.5041     -4.5650         15.70        <.0001
                                  CENTERNUM     CHICAGO       1     -0.0326      0.2294     -0.4821      0.4169          0.02        0.8870
                                  CENTERNUM     MIAMI         1     -0.1460      0.2207     -0.5785      0.2866          0.44        0.5084
                                  CENTERNUM     SAN DIEGO     1     -0.0533      0.2358     -0.5154      0.4087          0.05        0.8210
                                  CENTERNUM     BRONX         0      0.0000      0.0000      0.0000      0.0000           .           .    
                                  YRSV1BIRTH                  1     -0.0074      0.0478     -0.1011      0.0863          0.02        0.8767
                                  BMI                         1      0.1378      0.0333      0.0725      0.2032         17.09        <.0001
                                  ANTA10A                     1     -0.0344      0.0152     -0.0643     -0.0046          5.10        0.0239
                                  HEIGHT                      1      0.0613      0.0136      0.0345      0.0880         20.17        <.0001
                                  AGG_MENT                    1     -0.0121      0.0097     -0.0311      0.0069          1.56        0.2119
                                                                                Second domain

---------------------------------------------------------------------------- Imputation Number=3 ----------------------------------------------------------------------------

                                                                            The GENMOD Procedure

                                                             Analysis Of Maximum Likelihood Parameter Estimates
 
                                                                               Standard     Wald 95% Confidence          Wald
                                  Parameter                  DF    Estimate       Error           Limits           Chi-Square    Pr > ChiSq

                                  AGG_PHYS                    1      0.0030      0.0145     -0.0255      0.0315          0.04        0.8352
                                  CESD10                      1      0.0074      0.0224     -0.0364      0.0513          0.11        0.7405
                                  STAI10                      1     -0.0146      0.0209     -0.0555      0.0263          0.49        0.4851
                                  Scale                       1      1.1065      0.0552      1.0035      1.2201                            

NOTE: The scale parameter was estimated by maximum likelihood.
                                                                                Second domain

---------------------------------------------------------------------------- Imputation Number=4 ----------------------------------------------------------------------------

                                                                            The GENMOD Procedure

                                                                             Model Information

                                           Data Set              DATA.HC338353A_IMPUTED_DATA_20AUG25    Multiply-Imputed Data    
                                           Distribution                                       Normal                             
                                           Link Function                                    Identity                             
                                           Dependent Variable                                    WAZ    Weight for age Z-Score   
                                                                                                        - CDC (Child)            


                                                                   Number of Observations Read         201
                                                                   Number of Observations Used         201


                                                                           Class Level Information
 
                                                           Class          Levels    Values

                                                           CENTERNUM           4    CHICAGO MIAMI SAN DIEGO BRONX 


                                                                   Criteria For Assessing Goodness Of Fit
 
                                                      Criterion                     DF           Value        Value/DF

                                                      Deviance                     189        248.6274          1.3155
                                                      Scaled Deviance              189        201.0000          1.0635
                                                      Pearson Chi-Square           189        248.6274          1.3155
                                                      Scaled Pearson X2            189        201.0000          1.0635
                                                      Log Likelihood                         -306.5780                
                                                      Full Log Likelihood                    -306.5780                
                                                      AIC (smaller is better)                 639.1561                
                                                      AICC (smaller is better)                641.1026                
                                                      BIC (smaller is better)                 682.0990                


                                                 Algorithm converged.                                                       


                                                             Analysis Of Maximum Likelihood Parameter Estimates
 
                                                                               Standard     Wald 95% Confidence          Wald
                                  Parameter                  DF    Estimate       Error           Limits           Chi-Square    Pr > ChiSq

                                  Intercept                   1     -9.2448      2.2903    -13.7338     -4.7558         16.29        <.0001
                                  CENTERNUM     CHICAGO       1     -0.0192      0.2299     -0.4698      0.4314          0.01        0.9335
                                  CENTERNUM     MIAMI         1     -0.1819      0.2221     -0.6172      0.2534          0.67        0.4128
                                  CENTERNUM     SAN DIEGO     1     -0.0602      0.2375     -0.5257      0.4053          0.06        0.7999
                                  CENTERNUM     BRONX         0      0.0000      0.0000      0.0000      0.0000           .           .    
                                  YRSV1BIRTH                  1      0.0059      0.0487     -0.0894      0.1013          0.01        0.9028
                                  BMI                         1      0.1397      0.0335      0.0740      0.2054         17.37        <.0001
                                  ANTA10A                     1     -0.0368      0.0152     -0.0666     -0.0070          5.86        0.0155
                                  HEIGHT                      1      0.0629      0.0138      0.0359      0.0899         20.81        <.0001
                                  AGG_MENT                    1     -0.0093      0.0099     -0.0287      0.0101          0.89        0.3460
                                                                                Second domain

---------------------------------------------------------------------------- Imputation Number=4 ----------------------------------------------------------------------------

                                                                            The GENMOD Procedure

                                                             Analysis Of Maximum Likelihood Parameter Estimates
 
                                                                               Standard     Wald 95% Confidence          Wald
                                  Parameter                  DF    Estimate       Error           Limits           Chi-Square    Pr > ChiSq

                                  AGG_PHYS                    1      0.0047      0.0146     -0.0239      0.0333          0.10        0.7469
                                  CESD10                      1      0.0231      0.0222     -0.0204      0.0666          1.08        0.2987
                                  STAI10                      1     -0.0275      0.0212     -0.0689      0.0140          1.68        0.1944
                                  Scale                       1      1.1122      0.0555      1.0086      1.2264                            

NOTE: The scale parameter was estimated by maximum likelihood.
                                                                                Second domain

---------------------------------------------------------------------------- Imputation Number=5 ----------------------------------------------------------------------------

                                                                            The GENMOD Procedure

                                                                             Model Information

                                           Data Set              DATA.HC338353A_IMPUTED_DATA_20AUG25    Multiply-Imputed Data    
                                           Distribution                                       Normal                             
                                           Link Function                                    Identity                             
                                           Dependent Variable                                    WAZ    Weight for age Z-Score   
                                                                                                        - CDC (Child)            


                                                                   Number of Observations Read         201
                                                                   Number of Observations Used         201


                                                                           Class Level Information
 
                                                           Class          Levels    Values

                                                           CENTERNUM           4    CHICAGO MIAMI SAN DIEGO BRONX 


                                                                   Criteria For Assessing Goodness Of Fit
 
                                                      Criterion                     DF           Value        Value/DF

                                                      Deviance                     189        249.5489          1.3204
                                                      Scaled Deviance              189        201.0000          1.0635
                                                      Pearson Chi-Square           189        249.5489          1.3204
                                                      Scaled Pearson X2            189        201.0000          1.0635
                                                      Log Likelihood                         -306.9498                
                                                      Full Log Likelihood                    -306.9498                
                                                      AIC (smaller is better)                 639.8997                
                                                      AICC (smaller is better)                641.8462                
                                                      BIC (smaller is better)                 682.8426                


                                                 Algorithm converged.                                                       


                                                             Analysis Of Maximum Likelihood Parameter Estimates
 
                                                                               Standard     Wald 95% Confidence          Wald
                                  Parameter                  DF    Estimate       Error           Limits           Chi-Square    Pr > ChiSq

                                  Intercept                   1     -8.3351      2.3010    -12.8449     -3.8253         13.12        0.0003
                                  CENTERNUM     CHICAGO       1     -0.0868      0.2303     -0.5382      0.3646          0.14        0.7062
                                  CENTERNUM     MIAMI         1     -0.1686      0.2226     -0.6049      0.2677          0.57        0.4488
                                  CENTERNUM     SAN DIEGO     1     -0.1043      0.2368     -0.5685      0.3599          0.19        0.6596
                                  CENTERNUM     BRONX         0      0.0000      0.0000      0.0000      0.0000           .           .    
                                  YRSV1BIRTH                  1     -0.0180      0.0487     -0.1134      0.0775          0.14        0.7122
                                  BMI                         1      0.1280      0.0334      0.0625      0.1934         14.69        0.0001
                                  ANTA10A                     1     -0.0294      0.0153     -0.0593      0.0006          3.69        0.0547
                                  HEIGHT                      1      0.0565      0.0141      0.0289      0.0842         16.04        <.0001
                                  AGG_MENT                    1     -0.0156      0.0098     -0.0348      0.0035          2.57        0.1092
                                                                                Second domain

---------------------------------------------------------------------------- Imputation Number=5 ----------------------------------------------------------------------------

                                                                            The GENMOD Procedure

                                                             Analysis Of Maximum Likelihood Parameter Estimates
 
                                                                               Standard     Wald 95% Confidence          Wald
                                  Parameter                  DF    Estimate       Error           Limits           Chi-Square    Pr > ChiSq

                                  AGG_PHYS                    1      0.0041      0.0147     -0.0246      0.0328          0.08        0.7812
                                  CESD10                      1     -0.0021      0.0219     -0.0451      0.0409          0.01        0.9250
                                  STAI10                      1     -0.0086      0.0209     -0.0497      0.0324          0.17        0.6797
                                  Scale                       1      1.1142      0.0556      1.0105      1.2287                            

NOTE: The scale parameter was estimated by maximum likelihood.
                                                                                Second domain

---------------------------------------------------------------------------- Imputation Number=6 ----------------------------------------------------------------------------

                                                                            The GENMOD Procedure

                                                                             Model Information

                                           Data Set              DATA.HC338353A_IMPUTED_DATA_20AUG25    Multiply-Imputed Data    
                                           Distribution                                       Normal                             
                                           Link Function                                    Identity                             
                                           Dependent Variable                                    WAZ    Weight for age Z-Score   
                                                                                                        - CDC (Child)            


                                                                   Number of Observations Read         201
                                                                   Number of Observations Used         201


                                                                           Class Level Information
 
                                                           Class          Levels    Values

                                                           CENTERNUM           4    CHICAGO MIAMI SAN DIEGO BRONX 


                                                                   Criteria For Assessing Goodness Of Fit
 
                                                      Criterion                     DF           Value        Value/DF

                                                      Deviance                     189        247.6447          1.3103
                                                      Scaled Deviance              189        201.0000          1.0635
                                                      Pearson Chi-Square           189        247.6447          1.3103
                                                      Scaled Pearson X2            189        201.0000          1.0635
                                                      Log Likelihood                         -306.1800                
                                                      Full Log Likelihood                    -306.1800                
                                                      AIC (smaller is better)                 638.3600                
                                                      AICC (smaller is better)                640.3065                
                                                      BIC (smaller is better)                 681.3030                


                                                 Algorithm converged.                                                       


                                                             Analysis Of Maximum Likelihood Parameter Estimates
 
                                                                               Standard     Wald 95% Confidence          Wald
                                  Parameter                  DF    Estimate       Error           Limits           Chi-Square    Pr > ChiSq

                                  Intercept                   1     -8.9759      2.3005    -13.4848     -4.4669         15.22        <.0001
                                  CENTERNUM     CHICAGO       1     -0.0401      0.2295     -0.4899      0.4098          0.03        0.8615
                                  CENTERNUM     MIAMI         1     -0.1690      0.2217     -0.6034      0.2655          0.58        0.4459
                                  CENTERNUM     SAN DIEGO     1     -0.0782      0.2362     -0.5412      0.3848          0.11        0.7406
                                  CENTERNUM     BRONX         0      0.0000      0.0000      0.0000      0.0000           .           .    
                                  YRSV1BIRTH                  1     -0.0152      0.0483     -0.1099      0.0796          0.10        0.7537
                                  BMI                         1      0.1351      0.0335      0.0694      0.2008         16.26        <.0001
                                  ANTA10A                     1     -0.0343      0.0153     -0.0643     -0.0042          5.00        0.0254
                                  HEIGHT                      1      0.0637      0.0137      0.0368      0.0906         21.49        <.0001
                                  AGG_MENT                    1     -0.0142      0.0098     -0.0334      0.0051          2.09        0.1486
                                                                                Second domain

---------------------------------------------------------------------------- Imputation Number=6 ----------------------------------------------------------------------------

                                                                            The GENMOD Procedure

                                                             Analysis Of Maximum Likelihood Parameter Estimates
 
                                                                               Standard     Wald 95% Confidence          Wald
                                  Parameter                  DF    Estimate       Error           Limits           Chi-Square    Pr > ChiSq

                                  AGG_PHYS                    1      0.0002      0.0145     -0.0282      0.0286          0.00        0.9906
                                  CESD10                      1      0.0066      0.0226     -0.0377      0.0510          0.09        0.7691
                                  STAI10                      1     -0.0190      0.0214     -0.0610      0.0229          0.79        0.3741
                                  Scale                       1      1.1100      0.0554      1.0066      1.2240                            

NOTE: The scale parameter was estimated by maximum likelihood.
                                                                                Second domain

---------------------------------------------------------------------------- Imputation Number=7 ----------------------------------------------------------------------------

                                                                            The GENMOD Procedure

                                                                             Model Information

                                           Data Set              DATA.HC338353A_IMPUTED_DATA_20AUG25    Multiply-Imputed Data    
                                           Distribution                                       Normal                             
                                           Link Function                                    Identity                             
                                           Dependent Variable                                    WAZ    Weight for age Z-Score   
                                                                                                        - CDC (Child)            


                                                                   Number of Observations Read         201
                                                                   Number of Observations Used         201


                                                                           Class Level Information
 
                                                           Class          Levels    Values

                                                           CENTERNUM           4    CHICAGO MIAMI SAN DIEGO BRONX 


                                                                   Criteria For Assessing Goodness Of Fit
 
                                                      Criterion                     DF           Value        Value/DF

                                                      Deviance                     189        244.5193          1.2938
                                                      Scaled Deviance              189        201.0000          1.0635
                                                      Pearson Chi-Square           189        244.5193          1.2938
                                                      Scaled Pearson X2            189        201.0000          1.0635
                                                      Log Likelihood                         -304.9036                
                                                      Full Log Likelihood                    -304.9036                
                                                      AIC (smaller is better)                 635.8071                
                                                      AICC (smaller is better)                637.7536                
                                                      BIC (smaller is better)                 678.7501                


                                                 Algorithm converged.                                                       


                                                             Analysis Of Maximum Likelihood Parameter Estimates
 
                                                                               Standard     Wald 95% Confidence          Wald
                                  Parameter                  DF    Estimate       Error           Limits           Chi-Square    Pr > ChiSq

                                  Intercept                   1     -8.4220      2.2641    -12.8595     -3.9844         13.84        0.0002
                                  CENTERNUM     CHICAGO       1     -0.0038      0.2283     -0.4512      0.4436          0.00        0.9867
                                  CENTERNUM     MIAMI         1     -0.1260      0.2211     -0.5592      0.3073          0.32        0.5688
                                  CENTERNUM     SAN DIEGO     1     -0.0315      0.2362     -0.4944      0.4314          0.02        0.8940
                                  CENTERNUM     BRONX         0      0.0000      0.0000      0.0000      0.0000           .           .    
                                  YRSV1BIRTH                  1     -0.0040      0.0490     -0.1000      0.0920          0.01        0.9351
                                  BMI                         1      0.1329      0.0325      0.0692      0.1967         16.72        <.0001
                                  ANTA10A                     1     -0.0328      0.0152     -0.0626     -0.0030          4.66        0.0308
                                  HEIGHT                      1      0.0573      0.0139      0.0299      0.0846         16.86        <.0001
                                  AGG_MENT                    1     -0.0111      0.0097     -0.0301      0.0079          1.32        0.2508
                                                                                Second domain

---------------------------------------------------------------------------- Imputation Number=7 ----------------------------------------------------------------------------

                                                                            The GENMOD Procedure

                                                             Analysis Of Maximum Likelihood Parameter Estimates
 
                                                                               Standard     Wald 95% Confidence          Wald
                                  Parameter                  DF    Estimate       Error           Limits           Chi-Square    Pr > ChiSq

                                  AGG_PHYS                    1      0.0024      0.0145     -0.0260      0.0307          0.03        0.8696
                                  CESD10                      1      0.0087      0.0221     -0.0346      0.0519          0.15        0.6951
                                  STAI10                      1     -0.0172      0.0214     -0.0591      0.0247          0.65        0.4203
                                  Scale                       1      1.1030      0.0550      1.0002      1.2162                            

NOTE: The scale parameter was estimated by maximum likelihood.
                                                                                Second domain

---------------------------------------------------------------------------- Imputation Number=8 ----------------------------------------------------------------------------

                                                                            The GENMOD Procedure

                                                                             Model Information

                                           Data Set              DATA.HC338353A_IMPUTED_DATA_20AUG25    Multiply-Imputed Data    
                                           Distribution                                       Normal                             
                                           Link Function                                    Identity                             
                                           Dependent Variable                                    WAZ    Weight for age Z-Score   
                                                                                                        - CDC (Child)            


                                                                   Number of Observations Read         201
                                                                   Number of Observations Used         201


                                                                           Class Level Information
 
                                                           Class          Levels    Values

                                                           CENTERNUM           4    CHICAGO MIAMI SAN DIEGO BRONX 


                                                                   Criteria For Assessing Goodness Of Fit
 
                                                      Criterion                     DF           Value        Value/DF

                                                      Deviance                     189        244.6084          1.2942
                                                      Scaled Deviance              189        201.0000          1.0635
                                                      Pearson Chi-Square           189        244.6084          1.2942
                                                      Scaled Pearson X2            189        201.0000          1.0635
                                                      Log Likelihood                         -304.9402                
                                                      Full Log Likelihood                    -304.9402                
                                                      AIC (smaller is better)                 635.8804                
                                                      AICC (smaller is better)                637.8269                
                                                      BIC (smaller is better)                 678.8234                


                                                 Algorithm converged.                                                       


                                                             Analysis Of Maximum Likelihood Parameter Estimates
 
                                                                               Standard     Wald 95% Confidence          Wald
                                  Parameter                  DF    Estimate       Error           Limits           Chi-Square    Pr > ChiSq

                                  Intercept                   1     -8.2843      2.2339    -12.6627     -3.9059         13.75        0.0002
                                  CENTERNUM     CHICAGO       1     -0.0053      0.2292     -0.4545      0.4439          0.00        0.9815
                                  CENTERNUM     MIAMI         1     -0.1222      0.2210     -0.5553      0.3109          0.31        0.5804
                                  CENTERNUM     SAN DIEGO     1     -0.0275      0.2363     -0.4907      0.4357          0.01        0.9073
                                  CENTERNUM     BRONX         0      0.0000      0.0000      0.0000      0.0000           .           .    
                                  YRSV1BIRTH                  1      0.0062      0.0493     -0.0904      0.1028          0.02        0.9004
                                  BMI                         1      0.1320      0.0319      0.0695      0.1946         17.12        <.0001
                                  ANTA10A                     1     -0.0320      0.0150     -0.0613     -0.0026          4.54        0.0330
                                  HEIGHT                      1      0.0559      0.0137      0.0291      0.0827         16.70        <.0001
                                  AGG_MENT                    1     -0.0115      0.0098     -0.0307      0.0076          1.39        0.2387
                                                                                Second domain

---------------------------------------------------------------------------- Imputation Number=8 ----------------------------------------------------------------------------

                                                                            The GENMOD Procedure

                                                             Analysis Of Maximum Likelihood Parameter Estimates
 
                                                                               Standard     Wald 95% Confidence          Wald
                                  Parameter                  DF    Estimate       Error           Limits           Chi-Square    Pr > ChiSq

                                  AGG_PHYS                    1      0.0023      0.0144     -0.0259      0.0304          0.03        0.8739
                                  CESD10                      1      0.0078      0.0220     -0.0354      0.0510          0.13        0.7226
                                  STAI10                      1     -0.0161      0.0209     -0.0570      0.0248          0.59        0.4414
                                  Scale                       1      1.1032      0.0550      1.0004      1.2164                            

NOTE: The scale parameter was estimated by maximum likelihood.
                                                                                Second domain

---------------------------------------------------------------------------- Imputation Number=9 ----------------------------------------------------------------------------

                                                                            The GENMOD Procedure

                                                                             Model Information

                                           Data Set              DATA.HC338353A_IMPUTED_DATA_20AUG25    Multiply-Imputed Data    
                                           Distribution                                       Normal                             
                                           Link Function                                    Identity                             
                                           Dependent Variable                                    WAZ    Weight for age Z-Score   
                                                                                                        - CDC (Child)            


                                                                   Number of Observations Read         201
                                                                   Number of Observations Used         201


                                                                           Class Level Information
 
                                                           Class          Levels    Values

                                                           CENTERNUM           4    CHICAGO MIAMI SAN DIEGO BRONX 


                                                                   Criteria For Assessing Goodness Of Fit
 
                                                      Criterion                     DF           Value        Value/DF

                                                      Deviance                     189        246.6549          1.3051
                                                      Scaled Deviance              189        201.0000          1.0635
                                                      Pearson Chi-Square           189        246.6549          1.3051
                                                      Scaled Pearson X2            189        201.0000          1.0635
                                                      Log Likelihood                         -305.7775                
                                                      Full Log Likelihood                    -305.7775                
                                                      AIC (smaller is better)                 637.5550                
                                                      AICC (smaller is better)                639.5015                
                                                      BIC (smaller is better)                 680.4980                


                                                 Algorithm converged.                                                       


                                                             Analysis Of Maximum Likelihood Parameter Estimates
 
                                                                               Standard     Wald 95% Confidence          Wald
                                  Parameter                  DF    Estimate       Error           Limits           Chi-Square    Pr > ChiSq

                                  Intercept                   1     -9.0666      2.2865    -13.5481     -4.5851         15.72        <.0001
                                  CENTERNUM     CHICAGO       1     -0.0400      0.2278     -0.4865      0.4065          0.03        0.8605
                                  CENTERNUM     MIAMI         1     -0.1642      0.2218     -0.5988      0.2704          0.55        0.4590
                                  CENTERNUM     SAN DIEGO     1     -0.0691      0.2359     -0.5315      0.3932          0.09        0.7696
                                  CENTERNUM     BRONX         0      0.0000      0.0000      0.0000      0.0000           .           .    
                                  YRSV1BIRTH                  1     -0.0156      0.0485     -0.1107      0.0795          0.10        0.7480
                                  BMI                         1      0.1361      0.0334      0.0706      0.2017         16.57        <.0001
                                  ANTA10A                     1     -0.0328      0.0153     -0.0627     -0.0028          4.60        0.0320
                                  HEIGHT                      1      0.0597      0.0140      0.0322      0.0872         18.07        <.0001
                                  AGG_MENT                    1     -0.0103      0.0097     -0.0293      0.0087          1.12        0.2891
                                                                                Second domain

---------------------------------------------------------------------------- Imputation Number=9 ----------------------------------------------------------------------------

                                                                            The GENMOD Procedure

                                                             Analysis Of Maximum Likelihood Parameter Estimates
 
                                                                               Standard     Wald 95% Confidence          Wald
                                  Parameter                  DF    Estimate       Error           Limits           Chi-Square    Pr > ChiSq

                                  AGG_PHYS                    1      0.0059      0.0144     -0.0223      0.0342          0.17        0.6803
                                  CESD10                      1      0.0154      0.0225     -0.0288      0.0595          0.46        0.4953
                                  STAI10                      1     -0.0189      0.0209     -0.0599      0.0221          0.81        0.3667
                                  Scale                       1      1.1078      0.0553      1.0046      1.2215                            

NOTE: The scale parameter was estimated by maximum likelihood.
                                                                                Second domain

--------------------------------------------------------------------------- Imputation Number=10 ----------------------------------------------------------------------------

                                                                            The GENMOD Procedure

                                                                             Model Information

                                           Data Set              DATA.HC338353A_IMPUTED_DATA_20AUG25    Multiply-Imputed Data    
                                           Distribution                                       Normal                             
                                           Link Function                                    Identity                             
                                           Dependent Variable                                    WAZ    Weight for age Z-Score   
                                                                                                        - CDC (Child)            


                                                                   Number of Observations Read         201
                                                                   Number of Observations Used         201


                                                                           Class Level Information
 
                                                           Class          Levels    Values

                                                           CENTERNUM           4    CHICAGO MIAMI SAN DIEGO BRONX 


                                                                   Criteria For Assessing Goodness Of Fit
 
                                                      Criterion                     DF           Value        Value/DF

                                                      Deviance                     189        245.3404          1.2981
                                                      Scaled Deviance              189        201.0000          1.0635
                                                      Pearson Chi-Square           189        245.3404          1.2981
                                                      Scaled Pearson X2            189        201.0000          1.0635
                                                      Log Likelihood                         -305.2405                
                                                      Full Log Likelihood                    -305.2405                
                                                      AIC (smaller is better)                 636.4809                
                                                      AICC (smaller is better)                638.4275                
                                                      BIC (smaller is better)                 679.4239                


                                                 Algorithm converged.                                                       


                                                             Analysis Of Maximum Likelihood Parameter Estimates
 
                                                                               Standard     Wald 95% Confidence          Wald
                                  Parameter                  DF    Estimate       Error           Limits           Chi-Square    Pr > ChiSq

                                  Intercept                   1     -9.0044      2.2432    -13.4010     -4.6079         16.11        <.0001
                                  CENTERNUM     CHICAGO       1     -0.0259      0.2292     -0.4751      0.4233          0.01        0.9100
                                  CENTERNUM     MIAMI         1     -0.1420      0.2213     -0.5756      0.2917          0.41        0.5212
                                  CENTERNUM     SAN DIEGO     1     -0.0460      0.2363     -0.5091      0.4172          0.04        0.8458
                                  CENTERNUM     BRONX         0      0.0000      0.0000      0.0000      0.0000           .           .    
                                  YRSV1BIRTH                  1     -0.0122      0.0481     -0.1064      0.0820          0.06        0.8000
                                  BMI                         1      0.1389      0.0332      0.0738      0.2040         17.47        <.0001
                                  ANTA10A                     1     -0.0344      0.0152     -0.0642     -0.0046          5.10        0.0239
                                  HEIGHT                      1      0.0602      0.0138      0.0332      0.0873         19.04        <.0001
                                  AGG_MENT                    1     -0.0109      0.0098     -0.0300      0.0083          1.23        0.2675
                                                                                Second domain

--------------------------------------------------------------------------- Imputation Number=10 ----------------------------------------------------------------------------

                                                                            The GENMOD Procedure

                                                             Analysis Of Maximum Likelihood Parameter Estimates
 
                                                                               Standard     Wald 95% Confidence          Wald
                                  Parameter                  DF    Estimate       Error           Limits           Chi-Square    Pr > ChiSq

                                  AGG_PHYS                    1      0.0040      0.0145     -0.0244      0.0324          0.08        0.7816
                                  CESD10                      1      0.0104      0.0219     -0.0326      0.0533          0.22        0.6359
                                  STAI10                      1     -0.0155      0.0215     -0.0576      0.0265          0.52        0.4693
                                  Scale                       1      1.1048      0.0551      1.0019      1.2183                            

NOTE: The scale parameter was estimated by maximum likelihood.
                                                                                Third domain

---------------------------------------------------------------------------- Imputation Number=1 ----------------------------------------------------------------------------

                                                                            The GENMOD Procedure

                                                                             Model Information

                                           Data Set              DATA.HC338353A_IMPUTED_DATA_20AUG25    Multiply-Imputed Data    
                                           Distribution                                       Normal                             
                                           Link Function                                    Identity                             
                                           Dependent Variable                                    WAZ    Weight for age Z-Score   
                                                                                                        - CDC (Child)            


                                                                   Number of Observations Read         201
                                                                   Number of Observations Used         201


                                                                          Class Level Information
 
                                                        Class               Levels    Values

                                                        CENTERNUM                4    CHICAGO MIAMI SAN DIEGO BRONX 
                                                        CURRENT_SMOKER           2    YES NO                        
                                                        ALCOHOL_USE              3    CURRENT FORMER NEVER          


                                                                   Criteria For Assessing Goodness Of Fit
 
                                                      Criterion                     DF           Value        Value/DF

                                                      Deviance                     190        296.8702          1.5625
                                                      Scaled Deviance              190        201.0000          1.0579
                                                      Pearson Chi-Square           190        296.8702          1.5625
                                                      Scaled Pearson X2            190        201.0000          1.0579
                                                      Log Likelihood                         -324.4007                
                                                      Full Log Likelihood                    -324.4007                
                                                      AIC (smaller is better)                 672.8013                
                                                      AICC (smaller is better)                674.4609                
                                                      BIC (smaller is better)                 712.4410                


                                                 Algorithm converged.                                                       


                                                             Analysis Of Maximum Likelihood Parameter Estimates
 
                                                                                 Standard     Wald 95% Confidence          Wald
                                Parameter                      DF    Estimate       Error           Limits           Chi-Square    Pr > ChiSq

                                Intercept                       1     -0.2087      0.7727     -1.7232      1.3059          0.07        0.7871
                                CENTERNUM         CHICAGO       1     -0.3235      0.2702     -0.8531      0.2060          1.43        0.2311
                                CENTERNUM         MIAMI         1     -0.3551      0.2702     -0.8846      0.1745          1.73        0.1888
                                CENTERNUM         SAN DIEGO     1     -0.4459      0.2769     -0.9886      0.0967          2.59        0.1072
                                CENTERNUM         BRONX         0      0.0000      0.0000      0.0000      0.0000           .           .    
                                YRSV1BIRTH                      1     -0.0083      0.0537     -0.1135      0.0969          0.02        0.8767
                                CURRENT_SMOKER    YES           1      0.4177      0.2909     -0.1524      0.9879          2.06        0.1510
                                CURRENT_SMOKER    NO            0      0.0000      0.0000      0.0000      0.0000           .           .    
                                                                                Third domain

---------------------------------------------------------------------------- Imputation Number=1 ----------------------------------------------------------------------------

                                                                            The GENMOD Procedure

                                                             Analysis Of Maximum Likelihood Parameter Estimates
 
                                                                                 Standard     Wald 95% Confidence          Wald
                                Parameter                      DF    Estimate       Error           Limits           Chi-Square    Pr > ChiSq

                                HEI2010                         1      0.0084      0.0071     -0.0056      0.0223          1.38        0.2395
                                ALCOHOL_USE       CURRENT       1     -0.0506      0.2466     -0.5340      0.4328          0.04        0.8374
                                ALCOHOL_USE       FORMER        1      0.1776      0.2573     -0.3268      0.6820          0.48        0.4900
                                ALCOHOL_USE       NEVER         0      0.0000      0.0000      0.0000      0.0000           .           .    
                                PCT_MVPA                        1     -0.0716      0.0735     -0.2157      0.0725          0.95        0.3303
                                SLPDUR                          1      0.0836      0.0651     -0.0440      0.2113          1.65        0.1991
                                Scale                           1      1.2153      0.0606      1.1021      1.3401                            

NOTE: The scale parameter was estimated by maximum likelihood.
                                                                                Third domain

---------------------------------------------------------------------------- Imputation Number=2 ----------------------------------------------------------------------------

                                                                            The GENMOD Procedure

                                                                             Model Information

                                           Data Set              DATA.HC338353A_IMPUTED_DATA_20AUG25    Multiply-Imputed Data    
                                           Distribution                                       Normal                             
                                           Link Function                                    Identity                             
                                           Dependent Variable                                    WAZ    Weight for age Z-Score   
                                                                                                        - CDC (Child)            


                                                                   Number of Observations Read         201
                                                                   Number of Observations Used         201


                                                                          Class Level Information
 
                                                        Class               Levels    Values

                                                        CENTERNUM                4    CHICAGO MIAMI SAN DIEGO BRONX 
                                                        CURRENT_SMOKER           2    YES NO                        
                                                        ALCOHOL_USE              3    CURRENT FORMER NEVER          


                                                                   Criteria For Assessing Goodness Of Fit
 
                                                      Criterion                     DF           Value        Value/DF

                                                      Deviance                     190        298.2478          1.5697
                                                      Scaled Deviance              190        201.0000          1.0579
                                                      Pearson Chi-Square           190        298.2478          1.5697
                                                      Scaled Pearson X2            190        201.0000          1.0579
                                                      Log Likelihood                         -324.8659                
                                                      Full Log Likelihood                    -324.8659                
                                                      AIC (smaller is better)                 673.7319                
                                                      AICC (smaller is better)                675.3914                
                                                      BIC (smaller is better)                 713.3715                


                                                 Algorithm converged.                                                       


                                                             Analysis Of Maximum Likelihood Parameter Estimates
 
                                                                                 Standard     Wald 95% Confidence          Wald
                                Parameter                      DF    Estimate       Error           Limits           Chi-Square    Pr > ChiSq

                                Intercept                       1     -0.1991      0.7497     -1.6685      1.2704          0.07        0.7906
                                CENTERNUM         CHICAGO       1     -0.2671      0.2699     -0.7962      0.2620          0.98        0.3224
                                CENTERNUM         MIAMI         1     -0.3269      0.2650     -0.8464      0.1925          1.52        0.2173
                                CENTERNUM         SAN DIEGO     1     -0.3789      0.2765     -0.9208      0.1631          1.88        0.1706
                                CENTERNUM         BRONX         0      0.0000      0.0000      0.0000      0.0000           .           .    
                                YRSV1BIRTH                      1     -0.0094      0.0528     -0.1128      0.0941          0.03        0.8593
                                CURRENT_SMOKER    YES           1      0.4485      0.2899     -0.1198      1.0167          2.39        0.1219
                                CURRENT_SMOKER    NO            0      0.0000      0.0000      0.0000      0.0000           .           .    
                                                                                Third domain

---------------------------------------------------------------------------- Imputation Number=2 ----------------------------------------------------------------------------

                                                                            The GENMOD Procedure

                                                             Analysis Of Maximum Likelihood Parameter Estimates
 
                                                                                 Standard     Wald 95% Confidence          Wald
                                Parameter                      DF    Estimate       Error           Limits           Chi-Square    Pr > ChiSq

                                HEI2010                         1      0.0087      0.0071     -0.0053      0.0226          1.48        0.2236
                                ALCOHOL_USE       CURRENT       1     -0.1510      0.2421     -0.6255      0.3235          0.39        0.5328
                                ALCOHOL_USE       FORMER        1      0.0976      0.2533     -0.3989      0.5940          0.15        0.7001
                                ALCOHOL_USE       NEVER         0      0.0000      0.0000      0.0000      0.0000           .           .    
                                PCT_MVPA                        1      0.0135      0.0710     -0.1257      0.1527          0.04        0.8493
                                SLPDUR                          1      0.0698      0.0645     -0.0566      0.1962          1.17        0.2788
                                Scale                           1      1.2181      0.0608      1.1047      1.3432                            

NOTE: The scale parameter was estimated by maximum likelihood.
                                                                                Third domain

---------------------------------------------------------------------------- Imputation Number=3 ----------------------------------------------------------------------------

                                                                            The GENMOD Procedure

                                                                             Model Information

                                           Data Set              DATA.HC338353A_IMPUTED_DATA_20AUG25    Multiply-Imputed Data    
                                           Distribution                                       Normal                             
                                           Link Function                                    Identity                             
                                           Dependent Variable                                    WAZ    Weight for age Z-Score   
                                                                                                        - CDC (Child)            


                                                                   Number of Observations Read         201
                                                                   Number of Observations Used         201


                                                                          Class Level Information
 
                                                        Class               Levels    Values

                                                        CENTERNUM                4    CHICAGO MIAMI SAN DIEGO BRONX 
                                                        CURRENT_SMOKER           2    YES NO                        
                                                        ALCOHOL_USE              3    CURRENT FORMER NEVER          


                                                                   Criteria For Assessing Goodness Of Fit
 
                                                      Criterion                     DF           Value        Value/DF

                                                      Deviance                     190        296.7908          1.5621
                                                      Scaled Deviance              190        201.0000          1.0579
                                                      Pearson Chi-Square           190        296.7908          1.5621
                                                      Scaled Pearson X2            190        201.0000          1.0579
                                                      Log Likelihood                         -324.3738                
                                                      Full Log Likelihood                    -324.3738                
                                                      AIC (smaller is better)                 672.7475                
                                                      AICC (smaller is better)                674.4071                
                                                      BIC (smaller is better)                 712.3872                


                                                 Algorithm converged.                                                       


                                                             Analysis Of Maximum Likelihood Parameter Estimates
 
                                                                                 Standard     Wald 95% Confidence          Wald
                                Parameter                      DF    Estimate       Error           Limits           Chi-Square    Pr > ChiSq

                                Intercept                       1     -0.3727      0.7835     -1.9082      1.1629          0.23        0.6343
                                CENTERNUM         CHICAGO       1     -0.2642      0.2706     -0.7945      0.2662          0.95        0.3289
                                CENTERNUM         MIAMI         1     -0.3159      0.2684     -0.8419      0.2101          1.39        0.2391
                                CENTERNUM         SAN DIEGO     1     -0.3748      0.2787     -0.9210      0.1713          1.81        0.1786
                                CENTERNUM         BRONX         0      0.0000      0.0000      0.0000      0.0000           .           .    
                                YRSV1BIRTH                      1     -0.0252      0.0525     -0.1280      0.0777          0.23        0.6318
                                CURRENT_SMOKER    YES           1      0.4237      0.2884     -0.1415      0.9889          2.16        0.1418
                                CURRENT_SMOKER    NO            0      0.0000      0.0000      0.0000      0.0000           .           .    
                                                                                Third domain

---------------------------------------------------------------------------- Imputation Number=3 ----------------------------------------------------------------------------

                                                                            The GENMOD Procedure

                                                             Analysis Of Maximum Likelihood Parameter Estimates
 
                                                                                 Standard     Wald 95% Confidence          Wald
                                Parameter                      DF    Estimate       Error           Limits           Chi-Square    Pr > ChiSq

                                HEI2010                         1      0.0092      0.0071     -0.0048      0.0231          1.66        0.1980
                                ALCOHOL_USE       CURRENT       1     -0.1473      0.2420     -0.6217      0.3270          0.37        0.5427
                                ALCOHOL_USE       FORMER        1      0.1071      0.2542     -0.3912      0.6054          0.18        0.6735
                                ALCOHOL_USE       NEVER         0      0.0000      0.0000      0.0000      0.0000           .           .    
                                PCT_MVPA                        1      0.0095      0.0697     -0.1271      0.1462          0.02        0.8914
                                SLPDUR                          1      0.0924      0.0652     -0.0354      0.2202          2.01        0.1563
                                Scale                           1      1.2151      0.0606      1.1020      1.3399                            

NOTE: The scale parameter was estimated by maximum likelihood.
                                                                                Third domain

---------------------------------------------------------------------------- Imputation Number=4 ----------------------------------------------------------------------------

                                                                            The GENMOD Procedure

                                                                             Model Information

                                           Data Set              DATA.HC338353A_IMPUTED_DATA_20AUG25    Multiply-Imputed Data    
                                           Distribution                                       Normal                             
                                           Link Function                                    Identity                             
                                           Dependent Variable                                    WAZ    Weight for age Z-Score   
                                                                                                        - CDC (Child)            


                                                                   Number of Observations Read         201
                                                                   Number of Observations Used         201


                                                                          Class Level Information
 
                                                        Class               Levels    Values

                                                        CENTERNUM                4    CHICAGO MIAMI SAN DIEGO BRONX 
                                                        CURRENT_SMOKER           2    YES NO                        
                                                        ALCOHOL_USE              3    CURRENT FORMER NEVER          


                                                                   Criteria For Assessing Goodness Of Fit
 
                                                      Criterion                     DF           Value        Value/DF

                                                      Deviance                     190        300.3667          1.5809
                                                      Scaled Deviance              190        201.0000          1.0579
                                                      Pearson Chi-Square           190        300.3667          1.5809
                                                      Scaled Pearson X2            190        201.0000          1.0579
                                                      Log Likelihood                         -325.5774                
                                                      Full Log Likelihood                    -325.5774                
                                                      AIC (smaller is better)                 675.1548                
                                                      AICC (smaller is better)                676.8144                
                                                      BIC (smaller is better)                 714.7945                


                                                 Algorithm converged.                                                       


                                                             Analysis Of Maximum Likelihood Parameter Estimates
 
                                                                                 Standard     Wald 95% Confidence          Wald
                                Parameter                      DF    Estimate       Error           Limits           Chi-Square    Pr > ChiSq

                                Intercept                       1     -0.1340      0.7571     -1.6180      1.3499          0.03        0.8595
                                CENTERNUM         CHICAGO       1     -0.2707      0.2728     -0.8052      0.2639          0.98        0.3211
                                CENTERNUM         MIAMI         1     -0.3276      0.2667     -0.8504      0.1952          1.51        0.2193
                                CENTERNUM         SAN DIEGO     1     -0.3687      0.2783     -0.9142      0.1769          1.75        0.1853
                                CENTERNUM         BRONX         0      0.0000      0.0000      0.0000      0.0000           .           .    
                                YRSV1BIRTH                      1     -0.0052      0.0535     -0.1102      0.0997          0.01        0.9220
                                CURRENT_SMOKER    YES           1      0.2989      0.2966     -0.2823      0.8802          1.02        0.3135
                                CURRENT_SMOKER    NO            0      0.0000      0.0000      0.0000      0.0000           .           .    
                                                                                Third domain

---------------------------------------------------------------------------- Imputation Number=4 ----------------------------------------------------------------------------

                                                                            The GENMOD Procedure

                                                             Analysis Of Maximum Likelihood Parameter Estimates
 
                                                                                 Standard     Wald 95% Confidence          Wald
                                Parameter                      DF    Estimate       Error           Limits           Chi-Square    Pr > ChiSq

                                HEI2010                         1      0.0068      0.0071     -0.0071      0.0207          0.92        0.3372
                                ALCOHOL_USE       CURRENT       1     -0.1421      0.2449     -0.6221      0.3380          0.34        0.5619
                                ALCOHOL_USE       FORMER        1      0.0959      0.2557     -0.4054      0.5971          0.14        0.7077
                                ALCOHOL_USE       NEVER         0      0.0000      0.0000      0.0000      0.0000           .           .    
                                PCT_MVPA                        1      0.0102      0.0663     -0.1197      0.1401          0.02        0.8779
                                SLPDUR                          1      0.0751      0.0648     -0.0519      0.2020          1.34        0.2464
                                Scale                           1      1.2224      0.0610      1.1086      1.3480                            

NOTE: The scale parameter was estimated by maximum likelihood.
                                                                                Third domain

---------------------------------------------------------------------------- Imputation Number=5 ----------------------------------------------------------------------------

                                                                            The GENMOD Procedure

                                                                             Model Information

                                           Data Set              DATA.HC338353A_IMPUTED_DATA_20AUG25    Multiply-Imputed Data    
                                           Distribution                                       Normal                             
                                           Link Function                                    Identity                             
                                           Dependent Variable                                    WAZ    Weight for age Z-Score   
                                                                                                        - CDC (Child)            


                                                                   Number of Observations Read         201
                                                                   Number of Observations Used         201


                                                                          Class Level Information
 
                                                        Class               Levels    Values

                                                        CENTERNUM                4    CHICAGO MIAMI SAN DIEGO BRONX 
                                                        CURRENT_SMOKER           2    YES NO                        
                                                        ALCOHOL_USE              3    CURRENT FORMER NEVER          


                                                                   Criteria For Assessing Goodness Of Fit
 
                                                      Criterion                     DF           Value        Value/DF

                                                      Deviance                     190        297.3965          1.5652
                                                      Scaled Deviance              190        201.0000          1.0579
                                                      Pearson Chi-Square           190        297.3965          1.5652
                                                      Scaled Pearson X2            190        201.0000          1.0579
                                                      Log Likelihood                         -324.5787                
                                                      Full Log Likelihood                    -324.5787                
                                                      AIC (smaller is better)                 673.1573                
                                                      AICC (smaller is better)                674.8169                
                                                      BIC (smaller is better)                 712.7970                


                                                 Algorithm converged.                                                       


                                                             Analysis Of Maximum Likelihood Parameter Estimates
 
                                                                                 Standard     Wald 95% Confidence          Wald
                                Parameter                      DF    Estimate       Error           Limits           Chi-Square    Pr > ChiSq

                                Intercept                       1      0.1591      0.7624     -1.3353      1.6535          0.04        0.8347
                                CENTERNUM         CHICAGO       1     -0.3287      0.2748     -0.8674      0.2100          1.43        0.2318
                                CENTERNUM         MIAMI         1     -0.3785      0.2688     -0.9053      0.1484          1.98        0.1592
                                CENTERNUM         SAN DIEGO     1     -0.4414      0.2813     -0.9928      0.1100          2.46        0.1166
                                CENTERNUM         BRONX         0      0.0000      0.0000      0.0000      0.0000           .           .    
                                YRSV1BIRTH                      1     -0.0229      0.0526     -0.1261      0.0802          0.19        0.6629
                                CURRENT_SMOKER    YES           1      0.4576      0.2905     -0.1117      1.0269          2.48        0.1152
                                CURRENT_SMOKER    NO            0      0.0000      0.0000      0.0000      0.0000           .           .    
                                                                                Third domain

---------------------------------------------------------------------------- Imputation Number=5 ----------------------------------------------------------------------------

                                                                            The GENMOD Procedure

                                                             Analysis Of Maximum Likelihood Parameter Estimates
 
                                                                                 Standard     Wald 95% Confidence          Wald
                                Parameter                      DF    Estimate       Error           Limits           Chi-Square    Pr > ChiSq

                                HEI2010                         1      0.0063      0.0070     -0.0073      0.0200          0.82        0.3652
                                ALCOHOL_USE       CURRENT       1     -0.1483      0.2408     -0.6203      0.3236          0.38        0.5379
                                ALCOHOL_USE       FORMER        1      0.1075      0.2535     -0.3894      0.6044          0.18        0.6715
                                ALCOHOL_USE       NEVER         0      0.0000      0.0000      0.0000      0.0000           .           .    
                                PCT_MVPA                        1     -0.0785      0.0743     -0.2240      0.0671          1.12        0.2906
                                SLPDUR                          1      0.0681      0.0659     -0.0611      0.1972          1.07        0.3015
                                Scale                           1      1.2164      0.0607      1.1031      1.3413                            

NOTE: The scale parameter was estimated by maximum likelihood.
                                                                                Third domain

---------------------------------------------------------------------------- Imputation Number=6 ----------------------------------------------------------------------------

                                                                            The GENMOD Procedure

                                                                             Model Information

                                           Data Set              DATA.HC338353A_IMPUTED_DATA_20AUG25    Multiply-Imputed Data    
                                           Distribution                                       Normal                             
                                           Link Function                                    Identity                             
                                           Dependent Variable                                    WAZ    Weight for age Z-Score   
                                                                                                        - CDC (Child)            


                                                                   Number of Observations Read         201
                                                                   Number of Observations Used         201


                                                                          Class Level Information
 
                                                        Class               Levels    Values

                                                        CENTERNUM                4    CHICAGO MIAMI SAN DIEGO BRONX 
                                                        CURRENT_SMOKER           2    YES NO                        
                                                        ALCOHOL_USE              3    CURRENT FORMER NEVER          


                                                                   Criteria For Assessing Goodness Of Fit
 
                                                      Criterion                     DF           Value        Value/DF

                                                      Deviance                     190        298.8461          1.5729
                                                      Scaled Deviance              190        201.0000          1.0579
                                                      Pearson Chi-Square           190        298.8461          1.5729
                                                      Scaled Pearson X2            190        201.0000          1.0579
                                                      Log Likelihood                         -325.0673                
                                                      Full Log Likelihood                    -325.0673                
                                                      AIC (smaller is better)                 674.1347                
                                                      AICC (smaller is better)                675.7943                
                                                      BIC (smaller is better)                 713.7744                


                                                 Algorithm converged.                                                       


                                                             Analysis Of Maximum Likelihood Parameter Estimates
 
                                                                                 Standard     Wald 95% Confidence          Wald
                                Parameter                      DF    Estimate       Error           Limits           Chi-Square    Pr > ChiSq

                                Intercept                       1     -0.2800      0.7643     -1.7780      1.2180          0.13        0.7141
                                CENTERNUM         CHICAGO       1     -0.3063      0.2726     -0.8405      0.2279          1.26        0.2611
                                CENTERNUM         MIAMI         1     -0.3552      0.2682     -0.8809      0.1704          1.75        0.1853
                                CENTERNUM         SAN DIEGO     1     -0.4067      0.2790     -0.9536      0.1402          2.12        0.1450
                                CENTERNUM         BRONX         0      0.0000      0.0000      0.0000      0.0000           .           .    
                                YRSV1BIRTH                      1     -0.0138      0.0530     -0.1176      0.0900          0.07        0.7946
                                CURRENT_SMOKER    YES           1      0.3211      0.2964     -0.2598      0.9020          1.17        0.2786
                                CURRENT_SMOKER    NO            0      0.0000      0.0000      0.0000      0.0000           .           .    
                                                                                Third domain

---------------------------------------------------------------------------- Imputation Number=6 ----------------------------------------------------------------------------

                                                                            The GENMOD Procedure

                                                             Analysis Of Maximum Likelihood Parameter Estimates
 
                                                                                 Standard     Wald 95% Confidence          Wald
                                Parameter                      DF    Estimate       Error           Limits           Chi-Square    Pr > ChiSq

                                HEI2010                         1      0.0078      0.0071     -0.0061      0.0218          1.22        0.2703
                                ALCOHOL_USE       CURRENT       1     -0.1379      0.2442     -0.6166      0.3408          0.32        0.5725
                                ALCOHOL_USE       FORMER        1      0.0994      0.2549     -0.4002      0.5991          0.15        0.6965
                                ALCOHOL_USE       NEVER         0      0.0000      0.0000      0.0000      0.0000           .           .    
                                PCT_MVPA                        1     -0.0057      0.0719     -0.1466      0.1352          0.01        0.9368
                                SLPDUR                          1      0.0941      0.0644     -0.0322      0.2204          2.13        0.1443
                                Scale                           1      1.2193      0.0608      1.1058      1.3446                            

NOTE: The scale parameter was estimated by maximum likelihood.
                                                                                Third domain

---------------------------------------------------------------------------- Imputation Number=7 ----------------------------------------------------------------------------

                                                                            The GENMOD Procedure

                                                                             Model Information

                                           Data Set              DATA.HC338353A_IMPUTED_DATA_20AUG25    Multiply-Imputed Data    
                                           Distribution                                       Normal                             
                                           Link Function                                    Identity                             
                                           Dependent Variable                                    WAZ    Weight for age Z-Score   
                                                                                                        - CDC (Child)            


                                                                   Number of Observations Read         201
                                                                   Number of Observations Used         201


                                                                          Class Level Information
 
                                                        Class               Levels    Values

                                                        CENTERNUM                4    CHICAGO MIAMI SAN DIEGO BRONX 
                                                        CURRENT_SMOKER           2    YES NO                        
                                                        ALCOHOL_USE              3    CURRENT FORMER NEVER          


                                                                   Criteria For Assessing Goodness Of Fit
 
                                                      Criterion                     DF           Value        Value/DF

                                                      Deviance                     190        298.7130          1.5722
                                                      Scaled Deviance              190        201.0000          1.0579
                                                      Pearson Chi-Square           190        298.7130          1.5722
                                                      Scaled Pearson X2            190        201.0000          1.0579
                                                      Log Likelihood                         -325.0226                
                                                      Full Log Likelihood                    -325.0226                
                                                      AIC (smaller is better)                 674.0451                
                                                      AICC (smaller is better)                675.7047                
                                                      BIC (smaller is better)                 713.6848                


                                                 Algorithm converged.                                                       


                                                             Analysis Of Maximum Likelihood Parameter Estimates
 
                                                                                 Standard     Wald 95% Confidence          Wald
                                Parameter                      DF    Estimate       Error           Limits           Chi-Square    Pr > ChiSq

                                Intercept                       1     -0.2664      0.7708     -1.7771      1.2443          0.12        0.7296
                                CENTERNUM         CHICAGO       1     -0.2630      0.2657     -0.7837      0.2577          0.98        0.3222
                                CENTERNUM         MIAMI         1     -0.3017      0.2645     -0.8202      0.2167          1.30        0.2540
                                CENTERNUM         SAN DIEGO     1     -0.3756      0.2728     -0.9104      0.1591          1.90        0.1686
                                CENTERNUM         BRONX         0      0.0000      0.0000      0.0000      0.0000           .           .    
                                YRSV1BIRTH                      1     -0.0126      0.0535     -0.1175      0.0923          0.06        0.8145
                                CURRENT_SMOKER    YES           1      0.4244      0.2919     -0.1478      0.9966          2.11        0.1460
                                CURRENT_SMOKER    NO            0      0.0000      0.0000      0.0000      0.0000           .           .    
                                                                                Third domain

---------------------------------------------------------------------------- Imputation Number=7 ----------------------------------------------------------------------------

                                                                            The GENMOD Procedure

                                                             Analysis Of Maximum Likelihood Parameter Estimates
 
                                                                                 Standard     Wald 95% Confidence          Wald
                                Parameter                      DF    Estimate       Error           Limits           Chi-Square    Pr > ChiSq

                                HEI2010                         1      0.0083      0.0071     -0.0057      0.0223          1.34        0.2466
                                ALCOHOL_USE       CURRENT       1     -0.0685      0.2475     -0.5535      0.4166          0.08        0.7821
                                ALCOHOL_USE       FORMER        1      0.1542      0.2582     -0.3520      0.6603          0.36        0.5505
                                ALCOHOL_USE       NEVER         0      0.0000      0.0000      0.0000      0.0000           .           .    
                                PCT_MVPA                        1      0.0213      0.0682     -0.1125      0.1550          0.10        0.7552
                                SLPDUR                          1      0.0728      0.0650     -0.0546      0.2003          1.26        0.2625
                                Scale                           1      1.2191      0.0608      1.1055      1.3443                            

NOTE: The scale parameter was estimated by maximum likelihood.
                                                                                Third domain

---------------------------------------------------------------------------- Imputation Number=8 ----------------------------------------------------------------------------

                                                                            The GENMOD Procedure

                                                                             Model Information

                                           Data Set              DATA.HC338353A_IMPUTED_DATA_20AUG25    Multiply-Imputed Data    
                                           Distribution                                       Normal                             
                                           Link Function                                    Identity                             
                                           Dependent Variable                                    WAZ    Weight for age Z-Score   
                                                                                                        - CDC (Child)            


                                                                   Number of Observations Read         201
                                                                   Number of Observations Used         201


                                                                          Class Level Information
 
                                                        Class               Levels    Values

                                                        CENTERNUM                4    CHICAGO MIAMI SAN DIEGO BRONX 
                                                        CURRENT_SMOKER           2    YES NO                        
                                                        ALCOHOL_USE              3    CURRENT FORMER NEVER          


                                                                   Criteria For Assessing Goodness Of Fit
 
                                                      Criterion                     DF           Value        Value/DF

                                                      Deviance                     190        295.8104          1.5569
                                                      Scaled Deviance              190        201.0000          1.0579
                                                      Pearson Chi-Square           190        295.8104          1.5569
                                                      Scaled Pearson X2            190        201.0000          1.0579
                                                      Log Likelihood                         -324.0412                
                                                      Full Log Likelihood                    -324.0412                
                                                      AIC (smaller is better)                 672.0824                
                                                      AICC (smaller is better)                673.7420                
                                                      BIC (smaller is better)                 711.7221                


                                                 Algorithm converged.                                                       


                                                             Analysis Of Maximum Likelihood Parameter Estimates
 
                                                                                 Standard     Wald 95% Confidence          Wald
                                Parameter                      DF    Estimate       Error           Limits           Chi-Square    Pr > ChiSq

                                Intercept                       1     -0.4011      0.7793     -1.9285      1.1263          0.26        0.6068
                                CENTERNUM         CHICAGO       1     -0.3310      0.2716     -0.8632      0.2013          1.49        0.2229
                                CENTERNUM         MIAMI         1     -0.3327      0.2676     -0.8571      0.1918          1.55        0.2138
                                CENTERNUM         SAN DIEGO     1     -0.4464      0.2760     -0.9872      0.0945          2.62        0.1058
                                CENTERNUM         BRONX         0      0.0000      0.0000      0.0000      0.0000           .           .    
                                YRSV1BIRTH                      1     -0.0078      0.0539     -0.1133      0.0978          0.02        0.8851
                                CURRENT_SMOKER    YES           1      0.4114      0.2904     -0.1577      0.9805          2.01        0.1565
                                CURRENT_SMOKER    NO            0      0.0000      0.0000      0.0000      0.0000           .           .    
                                                                                Third domain

---------------------------------------------------------------------------- Imputation Number=8 ----------------------------------------------------------------------------

                                                                            The GENMOD Procedure

                                                             Analysis Of Maximum Likelihood Parameter Estimates
 
                                                                                 Standard     Wald 95% Confidence          Wald
                                Parameter                      DF    Estimate       Error           Limits           Chi-Square    Pr > ChiSq

                                HEI2010                         1      0.0104      0.0070     -0.0033      0.0240          2.21        0.1372
                                ALCOHOL_USE       CURRENT       1     -0.0503      0.2460     -0.5324      0.4319          0.04        0.8381
                                ALCOHOL_USE       FORMER        1      0.1862      0.2575     -0.3185      0.6909          0.52        0.4696
                                ALCOHOL_USE       NEVER         0      0.0000      0.0000      0.0000      0.0000           .           .    
                                PCT_MVPA                        1     -0.0430      0.0650     -0.1703      0.0844          0.44        0.5087
                                SLPDUR                          1      0.0874      0.0650     -0.0399      0.2147          1.81        0.1785
                                Scale                           1      1.2131      0.0605      1.1002      1.3377                            

NOTE: The scale parameter was estimated by maximum likelihood.
                                                                                Third domain

---------------------------------------------------------------------------- Imputation Number=9 ----------------------------------------------------------------------------

                                                                            The GENMOD Procedure

                                                                             Model Information

                                           Data Set              DATA.HC338353A_IMPUTED_DATA_20AUG25    Multiply-Imputed Data    
                                           Distribution                                       Normal                             
                                           Link Function                                    Identity                             
                                           Dependent Variable                                    WAZ    Weight for age Z-Score   
                                                                                                        - CDC (Child)            


                                                                   Number of Observations Read         201
                                                                   Number of Observations Used         201


                                                                          Class Level Information
 
                                                        Class               Levels    Values

                                                        CENTERNUM                4    CHICAGO MIAMI SAN DIEGO BRONX 
                                                        CURRENT_SMOKER           2    YES NO                        
                                                        ALCOHOL_USE              3    CURRENT FORMER NEVER          


                                                                   Criteria For Assessing Goodness Of Fit
 
                                                      Criterion                     DF           Value        Value/DF

                                                      Deviance                     190        296.8292          1.5623
                                                      Scaled Deviance              190        201.0000          1.0579
                                                      Pearson Chi-Square           190        296.8292          1.5623
                                                      Scaled Pearson X2            190        201.0000          1.0579
                                                      Log Likelihood                         -324.3868                
                                                      Full Log Likelihood                    -324.3868                
                                                      AIC (smaller is better)                 672.7735                
                                                      AICC (smaller is better)                674.4331                
                                                      BIC (smaller is better)                 712.4132                


                                                 Algorithm converged.                                                       


                                                             Analysis Of Maximum Likelihood Parameter Estimates
 
                                                                                 Standard     Wald 95% Confidence          Wald
                                Parameter                      DF    Estimate       Error           Limits           Chi-Square    Pr > ChiSq

                                Intercept                       1     -0.3039      0.7645     -1.8024      1.1945          0.16        0.6910
                                CENTERNUM         CHICAGO       1     -0.2830      0.2689     -0.8101      0.2440          1.11        0.2926
                                CENTERNUM         MIAMI         1     -0.3331      0.2684     -0.8591      0.1930          1.54        0.2146
                                CENTERNUM         SAN DIEGO     1     -0.3944      0.2767     -0.9367      0.1480          2.03        0.1541
                                CENTERNUM         BRONX         0      0.0000      0.0000      0.0000      0.0000           .           .    
                                YRSV1BIRTH                      1     -0.0226      0.0527     -0.1259      0.0807          0.18        0.6686
                                CURRENT_SMOKER    YES           1      0.4334      0.2890     -0.1330      0.9999          2.25        0.1337
                                CURRENT_SMOKER    NO            0      0.0000      0.0000      0.0000      0.0000           .           .    
                                                                                Third domain

---------------------------------------------------------------------------- Imputation Number=9 ----------------------------------------------------------------------------

                                                                            The GENMOD Procedure

                                                             Analysis Of Maximum Likelihood Parameter Estimates
 
                                                                                 Standard     Wald 95% Confidence          Wald
                                Parameter                      DF    Estimate       Error           Limits           Chi-Square    Pr > ChiSq

                                HEI2010                         1      0.0081      0.0071     -0.0058      0.0221          1.31        0.2516
                                ALCOHOL_USE       CURRENT       1     -0.1449      0.2407     -0.6167      0.3269          0.36        0.5472
                                ALCOHOL_USE       FORMER        1      0.1163      0.2537     -0.3809      0.6134          0.21        0.6467
                                ALCOHOL_USE       NEVER         0      0.0000      0.0000      0.0000      0.0000           .           .    
                                PCT_MVPA                        1     -0.0229      0.0761     -0.1721      0.1263          0.09        0.7633
                                SLPDUR                          1      0.0970      0.0642     -0.0288      0.2228          2.28        0.1307
                                Scale                           1      1.2152      0.0606      1.1020      1.3400                            

NOTE: The scale parameter was estimated by maximum likelihood.
                                                                                Third domain

--------------------------------------------------------------------------- Imputation Number=10 ----------------------------------------------------------------------------

                                                                            The GENMOD Procedure

                                                                             Model Information

                                           Data Set              DATA.HC338353A_IMPUTED_DATA_20AUG25    Multiply-Imputed Data    
                                           Distribution                                       Normal                             
                                           Link Function                                    Identity                             
                                           Dependent Variable                                    WAZ    Weight for age Z-Score   
                                                                                                        - CDC (Child)            


                                                                   Number of Observations Read         201
                                                                   Number of Observations Used         201


                                                                          Class Level Information
 
                                                        Class               Levels    Values

                                                        CENTERNUM                4    CHICAGO MIAMI SAN DIEGO BRONX 
                                                        CURRENT_SMOKER           2    YES NO                        
                                                        ALCOHOL_USE              3    CURRENT FORMER NEVER          


                                                                   Criteria For Assessing Goodness Of Fit
 
                                                      Criterion                     DF           Value        Value/DF

                                                      Deviance                     190        295.4410          1.5550
                                                      Scaled Deviance              190        201.0000          1.0579
                                                      Pearson Chi-Square           190        295.4410          1.5550
                                                      Scaled Pearson X2            190        201.0000          1.0579
                                                      Log Likelihood                         -323.9156                
                                                      Full Log Likelihood                    -323.9156                
                                                      AIC (smaller is better)                 671.8313                
                                                      AICC (smaller is better)                673.4909                
                                                      BIC (smaller is better)                 711.4709                


                                                 Algorithm converged.                                                       


                                                             Analysis Of Maximum Likelihood Parameter Estimates
 
                                                                                 Standard     Wald 95% Confidence          Wald
                                Parameter                      DF    Estimate       Error           Limits           Chi-Square    Pr > ChiSq

                                Intercept                       1     -0.4576      0.7739     -1.9744      1.0592          0.35        0.5543
                                CENTERNUM         CHICAGO       1     -0.3504      0.2672     -0.8740      0.1733          1.72        0.1897
                                CENTERNUM         MIAMI         1     -0.3567      0.2695     -0.8849      0.1715          1.75        0.1857
                                CENTERNUM         SAN DIEGO     1     -0.4609      0.2721     -0.9942      0.0725          2.87        0.0904
                                CENTERNUM         BRONX         0      0.0000      0.0000      0.0000      0.0000           .           .    
                                YRSV1BIRTH                      1     -0.0113      0.0523     -0.1138      0.0912          0.05        0.8292
                                CURRENT_SMOKER    YES           1      0.3036      0.2942     -0.2729      0.8802          1.07        0.3020
                                CURRENT_SMOKER    NO            0      0.0000      0.0000      0.0000      0.0000           .           .    
                                                                                Third domain

--------------------------------------------------------------------------- Imputation Number=10 ----------------------------------------------------------------------------

                                                                            The GENMOD Procedure

                                                             Analysis Of Maximum Likelihood Parameter Estimates
 
                                                                                 Standard     Wald 95% Confidence          Wald
                                Parameter                      DF    Estimate       Error           Limits           Chi-Square    Pr > ChiSq

                                HEI2010                         1      0.0098      0.0071     -0.0040      0.0236          1.93        0.1651
                                ALCOHOL_USE       CURRENT       1     -0.0422      0.2450     -0.5225      0.4380          0.03        0.8631
                                ALCOHOL_USE       FORMER        1      0.1659      0.2560     -0.3359      0.6676          0.42        0.5170
                                ALCOHOL_USE       NEVER         0      0.0000      0.0000      0.0000      0.0000           .           .    
                                PCT_MVPA                        1     -0.0576      0.0660     -0.1869      0.0717          0.76        0.3826
                                SLPDUR                          1      0.1063      0.0637     -0.0186      0.2312          2.78        0.0953
                                Scale                           1      1.2124      0.0605      1.0995      1.3369                            

NOTE: The scale parameter was estimated by maximum likelihood.
                                                                                 Full model

---------------------------------------------------------------------------- Imputation Number=1 ----------------------------------------------------------------------------

                                                                            The GENMOD Procedure

                                                                             Model Information

                                           Data Set              DATA.HC338353A_IMPUTED_DATA_20AUG25    Multiply-Imputed Data    
                                           Distribution                                       Normal                             
                                           Link Function                                    Identity                             
                                           Dependent Variable                                    WAZ    Weight for age Z-Score   
                                                                                                        - CDC (Child)            


                                                                   Number of Observations Read         201
                                                                   Number of Observations Used         201


                                                                           Class Level Information
 
                                              Class                Levels    Values

                                              CENTERNUM                 4    CHICAGO MIAMI SAN DIEGO BRONX                     
                                              INCOME_C2                 2    <30 >30                                           
                                              LANG_PREF                 2    SPANISH ENGLISH                                   
                                              BKGRD1_C7NOMISS           7    BK_OTHER CUBAN C_AMERICAN DOMINICAN MORE THAN ONE 
                                                                             P_RICAN MEXICAN                                   
                                              MARITAL_STATUS            3    COHABITING SEPARATED SINGLE                       
                                              EMPLOYEDYN                2    EMPLOYED NOT_EMPLOYED                             
                                              EDUCATION_C3              3    AT_MOST_HIGHSCHOOL_GED G_HIGHSCHOOL               
                                                                             N_HIGHSCHOOL_GED                                  
                                              N_HC                      2    NO YES                                            
                                              YRSUS_C3                  3    10+_Years <10_Years US_BORN                       
                                              CURRENT_SMOKER            2    YES NO                                            
                                              ALCOHOL_USE               3    CURRENT FORMER NEVER                              


                                                                   Criteria For Assessing Goodness Of Fit
 
                                                      Criterion                     DF           Value        Value/DF

                                                      Deviance                     164        198.9080          1.2129
                                                      Scaled Deviance              164        201.0000          1.2256
                                                      Pearson Chi-Square           164        198.9080          1.2129
                                                      Scaled Pearson X2            164        201.0000          1.2256
                                                      Log Likelihood                         -284.1551                
                                                      Full Log Likelihood                    -284.1551                
                                                      AIC (smaller is better)                 644.3103                
                                                      AICC (smaller is better)                662.6066                
                                                      BIC (smaller is better)                 769.8359                


                                                 Algorithm converged.                                                       


                                                                                 Full model

---------------------------------------------------------------------------- Imputation Number=1 ----------------------------------------------------------------------------

                                                                            The GENMOD Procedure

                                                             Analysis Of Maximum Likelihood Parameter Estimates
 
                                                                                        Standard     Wald 95% Confidence          Wald
                         Parameter                                    DF    Estimate       Error           Limits           Chi-Square    Pr > ChiSq

                         Intercept                                     1    -10.7836      2.3333    -15.3569     -6.2104         21.36        <.0001
                         CENTERNUM          CHICAGO                    1      0.0379      0.3204     -0.5900      0.6658          0.01        0.9058
                         CENTERNUM          MIAMI                      1     -0.5708      0.3646     -1.2855      0.1439          2.45        0.1175
                         CENTERNUM          SAN DIEGO                  1      0.2537      0.3643     -0.4604      0.9677          0.48        0.4863
                         CENTERNUM          BRONX                      0      0.0000      0.0000      0.0000      0.0000           .           .    
                         YRSV1BIRTH                                    1     -0.0154      0.0495     -0.1124      0.0815          0.10        0.7552
                         BKGRD1_C7NOMISS    BK_OTHER                   1     -1.6624      0.7191     -3.0718     -0.2530          5.34        0.0208
                         BKGRD1_C7NOMISS    CUBAN                      1      1.4508      0.4387      0.5909      2.3107         10.94        0.0009
                         BKGRD1_C7NOMISS    C_AMERICAN                 1      0.5510      0.3350     -0.1056      1.2076          2.71        0.1000
                         BKGRD1_C7NOMISS    DOMINICAN                  1      0.4490      0.4198     -0.3738      1.2717          1.14        0.2848
                         BKGRD1_C7NOMISS    MORE THAN ONE              1      0.4960      0.4028     -0.2934      1.2854          1.52        0.2182
                         BKGRD1_C7NOMISS    P_RICAN                    1     -0.0299      0.4079     -0.8294      0.7695          0.01        0.9415
                         BKGRD1_C7NOMISS    MEXICAN                    0      0.0000      0.0000      0.0000      0.0000           .           .    
                         AGE                                           1      0.0062      0.0179     -0.0290      0.0413          0.12        0.7314
                         INCOME_C2          <30                        1     -0.0959      0.2159     -0.5190      0.3272          0.20        0.6568
                         INCOME_C2          >30                        0      0.0000      0.0000      0.0000      0.0000           .           .    
                         LANG_PREF          SPANISH                    1      0.0853      0.2331     -0.3716      0.5422          0.13        0.7144
                         LANG_PREF          ENGLISH                    0      0.0000      0.0000      0.0000      0.0000           .           .    
                         PARITY_V1                                     1      0.0553      0.0997     -0.1402      0.2508          0.31        0.5793
                         POVPCT                                        1     -0.0022      0.0011     -0.0045      0.0000          3.80        0.0513
                         MARITAL_STATUS     COHABITING                 1     -0.3383      0.1873     -0.7055      0.0288          3.26        0.0709
                         MARITAL_STATUS     SEPARATED                  1      0.5349      0.4138     -0.2761      1.3459          1.67        0.1961
                         MARITAL_STATUS     SINGLE                     0      0.0000      0.0000      0.0000      0.0000           .           .    
                         EMPLOYEDYN         EMPLOYED                   1      0.3987      0.1722      0.0611      0.7363          5.36        0.0206
                         EMPLOYEDYN         NOT_EMPLOYED               0      0.0000      0.0000      0.0000      0.0000           .           .    
                         EDUCATION_C3       AT_MOST_HIGHSCHOOL_GED     1      0.1239      0.2015     -0.2710      0.5188          0.38        0.5385
                         EDUCATION_C3       G_HIGHSCHOOL               1     -0.0390      0.2192     -0.4686      0.3907          0.03        0.8590
                         EDUCATION_C3       N_HIGHSCHOOL_GED           0      0.0000      0.0000      0.0000      0.0000           .           .    
                         YRSUS_C3           10+_Years                  1     -0.3971      0.2701     -0.9265      0.1323          2.16        0.1415
                         YRSUS_C3           <10_Years                  1     -0.4209      0.2757     -0.9612      0.1194          2.33        0.1268
                         YRSUS_C3           US_BORN                    0      0.0000      0.0000      0.0000      0.0000           .           .    
                         N_HC               NO                         1      0.0123      0.1849     -0.3501      0.3747          0.00        0.9470
                         N_HC               YES                        0      0.0000      0.0000      0.0000      0.0000           .           .    
                         BMI                                           1      0.1381      0.0326      0.0742      0.2019         17.96        <.0001
                         ANTA10A                                       1     -0.0336      0.0153     -0.0635     -0.0036          4.83        0.0280
                         HEIGHT                                        1      0.0597      0.0143      0.0316      0.0878         17.36        <.0001
                         AGG_MENT                                      1     -0.0096      0.0099     -0.0290      0.0098          0.95        0.3302
                         AGG_PHYS                                      1      0.0053      0.0140     -0.0222      0.0327          0.14        0.7071
                         CESD10                                        1      0.0131      0.0219     -0.0297      0.0560          0.36        0.5479
                         STAI10                                        1      0.0003      0.0213     -0.0415      0.0421          0.00        0.9879
                         CURRENT_SMOKER     YES                        1     -0.0339      0.2791     -0.5809      0.5131          0.01        0.9034
                         CURRENT_SMOKER     NO                         0      0.0000      0.0000      0.0000      0.0000           .           .    
                         HEI2010                                       1      0.0114      0.0068     -0.0019      0.0247          2.81        0.0936
                         ALCOHOL_USE        CURRENT                    1      0.0402      0.2167     -0.3845      0.4649          0.03        0.8527
                         ALCOHOL_USE        FORMER                     1     -0.0183      0.2237     -0.4568      0.4203          0.01        0.9349
                         ALCOHOL_USE        NEVER                      0      0.0000      0.0000      0.0000      0.0000           .           .    
                         PCT_MVPA                                      1      0.0009      0.0682     -0.1327      0.1345          0.00        0.9893
                         SLPDUR                                        1      0.0922      0.0622     -0.0296      0.2140          2.20        0.1380
                                                                                 Full model

---------------------------------------------------------------------------- Imputation Number=1 ----------------------------------------------------------------------------

                                                                            The GENMOD Procedure

                                                             Analysis Of Maximum Likelihood Parameter Estimates
 
                                                                                        Standard     Wald 95% Confidence          Wald
                         Parameter                                    DF    Estimate       Error           Limits           Chi-Square    Pr > ChiSq

                         Scale                                         1      0.9948      0.0496      0.9021      1.0969                            

NOTE: The scale parameter was estimated by maximum likelihood.
                                                                                 Full model

---------------------------------------------------------------------------- Imputation Number=2 ----------------------------------------------------------------------------

                                                                            The GENMOD Procedure

                                                                             Model Information

                                           Data Set              DATA.HC338353A_IMPUTED_DATA_20AUG25    Multiply-Imputed Data    
                                           Distribution                                       Normal                             
                                           Link Function                                    Identity                             
                                           Dependent Variable                                    WAZ    Weight for age Z-Score   
                                                                                                        - CDC (Child)            


                                                                   Number of Observations Read         201
                                                                   Number of Observations Used         201


                                                                           Class Level Information
 
                                              Class                Levels    Values

                                              CENTERNUM                 4    CHICAGO MIAMI SAN DIEGO BRONX                     
                                              INCOME_C2                 2    <30 >30                                           
                                              LANG_PREF                 2    SPANISH ENGLISH                                   
                                              BKGRD1_C7NOMISS           7    BK_OTHER CUBAN C_AMERICAN DOMINICAN MORE THAN ONE 
                                                                             P_RICAN MEXICAN                                   
                                              MARITAL_STATUS            3    COHABITING SEPARATED SINGLE                       
                                              EMPLOYEDYN                2    EMPLOYED NOT_EMPLOYED                             
                                              EDUCATION_C3              3    AT_MOST_HIGHSCHOOL_GED G_HIGHSCHOOL               
                                                                             N_HIGHSCHOOL_GED                                  
                                              N_HC                      2    NO YES                                            
                                              YRSUS_C3                  3    10+_Years <10_Years US_BORN                       
                                              CURRENT_SMOKER            2    YES NO                                            
                                              ALCOHOL_USE               3    CURRENT FORMER NEVER                              


                                                                   Criteria For Assessing Goodness Of Fit
 
                                                      Criterion                     DF           Value        Value/DF

                                                      Deviance                     164        210.9955          1.2866
                                                      Scaled Deviance              164        201.0000          1.2256
                                                      Pearson Chi-Square           164        210.9955          1.2866
                                                      Scaled Pearson X2            164        201.0000          1.2256
                                                      Log Likelihood                         -290.0841                
                                                      Full Log Likelihood                    -290.0841                
                                                      AIC (smaller is better)                 656.1682                
                                                      AICC (smaller is better)                674.4645                
                                                      BIC (smaller is better)                 781.6938                


                                                 Algorithm converged.                                                       


                                                                                 Full model

---------------------------------------------------------------------------- Imputation Number=2 ----------------------------------------------------------------------------

                                                                            The GENMOD Procedure

                                                             Analysis Of Maximum Likelihood Parameter Estimates
 
                                                                                        Standard     Wald 95% Confidence          Wald
                         Parameter                                    DF    Estimate       Error           Limits           Chi-Square    Pr > ChiSq

                         Intercept                                     1    -10.1512      2.3902    -14.8359     -5.4666         18.04        <.0001
                         CENTERNUM          CHICAGO                    1      0.0095      0.3301     -0.6375      0.6565          0.00        0.9771
                         CENTERNUM          MIAMI                      1     -0.6518      0.3722     -1.3812      0.0776          3.07        0.0799
                         CENTERNUM          SAN DIEGO                  1      0.1235      0.3689     -0.5996      0.8466          0.11        0.7378
                         CENTERNUM          BRONX                      0      0.0000      0.0000      0.0000      0.0000           .           .    
                         YRSV1BIRTH                                    1      0.0026      0.0500     -0.0954      0.1006          0.00        0.9593
                         BKGRD1_C7NOMISS    BK_OTHER                   1     -0.7568      0.7222     -2.1724      0.6587          1.10        0.2947
                         BKGRD1_C7NOMISS    CUBAN                      1      1.3168      0.4502      0.4344      2.1991          8.56        0.0034
                         BKGRD1_C7NOMISS    C_AMERICAN                 1      0.4692      0.3428     -0.2028      1.1412          1.87        0.1711
                         BKGRD1_C7NOMISS    DOMINICAN                  1      0.3424      0.4278     -0.4960      1.1808          0.64        0.4234
                         BKGRD1_C7NOMISS    MORE THAN ONE              1      0.3211      0.4174     -0.4969      1.1391          0.59        0.4417
                         BKGRD1_C7NOMISS    P_RICAN                    1     -0.1539      0.4220     -0.9810      0.6732          0.13        0.7153
                         BKGRD1_C7NOMISS    MEXICAN                    0      0.0000      0.0000      0.0000      0.0000           .           .    
                         AGE                                           1      0.0101      0.0181     -0.0254      0.0457          0.31        0.5760
                         INCOME_C2          <30                        1     -0.0811      0.2258     -0.5238      0.3615          0.13        0.7194
                         INCOME_C2          >30                        0      0.0000      0.0000      0.0000      0.0000           .           .    
                         LANG_PREF          SPANISH                    1      0.0764      0.2432     -0.4003      0.5532          0.10        0.7533
                         LANG_PREF          ENGLISH                    0      0.0000      0.0000      0.0000      0.0000           .           .    
                         PARITY_V1                                     1     -0.0075      0.1031     -0.2096      0.1946          0.01        0.9423
                         POVPCT                                        1     -0.0020      0.0012     -0.0043      0.0004          2.77        0.0961
                         MARITAL_STATUS     COHABITING                 1     -0.2642      0.1934     -0.6432      0.1147          1.87        0.1718
                         MARITAL_STATUS     SEPARATED                  1      0.6165      0.4237     -0.2139      1.4470          2.12        0.1457
                         MARITAL_STATUS     SINGLE                     0      0.0000      0.0000      0.0000      0.0000           .           .    
                         EMPLOYEDYN         EMPLOYED                   1      0.3658      0.1771      0.0187      0.7128          4.27        0.0389
                         EMPLOYEDYN         NOT_EMPLOYED               0      0.0000      0.0000      0.0000      0.0000           .           .    
                         EDUCATION_C3       AT_MOST_HIGHSCHOOL_GED     1      0.0375      0.2060     -0.3663      0.4412          0.03        0.8557
                         EDUCATION_C3       G_HIGHSCHOOL               1     -0.1888      0.2271     -0.6339      0.2562          0.69        0.4057
                         EDUCATION_C3       N_HIGHSCHOOL_GED           0      0.0000      0.0000      0.0000      0.0000           .           .    
                         YRSUS_C3           10+_Years                  1     -0.3298      0.2773     -0.8733      0.2138          1.41        0.2344
                         YRSUS_C3           <10_Years                  1     -0.3763      0.2801     -0.9252      0.1726          1.81        0.1791
                         YRSUS_C3           US_BORN                    0      0.0000      0.0000      0.0000      0.0000           .           .    
                         N_HC               NO                         1     -0.0867      0.1906     -0.4602      0.2868          0.21        0.6492
                         N_HC               YES                        0      0.0000      0.0000      0.0000      0.0000           .           .    
                         BMI                                           1      0.1269      0.0343      0.0596      0.1941         13.65        0.0002
                         ANTA10A                                       1     -0.0293      0.0158     -0.0603      0.0018          3.42        0.0644
                         HEIGHT                                        1      0.0585      0.0146      0.0300      0.0871         16.13        <.0001
                         AGG_MENT                                      1     -0.0084      0.0100     -0.0279      0.0112          0.70        0.4012
                         AGG_PHYS                                      1      0.0049      0.0143     -0.0232      0.0330          0.12        0.7341
                         CESD10                                        1      0.0214      0.0224     -0.0224      0.0652          0.92        0.3384
                         STAI10                                        1     -0.0175      0.0222     -0.0609      0.0259          0.62        0.4301
                         CURRENT_SMOKER     YES                        1      0.1626      0.2819     -0.3900      0.7152          0.33        0.5642
                         CURRENT_SMOKER     NO                         0      0.0000      0.0000      0.0000      0.0000           .           .    
                         HEI2010                                       1      0.0123      0.0069     -0.0013      0.0258          3.13        0.0770
                         ALCOHOL_USE        CURRENT                    1     -0.0778      0.2197     -0.5085      0.3529          0.13        0.7232
                         ALCOHOL_USE        FORMER                     1     -0.1009      0.2282     -0.5482      0.3463          0.20        0.6582
                         ALCOHOL_USE        NEVER                      0      0.0000      0.0000      0.0000      0.0000           .           .    
                         PCT_MVPA                                      1      0.0400      0.0662     -0.0898      0.1698          0.37        0.5455
                         SLPDUR                                        1      0.0572      0.0620     -0.0644      0.1787          0.85        0.3567
                                                                                 Full model

---------------------------------------------------------------------------- Imputation Number=2 ----------------------------------------------------------------------------

                                                                            The GENMOD Procedure

                                                             Analysis Of Maximum Likelihood Parameter Estimates
 
                                                                                        Standard     Wald 95% Confidence          Wald
                         Parameter                                    DF    Estimate       Error           Limits           Chi-Square    Pr > ChiSq

                         Scale                                         1      1.0246      0.0511      0.9291      1.1298                            

NOTE: The scale parameter was estimated by maximum likelihood.
                                                                                 Full model

---------------------------------------------------------------------------- Imputation Number=3 ----------------------------------------------------------------------------

                                                                            The GENMOD Procedure

                                                                             Model Information

                                           Data Set              DATA.HC338353A_IMPUTED_DATA_20AUG25    Multiply-Imputed Data    
                                           Distribution                                       Normal                             
                                           Link Function                                    Identity                             
                                           Dependent Variable                                    WAZ    Weight for age Z-Score   
                                                                                                        - CDC (Child)            


                                                                   Number of Observations Read         201
                                                                   Number of Observations Used         201


                                                                           Class Level Information
 
                                              Class                Levels    Values

                                              CENTERNUM                 4    CHICAGO MIAMI SAN DIEGO BRONX                     
                                              INCOME_C2                 2    <30 >30                                           
                                              LANG_PREF                 2    SPANISH ENGLISH                                   
                                              BKGRD1_C7NOMISS           7    BK_OTHER CUBAN C_AMERICAN DOMINICAN MORE THAN ONE 
                                                                             P_RICAN MEXICAN                                   
                                              MARITAL_STATUS            3    COHABITING SEPARATED SINGLE                       
                                              EMPLOYEDYN                2    EMPLOYED NOT_EMPLOYED                             
                                              EDUCATION_C3              3    AT_MOST_HIGHSCHOOL_GED G_HIGHSCHOOL               
                                                                             N_HIGHSCHOOL_GED                                  
                                              N_HC                      2    NO YES                                            
                                              YRSUS_C3                  3    10+_Years <10_Years US_BORN                       
                                              CURRENT_SMOKER            2    YES NO                                            
                                              ALCOHOL_USE               3    CURRENT FORMER NEVER                              


                                                                   Criteria For Assessing Goodness Of Fit
 
                                                      Criterion                     DF           Value        Value/DF

                                                      Deviance                     164        203.0470          1.2381
                                                      Scaled Deviance              164        201.0000          1.2256
                                                      Pearson Chi-Square           164        203.0470          1.2381
                                                      Scaled Pearson X2            164        201.0000          1.2256
                                                      Log Likelihood                         -286.2250                
                                                      Full Log Likelihood                    -286.2250                
                                                      AIC (smaller is better)                 648.4500                
                                                      AICC (smaller is better)                666.7463                
                                                      BIC (smaller is better)                 773.9756                


                                                 Algorithm converged.                                                       


                                                                                 Full model

---------------------------------------------------------------------------- Imputation Number=3 ----------------------------------------------------------------------------

                                                                            The GENMOD Procedure

                                                             Analysis Of Maximum Likelihood Parameter Estimates
 
                                                                                        Standard     Wald 95% Confidence          Wald
                         Parameter                                    DF    Estimate       Error           Limits           Chi-Square    Pr > ChiSq

                         Intercept                                     1    -10.2624      2.3485    -14.8654     -5.6595         19.10        <.0001
                         CENTERNUM          CHICAGO                    1      0.0065      0.3222     -0.6249      0.6379          0.00        0.9839
                         CENTERNUM          MIAMI                      1     -0.5853      0.3649     -1.3006      0.1299          2.57        0.1087
                         CENTERNUM          SAN DIEGO                  1      0.1918      0.3658     -0.5252      0.9088          0.27        0.6001
                         CENTERNUM          BRONX                      0      0.0000      0.0000      0.0000      0.0000           .           .    
                         YRSV1BIRTH                                    1     -0.0166      0.0498     -0.1143      0.0810          0.11        0.7383
                         BKGRD1_C7NOMISS    BK_OTHER                   1     -1.4687      0.7371     -2.9135     -0.0240          3.97        0.0463
                         BKGRD1_C7NOMISS    CUBAN                      1      1.4677      0.4428      0.5999      2.3355         10.99        0.0009
                         BKGRD1_C7NOMISS    C_AMERICAN                 1      0.5274      0.3374     -0.1338      1.1886          2.44        0.1180
                         BKGRD1_C7NOMISS    DOMINICAN                  1      0.3018      0.4241     -0.5294      1.1330          0.51        0.4767
                         BKGRD1_C7NOMISS    MORE THAN ONE              1      0.4129      0.4059     -0.3827      1.2085          1.03        0.3091
                         BKGRD1_C7NOMISS    P_RICAN                    1     -0.0574      0.4101     -0.8611      0.7463          0.02        0.8886
                         BKGRD1_C7NOMISS    MEXICAN                    0      0.0000      0.0000      0.0000      0.0000           .           .    
                         AGE                                           1     -0.0058      0.0182     -0.0414      0.0299          0.10        0.7509
                         INCOME_C2          <30                        1      0.1734      0.2242     -0.2661      0.6129          0.60        0.4394
                         INCOME_C2          >30                        0      0.0000      0.0000      0.0000      0.0000           .           .    
                         LANG_PREF          SPANISH                    1      0.0441      0.2371     -0.4206      0.5088          0.03        0.8524
                         LANG_PREF          ENGLISH                    0      0.0000      0.0000      0.0000      0.0000           .           .    
                         PARITY_V1                                     1      0.1395      0.0999     -0.0562      0.3352          1.95        0.1625
                         POVPCT                                        1      0.0004      0.0012     -0.0019      0.0026          0.10        0.7540
                         MARITAL_STATUS     COHABITING                 1     -0.2727      0.1929     -0.6508      0.1054          2.00        0.1575
                         MARITAL_STATUS     SEPARATED                  1      0.5692      0.4222     -0.2583      1.3966          1.82        0.1776
                         MARITAL_STATUS     SINGLE                     0      0.0000      0.0000      0.0000      0.0000           .           .    
                         EMPLOYEDYN         EMPLOYED                   1      0.4684      0.1745      0.1263      0.8104          7.20        0.0073
                         EMPLOYEDYN         NOT_EMPLOYED               0      0.0000      0.0000      0.0000      0.0000           .           .    
                         EDUCATION_C3       AT_MOST_HIGHSCHOOL_GED     1      0.1086      0.2015     -0.2864      0.5036          0.29        0.5900
                         EDUCATION_C3       G_HIGHSCHOOL               1     -0.0893      0.2222     -0.5249      0.3463          0.16        0.6879
                         EDUCATION_C3       N_HIGHSCHOOL_GED           0      0.0000      0.0000      0.0000      0.0000           .           .    
                         YRSUS_C3           10+_Years                  1     -0.4156      0.2737     -0.9520      0.1208          2.31        0.1289
                         YRSUS_C3           <10_Years                  1     -0.4097      0.2775     -0.9537      0.1342          2.18        0.1399
                         YRSUS_C3           US_BORN                    0      0.0000      0.0000      0.0000      0.0000           .           .    
                         N_HC               NO                         1      0.0399      0.1851     -0.3230      0.4028          0.05        0.8294
                         N_HC               YES                        0      0.0000      0.0000      0.0000      0.0000           .           .    
                         BMI                                           1      0.1424      0.0338      0.0762      0.2086         17.80        <.0001
                         ANTA10A                                       1     -0.0362      0.0155     -0.0666     -0.0057          5.42        0.0199
                         HEIGHT                                        1      0.0591      0.0142      0.0312      0.0870         17.23        <.0001
                         AGG_MENT                                      1     -0.0179      0.0098     -0.0371      0.0012          3.37        0.0664
                         AGG_PHYS                                      1     -0.0009      0.0142     -0.0288      0.0270          0.00        0.9511
                         CESD10                                        1      0.0145      0.0218     -0.0282      0.0572          0.44        0.5059
                         STAI10                                        1     -0.0135      0.0215     -0.0556      0.0287          0.39        0.5314
                         CURRENT_SMOKER     YES                        1      0.0176      0.2794     -0.5301      0.5653          0.00        0.9498
                         CURRENT_SMOKER     NO                         0      0.0000      0.0000      0.0000      0.0000           .           .    
                         HEI2010                                       1      0.0151      0.0068      0.0017      0.0285          4.90        0.0269
                         ALCOHOL_USE        CURRENT                    1     -0.0590      0.2173     -0.4849      0.3668          0.07        0.7859
                         ALCOHOL_USE        FORMER                     1     -0.0819      0.2249     -0.5228      0.3589          0.13        0.7156
                         ALCOHOL_USE        NEVER                      0      0.0000      0.0000      0.0000      0.0000           .           .    
                         PCT_MVPA                                      1      0.0837      0.0683     -0.0501      0.2175          1.50        0.2202
                         SLPDUR                                        1      0.1058      0.0621     -0.0159      0.2275          2.91        0.0883
                                                                                 Full model

---------------------------------------------------------------------------- Imputation Number=3 ----------------------------------------------------------------------------

                                                                            The GENMOD Procedure

                                                             Analysis Of Maximum Likelihood Parameter Estimates
 
                                                                                        Standard     Wald 95% Confidence          Wald
                         Parameter                                    DF    Estimate       Error           Limits           Chi-Square    Pr > ChiSq

                         Scale                                         1      1.0051      0.0501      0.9115      1.1083                            

NOTE: The scale parameter was estimated by maximum likelihood.
                                                                                 Full model

---------------------------------------------------------------------------- Imputation Number=4 ----------------------------------------------------------------------------

                                                                            The GENMOD Procedure

                                                                             Model Information

                                           Data Set              DATA.HC338353A_IMPUTED_DATA_20AUG25    Multiply-Imputed Data    
                                           Distribution                                       Normal                             
                                           Link Function                                    Identity                             
                                           Dependent Variable                                    WAZ    Weight for age Z-Score   
                                                                                                        - CDC (Child)            


                                                                   Number of Observations Read         201
                                                                   Number of Observations Used         201


                                                                           Class Level Information
 
                                              Class                Levels    Values

                                              CENTERNUM                 4    CHICAGO MIAMI SAN DIEGO BRONX                     
                                              INCOME_C2                 2    <30 >30                                           
                                              LANG_PREF                 2    SPANISH ENGLISH                                   
                                              BKGRD1_C7NOMISS           7    BK_OTHER CUBAN C_AMERICAN DOMINICAN MORE THAN ONE 
                                                                             P_RICAN MEXICAN                                   
                                              MARITAL_STATUS            3    COHABITING SEPARATED SINGLE                       
                                              EMPLOYEDYN                2    EMPLOYED NOT_EMPLOYED                             
                                              EDUCATION_C3              3    AT_MOST_HIGHSCHOOL_GED G_HIGHSCHOOL               
                                                                             N_HIGHSCHOOL_GED                                  
                                              N_HC                      2    NO YES                                            
                                              YRSUS_C3                  3    10+_Years <10_Years US_BORN                       
                                              CURRENT_SMOKER            2    YES NO                                            
                                              ALCOHOL_USE               3    CURRENT FORMER NEVER                              


                                                                   Criteria For Assessing Goodness Of Fit
 
                                                      Criterion                     DF           Value        Value/DF

                                                      Deviance                     164        210.0889          1.2810
                                                      Scaled Deviance              164        201.0000          1.2256
                                                      Pearson Chi-Square           164        210.0889          1.2810
                                                      Scaled Pearson X2            164        201.0000          1.2256
                                                      Log Likelihood                         -289.6514                
                                                      Full Log Likelihood                    -289.6514                
                                                      AIC (smaller is better)                 655.3027                
                                                      AICC (smaller is better)                673.5990                
                                                      BIC (smaller is better)                 780.8283                


                                                 Algorithm converged.                                                       


                                                                                 Full model

---------------------------------------------------------------------------- Imputation Number=4 ----------------------------------------------------------------------------

                                                                            The GENMOD Procedure

                                                             Analysis Of Maximum Likelihood Parameter Estimates
 
                                                                                        Standard     Wald 95% Confidence          Wald
                         Parameter                                    DF    Estimate       Error           Limits           Chi-Square    Pr > ChiSq

                         Intercept                                     1    -11.0312      2.3907    -15.7168     -6.3455         21.29        <.0001
                         CENTERNUM          CHICAGO                    1      0.0081      0.3315     -0.6416      0.6579          0.00        0.9805
                         CENTERNUM          MIAMI                      1     -0.6151      0.3713     -1.3428      0.1127          2.74        0.0976
                         CENTERNUM          SAN DIEGO                  1      0.2092      0.3762     -0.5281      0.9465          0.31        0.5781
                         CENTERNUM          BRONX                      0      0.0000      0.0000      0.0000      0.0000           .           .    
                         YRSV1BIRTH                                    1     -0.0050      0.0494     -0.1017      0.0917          0.01        0.9193
                         BKGRD1_C7NOMISS    BK_OTHER                   1     -0.9287      0.7318     -2.3630      0.5056          1.61        0.2044
                         BKGRD1_C7NOMISS    CUBAN                      1      1.4712      0.4512      0.5869      2.3555         10.63        0.0011
                         BKGRD1_C7NOMISS    C_AMERICAN                 1      0.4715      0.3444     -0.2035      1.1465          1.87        0.1710
                         BKGRD1_C7NOMISS    DOMINICAN                  1      0.2578      0.4310     -0.5869      1.1026          0.36        0.5497
                         BKGRD1_C7NOMISS    MORE THAN ONE              1      0.4125      0.4163     -0.4035      1.2285          0.98        0.3217
                         BKGRD1_C7NOMISS    P_RICAN                    1     -0.1059      0.4227     -0.9344      0.7227          0.06        0.8022
                         BKGRD1_C7NOMISS    MEXICAN                    0      0.0000      0.0000      0.0000      0.0000           .           .    
                         AGE                                           1     -0.0017      0.0182     -0.0373      0.0339          0.01        0.9236
                         INCOME_C2          <30                        1      0.0396      0.2274     -0.4061      0.4854          0.03        0.8616
                         INCOME_C2          >30                        0      0.0000      0.0000      0.0000      0.0000           .           .    
                         LANG_PREF          SPANISH                    1      0.0567      0.2420     -0.4176      0.5310          0.05        0.8148
                         LANG_PREF          ENGLISH                    0      0.0000      0.0000      0.0000      0.0000           .           .    
                         PARITY_V1                                     1      0.1359      0.1000     -0.0601      0.3318          1.85        0.1741
                         POVPCT                                        1     -0.0006      0.0012     -0.0029      0.0018          0.22        0.6374
                         MARITAL_STATUS     COHABITING                 1     -0.2550      0.1921     -0.6315      0.1216          1.76        0.1844
                         MARITAL_STATUS     SEPARATED                  1      0.5995      0.4259     -0.2353      1.4344          1.98        0.1593
                         MARITAL_STATUS     SINGLE                     0      0.0000      0.0000      0.0000      0.0000           .           .    
                         EMPLOYEDYN         EMPLOYED                   1      0.4409      0.1815      0.0852      0.7965          5.90        0.0151
                         EMPLOYEDYN         NOT_EMPLOYED               0      0.0000      0.0000      0.0000      0.0000           .           .    
                         EDUCATION_C3       AT_MOST_HIGHSCHOOL_GED     1      0.1544      0.2082     -0.2536      0.5625          0.55        0.4583
                         EDUCATION_C3       G_HIGHSCHOOL               1     -0.0875      0.2226     -0.5237      0.3487          0.15        0.6943
                         EDUCATION_C3       N_HIGHSCHOOL_GED           0      0.0000      0.0000      0.0000      0.0000           .           .    
                         YRSUS_C3           10+_Years                  1     -0.4550      0.2777     -0.9993      0.0893          2.68        0.1013
                         YRSUS_C3           <10_Years                  1     -0.4333      0.2803     -0.9828      0.1162          2.39        0.1222
                         YRSUS_C3           US_BORN                    0      0.0000      0.0000      0.0000      0.0000           .           .    
                         N_HC               NO                         1      0.0396      0.1875     -0.3279      0.4071          0.04        0.8328
                         N_HC               YES                        0      0.0000      0.0000      0.0000      0.0000           .           .    
                         BMI                                           1      0.1453      0.0347      0.0773      0.2132         17.57        <.0001
                         ANTA10A                                       1     -0.0388      0.0159     -0.0701     -0.0076          5.92        0.0150
                         HEIGHT                                        1      0.0645      0.0143      0.0364      0.0927         20.22        <.0001
                         AGG_MENT                                      1     -0.0096      0.0100     -0.0293      0.0100          0.92        0.3371
                         AGG_PHYS                                      1      0.0006      0.0145     -0.0278      0.0290          0.00        0.9664
                         CESD10                                        1      0.0348      0.0219     -0.0081      0.0776          2.53        0.1119
                         STAI10                                        1     -0.0217      0.0221     -0.0650      0.0215          0.97        0.3249
                         CURRENT_SMOKER     YES                        1     -0.1474      0.2819     -0.6998      0.4051          0.27        0.6011
                         CURRENT_SMOKER     NO                         0      0.0000      0.0000      0.0000      0.0000           .           .    
                         HEI2010                                       1      0.0123      0.0069     -0.0013      0.0258          3.16        0.0753
                         ALCOHOL_USE        CURRENT                    1     -0.0529      0.2212     -0.4864      0.3807          0.06        0.8111
                         ALCOHOL_USE        FORMER                     1     -0.1292      0.2286     -0.5772      0.3187          0.32        0.5718
                         ALCOHOL_USE        NEVER                      0      0.0000      0.0000      0.0000      0.0000           .           .    
                         PCT_MVPA                                      1      0.1192      0.0643     -0.0069      0.2454          3.43        0.0638
                         SLPDUR                                        1      0.0864      0.0633     -0.0378      0.2105          1.86        0.1728
                                                                                 Full model

---------------------------------------------------------------------------- Imputation Number=4 ----------------------------------------------------------------------------

                                                                            The GENMOD Procedure

                                                             Analysis Of Maximum Likelihood Parameter Estimates
 
                                                                                        Standard     Wald 95% Confidence          Wald
                         Parameter                                    DF    Estimate       Error           Limits           Chi-Square    Pr > ChiSq

                         Scale                                         1      1.0224      0.0510      0.9271      1.1273                            

NOTE: The scale parameter was estimated by maximum likelihood.
                                                                                 Full model

---------------------------------------------------------------------------- Imputation Number=5 ----------------------------------------------------------------------------

                                                                            The GENMOD Procedure

                                                                             Model Information

                                           Data Set              DATA.HC338353A_IMPUTED_DATA_20AUG25    Multiply-Imputed Data    
                                           Distribution                                       Normal                             
                                           Link Function                                    Identity                             
                                           Dependent Variable                                    WAZ    Weight for age Z-Score   
                                                                                                        - CDC (Child)            


                                                                   Number of Observations Read         201
                                                                   Number of Observations Used         201


                                                                           Class Level Information
 
                                              Class                Levels    Values

                                              CENTERNUM                 4    CHICAGO MIAMI SAN DIEGO BRONX                     
                                              INCOME_C2                 2    <30 >30                                           
                                              LANG_PREF                 2    SPANISH ENGLISH                                   
                                              BKGRD1_C7NOMISS           7    BK_OTHER CUBAN C_AMERICAN DOMINICAN MORE THAN ONE 
                                                                             P_RICAN MEXICAN                                   
                                              MARITAL_STATUS            3    COHABITING SEPARATED SINGLE                       
                                              EMPLOYEDYN                2    EMPLOYED NOT_EMPLOYED                             
                                              EDUCATION_C3              3    AT_MOST_HIGHSCHOOL_GED G_HIGHSCHOOL               
                                                                             N_HIGHSCHOOL_GED                                  
                                              N_HC                      2    NO YES                                            
                                              YRSUS_C3                  3    10+_Years <10_Years US_BORN                       
                                              CURRENT_SMOKER            2    YES NO                                            
                                              ALCOHOL_USE               3    CURRENT FORMER NEVER                              


                                                                   Criteria For Assessing Goodness Of Fit
 
                                                      Criterion                     DF           Value        Value/DF

                                                      Deviance                     164        210.9825          1.2865
                                                      Scaled Deviance              164        201.0000          1.2256
                                                      Pearson Chi-Square           164        210.9825          1.2865
                                                      Scaled Pearson X2            164        201.0000          1.2256
                                                      Log Likelihood                         -290.0779                
                                                      Full Log Likelihood                    -290.0779                
                                                      AIC (smaller is better)                 656.1558                
                                                      AICC (smaller is better)                674.4521                
                                                      BIC (smaller is better)                 781.6814                


                                                 Algorithm converged.                                                       


                                                                                 Full model

---------------------------------------------------------------------------- Imputation Number=5 ----------------------------------------------------------------------------

                                                                            The GENMOD Procedure

                                                             Analysis Of Maximum Likelihood Parameter Estimates
 
                                                                                        Standard     Wald 95% Confidence          Wald
                         Parameter                                    DF    Estimate       Error           Limits           Chi-Square    Pr > ChiSq

                         Intercept                                     1     -8.8198      2.3411    -13.4082     -4.2314         14.19        0.0002
                         CENTERNUM          CHICAGO                    1      0.0312      0.3344     -0.6242      0.6866          0.01        0.9256
                         CENTERNUM          MIAMI                      1     -0.5798      0.3756     -1.3161      0.1564          2.38        0.1227
                         CENTERNUM          SAN DIEGO                  1      0.1724      0.3776     -0.5676      0.9125          0.21        0.6479
                         CENTERNUM          BRONX                      0      0.0000      0.0000      0.0000      0.0000           .           .    
                         YRSV1BIRTH                                    1     -0.0256      0.0493     -0.1222      0.0711          0.27        0.6042
                         BKGRD1_C7NOMISS    BK_OTHER                   1     -0.9287      0.7375     -2.3742      0.5168          1.59        0.2079
                         BKGRD1_C7NOMISS    CUBAN                      1      1.3224      0.4524      0.4358      2.2091          8.55        0.0035
                         BKGRD1_C7NOMISS    C_AMERICAN                 1      0.4706      0.3438     -0.2032      1.1444          1.87        0.1710
                         BKGRD1_C7NOMISS    DOMINICAN                  1      0.4820      0.4316     -0.3638      1.3279          1.25        0.2640
                         BKGRD1_C7NOMISS    MORE THAN ONE              1      0.3281      0.4193     -0.4938      1.1500          0.61        0.4340
                         BKGRD1_C7NOMISS    P_RICAN                    1     -0.0610      0.4216     -0.8873      0.7654          0.02        0.8850
                         BKGRD1_C7NOMISS    MEXICAN                    0      0.0000      0.0000      0.0000      0.0000           .           .    
                         AGE                                           1      0.0114      0.0179     -0.0237      0.0465          0.40        0.5245
                         INCOME_C2          <30                        1     -0.2201      0.2340     -0.6786      0.2385          0.88        0.3469
                         INCOME_C2          >30                        0      0.0000      0.0000      0.0000      0.0000           .           .    
                         LANG_PREF          SPANISH                    1      0.0784      0.2416     -0.3951      0.5519          0.11        0.7455
                         LANG_PREF          ENGLISH                    0      0.0000      0.0000      0.0000      0.0000           .           .    
                         PARITY_V1                                     1      0.0239      0.1023     -0.1766      0.2244          0.05        0.8154
                         POVPCT                                        1     -0.0021      0.0012     -0.0044      0.0003          2.96        0.0854
                         MARITAL_STATUS     COHABITING                 1     -0.3629      0.1919     -0.7390      0.0131          3.58        0.0585
                         MARITAL_STATUS     SEPARATED                  1      0.5337      0.4271     -0.3034      1.3707          1.56        0.2114
                         MARITAL_STATUS     SINGLE                     0      0.0000      0.0000      0.0000      0.0000           .           .    
                         EMPLOYEDYN         EMPLOYED                   1      0.3259      0.1774     -0.0218      0.6735          3.37        0.0662
                         EMPLOYEDYN         NOT_EMPLOYED               0      0.0000      0.0000      0.0000      0.0000           .           .    
                         EDUCATION_C3       AT_MOST_HIGHSCHOOL_GED     1      0.0861      0.2073     -0.3201      0.4923          0.17        0.6779
                         EDUCATION_C3       G_HIGHSCHOOL               1     -0.0838      0.2250     -0.5247      0.3571          0.14        0.7096
                         EDUCATION_C3       N_HIGHSCHOOL_GED           0      0.0000      0.0000      0.0000      0.0000           .           .    
                         YRSUS_C3           10+_Years                  1     -0.2946      0.2780     -0.8396      0.2503          1.12        0.2893
                         YRSUS_C3           <10_Years                  1     -0.3186      0.2796     -0.8667      0.2294          1.30        0.2545
                         YRSUS_C3           US_BORN                    0      0.0000      0.0000      0.0000      0.0000           .           .    
                         N_HC               NO                         1     -0.0912      0.1880     -0.4598      0.2773          0.24        0.6275
                         N_HC               YES                        0      0.0000      0.0000      0.0000      0.0000           .           .    
                         BMI                                           1      0.1091      0.0343      0.0419      0.1762         10.14        0.0015
                         ANTA10A                                       1     -0.0216      0.0158     -0.0525      0.0094          1.87        0.1718
                         HEIGHT                                        1      0.0507      0.0145      0.0222      0.0791         12.18        0.0005
                         AGG_MENT                                      1     -0.0161      0.0099     -0.0356      0.0033          2.64        0.1045
                         AGG_PHYS                                      1      0.0062      0.0144     -0.0220      0.0344          0.18        0.6673
                         CESD10                                        1      0.0032      0.0216     -0.0391      0.0455          0.02        0.8828
                         STAI10                                        1      0.0013      0.0216     -0.0410      0.0436          0.00        0.9523
                         CURRENT_SMOKER     YES                        1      0.0931      0.2820     -0.4597      0.6459          0.11        0.7413
                         CURRENT_SMOKER     NO                         0      0.0000      0.0000      0.0000      0.0000           .           .    
                         HEI2010                                       1      0.0072      0.0069     -0.0063      0.0207          1.09        0.2958
                         ALCOHOL_USE        CURRENT                    1     -0.0922      0.2181     -0.5196      0.3353          0.18        0.6726
                         ALCOHOL_USE        FORMER                     1     -0.0877      0.2281     -0.5349      0.3594          0.15        0.7006
                         ALCOHOL_USE        NEVER                      0      0.0000      0.0000      0.0000      0.0000           .           .    
                         PCT_MVPA                                      1     -0.0149      0.0716     -0.1552      0.1254          0.04        0.8352
                         SLPDUR                                        1      0.0815      0.0651     -0.0461      0.2091          1.57        0.2106
                                                                                 Full model

---------------------------------------------------------------------------- Imputation Number=5 ----------------------------------------------------------------------------

                                                                            The GENMOD Procedure

                                                             Analysis Of Maximum Likelihood Parameter Estimates
 
                                                                                        Standard     Wald 95% Confidence          Wald
                         Parameter                                    DF    Estimate       Error           Limits           Chi-Square    Pr > ChiSq

                         Scale                                         1      1.0245      0.0511      0.9291      1.1297                            

NOTE: The scale parameter was estimated by maximum likelihood.
                                                                                 Full model

---------------------------------------------------------------------------- Imputation Number=6 ----------------------------------------------------------------------------

                                                                            The GENMOD Procedure

                                                                             Model Information

                                           Data Set              DATA.HC338353A_IMPUTED_DATA_20AUG25    Multiply-Imputed Data    
                                           Distribution                                       Normal                             
                                           Link Function                                    Identity                             
                                           Dependent Variable                                    WAZ    Weight for age Z-Score   
                                                                                                        - CDC (Child)            


                                                                   Number of Observations Read         201
                                                                   Number of Observations Used         201


                                                                           Class Level Information
 
                                              Class                Levels    Values

                                              CENTERNUM                 4    CHICAGO MIAMI SAN DIEGO BRONX                     
                                              INCOME_C2                 2    <30 >30                                           
                                              LANG_PREF                 2    SPANISH ENGLISH                                   
                                              BKGRD1_C7NOMISS           7    BK_OTHER CUBAN C_AMERICAN DOMINICAN MORE THAN ONE 
                                                                             P_RICAN MEXICAN                                   
                                              MARITAL_STATUS            3    COHABITING SEPARATED SINGLE                       
                                              EMPLOYEDYN                2    EMPLOYED NOT_EMPLOYED                             
                                              EDUCATION_C3              3    AT_MOST_HIGHSCHOOL_GED G_HIGHSCHOOL               
                                                                             N_HIGHSCHOOL_GED                                  
                                              N_HC                      2    NO YES                                            
                                              YRSUS_C3                  3    10+_Years <10_Years US_BORN                       
                                              CURRENT_SMOKER            2    YES NO                                            
                                              ALCOHOL_USE               3    CURRENT FORMER NEVER                              


                                                                   Criteria For Assessing Goodness Of Fit
 
                                                      Criterion                     DF           Value        Value/DF

                                                      Deviance                     164        206.9604          1.2620
                                                      Scaled Deviance              164        201.0000          1.2256
                                                      Pearson Chi-Square           164        206.9604          1.2620
                                                      Scaled Pearson X2            164        201.0000          1.2256
                                                      Log Likelihood                         -288.1435                
                                                      Full Log Likelihood                    -288.1435                
                                                      AIC (smaller is better)                 652.2871                
                                                      AICC (smaller is better)                670.5834                
                                                      BIC (smaller is better)                 777.8126                


                                                 Algorithm converged.                                                       


                                                                                 Full model

---------------------------------------------------------------------------- Imputation Number=6 ----------------------------------------------------------------------------

                                                                            The GENMOD Procedure

                                                             Analysis Of Maximum Likelihood Parameter Estimates
 
                                                                                        Standard     Wald 95% Confidence          Wald
                         Parameter                                    DF    Estimate       Error           Limits           Chi-Square    Pr > ChiSq

                         Intercept                                     1    -10.7977      2.3828    -15.4680     -6.1275         20.53        <.0001
                         CENTERNUM          CHICAGO                    1     -0.0278      0.3255     -0.6659      0.6103          0.01        0.9320
                         CENTERNUM          MIAMI                      1     -0.6359      0.3671     -1.3555      0.0836          3.00        0.0832
                         CENTERNUM          SAN DIEGO                  1      0.1785      0.3694     -0.5456      0.9026          0.23        0.6290
                         CENTERNUM          BRONX                      0      0.0000      0.0000      0.0000      0.0000           .           .    
                         YRSV1BIRTH                                    1     -0.0260      0.0501     -0.1242      0.0722          0.27        0.6036
                         BKGRD1_C7NOMISS    BK_OTHER                   1     -1.2722      0.7331     -2.7092      0.1647          3.01        0.0827
                         BKGRD1_C7NOMISS    CUBAN                      1      1.4670      0.4467      0.5915      2.3426         10.78        0.0010
                         BKGRD1_C7NOMISS    C_AMERICAN                 1      0.5250      0.3416     -0.1445      1.1944          2.36        0.1243
                         BKGRD1_C7NOMISS    DOMINICAN                  1      0.2880      0.4306     -0.5559      1.1320          0.45        0.5036
                         BKGRD1_C7NOMISS    MORE THAN ONE              1      0.4720      0.4108     -0.3332      1.2772          1.32        0.2506
                         BKGRD1_C7NOMISS    P_RICAN                    1     -0.0121      0.4207     -0.8367      0.8124          0.00        0.9770
                         BKGRD1_C7NOMISS    MEXICAN                    0      0.0000      0.0000      0.0000      0.0000           .           .    
                         AGE                                           1     -0.0008      0.0183     -0.0366      0.0350          0.00        0.9662
                         INCOME_C2          <30                        1      0.1684      0.2273     -0.2772      0.6140          0.55        0.4589
                         INCOME_C2          >30                        0      0.0000      0.0000      0.0000      0.0000           .           .    
                         LANG_PREF          SPANISH                    1      0.0487      0.2413     -0.4243      0.5217          0.04        0.8401
                         LANG_PREF          ENGLISH                    0      0.0000      0.0000      0.0000      0.0000           .           .    
                         PARITY_V1                                     1      0.1333      0.1034     -0.0694      0.3360          1.66        0.1974
                         POVPCT                                        1     -0.0003      0.0012     -0.0027      0.0020          0.07        0.7927
                         MARITAL_STATUS     COHABITING                 1     -0.3122      0.1912     -0.6869      0.0624          2.67        0.1024
                         MARITAL_STATUS     SEPARATED                  1      0.5027      0.4210     -0.3225      1.3279          1.43        0.2325
                         MARITAL_STATUS     SINGLE                     0      0.0000      0.0000      0.0000      0.0000           .           .    
                         EMPLOYEDYN         EMPLOYED                   1      0.4260      0.1779      0.0773      0.7746          5.73        0.0166
                         EMPLOYEDYN         NOT_EMPLOYED               0      0.0000      0.0000      0.0000      0.0000           .           .    
                         EDUCATION_C3       AT_MOST_HIGHSCHOOL_GED     1      0.1563      0.2057     -0.2469      0.5595          0.58        0.4474
                         EDUCATION_C3       G_HIGHSCHOOL               1     -0.0204      0.2243     -0.4600      0.4192          0.01        0.9276
                         EDUCATION_C3       N_HIGHSCHOOL_GED           0      0.0000      0.0000      0.0000      0.0000           .           .    
                         YRSUS_C3           10+_Years                  1     -0.4020      0.2757     -0.9424      0.1384          2.13        0.1448
                         YRSUS_C3           <10_Years                  1     -0.3876      0.2775     -0.9315      0.1563          1.95        0.1625
                         YRSUS_C3           US_BORN                    0      0.0000      0.0000      0.0000      0.0000           .           .    
                         N_HC               NO                         1      0.0340      0.1895     -0.3374      0.4055          0.03        0.8575
                         N_HC               YES                        0      0.0000      0.0000      0.0000      0.0000           .           .    
                         BMI                                           1      0.1382      0.0344      0.0706      0.2057         16.08        <.0001
                         ANTA10A                                       1     -0.0367      0.0159     -0.0679     -0.0055          5.32        0.0211
                         HEIGHT                                        1      0.0638      0.0143      0.0358      0.0918         19.93        <.0001
                         AGG_MENT                                      1     -0.0178      0.0100     -0.0374      0.0017          3.19        0.0740
                         AGG_PHYS                                      1     -0.0021      0.0142     -0.0299      0.0257          0.02        0.8821
                         CESD10                                        1      0.0134      0.0223     -0.0303      0.0572          0.36        0.5474
                         STAI10                                        1     -0.0111      0.0221     -0.0544      0.0322          0.25        0.6161
                         CURRENT_SMOKER     YES                        1     -0.1336      0.2810     -0.6844      0.4173          0.23        0.6346
                         CURRENT_SMOKER     NO                         0      0.0000      0.0000      0.0000      0.0000           .           .    
                         HEI2010                                       1      0.0128      0.0069     -0.0008      0.0264          3.41        0.0647
                         ALCOHOL_USE        CURRENT                    1     -0.0402      0.2201     -0.4716      0.3913          0.03        0.8552
                         ALCOHOL_USE        FORMER                     1     -0.0865      0.2271     -0.5316      0.3587          0.14        0.7034
                         ALCOHOL_USE        NEVER                      0      0.0000      0.0000      0.0000      0.0000           .           .    
                         PCT_MVPA                                      1      0.0638      0.0682     -0.0699      0.1976          0.88        0.3494
                         SLPDUR                                        1      0.1262      0.0628      0.0031      0.2493          4.04        0.0445
                                                                                 Full model

---------------------------------------------------------------------------- Imputation Number=6 ----------------------------------------------------------------------------

                                                                            The GENMOD Procedure

                                                             Analysis Of Maximum Likelihood Parameter Estimates
 
                                                                                        Standard     Wald 95% Confidence          Wald
                         Parameter                                    DF    Estimate       Error           Limits           Chi-Square    Pr > ChiSq

                         Scale                                         1      1.0147      0.0506      0.9202      1.1189                            

NOTE: The scale parameter was estimated by maximum likelihood.
                                                                                 Full model

---------------------------------------------------------------------------- Imputation Number=7 ----------------------------------------------------------------------------

                                                                            The GENMOD Procedure

                                                                             Model Information

                                           Data Set              DATA.HC338353A_IMPUTED_DATA_20AUG25    Multiply-Imputed Data    
                                           Distribution                                       Normal                             
                                           Link Function                                    Identity                             
                                           Dependent Variable                                    WAZ    Weight for age Z-Score   
                                                                                                        - CDC (Child)            


                                                                   Number of Observations Read         201
                                                                   Number of Observations Used         201


                                                                           Class Level Information
 
                                              Class                Levels    Values

                                              CENTERNUM                 4    CHICAGO MIAMI SAN DIEGO BRONX                     
                                              INCOME_C2                 2    <30 >30                                           
                                              LANG_PREF                 2    SPANISH ENGLISH                                   
                                              BKGRD1_C7NOMISS           7    BK_OTHER CUBAN C_AMERICAN DOMINICAN MORE THAN ONE 
                                                                             P_RICAN MEXICAN                                   
                                              MARITAL_STATUS            3    COHABITING SEPARATED SINGLE                       
                                              EMPLOYEDYN                2    EMPLOYED NOT_EMPLOYED                             
                                              EDUCATION_C3              3    AT_MOST_HIGHSCHOOL_GED G_HIGHSCHOOL               
                                                                             N_HIGHSCHOOL_GED                                  
                                              N_HC                      2    NO YES                                            
                                              YRSUS_C3                  3    10+_Years <10_Years US_BORN                       
                                              CURRENT_SMOKER            2    YES NO                                            
                                              ALCOHOL_USE               3    CURRENT FORMER NEVER                              


                                                                   Criteria For Assessing Goodness Of Fit
 
                                                      Criterion                     DF           Value        Value/DF

                                                      Deviance                     164        194.9062          1.1885
                                                      Scaled Deviance              164        201.0000          1.2256
                                                      Pearson Chi-Square           164        194.9062          1.1885
                                                      Scaled Pearson X2            164        201.0000          1.2256
                                                      Log Likelihood                         -282.1126                
                                                      Full Log Likelihood                    -282.1126                
                                                      AIC (smaller is better)                 640.2252                
                                                      AICC (smaller is better)                658.5215                
                                                      BIC (smaller is better)                 765.7507                


                                                 Algorithm converged.                                                       


                                                                                 Full model

---------------------------------------------------------------------------- Imputation Number=7 ----------------------------------------------------------------------------

                                                                            The GENMOD Procedure

                                                             Analysis Of Maximum Likelihood Parameter Estimates
 
                                                                                        Standard     Wald 95% Confidence          Wald
                         Parameter                                    DF    Estimate       Error           Limits           Chi-Square    Pr > ChiSq

                         Intercept                                     1    -10.7036      2.3040    -15.2193     -6.1879         21.58        <.0001
                         CENTERNUM          CHICAGO                    1      0.0285      0.3159     -0.5906      0.6477          0.01        0.9280
                         CENTERNUM          MIAMI                      1     -0.4739      0.3601     -1.1797      0.2318          1.73        0.1881
                         CENTERNUM          SAN DIEGO                  1      0.2199      0.3556     -0.4770      0.9168          0.38        0.5362
                         CENTERNUM          BRONX                      0      0.0000      0.0000      0.0000      0.0000           .           .    
                         YRSV1BIRTH                                    1      0.0030      0.0490     -0.0930      0.0989          0.00        0.9519
                         BKGRD1_C7NOMISS    BK_OTHER                   1     -1.8911      0.7165     -3.2953     -0.4868          6.97        0.0083
                         BKGRD1_C7NOMISS    CUBAN                      1      1.3297      0.4349      0.4773      2.1822          9.35        0.0022
                         BKGRD1_C7NOMISS    C_AMERICAN                 1      0.4497      0.3309     -0.1990      1.0983          1.85        0.1742
                         BKGRD1_C7NOMISS    DOMINICAN                  1      0.2474      0.4200     -0.5758      1.0706          0.35        0.5559
                         BKGRD1_C7NOMISS    MORE THAN ONE              1      0.3573      0.4011     -0.4289      1.1435          0.79        0.3731
                         BKGRD1_C7NOMISS    P_RICAN                    1     -0.0614      0.4033     -0.8517      0.7290          0.02        0.8790
                         BKGRD1_C7NOMISS    MEXICAN                    0      0.0000      0.0000      0.0000      0.0000           .           .    
                         AGE                                           1     -0.0002      0.0177     -0.0350      0.0346          0.00        0.9903
                         INCOME_C2          <30                        1      0.0115      0.2200     -0.4198      0.4427          0.00        0.9584
                         INCOME_C2          >30                        0      0.0000      0.0000      0.0000      0.0000           .           .    
                         LANG_PREF          SPANISH                    1      0.0975      0.2340     -0.3613      0.5562          0.17        0.6771
                         LANG_PREF          ENGLISH                    0      0.0000      0.0000      0.0000      0.0000           .           .    
                         PARITY_V1                                     1      0.0889      0.0995     -0.1062      0.2839          0.80        0.3718
                         POVPCT                                        1     -0.0016      0.0012     -0.0039      0.0006          1.95        0.1624
                         MARITAL_STATUS     COHABITING                 1     -0.2195      0.1870     -0.5860      0.1470          1.38        0.2405
                         MARITAL_STATUS     SEPARATED                  1      0.7100      0.4154     -0.1043      1.5242          2.92        0.0875
                         MARITAL_STATUS     SINGLE                     0      0.0000      0.0000      0.0000      0.0000           .           .    
                         EMPLOYEDYN         EMPLOYED                   1      0.4715      0.1697      0.1388      0.8042          7.72        0.0055
                         EMPLOYEDYN         NOT_EMPLOYED               0      0.0000      0.0000      0.0000      0.0000           .           .    
                         EDUCATION_C3       AT_MOST_HIGHSCHOOL_GED     1      0.1235      0.1995     -0.2675      0.5146          0.38        0.5358
                         EDUCATION_C3       G_HIGHSCHOOL               1     -0.0763      0.2182     -0.5041      0.3514          0.12        0.7265
                         EDUCATION_C3       N_HIGHSCHOOL_GED           0      0.0000      0.0000      0.0000      0.0000           .           .    
                         YRSUS_C3           10+_Years                  1     -0.4055      0.2649     -0.9246      0.1136          2.34        0.1258
                         YRSUS_C3           <10_Years                  1     -0.4209      0.2673     -0.9447      0.1029          2.48        0.1153
                         YRSUS_C3           US_BORN                    0      0.0000      0.0000      0.0000      0.0000           .           .    
                         N_HC               NO                         1     -0.0947      0.1840     -0.4553      0.2658          0.27        0.6067
                         N_HC               YES                        0      0.0000      0.0000      0.0000      0.0000           .           .    
                         BMI                                           1      0.1435      0.0326      0.0796      0.2074         19.39        <.0001
                         ANTA10A                                       1     -0.0333      0.0153     -0.0633     -0.0032          4.70        0.0302
                         HEIGHT                                        1      0.0608      0.0142      0.0330      0.0886         18.39        <.0001
                         AGG_MENT                                      1     -0.0151      0.0096     -0.0340      0.0037          2.47        0.1161
                         AGG_PHYS                                      1      0.0004      0.0140     -0.0271      0.0279          0.00        0.9793
                         CESD10                                        1      0.0157      0.0214     -0.0262      0.0576          0.54        0.4623
                         STAI10                                        1     -0.0138      0.0216     -0.0561      0.0284          0.41        0.5211
                         CURRENT_SMOKER     YES                        1      0.0010      0.2761     -0.5401      0.5421          0.00        0.9971
                         CURRENT_SMOKER     NO                         0      0.0000      0.0000      0.0000      0.0000           .           .    
                         HEI2010                                       1      0.0134      0.0067      0.0003      0.0265          4.01        0.0452
                         ALCOHOL_USE        CURRENT                    1      0.0778      0.2149     -0.3433      0.4989          0.13        0.7173
                         ALCOHOL_USE        FORMER                     1     -0.0052      0.2214     -0.4392      0.4287          0.00        0.9812
                         ALCOHOL_USE        NEVER                      0      0.0000      0.0000      0.0000      0.0000           .           .    
                         PCT_MVPA                                      1      0.1164      0.0638     -0.0086      0.2415          3.33        0.0680
                         SLPDUR                                        1      0.0840      0.0603     -0.0341      0.2021          1.94        0.1634
                                                                                 Full model

---------------------------------------------------------------------------- Imputation Number=7 ----------------------------------------------------------------------------

                                                                            The GENMOD Procedure

                                                             Analysis Of Maximum Likelihood Parameter Estimates
 
                                                                                        Standard     Wald 95% Confidence          Wald
                         Parameter                                    DF    Estimate       Error           Limits           Chi-Square    Pr > ChiSq

                         Scale                                         1      0.9847      0.0491      0.8930      1.0858                            

NOTE: The scale parameter was estimated by maximum likelihood.
                                                                                 Full model

---------------------------------------------------------------------------- Imputation Number=8 ----------------------------------------------------------------------------

                                                                            The GENMOD Procedure

                                                                             Model Information

                                           Data Set              DATA.HC338353A_IMPUTED_DATA_20AUG25    Multiply-Imputed Data    
                                           Distribution                                       Normal                             
                                           Link Function                                    Identity                             
                                           Dependent Variable                                    WAZ    Weight for age Z-Score   
                                                                                                        - CDC (Child)            


                                                                   Number of Observations Read         201
                                                                   Number of Observations Used         201


                                                                           Class Level Information
 
                                              Class                Levels    Values

                                              CENTERNUM                 4    CHICAGO MIAMI SAN DIEGO BRONX                     
                                              INCOME_C2                 2    <30 >30                                           
                                              LANG_PREF                 2    SPANISH ENGLISH                                   
                                              BKGRD1_C7NOMISS           7    BK_OTHER CUBAN C_AMERICAN DOMINICAN MORE THAN ONE 
                                                                             P_RICAN MEXICAN                                   
                                              MARITAL_STATUS            3    COHABITING SEPARATED SINGLE                       
                                              EMPLOYEDYN                2    EMPLOYED NOT_EMPLOYED                             
                                              EDUCATION_C3              3    AT_MOST_HIGHSCHOOL_GED G_HIGHSCHOOL               
                                                                             N_HIGHSCHOOL_GED                                  
                                              N_HC                      2    NO YES                                            
                                              YRSUS_C3                  3    10+_Years <10_Years US_BORN                       
                                              CURRENT_SMOKER            2    YES NO                                            
                                              ALCOHOL_USE               3    CURRENT FORMER NEVER                              


                                                                   Criteria For Assessing Goodness Of Fit
 
                                                      Criterion                     DF           Value        Value/DF

                                                      Deviance                     164        198.9701          1.2132
                                                      Scaled Deviance              164        201.0000          1.2256
                                                      Pearson Chi-Square           164        198.9701          1.2132
                                                      Scaled Pearson X2            164        201.0000          1.2256
                                                      Log Likelihood                         -284.1865                
                                                      Full Log Likelihood                    -284.1865                
                                                      AIC (smaller is better)                 644.3731                
                                                      AICC (smaller is better)                662.6694                
                                                      BIC (smaller is better)                 769.8987                


                                                 Algorithm converged.                                                       


                                                                                 Full model

---------------------------------------------------------------------------- Imputation Number=8 ----------------------------------------------------------------------------

                                                                            The GENMOD Procedure

                                                             Analysis Of Maximum Likelihood Parameter Estimates
 
                                                                                        Standard     Wald 95% Confidence          Wald
                         Parameter                                    DF    Estimate       Error           Limits           Chi-Square    Pr > ChiSq

                         Intercept                                     1    -10.7003      2.3541    -15.3143     -6.0863         20.66        <.0001
                         CENTERNUM          CHICAGO                    1      0.0664      0.3221     -0.5650      0.6977          0.04        0.8368
                         CENTERNUM          MIAMI                      1     -0.5336      0.3632     -1.2454      0.1782          2.16        0.1418
                         CENTERNUM          SAN DIEGO                  1      0.2489      0.3638     -0.4641      0.9620          0.47        0.4939
                         CENTERNUM          BRONX                      0      0.0000      0.0000      0.0000      0.0000           .           .    
                         YRSV1BIRTH                                    1      0.0021      0.0498     -0.0956      0.0998          0.00        0.9663
                         BKGRD1_C7NOMISS    BK_OTHER                   1     -1.9377      0.7244     -3.3575     -0.5179          7.15        0.0075
                         BKGRD1_C7NOMISS    CUBAN                      1      1.4543      0.4378      0.5963      2.3123         11.04        0.0009
                         BKGRD1_C7NOMISS    C_AMERICAN                 1      0.5425      0.3347     -0.1135      1.1984          2.63        0.1050
                         BKGRD1_C7NOMISS    DOMINICAN                  1      0.4391      0.4114     -0.3673      1.2455          1.14        0.2858
                         BKGRD1_C7NOMISS    MORE THAN ONE              1      0.4518      0.4059     -0.3437      1.2474          1.24        0.2656
                         BKGRD1_C7NOMISS    P_RICAN                    1     -0.0138      0.4092     -0.8158      0.7883          0.00        0.9731
                         BKGRD1_C7NOMISS    MEXICAN                    0      0.0000      0.0000      0.0000      0.0000           .           .    
                         AGE                                           1      0.0008      0.0179     -0.0343      0.0359          0.00        0.9657
                         INCOME_C2          <30                        1      0.1069      0.2237     -0.3316      0.5454          0.23        0.6328
                         INCOME_C2          >30                        0      0.0000      0.0000      0.0000      0.0000           .           .    
                         LANG_PREF          SPANISH                    1      0.0809      0.2351     -0.3799      0.5418          0.12        0.7306
                         LANG_PREF          ENGLISH                    0      0.0000      0.0000      0.0000      0.0000           .           .    
                         PARITY_V1                                     1      0.1007      0.0999     -0.0952      0.2965          1.01        0.3138
                         POVPCT                                        1     -0.0006      0.0012     -0.0029      0.0017          0.26        0.6117
                         MARITAL_STATUS     COHABITING                 1     -0.2919      0.1899     -0.6641      0.0803          2.36        0.1243
                         MARITAL_STATUS     SEPARATED                  1      0.5515      0.4134     -0.2588      1.3618          1.78        0.1822
                         MARITAL_STATUS     SINGLE                     0      0.0000      0.0000      0.0000      0.0000           .           .    
                         EMPLOYEDYN         EMPLOYED                   1      0.4431      0.1728      0.1045      0.7817          6.58        0.0103
                         EMPLOYEDYN         NOT_EMPLOYED               0      0.0000      0.0000      0.0000      0.0000           .           .    
                         EDUCATION_C3       AT_MOST_HIGHSCHOOL_GED     1      0.1299      0.2020     -0.2660      0.5258          0.41        0.5202
                         EDUCATION_C3       G_HIGHSCHOOL               1     -0.0641      0.2202     -0.4956      0.3675          0.08        0.7711
                         EDUCATION_C3       N_HIGHSCHOOL_GED           0      0.0000      0.0000      0.0000      0.0000           .           .    
                         YRSUS_C3           10+_Years                  1     -0.4574      0.2731     -0.9927      0.0778          2.81        0.0940
                         YRSUS_C3           <10_Years                  1     -0.4351      0.2747     -0.9735      0.1032          2.51        0.1132
                         YRSUS_C3           US_BORN                    0      0.0000      0.0000      0.0000      0.0000           .           .    
                         N_HC               NO                         1      0.0337      0.1846     -0.3282      0.3955          0.03        0.8553
                         N_HC               YES                        0      0.0000      0.0000      0.0000      0.0000           .           .    
                         BMI                                           1      0.1429      0.0324      0.0795      0.2064         19.48        <.0001
                         ANTA10A                                       1     -0.0345      0.0153     -0.0645     -0.0045          5.08        0.0242
                         HEIGHT                                        1      0.0569      0.0142      0.0292      0.0847         16.17        <.0001
                         AGG_MENT                                      1     -0.0136      0.0098     -0.0328      0.0057          1.92        0.1662
                         AGG_PHYS                                      1      0.0044      0.0139     -0.0229      0.0316          0.10        0.7541
                         CESD10                                        1      0.0102      0.0213     -0.0315      0.0519          0.23        0.6314
                         STAI10                                        1     -0.0071      0.0213     -0.0489      0.0347          0.11        0.7380
                         CURRENT_SMOKER     YES                        1     -0.0168      0.2758     -0.5575      0.5238          0.00        0.9514
                         CURRENT_SMOKER     NO                         0      0.0000      0.0000      0.0000      0.0000           .           .    
                         HEI2010                                       1      0.0146      0.0067      0.0015      0.0276          4.77        0.0289
                         ALCOHOL_USE        CURRENT                    1      0.0651      0.2198     -0.3657      0.4960          0.09        0.7670
                         ALCOHOL_USE        FORMER                     1      0.0034      0.2249     -0.4374      0.4442          0.00        0.9879
                         ALCOHOL_USE        NEVER                      0      0.0000      0.0000      0.0000      0.0000           .           .    
                         PCT_MVPA                                      1      0.0442      0.0604     -0.0742      0.1627          0.54        0.4641
                         SLPDUR                                        1      0.1021      0.0619     -0.0192      0.2235          2.72        0.0990
                                                                                 Full model

---------------------------------------------------------------------------- Imputation Number=8 ----------------------------------------------------------------------------

                                                                            The GENMOD Procedure

                                                             Analysis Of Maximum Likelihood Parameter Estimates
 
                                                                                        Standard     Wald 95% Confidence          Wald
                         Parameter                                    DF    Estimate       Error           Limits           Chi-Square    Pr > ChiSq

                         Scale                                         1      0.9949      0.0496      0.9023      1.0971                            

NOTE: The scale parameter was estimated by maximum likelihood.
                                                                                 Full model

---------------------------------------------------------------------------- Imputation Number=9 ----------------------------------------------------------------------------

                                                                            The GENMOD Procedure

                                                                             Model Information

                                           Data Set              DATA.HC338353A_IMPUTED_DATA_20AUG25    Multiply-Imputed Data    
                                           Distribution                                       Normal                             
                                           Link Function                                    Identity                             
                                           Dependent Variable                                    WAZ    Weight for age Z-Score   
                                                                                                        - CDC (Child)            


                                                                   Number of Observations Read         201
                                                                   Number of Observations Used         201


                                                                           Class Level Information
 
                                              Class                Levels    Values

                                              CENTERNUM                 4    CHICAGO MIAMI SAN DIEGO BRONX                     
                                              INCOME_C2                 2    <30 >30                                           
                                              LANG_PREF                 2    SPANISH ENGLISH                                   
                                              BKGRD1_C7NOMISS           7    BK_OTHER CUBAN C_AMERICAN DOMINICAN MORE THAN ONE 
                                                                             P_RICAN MEXICAN                                   
                                              MARITAL_STATUS            3    COHABITING SEPARATED SINGLE                       
                                              EMPLOYEDYN                2    EMPLOYED NOT_EMPLOYED                             
                                              EDUCATION_C3              3    AT_MOST_HIGHSCHOOL_GED G_HIGHSCHOOL               
                                                                             N_HIGHSCHOOL_GED                                  
                                              N_HC                      2    NO YES                                            
                                              YRSUS_C3                  3    10+_Years <10_Years US_BORN                       
                                              CURRENT_SMOKER            2    YES NO                                            
                                              ALCOHOL_USE               3    CURRENT FORMER NEVER                              


                                                                   Criteria For Assessing Goodness Of Fit
 
                                                      Criterion                     DF           Value        Value/DF

                                                      Deviance                     164        207.6004          1.2659
                                                      Scaled Deviance              164        201.0000          1.2256
                                                      Pearson Chi-Square           164        207.6004          1.2659
                                                      Scaled Pearson X2            164        201.0000          1.2256
                                                      Log Likelihood                         -288.4538                
                                                      Full Log Likelihood                    -288.4538                
                                                      AIC (smaller is better)                 652.9076                
                                                      AICC (smaller is better)                671.2039                
                                                      BIC (smaller is better)                 778.4332                


                                                 Algorithm converged.                                                       


                                                                                 Full model

---------------------------------------------------------------------------- Imputation Number=9 ----------------------------------------------------------------------------

                                                                            The GENMOD Procedure

                                                             Analysis Of Maximum Likelihood Parameter Estimates
 
                                                                                        Standard     Wald 95% Confidence          Wald
                         Parameter                                    DF    Estimate       Error           Limits           Chi-Square    Pr > ChiSq

                         Intercept                                     1    -10.3136      2.3680    -14.9548     -5.6724         18.97        <.0001
                         CENTERNUM          CHICAGO                    1      0.0107      0.3269     -0.6299      0.6514          0.00        0.9738
                         CENTERNUM          MIAMI                      1     -0.6364      0.3685     -1.3587      0.0859          2.98        0.0842
                         CENTERNUM          SAN DIEGO                  1      0.1654      0.3691     -0.5580      0.8888          0.20        0.6540
                         CENTERNUM          BRONX                      0      0.0000      0.0000      0.0000      0.0000           .           .    
                         YRSV1BIRTH                                    1     -0.0240      0.0497     -0.1213      0.0734          0.23        0.6294
                         BKGRD1_C7NOMISS    BK_OTHER                   1     -1.0654      0.7208     -2.4782      0.3474          2.18        0.1394
                         BKGRD1_C7NOMISS    CUBAN                      1      1.4163      0.4487      0.5368      2.2958          9.96        0.0016
                         BKGRD1_C7NOMISS    C_AMERICAN                 1      0.5295      0.3420     -0.1408      1.1998          2.40        0.1215
                         BKGRD1_C7NOMISS    DOMINICAN                  1      0.3875      0.4264     -0.4482      1.2232          0.83        0.3634
                         BKGRD1_C7NOMISS    MORE THAN ONE              1      0.4338      0.4104     -0.3706      1.2382          1.12        0.2905
                         BKGRD1_C7NOMISS    P_RICAN                    1     -0.0394      0.4204     -0.8633      0.7845          0.01        0.9253
                         BKGRD1_C7NOMISS    MEXICAN                    0      0.0000      0.0000      0.0000      0.0000           .           .    
                         AGE                                           1      0.0072      0.0181     -0.0282      0.0427          0.16        0.6883
                         INCOME_C2          <30                        1     -0.1557      0.2212     -0.5892      0.2778          0.50        0.4814
                         INCOME_C2          >30                        0      0.0000      0.0000      0.0000      0.0000           .           .    
                         LANG_PREF          SPANISH                    1      0.1084      0.2418     -0.3656      0.5824          0.20        0.6539
                         LANG_PREF          ENGLISH                    0      0.0000      0.0000      0.0000      0.0000           .           .    
                         PARITY_V1                                     1      0.0605      0.0991     -0.1338      0.2548          0.37        0.5417
                         POVPCT                                        1     -0.0015      0.0011     -0.0037      0.0008          1.68        0.1945
                         MARITAL_STATUS     COHABITING                 1     -0.3437      0.1919     -0.7197      0.0324          3.21        0.0733
                         MARITAL_STATUS     SEPARATED                  1      0.6110      0.4283     -0.2284      1.4505          2.04        0.1537
                         MARITAL_STATUS     SINGLE                     0      0.0000      0.0000      0.0000      0.0000           .           .    
                         EMPLOYEDYN         EMPLOYED                   1      0.3174      0.1767     -0.0289      0.6636          3.23        0.0724
                         EMPLOYEDYN         NOT_EMPLOYED               0      0.0000      0.0000      0.0000      0.0000           .           .    
                         EDUCATION_C3       AT_MOST_HIGHSCHOOL_GED     1      0.0888      0.2048     -0.3126      0.4903          0.19        0.6646
                         EDUCATION_C3       G_HIGHSCHOOL               1     -0.0730      0.2230     -0.5100      0.3641          0.11        0.7434
                         EDUCATION_C3       N_HIGHSCHOOL_GED           0      0.0000      0.0000      0.0000      0.0000           .           .    
                         YRSUS_C3           10+_Years                  1     -0.3605      0.2763     -0.9020      0.1810          1.70        0.1919
                         YRSUS_C3           <10_Years                  1     -0.3583      0.2809     -0.9088      0.1922          1.63        0.2021
                         YRSUS_C3           US_BORN                    0      0.0000      0.0000      0.0000      0.0000           .           .    
                         N_HC               NO                         1     -0.0205      0.1892     -0.3914      0.3503          0.01        0.9136
                         N_HC               YES                        0      0.0000      0.0000      0.0000      0.0000           .           .    
                         BMI                                           1      0.1226      0.0340      0.0559      0.1893         12.97        0.0003
                         ANTA10A                                       1     -0.0247      0.0158     -0.0556      0.0062          2.45        0.1174
                         HEIGHT                                        1      0.0539      0.0145      0.0255      0.0822         13.85        0.0002
                         AGG_MENT                                      1     -0.0113      0.0098     -0.0304      0.0079          1.33        0.2484
                         AGG_PHYS                                      1      0.0085      0.0142     -0.0194      0.0363          0.35        0.5523
                         CESD10                                        1      0.0236      0.0221     -0.0197      0.0669          1.14        0.2860
                         STAI10                                        1     -0.0113      0.0216     -0.0536      0.0310          0.27        0.6004
                         CURRENT_SMOKER     YES                        1      0.0499      0.2793     -0.4975      0.5974          0.03        0.8581
                         CURRENT_SMOKER     NO                         0      0.0000      0.0000      0.0000      0.0000           .           .    
                         HEI2010                                       1      0.0116      0.0070     -0.0021      0.0252          2.77        0.0963
                         ALCOHOL_USE        CURRENT                    1     -0.1067      0.2157     -0.5294      0.3161          0.24        0.6210
                         ALCOHOL_USE        FORMER                     1     -0.1173      0.2260     -0.5604      0.3257          0.27        0.6037
                         ALCOHOL_USE        NEVER                      0      0.0000      0.0000      0.0000      0.0000           .           .    
                         PCT_MVPA                                      1      0.0487      0.0728     -0.0939      0.1913          0.45        0.5036
                         SLPDUR                                        1      0.1110      0.0633     -0.0132      0.2351          3.07        0.0798
                                                                                 Full model

---------------------------------------------------------------------------- Imputation Number=9 ----------------------------------------------------------------------------

                                                                            The GENMOD Procedure

                                                             Analysis Of Maximum Likelihood Parameter Estimates
 
                                                                                        Standard     Wald 95% Confidence          Wald
                         Parameter                                    DF    Estimate       Error           Limits           Chi-Square    Pr > ChiSq

                         Scale                                         1      1.0163      0.0507      0.9216      1.1207                            

NOTE: The scale parameter was estimated by maximum likelihood.
                                                                                 Full model

--------------------------------------------------------------------------- Imputation Number=10 ----------------------------------------------------------------------------

                                                                            The GENMOD Procedure

                                                                             Model Information

                                           Data Set              DATA.HC338353A_IMPUTED_DATA_20AUG25    Multiply-Imputed Data    
                                           Distribution                                       Normal                             
                                           Link Function                                    Identity                             
                                           Dependent Variable                                    WAZ    Weight for age Z-Score   
                                                                                                        - CDC (Child)            


                                                                   Number of Observations Read         201
                                                                   Number of Observations Used         201


                                                                           Class Level Information
 
                                              Class                Levels    Values

                                              CENTERNUM                 4    CHICAGO MIAMI SAN DIEGO BRONX                     
                                              INCOME_C2                 2    <30 >30                                           
                                              LANG_PREF                 2    SPANISH ENGLISH                                   
                                              BKGRD1_C7NOMISS           7    BK_OTHER CUBAN C_AMERICAN DOMINICAN MORE THAN ONE 
                                                                             P_RICAN MEXICAN                                   
                                              MARITAL_STATUS            3    COHABITING SEPARATED SINGLE                       
                                              EMPLOYEDYN                2    EMPLOYED NOT_EMPLOYED                             
                                              EDUCATION_C3              3    AT_MOST_HIGHSCHOOL_GED G_HIGHSCHOOL               
                                                                             N_HIGHSCHOOL_GED                                  
                                              N_HC                      2    NO YES                                            
                                              YRSUS_C3                  3    10+_Years <10_Years US_BORN                       
                                              CURRENT_SMOKER            2    YES NO                                            
                                              ALCOHOL_USE               3    CURRENT FORMER NEVER                              


                                                                   Criteria For Assessing Goodness Of Fit
 
                                                      Criterion                     DF           Value        Value/DF

                                                      Deviance                     164        198.3154          1.2092
                                                      Scaled Deviance              164        201.0000          1.2256
                                                      Pearson Chi-Square           164        198.3154          1.2092
                                                      Scaled Pearson X2            164        201.0000          1.2256
                                                      Log Likelihood                         -283.8553                
                                                      Full Log Likelihood                    -283.8553                
                                                      AIC (smaller is better)                 643.7106                
                                                      AICC (smaller is better)                662.0069                
                                                      BIC (smaller is better)                 769.2362                


                                                 Algorithm converged.                                                       


                                                                                 Full model

--------------------------------------------------------------------------- Imputation Number=10 ----------------------------------------------------------------------------

                                                                            The GENMOD Procedure

                                                             Analysis Of Maximum Likelihood Parameter Estimates
 
                                                                                        Standard     Wald 95% Confidence          Wald
                         Parameter                                    DF    Estimate       Error           Limits           Chi-Square    Pr > ChiSq

                         Intercept                                     1    -10.8562      2.2678    -15.3009     -6.4115         22.92        <.0001
                         CENTERNUM          CHICAGO                    1      0.0256      0.3168     -0.5952      0.6465          0.01        0.9355
                         CENTERNUM          MIAMI                      1     -0.5907      0.3597     -1.2957      0.1142          2.70        0.1005
                         CENTERNUM          SAN DIEGO                  1      0.2325      0.3605     -0.4741      0.9390          0.42        0.5190
                         CENTERNUM          BRONX                      0      0.0000      0.0000      0.0000      0.0000           .           .    
                         YRSV1BIRTH                                    1     -0.0193      0.0481     -0.1136      0.0751          0.16        0.6888
                         BKGRD1_C7NOMISS    BK_OTHER                   1     -1.7197      0.7149     -3.1210     -0.3185          5.79        0.0162
                         BKGRD1_C7NOMISS    CUBAN                      1      1.4717      0.4370      0.6151      2.3283         11.34        0.0008
                         BKGRD1_C7NOMISS    C_AMERICAN                 1      0.5944      0.3342     -0.0606      1.2494          3.16        0.0753
                         BKGRD1_C7NOMISS    DOMINICAN                  1      0.4502      0.4159     -0.3649      1.2654          1.17        0.2790
                         BKGRD1_C7NOMISS    MORE THAN ONE              1      0.5121      0.4033     -0.2784      1.3025          1.61        0.2042
                         BKGRD1_C7NOMISS    P_RICAN                    1      0.0555      0.4099     -0.7478      0.8589          0.02        0.8922
                         BKGRD1_C7NOMISS    MEXICAN                    0      0.0000      0.0000      0.0000      0.0000           .           .    
                         AGE                                           1      0.0036      0.0175     -0.0307      0.0379          0.04        0.8373
                         INCOME_C2          <30                        1      0.0178      0.2155     -0.4045      0.4402          0.01        0.9341
                         INCOME_C2          >30                        0      0.0000      0.0000      0.0000      0.0000           .           .    
                         LANG_PREF          SPANISH                    1      0.1066      0.2351     -0.3542      0.5673          0.21        0.6503
                         LANG_PREF          ENGLISH                    0      0.0000      0.0000      0.0000      0.0000           .           .    
                         PARITY_V1                                     1      0.0639      0.0988     -0.1297      0.2576          0.42        0.5177
                         POVPCT                                        1     -0.0018      0.0012     -0.0040      0.0005          2.33        0.1272
                         MARITAL_STATUS     COHABITING                 1     -0.2992      0.1866     -0.6650      0.0666          2.57        0.1090
                         MARITAL_STATUS     SEPARATED                  1      0.5386      0.4197     -0.2840      1.3613          1.65        0.1994
                         MARITAL_STATUS     SINGLE                     0      0.0000      0.0000      0.0000      0.0000           .           .    
                         EMPLOYEDYN         EMPLOYED                   1      0.4564      0.1733      0.1167      0.7961          6.94        0.0085
                         EMPLOYEDYN         NOT_EMPLOYED               0      0.0000      0.0000      0.0000      0.0000           .           .    
                         EDUCATION_C3       AT_MOST_HIGHSCHOOL_GED     1      0.1220      0.2012     -0.2723      0.5163          0.37        0.5443
                         EDUCATION_C3       G_HIGHSCHOOL               1     -0.0326      0.2178     -0.4595      0.3944          0.02        0.8812
                         EDUCATION_C3       N_HIGHSCHOOL_GED           0      0.0000      0.0000      0.0000      0.0000           .           .    
                         YRSUS_C3           10+_Years                  1     -0.4223      0.2702     -0.9519      0.1073          2.44        0.1181
                         YRSUS_C3           <10_Years                  1     -0.4612      0.2761     -1.0024      0.0800          2.79        0.0948
                         YRSUS_C3           US_BORN                    0      0.0000      0.0000      0.0000      0.0000           .           .    
                         N_HC               NO                         1     -0.0075      0.1838     -0.3677      0.3527          0.00        0.9675
                         N_HC               YES                        0      0.0000      0.0000      0.0000      0.0000           .           .    
                         BMI                                           1      0.1332      0.0333      0.0680      0.1984         16.02        <.0001
                         ANTA10A                                       1     -0.0326      0.0154     -0.0629     -0.0024          4.47        0.0345
                         HEIGHT                                        1      0.0593      0.0142      0.0314      0.0871         17.39        <.0001
                         AGG_MENT                                      1     -0.0122      0.0098     -0.0314      0.0070          1.55        0.2128
                         AGG_PHYS                                      1      0.0048      0.0139     -0.0225      0.0322          0.12        0.7286
                         CESD10                                        1      0.0214      0.0211     -0.0201      0.0628          1.02        0.3126
                         STAI10                                        1     -0.0084      0.0218     -0.0512      0.0343          0.15        0.6982
                         CURRENT_SMOKER     YES                        1     -0.0932      0.2729     -0.6280      0.4417          0.12        0.7328
                         CURRENT_SMOKER     NO                         0      0.0000      0.0000      0.0000      0.0000           .           .    
                         HEI2010                                       1      0.0141      0.0067      0.0009      0.0273          4.40        0.0360
                         ALCOHOL_USE        CURRENT                    1      0.0369      0.2152     -0.3849      0.4588          0.03        0.8638
                         ALCOHOL_USE        FORMER                     1     -0.0290      0.2228     -0.4657      0.4077          0.02        0.8964
                         ALCOHOL_USE        NEVER                      0      0.0000      0.0000      0.0000      0.0000           .           .    
                         PCT_MVPA                                      1     -0.0094      0.0633     -0.1334      0.1146          0.02        0.8819
                         SLPDUR                                        1      0.1167      0.0606     -0.0022      0.2355          3.70        0.0543
                                                                                 Full model

--------------------------------------------------------------------------- Imputation Number=10 ----------------------------------------------------------------------------

                                                                            The GENMOD Procedure

                                                             Analysis Of Maximum Likelihood Parameter Estimates
 
                                                                                        Standard     Wald 95% Confidence          Wald
                         Parameter                                    DF    Estimate       Error           Limits           Chi-Square    Pr > ChiSq

                         Scale                                         1      0.9933      0.0495      0.9008      1.0953                            

NOTE: The scale parameter was estimated by maximum likelihood.
                                                                         Significative factors model

---------------------------------------------------------------------------- Imputation Number=1 ----------------------------------------------------------------------------

                                                                            The GENMOD Procedure

                                                                             Model Information

                                           Data Set              DATA.HC338353A_IMPUTED_DATA_20AUG25    Multiply-Imputed Data    
                                           Distribution                                       Normal                             
                                           Link Function                                    Identity                             
                                           Dependent Variable                                    WAZ    Weight for age Z-Score   
                                                                                                        - CDC (Child)            


                                                                   Number of Observations Read         201
                                                                   Number of Observations Used         201


                                                                           Class Level Information
 
                                              Class                Levels    Values

                                              CENTERNUM                 4    CHICAGO MIAMI SAN DIEGO BRONX                     
                                              BKGRD1_C7NOMISS           7    BK_OTHER CUBAN C_AMERICAN DOMINICAN MORE THAN ONE 
                                                                             P_RICAN MEXICAN                                   
                                              MARITAL_STATUS            3    COHABITING SEPARATED SINGLE                       


                                                                   Criteria For Assessing Goodness Of Fit
 
                                                      Criterion                     DF           Value        Value/DF

                                                      Deviance                     184        219.4288          1.1925
                                                      Scaled Deviance              184        201.0000          1.0924
                                                      Pearson Chi-Square           184        219.4288          1.1925
                                                      Scaled Pearson X2            184        201.0000          1.0924
                                                      Log Likelihood                         -294.0228                
                                                      Full Log Likelihood                    -294.0228                
                                                      AIC (smaller is better)                 624.0456                
                                                      AICC (smaller is better)                627.8038                
                                                      BIC (smaller is better)                 683.5051                


                                                 Algorithm converged.                                                       


                                                             Analysis Of Maximum Likelihood Parameter Estimates
 
                                                                                   Standard     Wald 95% Confidence          Wald
                             Parameter                           DF    Estimate       Error           Limits           Chi-Square    Pr > ChiSq

                             Intercept                            1     -9.1066      2.0610    -13.1462     -5.0670         19.52        <.0001
                             CENTERNUM          CHICAGO           1      0.1033      0.3091     -0.5024      0.7091          0.11        0.7381
                             CENTERNUM          MIAMI             1     -0.5486      0.3446     -1.2240      0.1268          2.53        0.1114
                             CENTERNUM          SAN DIEGO         1      0.1263      0.3393     -0.5386      0.7912          0.14        0.7097
                             CENTERNUM          BRONX             0      0.0000      0.0000      0.0000      0.0000           .           .    
                             YRSV1BIRTH                           1     -0.0365      0.0481     -0.1307      0.0577          0.58        0.4479
                             BKGRD1_C7NOMISS    BK_OTHER          1     -1.4425      0.6766     -2.7687     -0.1163          4.55        0.0330
                                                                         Significative factors model

---------------------------------------------------------------------------- Imputation Number=1 ----------------------------------------------------------------------------

                                                                            The GENMOD Procedure

                                                             Analysis Of Maximum Likelihood Parameter Estimates
 
                                                                                   Standard     Wald 95% Confidence          Wald
                             Parameter                           DF    Estimate       Error           Limits           Chi-Square    Pr > ChiSq

                             BKGRD1_C7NOMISS    CUBAN             1      1.0327      0.4218      0.2060      1.8594          5.99        0.0144
                             BKGRD1_C7NOMISS    C_AMERICAN        1      0.3168      0.3393     -0.3482      0.9819          0.87        0.3505
                             BKGRD1_C7NOMISS    DOMINICAN         1      0.2988      0.3954     -0.4761      1.0737          0.57        0.4498
                             BKGRD1_C7NOMISS    MORE THAN ONE     1      0.3305      0.3879     -0.4297      1.0907          0.73        0.3941
                             BKGRD1_C7NOMISS    P_RICAN           1     -0.1773      0.3595     -0.8819      0.5273          0.24        0.6219
                             BKGRD1_C7NOMISS    MEXICAN           0      0.0000      0.0000      0.0000      0.0000           .           .    
                             MARITAL_STATUS     COHABITING        1     -0.4002      0.1617     -0.7171     -0.0834          6.13        0.0133
                             MARITAL_STATUS     SEPARATED         1      0.6815      0.4000     -0.1026      1.4656          2.90        0.0885
                             MARITAL_STATUS     SINGLE            0      0.0000      0.0000      0.0000      0.0000           .           .    
                             HEIGHT                               1      0.0548      0.0135      0.0282      0.0813         16.36        <.0001
                             ANTA10A                              1     -0.0314      0.0149     -0.0606     -0.0022          4.45        0.0349
                             BMI                                  1      0.1365      0.0321      0.0735      0.1995         18.05        <.0001
                             SLPDUR                               1      0.0469      0.0573     -0.0655      0.1592          0.67        0.4135
                             Scale                                1      1.0448      0.0521      0.9475      1.1521                            

NOTE: The scale parameter was estimated by maximum likelihood.
                                                                         Significative factors model

---------------------------------------------------------------------------- Imputation Number=2 ----------------------------------------------------------------------------

                                                                            The GENMOD Procedure

                                                                             Model Information

                                           Data Set              DATA.HC338353A_IMPUTED_DATA_20AUG25    Multiply-Imputed Data    
                                           Distribution                                       Normal                             
                                           Link Function                                    Identity                             
                                           Dependent Variable                                    WAZ    Weight for age Z-Score   
                                                                                                        - CDC (Child)            


                                                                   Number of Observations Read         201
                                                                   Number of Observations Used         201


                                                                           Class Level Information
 
                                              Class                Levels    Values

                                              CENTERNUM                 4    CHICAGO MIAMI SAN DIEGO BRONX                     
                                              BKGRD1_C7NOMISS           7    BK_OTHER CUBAN C_AMERICAN DOMINICAN MORE THAN ONE 
                                                                             P_RICAN MEXICAN                                   
                                              MARITAL_STATUS            3    COHABITING SEPARATED SINGLE                       


                                                                   Criteria For Assessing Goodness Of Fit
 
                                                      Criterion                     DF           Value        Value/DF

                                                      Deviance                     184        229.2277          1.2458
                                                      Scaled Deviance              184        201.0000          1.0924
                                                      Pearson Chi-Square           184        229.2277          1.2458
                                                      Scaled Pearson X2            184        201.0000          1.0924
                                                      Log Likelihood                         -298.4134                
                                                      Full Log Likelihood                    -298.4134                
                                                      AIC (smaller is better)                 632.8269                
                                                      AICC (smaller is better)                636.5851                
                                                      BIC (smaller is better)                 692.2863                


                                                 Algorithm converged.                                                       


                                                             Analysis Of Maximum Likelihood Parameter Estimates
 
                                                                                   Standard     Wald 95% Confidence          Wald
                             Parameter                           DF    Estimate       Error           Limits           Chi-Square    Pr > ChiSq

                             Intercept                            1     -8.8749      2.1275    -13.0447     -4.7051         17.40        <.0001
                             CENTERNUM          CHICAGO           1      0.0430      0.3165     -0.5773      0.6633          0.02        0.8919
                             CENTERNUM          MIAMI             1     -0.5826      0.3525     -1.2735      0.1082          2.73        0.0983
                             CENTERNUM          SAN DIEGO         1      0.0586      0.3464     -0.6202      0.7375          0.03        0.8656
                             CENTERNUM          BRONX             0      0.0000      0.0000      0.0000      0.0000           .           .    
                             YRSV1BIRTH                           1     -0.0333      0.0481     -0.1276      0.0610          0.48        0.4891
                             BKGRD1_C7NOMISS    BK_OTHER          1     -0.7217      0.6852     -2.0647      0.6213          1.11        0.2922
                                                                         Significative factors model

---------------------------------------------------------------------------- Imputation Number=2 ----------------------------------------------------------------------------

                                                                            The GENMOD Procedure

                                                             Analysis Of Maximum Likelihood Parameter Estimates
 
                                                                                   Standard     Wald 95% Confidence          Wald
                             Parameter                           DF    Estimate       Error           Limits           Chi-Square    Pr > ChiSq

                             BKGRD1_C7NOMISS    CUBAN             1      1.0111      0.4313      0.1658      1.8565          5.50        0.0191
                             BKGRD1_C7NOMISS    C_AMERICAN        1      0.2830      0.3462     -0.3956      0.9616          0.67        0.4137
                             BKGRD1_C7NOMISS    DOMINICAN         1      0.2622      0.4058     -0.5331      1.0576          0.42        0.5181
                             BKGRD1_C7NOMISS    MORE THAN ONE     1      0.2891      0.3955     -0.4860      1.0642          0.53        0.4648
                             BKGRD1_C7NOMISS    P_RICAN           1     -0.2102      0.3683     -0.9321      0.5117          0.33        0.5682
                             BKGRD1_C7NOMISS    MEXICAN           0      0.0000      0.0000      0.0000      0.0000           .           .    
                             MARITAL_STATUS     COHABITING        1     -0.3933      0.1650     -0.7166     -0.0699          5.68        0.0171
                             MARITAL_STATUS     SEPARATED         1      0.6866      0.4089     -0.1149      1.4881          2.82        0.0932
                             MARITAL_STATUS     SINGLE            0      0.0000      0.0000      0.0000      0.0000           .           .    
                             HEIGHT                               1      0.0554      0.0139      0.0283      0.0826         15.98        <.0001
                             ANTA10A                              1     -0.0304      0.0153     -0.0604     -0.0004          3.95        0.0470
                             BMI                                  1      0.1285      0.0335      0.0628      0.1941         14.72        0.0001
                             SLPDUR                               1      0.0278      0.0574     -0.0847      0.1403          0.23        0.6281
                             Scale                                1      1.0679      0.0533      0.9685      1.1776                            

NOTE: The scale parameter was estimated by maximum likelihood.
                                                                         Significative factors model

---------------------------------------------------------------------------- Imputation Number=3 ----------------------------------------------------------------------------

                                                                            The GENMOD Procedure

                                                                             Model Information

                                           Data Set              DATA.HC338353A_IMPUTED_DATA_20AUG25    Multiply-Imputed Data    
                                           Distribution                                       Normal                             
                                           Link Function                                    Identity                             
                                           Dependent Variable                                    WAZ    Weight for age Z-Score   
                                                                                                        - CDC (Child)            


                                                                   Number of Observations Read         201
                                                                   Number of Observations Used         201


                                                                           Class Level Information
 
                                              Class                Levels    Values

                                              CENTERNUM                 4    CHICAGO MIAMI SAN DIEGO BRONX                     
                                              BKGRD1_C7NOMISS           7    BK_OTHER CUBAN C_AMERICAN DOMINICAN MORE THAN ONE 
                                                                             P_RICAN MEXICAN                                   
                                              MARITAL_STATUS            3    COHABITING SEPARATED SINGLE                       


                                                                   Criteria For Assessing Goodness Of Fit
 
                                                      Criterion                     DF           Value        Value/DF

                                                      Deviance                     184        224.6293          1.2208
                                                      Scaled Deviance              184        201.0000          1.0924
                                                      Pearson Chi-Square           184        224.6293          1.2208
                                                      Scaled Pearson X2            184        201.0000          1.0924
                                                      Log Likelihood                         -296.3769                
                                                      Full Log Likelihood                    -296.3769                
                                                      AIC (smaller is better)                 628.7538                
                                                      AICC (smaller is better)                632.5120                
                                                      BIC (smaller is better)                 688.2132                


                                                 Algorithm converged.                                                       


                                                             Analysis Of Maximum Likelihood Parameter Estimates
 
                                                                                   Standard     Wald 95% Confidence          Wald
                             Parameter                           DF    Estimate       Error           Limits           Chi-Square    Pr > ChiSq

                             Intercept                            1     -9.3219      2.0874    -13.4132     -5.2306         19.94        <.0001
                             CENTERNUM          CHICAGO           1      0.0678      0.3131     -0.5458      0.6815          0.05        0.8285
                             CENTERNUM          MIAMI             1     -0.5742      0.3486     -1.2574      0.1091          2.71        0.0996
                             CENTERNUM          SAN DIEGO         1      0.0823      0.3429     -0.5896      0.7543          0.06        0.8102
                             CENTERNUM          BRONX             0      0.0000      0.0000      0.0000      0.0000           .           .    
                             YRSV1BIRTH                           1     -0.0462      0.0477     -0.1398      0.0474          0.94        0.3335
                             BKGRD1_C7NOMISS    BK_OTHER          1     -1.0341      0.6853     -2.3773      0.3091          2.28        0.1313
                                                                         Significative factors model

---------------------------------------------------------------------------- Imputation Number=3 ----------------------------------------------------------------------------

                                                                            The GENMOD Procedure

                                                             Analysis Of Maximum Likelihood Parameter Estimates
 
                                                                                   Standard     Wald 95% Confidence          Wald
                             Parameter                           DF    Estimate       Error           Limits           Chi-Square    Pr > ChiSq

                             BKGRD1_C7NOMISS    CUBAN             1      1.0112      0.4265      0.1753      1.8472          5.62        0.0177
                             BKGRD1_C7NOMISS    C_AMERICAN        1      0.2974      0.3428     -0.3745      0.9693          0.75        0.3857
                             BKGRD1_C7NOMISS    DOMINICAN         1      0.2703      0.4009     -0.5154      1.0560          0.45        0.5001
                             BKGRD1_C7NOMISS    MORE THAN ONE     1      0.2875      0.3924     -0.4815      1.0565          0.54        0.4637
                             BKGRD1_C7NOMISS    P_RICAN           1     -0.2075      0.3641     -0.9211      0.5060          0.32        0.5686
                             BKGRD1_C7NOMISS    MEXICAN           0      0.0000      0.0000      0.0000      0.0000           .           .    
                             MARITAL_STATUS     COHABITING        1     -0.3996      0.1637     -0.7205     -0.0787          5.96        0.0147
                             MARITAL_STATUS     SEPARATED         1      0.6776      0.4047     -0.1155      1.4707          2.80        0.0940
                             MARITAL_STATUS     SINGLE            0      0.0000      0.0000      0.0000      0.0000           .           .    
                             HEIGHT                               1      0.0577      0.0136      0.0310      0.0843         17.97        <.0001
                             ANTA10A                              1     -0.0321      0.0151     -0.0617     -0.0025          4.52        0.0335
                             BMI                                  1      0.1328      0.0330      0.0681      0.1976         16.16        <.0001
                             SLPDUR                               1      0.0471      0.0575     -0.0656      0.1597          0.67        0.4128
                             Scale                                1      1.0571      0.0527      0.9587      1.1657                            

NOTE: The scale parameter was estimated by maximum likelihood.
                                                                         Significative factors model

---------------------------------------------------------------------------- Imputation Number=4 ----------------------------------------------------------------------------

                                                                            The GENMOD Procedure

                                                                             Model Information

                                           Data Set              DATA.HC338353A_IMPUTED_DATA_20AUG25    Multiply-Imputed Data    
                                           Distribution                                       Normal                             
                                           Link Function                                    Identity                             
                                           Dependent Variable                                    WAZ    Weight for age Z-Score   
                                                                                                        - CDC (Child)            


                                                                   Number of Observations Read         201
                                                                   Number of Observations Used         201


                                                                           Class Level Information
 
                                              Class                Levels    Values

                                              CENTERNUM                 4    CHICAGO MIAMI SAN DIEGO BRONX                     
                                              BKGRD1_C7NOMISS           7    BK_OTHER CUBAN C_AMERICAN DOMINICAN MORE THAN ONE 
                                                                             P_RICAN MEXICAN                                   
                                              MARITAL_STATUS            3    COHABITING SEPARATED SINGLE                       


                                                                   Criteria For Assessing Goodness Of Fit
 
                                                      Criterion                     DF           Value        Value/DF

                                                      Deviance                     184        230.5011          1.2527
                                                      Scaled Deviance              184        201.0000          1.0924
                                                      Pearson Chi-Square           184        230.5011          1.2527
                                                      Scaled Pearson X2            184        201.0000          1.0924
                                                      Log Likelihood                         -298.9702                
                                                      Full Log Likelihood                    -298.9702                
                                                      AIC (smaller is better)                 633.9404                
                                                      AICC (smaller is better)                637.6986                
                                                      BIC (smaller is better)                 693.3999                


                                                 Algorithm converged.                                                       


                                                             Analysis Of Maximum Likelihood Parameter Estimates
 
                                                                                   Standard     Wald 95% Confidence          Wald
                             Parameter                           DF    Estimate       Error           Limits           Chi-Square    Pr > ChiSq

                             Intercept                            1     -8.8789      2.1246    -13.0429     -4.7149         17.47        <.0001
                             CENTERNUM          CHICAGO           1      0.0286      0.3170     -0.5927      0.6499          0.01        0.9281
                             CENTERNUM          MIAMI             1     -0.5870      0.3534     -1.2796      0.1057          2.76        0.0967
                             CENTERNUM          SAN DIEGO         1      0.0494      0.3472     -0.6311      0.7298          0.02        0.8870
                             CENTERNUM          BRONX             0      0.0000      0.0000      0.0000      0.0000           .           .    
                             YRSV1BIRTH                           1     -0.0295      0.0485     -0.1246      0.0655          0.37        0.5423
                             BKGRD1_C7NOMISS    BK_OTHER          1     -0.7123      0.6945     -2.0734      0.6488          1.05        0.3050
                                                                         Significative factors model

---------------------------------------------------------------------------- Imputation Number=4 ----------------------------------------------------------------------------

                                                                            The GENMOD Procedure

                                                             Analysis Of Maximum Likelihood Parameter Estimates
 
                                                                                   Standard     Wald 95% Confidence          Wald
                             Parameter                           DF    Estimate       Error           Limits           Chi-Square    Pr > ChiSq

                             BKGRD1_C7NOMISS    CUBAN             1      0.9992      0.4318      0.1528      1.8456          5.35        0.0207
                             BKGRD1_C7NOMISS    C_AMERICAN        1      0.2700      0.3474     -0.4108      0.9509          0.60        0.4369
                             BKGRD1_C7NOMISS    DOMINICAN         1      0.2339      0.4063     -0.5624      1.0303          0.33        0.5648
                             BKGRD1_C7NOMISS    MORE THAN ONE     1      0.2677      0.3969     -0.5103      1.0456          0.45        0.5001
                             BKGRD1_C7NOMISS    P_RICAN           1     -0.2251      0.3692     -0.9488      0.4985          0.37        0.5420
                             BKGRD1_C7NOMISS    MEXICAN           0      0.0000      0.0000      0.0000      0.0000           .           .    
                             MARITAL_STATUS     COHABITING        1     -0.3837      0.1656     -0.7083     -0.0591          5.37        0.0205
                             MARITAL_STATUS     SEPARATED         1      0.6904      0.4099     -0.1130      1.4939          2.84        0.0921
                             MARITAL_STATUS     SINGLE            0      0.0000      0.0000      0.0000      0.0000           .           .    
                             HEIGHT                               1      0.0569      0.0138      0.0298      0.0840         16.94        <.0001
                             ANTA10A                              1     -0.0342      0.0152     -0.0641     -0.0043          5.03        0.0249
                             BMI                                  1      0.1334      0.0335      0.0677      0.1990         15.85        <.0001
                             SLPDUR                               1      0.0256      0.0575     -0.0872      0.1383          0.20        0.6566
                             Scale                                1      1.0709      0.0534      0.9711      1.1808                            

NOTE: The scale parameter was estimated by maximum likelihood.
                                                                         Significative factors model

---------------------------------------------------------------------------- Imputation Number=5 ----------------------------------------------------------------------------

                                                                            The GENMOD Procedure

                                                                             Model Information

                                           Data Set              DATA.HC338353A_IMPUTED_DATA_20AUG25    Multiply-Imputed Data    
                                           Distribution                                       Normal                             
                                           Link Function                                    Identity                             
                                           Dependent Variable                                    WAZ    Weight for age Z-Score   
                                                                                                        - CDC (Child)            


                                                                   Number of Observations Read         201
                                                                   Number of Observations Used         201


                                                                           Class Level Information
 
                                              Class                Levels    Values

                                              CENTERNUM                 4    CHICAGO MIAMI SAN DIEGO BRONX                     
                                              BKGRD1_C7NOMISS           7    BK_OTHER CUBAN C_AMERICAN DOMINICAN MORE THAN ONE 
                                                                             P_RICAN MEXICAN                                   
                                              MARITAL_STATUS            3    COHABITING SEPARATED SINGLE                       


                                                                   Criteria For Assessing Goodness Of Fit
 
                                                      Criterion                     DF           Value        Value/DF

                                                      Deviance                     184        230.8201          1.2545
                                                      Scaled Deviance              184        201.0000          1.0924
                                                      Pearson Chi-Square           184        230.8201          1.2545
                                                      Scaled Pearson X2            184        201.0000          1.0924
                                                      Log Likelihood                         -299.1092                
                                                      Full Log Likelihood                    -299.1092                
                                                      AIC (smaller is better)                 634.2184                
                                                      AICC (smaller is better)                637.9766                
                                                      BIC (smaller is better)                 693.6779                


                                                 Algorithm converged.                                                       


                                                             Analysis Of Maximum Likelihood Parameter Estimates
 
                                                                                   Standard     Wald 95% Confidence          Wald
                             Parameter                           DF    Estimate       Error           Limits           Chi-Square    Pr > ChiSq

                             Intercept                            1     -8.0878      2.1175    -12.2381     -3.9376         14.59        0.0001
                             CENTERNUM          CHICAGO           1      0.0587      0.3182     -0.5649      0.6823          0.03        0.8536
                             CENTERNUM          MIAMI             1     -0.5654      0.3543     -1.2599      0.1291          2.55        0.1106
                             CENTERNUM          SAN DIEGO         1      0.0779      0.3483     -0.6047      0.7605          0.05        0.8230
                             CENTERNUM          BRONX             0      0.0000      0.0000      0.0000      0.0000           .           .    
                             YRSV1BIRTH                           1     -0.0403      0.0484     -0.1351      0.0545          0.69        0.4046
                             BKGRD1_C7NOMISS    BK_OTHER          1     -0.5773      0.6734     -1.8972      0.7426          0.73        0.3913
                                                                         Significative factors model

---------------------------------------------------------------------------- Imputation Number=5 ----------------------------------------------------------------------------

                                                                            The GENMOD Procedure

                                                             Analysis Of Maximum Likelihood Parameter Estimates
 
                                                                                   Standard     Wald 95% Confidence          Wald
                             Parameter                           DF    Estimate       Error           Limits           Chi-Square    Pr > ChiSq

                             BKGRD1_C7NOMISS    CUBAN             1      1.0434      0.4332      0.1943      1.8925          5.80        0.0160
                             BKGRD1_C7NOMISS    C_AMERICAN        1      0.3053      0.3480     -0.3768      0.9875          0.77        0.3804
                             BKGRD1_C7NOMISS    DOMINICAN         1      0.3167      0.4084     -0.4839      1.1172          0.60        0.4382
                             BKGRD1_C7NOMISS    MORE THAN ONE     1      0.3372      0.3967     -0.4404      1.1147          0.72        0.3954
                             BKGRD1_C7NOMISS    P_RICAN           1     -0.1745      0.3703     -0.9003      0.5514          0.22        0.6375
                             BKGRD1_C7NOMISS    MEXICAN           0      0.0000      0.0000      0.0000      0.0000           .           .    
                             MARITAL_STATUS     COHABITING        1     -0.4069      0.1655     -0.7312     -0.0826          6.05        0.0139
                             MARITAL_STATUS     SEPARATED         1      0.6922      0.4106     -0.1126      1.4969          2.84        0.0918
                             MARITAL_STATUS     SINGLE            0      0.0000      0.0000      0.0000      0.0000           .           .    
                             HEIGHT                               1      0.0482      0.0139      0.0209      0.0755         11.99        0.0005
                             ANTA10A                              1     -0.0230      0.0153     -0.0530      0.0070          2.25        0.1335
                             BMI                                  1      0.1157      0.0335      0.0500      0.1814         11.93        0.0006
                             SLPDUR                               1      0.0304      0.0590     -0.0853      0.1462          0.27        0.6063
                             Scale                                1      1.0716      0.0534      0.9718      1.1817                            

NOTE: The scale parameter was estimated by maximum likelihood.
                                                                         Significative factors model

---------------------------------------------------------------------------- Imputation Number=6 ----------------------------------------------------------------------------

                                                                            The GENMOD Procedure

                                                                             Model Information

                                           Data Set              DATA.HC338353A_IMPUTED_DATA_20AUG25    Multiply-Imputed Data    
                                           Distribution                                       Normal                             
                                           Link Function                                    Identity                             
                                           Dependent Variable                                    WAZ    Weight for age Z-Score   
                                                                                                        - CDC (Child)            


                                                                   Number of Observations Read         201
                                                                   Number of Observations Used         201


                                                                           Class Level Information
 
                                              Class                Levels    Values

                                              CENTERNUM                 4    CHICAGO MIAMI SAN DIEGO BRONX                     
                                              BKGRD1_C7NOMISS           7    BK_OTHER CUBAN C_AMERICAN DOMINICAN MORE THAN ONE 
                                                                             P_RICAN MEXICAN                                   
                                              MARITAL_STATUS            3    COHABITING SEPARATED SINGLE                       


                                                                   Criteria For Assessing Goodness Of Fit
 
                                                      Criterion                     DF           Value        Value/DF

                                                      Deviance                     184        226.6961          1.2320
                                                      Scaled Deviance              184        201.0000          1.0924
                                                      Pearson Chi-Square           184        226.6961          1.2320
                                                      Scaled Pearson X2            184        201.0000          1.0924
                                                      Log Likelihood                         -297.2973                
                                                      Full Log Likelihood                    -297.2973                
                                                      AIC (smaller is better)                 630.5947                
                                                      AICC (smaller is better)                634.3529                
                                                      BIC (smaller is better)                 690.0541                


                                                 Algorithm converged.                                                       


                                                             Analysis Of Maximum Likelihood Parameter Estimates
 
                                                                                   Standard     Wald 95% Confidence          Wald
                             Parameter                           DF    Estimate       Error           Limits           Chi-Square    Pr > ChiSq

                             Intercept                            1     -9.6125      2.1074    -13.7429     -5.4821         20.81        <.0001
                             CENTERNUM          CHICAGO           1      0.0568      0.3149     -0.5603      0.6739          0.03        0.8568
                             CENTERNUM          MIAMI             1     -0.5853      0.3502     -1.2718      0.1011          2.79        0.0947
                             CENTERNUM          SAN DIEGO         1      0.0664      0.3444     -0.6086      0.7414          0.04        0.8471
                             CENTERNUM          BRONX             0      0.0000      0.0000      0.0000      0.0000           .           .    
                             YRSV1BIRTH                           1     -0.0487      0.0480     -0.1428      0.0454          1.03        0.3104
                             BKGRD1_C7NOMISS    BK_OTHER          1     -0.8941      0.6895     -2.2454      0.4572          1.68        0.1947
                                                                         Significative factors model

---------------------------------------------------------------------------- Imputation Number=6 ----------------------------------------------------------------------------

                                                                            The GENMOD Procedure

                                                             Analysis Of Maximum Likelihood Parameter Estimates
 
                                                                                   Standard     Wald 95% Confidence          Wald
                             Parameter                           DF    Estimate       Error           Limits           Chi-Square    Pr > ChiSq

                             BKGRD1_C7NOMISS    CUBAN             1      1.0023      0.4284      0.1627      1.8420          5.47        0.0193
                             BKGRD1_C7NOMISS    C_AMERICAN        1      0.3028      0.3446     -0.3726      0.9781          0.77        0.3796
                             BKGRD1_C7NOMISS    DOMINICAN         1      0.2766      0.4032     -0.5137      1.0669          0.47        0.4927
                             BKGRD1_C7NOMISS    MORE THAN ONE     1      0.2949      0.3945     -0.4783      1.0682          0.56        0.4547
                             BKGRD1_C7NOMISS    P_RICAN           1     -0.1882      0.3671     -0.9078      0.5313          0.26        0.6082
                             BKGRD1_C7NOMISS    MEXICAN           0      0.0000      0.0000      0.0000      0.0000           .           .    
                             MARITAL_STATUS     COHABITING        1     -0.3956      0.1640     -0.7170     -0.0743          5.82        0.0158
                             MARITAL_STATUS     SEPARATED         1      0.6695      0.4066     -0.1273      1.4663          2.71        0.0996
                             MARITAL_STATUS     SINGLE            0      0.0000      0.0000      0.0000      0.0000           .           .    
                             HEIGHT                               1      0.0586      0.0137      0.0317      0.0855         18.20        <.0001
                             ANTA10A                              1     -0.0300      0.0152     -0.0599     -0.0001          3.88        0.0489
                             BMI                                  1      0.1267      0.0333      0.0614      0.1920         14.45        0.0001
                             SLPDUR                               1      0.0637      0.0572     -0.0484      0.1759          1.24        0.2653
                             Scale                                1      1.0620      0.0530      0.9631      1.1711                            

NOTE: The scale parameter was estimated by maximum likelihood.
                                                                         Significative factors model

---------------------------------------------------------------------------- Imputation Number=7 ----------------------------------------------------------------------------

                                                                            The GENMOD Procedure

                                                                             Model Information

                                           Data Set              DATA.HC338353A_IMPUTED_DATA_20AUG25    Multiply-Imputed Data    
                                           Distribution                                       Normal                             
                                           Link Function                                    Identity                             
                                           Dependent Variable                                    WAZ    Weight for age Z-Score   
                                                                                                        - CDC (Child)            


                                                                   Number of Observations Read         201
                                                                   Number of Observations Used         201


                                                                           Class Level Information
 
                                              Class                Levels    Values

                                              CENTERNUM                 4    CHICAGO MIAMI SAN DIEGO BRONX                     
                                              BKGRD1_C7NOMISS           7    BK_OTHER CUBAN C_AMERICAN DOMINICAN MORE THAN ONE 
                                                                             P_RICAN MEXICAN                                   
                                              MARITAL_STATUS            3    COHABITING SEPARATED SINGLE                       


                                                                   Criteria For Assessing Goodness Of Fit
 
                                                      Criterion                     DF           Value        Value/DF

                                                      Deviance                     184        218.0615          1.1851
                                                      Scaled Deviance              184        201.0000          1.0924
                                                      Pearson Chi-Square           184        218.0615          1.1851
                                                      Scaled Pearson X2            184        201.0000          1.0924
                                                      Log Likelihood                         -293.3946                
                                                      Full Log Likelihood                    -293.3946                
                                                      AIC (smaller is better)                 622.7892                
                                                      AICC (smaller is better)                626.5474                
                                                      BIC (smaller is better)                 682.2487                


                                                 Algorithm converged.                                                       


                                                             Analysis Of Maximum Likelihood Parameter Estimates
 
                                                                                   Standard     Wald 95% Confidence          Wald
                             Parameter                           DF    Estimate       Error           Limits           Chi-Square    Pr > ChiSq

                             Intercept                            1     -8.8542      2.0693    -12.9099     -4.7984         18.31        <.0001
                             CENTERNUM          CHICAGO           1      0.1207      0.3083     -0.4836      0.7249          0.15        0.6955
                             CENTERNUM          MIAMI             1     -0.5395      0.3438     -1.2133      0.1343          2.46        0.1166
                             CENTERNUM          SAN DIEGO         1      0.1412      0.3384     -0.5220      0.8044          0.17        0.6765
                             CENTERNUM          BRONX             0      0.0000      0.0000      0.0000      0.0000           .           .    
                             YRSV1BIRTH                           1     -0.0336      0.0476     -0.1268      0.0597          0.50        0.4806
                             BKGRD1_C7NOMISS    BK_OTHER          1     -1.6076      0.6716     -2.9240     -0.2913          5.73        0.0167
                                                                         Significative factors model

---------------------------------------------------------------------------- Imputation Number=7 ----------------------------------------------------------------------------

                                                                            The GENMOD Procedure

                                                             Analysis Of Maximum Likelihood Parameter Estimates
 
                                                                                   Standard     Wald 95% Confidence          Wald
                             Parameter                           DF    Estimate       Error           Limits           Chi-Square    Pr > ChiSq

                             BKGRD1_C7NOMISS    CUBAN             1      1.0543      0.4206      0.2300      1.8786          6.28        0.0122
                             BKGRD1_C7NOMISS    C_AMERICAN        1      0.3137      0.3377     -0.3481      0.9755          0.86        0.3528
                             BKGRD1_C7NOMISS    DOMINICAN         1      0.3277      0.3946     -0.4457      1.1011          0.69        0.4063
                             BKGRD1_C7NOMISS    MORE THAN ONE     1      0.3457      0.3860     -0.4108      1.1021          0.80        0.3705
                             BKGRD1_C7NOMISS    P_RICAN           1     -0.1571      0.3588     -0.8602      0.5461          0.19        0.6615
                             BKGRD1_C7NOMISS    MEXICAN           0      0.0000      0.0000      0.0000      0.0000           .           .    
                             MARITAL_STATUS     COHABITING        1     -0.3994      0.1607     -0.7145     -0.0843          6.17        0.0130
                             MARITAL_STATUS     SEPARATED         1      0.6808      0.3990     -0.1012      1.4628          2.91        0.0880
                             MARITAL_STATUS     SINGLE            0      0.0000      0.0000      0.0000      0.0000           .           .    
                             HEIGHT                               1      0.0533      0.0136      0.0267      0.0799         15.41        <.0001
                             ANTA10A                              1     -0.0300      0.0149     -0.0592     -0.0008          4.05        0.0442
                             BMI                                  1      0.1342      0.0320      0.0715      0.1969         17.61        <.0001
                             SLPDUR                               1      0.0342      0.0563     -0.0761      0.1445          0.37        0.5435
                             Scale                                1      1.0416      0.0519      0.9446      1.1485                            

NOTE: The scale parameter was estimated by maximum likelihood.
                                                                         Significative factors model

---------------------------------------------------------------------------- Imputation Number=8 ----------------------------------------------------------------------------

                                                                            The GENMOD Procedure

                                                                             Model Information

                                           Data Set              DATA.HC338353A_IMPUTED_DATA_20AUG25    Multiply-Imputed Data    
                                           Distribution                                       Normal                             
                                           Link Function                                    Identity                             
                                           Dependent Variable                                    WAZ    Weight for age Z-Score   
                                                                                                        - CDC (Child)            


                                                                   Number of Observations Read         201
                                                                   Number of Observations Used         201


                                                                           Class Level Information
 
                                              Class                Levels    Values

                                              CENTERNUM                 4    CHICAGO MIAMI SAN DIEGO BRONX                     
                                              BKGRD1_C7NOMISS           7    BK_OTHER CUBAN C_AMERICAN DOMINICAN MORE THAN ONE 
                                                                             P_RICAN MEXICAN                                   
                                              MARITAL_STATUS            3    COHABITING SEPARATED SINGLE                       


                                                                   Criteria For Assessing Goodness Of Fit
 
                                                      Criterion                     DF           Value        Value/DF

                                                      Deviance                     184        217.7355          1.1833
                                                      Scaled Deviance              184        201.0000          1.0924
                                                      Pearson Chi-Square           184        217.7355          1.1833
                                                      Scaled Pearson X2            184        201.0000          1.0924
                                                      Log Likelihood                         -293.2442                
                                                      Full Log Likelihood                    -293.2442                
                                                      AIC (smaller is better)                 622.4884                
                                                      AICC (smaller is better)                626.2467                
                                                      BIC (smaller is better)                 681.9479                


                                                 Algorithm converged.                                                       


                                                             Analysis Of Maximum Likelihood Parameter Estimates
 
                                                                                   Standard     Wald 95% Confidence          Wald
                             Parameter                           DF    Estimate       Error           Limits           Chi-Square    Pr > ChiSq

                             Intercept                            1     -9.0088      2.0370    -13.0012     -5.0164         19.56        <.0001
                             CENTERNUM          CHICAGO           1      0.1274      0.3077     -0.4757      0.7305          0.17        0.6789
                             CENTERNUM          MIAMI             1     -0.5348      0.3434     -1.2079      0.1383          2.43        0.1194
                             CENTERNUM          SAN DIEGO         1      0.1469      0.3380     -0.5156      0.8095          0.19        0.6638
                             CENTERNUM          BRONX             0      0.0000      0.0000      0.0000      0.0000           .           .    
                             YRSV1BIRTH                           1     -0.0262      0.0479     -0.1202      0.0677          0.30        0.5841
                             BKGRD1_C7NOMISS    BK_OTHER          1     -1.7022      0.6823     -3.0396     -0.3649          6.22        0.0126
                                                                         Significative factors model

---------------------------------------------------------------------------- Imputation Number=8 ----------------------------------------------------------------------------

                                                                            The GENMOD Procedure

                                                             Analysis Of Maximum Likelihood Parameter Estimates
 
                                                                                   Standard     Wald 95% Confidence          Wald
                             Parameter                           DF    Estimate       Error           Limits           Chi-Square    Pr > ChiSq

                             BKGRD1_C7NOMISS    CUBAN             1      1.0449      0.4200      0.2217      1.8682          6.19        0.0129
                             BKGRD1_C7NOMISS    C_AMERICAN        1      0.3205      0.3378     -0.3415      0.9825          0.90        0.3427
                             BKGRD1_C7NOMISS    DOMINICAN         1      0.3226      0.3931     -0.4478      1.0930          0.67        0.4118
                             BKGRD1_C7NOMISS    MORE THAN ONE     1      0.3500      0.3858     -0.4061      1.1062          0.82        0.3643
                             BKGRD1_C7NOMISS    P_RICAN           1     -0.1563      0.3575     -0.8570      0.5445          0.19        0.6621
                             BKGRD1_C7NOMISS    MEXICAN           0      0.0000      0.0000      0.0000      0.0000           .           .    
                             MARITAL_STATUS     COHABITING        1     -0.3924      0.1605     -0.7070     -0.0778          5.98        0.0145
                             MARITAL_STATUS     SEPARATED         1      0.6818      0.3986     -0.0995      1.4630          2.93        0.0872
                             MARITAL_STATUS     SINGLE            0      0.0000      0.0000      0.0000      0.0000           .           .    
                             HEIGHT                               1      0.0539      0.0134      0.0276      0.0802         16.10        <.0001
                             ANTA10A                              1     -0.0308      0.0147     -0.0596     -0.0019          4.37        0.0366
                             BMI                                  1      0.1347      0.0315      0.0730      0.1964         18.31        <.0001
                             SLPDUR                               1      0.0441      0.0572     -0.0679      0.1562          0.60        0.4400
                             Scale                                1      1.0408      0.0519      0.9439      1.1477                            

NOTE: The scale parameter was estimated by maximum likelihood.
                                                                         Significative factors model

---------------------------------------------------------------------------- Imputation Number=9 ----------------------------------------------------------------------------

                                                                            The GENMOD Procedure

                                                                             Model Information

                                           Data Set              DATA.HC338353A_IMPUTED_DATA_20AUG25    Multiply-Imputed Data    
                                           Distribution                                       Normal                             
                                           Link Function                                    Identity                             
                                           Dependent Variable                                    WAZ    Weight for age Z-Score   
                                                                                                        - CDC (Child)            


                                                                   Number of Observations Read         201
                                                                   Number of Observations Used         201


                                                                           Class Level Information
 
                                              Class                Levels    Values

                                              CENTERNUM                 4    CHICAGO MIAMI SAN DIEGO BRONX                     
                                              BKGRD1_C7NOMISS           7    BK_OTHER CUBAN C_AMERICAN DOMINICAN MORE THAN ONE 
                                                                             P_RICAN MEXICAN                                   
                                              MARITAL_STATUS            3    COHABITING SEPARATED SINGLE                       


                                                                   Criteria For Assessing Goodness Of Fit
 
                                                      Criterion                     DF           Value        Value/DF

                                                      Deviance                     184        225.1014          1.2234
                                                      Scaled Deviance              184        201.0000          1.0924
                                                      Pearson Chi-Square           184        225.1014          1.2234
                                                      Scaled Pearson X2            184        201.0000          1.0924
                                                      Log Likelihood                         -296.5879                
                                                      Full Log Likelihood                    -296.5879                
                                                      AIC (smaller is better)                 629.1757                
                                                      AICC (smaller is better)                632.9340                
                                                      BIC (smaller is better)                 688.6352                


                                                 Algorithm converged.                                                       


                                                             Analysis Of Maximum Likelihood Parameter Estimates
 
                                                                                   Standard     Wald 95% Confidence          Wald
                             Parameter                           DF    Estimate       Error           Limits           Chi-Square    Pr > ChiSq

                             Intercept                            1     -8.9369      2.1085    -13.0696     -4.8043         17.96        <.0001
                             CENTERNUM          CHICAGO           1      0.0740      0.3139     -0.5412      0.6891          0.06        0.8137
                             CENTERNUM          MIAMI             1     -0.5619      0.3494     -1.2468      0.1230          2.59        0.1078
                             CENTERNUM          SAN DIEGO         1      0.0959      0.3437     -0.5778      0.7696          0.08        0.7803
                             CENTERNUM          BRONX             0      0.0000      0.0000      0.0000      0.0000           .           .    
                             YRSV1BIRTH                           1     -0.0463      0.0481     -0.1406      0.0481          0.92        0.3364
                             BKGRD1_C7NOMISS    BK_OTHER          1     -0.9482      0.6745     -2.2703      0.3738          1.98        0.1598
                                                                         Significative factors model

---------------------------------------------------------------------------- Imputation Number=9 ----------------------------------------------------------------------------

                                                                            The GENMOD Procedure

                                                             Analysis Of Maximum Likelihood Parameter Estimates
 
                                                                                   Standard     Wald 95% Confidence          Wald
                             Parameter                           DF    Estimate       Error           Limits           Chi-Square    Pr > ChiSq

                             BKGRD1_C7NOMISS    CUBAN             1      1.0245      0.4274      0.1868      1.8623          5.75        0.0165
                             BKGRD1_C7NOMISS    C_AMERICAN        1      0.3204      0.3438     -0.3534      0.9941          0.87        0.3514
                             BKGRD1_C7NOMISS    DOMINICAN         1      0.2966      0.4025     -0.4922      1.0854          0.54        0.4611
                             BKGRD1_C7NOMISS    MORE THAN ONE     1      0.3355      0.3924     -0.4337      1.1046          0.73        0.3926
                             BKGRD1_C7NOMISS    P_RICAN           1     -0.1705      0.3661     -0.8879      0.5470          0.22        0.6415
                             BKGRD1_C7NOMISS    MEXICAN           0      0.0000      0.0000      0.0000      0.0000           .           .    
                             MARITAL_STATUS     COHABITING        1     -0.4056      0.1640     -0.7270     -0.0841          6.11        0.0134
                             MARITAL_STATUS     SEPARATED         1      0.6803      0.4054     -0.1141      1.4748          2.82        0.0933
                             MARITAL_STATUS     SINGLE            0      0.0000      0.0000      0.0000      0.0000           .           .    
                             HEIGHT                               1      0.0528      0.0138      0.0258      0.0798         14.66        0.0001
                             ANTA10A                              1     -0.0271      0.0152     -0.0568      0.0027          3.17        0.0748
                             BMI                                  1      0.1258      0.0332      0.0607      0.1908         14.35        0.0002
                             SLPDUR                               1      0.0587      0.0573     -0.0536      0.1711          1.05        0.3057
                             Scale                                1      1.0583      0.0528      0.9597      1.1669                            

NOTE: The scale parameter was estimated by maximum likelihood.
                                                                         Significative factors model

--------------------------------------------------------------------------- Imputation Number=10 ----------------------------------------------------------------------------

                                                                            The GENMOD Procedure

                                                                             Model Information

                                           Data Set              DATA.HC338353A_IMPUTED_DATA_20AUG25    Multiply-Imputed Data    
                                           Distribution                                       Normal                             
                                           Link Function                                    Identity                             
                                           Dependent Variable                                    WAZ    Weight for age Z-Score   
                                                                                                        - CDC (Child)            


                                                                   Number of Observations Read         201
                                                                   Number of Observations Used         201


                                                                           Class Level Information
 
                                              Class                Levels    Values

                                              CENTERNUM                 4    CHICAGO MIAMI SAN DIEGO BRONX                     
                                              BKGRD1_C7NOMISS           7    BK_OTHER CUBAN C_AMERICAN DOMINICAN MORE THAN ONE 
                                                                             P_RICAN MEXICAN                                   
                                              MARITAL_STATUS            3    COHABITING SEPARATED SINGLE                       


                                                                   Criteria For Assessing Goodness Of Fit
 
                                                      Criterion                     DF           Value        Value/DF

                                                      Deviance                     184        221.8212          1.2056
                                                      Scaled Deviance              184        201.0000          1.0924
                                                      Pearson Chi-Square           184        221.8212          1.2056
                                                      Scaled Pearson X2            184        201.0000          1.0924
                                                      Log Likelihood                         -295.1126                
                                                      Full Log Likelihood                    -295.1126                
                                                      AIC (smaller is better)                 626.2252                
                                                      AICC (smaller is better)                629.9835                
                                                      BIC (smaller is better)                 685.6847                


                                                 Algorithm converged.                                                       


                                                             Analysis Of Maximum Likelihood Parameter Estimates
 
                                                                                   Standard     Wald 95% Confidence          Wald
                             Parameter                           DF    Estimate       Error           Limits           Chi-Square    Pr > ChiSq

                             Intercept                            1     -9.3176      2.0645    -13.3640     -5.2713         20.37        <.0001
                             CENTERNUM          CHICAGO           1      0.0871      0.3112     -0.5229      0.6970          0.08        0.7797
                             CENTERNUM          MIAMI             1     -0.5508      0.3469     -1.2306      0.1291          2.52        0.1123
                             CENTERNUM          SAN DIEGO         1      0.1099      0.3411     -0.5587      0.7785          0.10        0.7473
                             CENTERNUM          BRONX             0      0.0000      0.0000      0.0000      0.0000           .           .    
                             YRSV1BIRTH                           1     -0.0413      0.0473     -0.1339      0.0514          0.76        0.3830
                             BKGRD1_C7NOMISS    BK_OTHER          1     -1.2050      0.6803     -2.5383      0.1284          3.14        0.0765
                                                                         Significative factors model

--------------------------------------------------------------------------- Imputation Number=10 ----------------------------------------------------------------------------

                                                                            The GENMOD Procedure

                                                             Analysis Of Maximum Likelihood Parameter Estimates
 
                                                                                   Standard     Wald 95% Confidence          Wald
                             Parameter                           DF    Estimate       Error           Limits           Chi-Square    Pr > ChiSq

                             BKGRD1_C7NOMISS    CUBAN             1      1.0031      0.4243      0.1716      1.8347          5.59        0.0181
                             BKGRD1_C7NOMISS    C_AMERICAN        1      0.3218      0.3413     -0.3471      0.9906          0.89        0.3457
                             BKGRD1_C7NOMISS    DOMINICAN         1      0.2882      0.3983     -0.4925      1.0688          0.52        0.4694
                             BKGRD1_C7NOMISS    MORE THAN ONE     1      0.3367      0.3894     -0.4265      1.0999          0.75        0.3872
                             BKGRD1_C7NOMISS    P_RICAN           1     -0.1866      0.3620     -0.8960      0.5229          0.27        0.6063
                             BKGRD1_C7NOMISS    MEXICAN           0      0.0000      0.0000      0.0000      0.0000           .           .    
                             MARITAL_STATUS     COHABITING        1     -0.4009      0.1625     -0.7193     -0.0824          6.09        0.0136
                             MARITAL_STATUS     SEPARATED         1      0.6737      0.4024     -0.1150      1.4623          2.80        0.0941
                             MARITAL_STATUS     SINGLE            0      0.0000      0.0000      0.0000      0.0000           .           .    
                             HEIGHT                               1      0.0553      0.0137      0.0285      0.0821         16.39        <.0001
                             ANTA10A                              1     -0.0311      0.0150     -0.0606     -0.0016          4.27        0.0388
                             BMI                                  1      0.1339      0.0328      0.0696      0.1981         16.68        <.0001
                             SLPDUR                               1      0.0717      0.0569     -0.0398      0.1832          1.59        0.2074
                             Scale                                1      1.0505      0.0524      0.9527      1.1584                            

NOTE: The scale parameter was estimated by maximum likelihood.
                                                                          Full model + genetic risk

---------------------------------------------------------------------------- Imputation Number=1 ----------------------------------------------------------------------------

                                                                            The GENMOD Procedure

                                                                             Model Information

                                           Data Set              DATA.HC338353A_IMPUTED_DATA_20AUG25    Multiply-Imputed Data    
                                           Distribution                                       Normal                             
                                           Link Function                                    Identity                             
                                           Dependent Variable                                    WAZ    Weight for age Z-Score   
                                                                                                        - CDC (Child)            


                                                                   Number of Observations Read         201
                                                                   Number of Observations Used         201


                                                                           Class Level Information
 
                                              Class                Levels    Values

                                              CENTERNUM                 4    CHICAGO MIAMI SAN DIEGO BRONX                     
                                              BKGRD1_C7NOMISS           7    BK_OTHER CUBAN C_AMERICAN DOMINICAN MORE THAN ONE 
                                                                             P_RICAN MEXICAN                                   
                                              MARITAL_STATUS            3    COHABITING SEPARATED SINGLE                       


                                                                   Criteria For Assessing Goodness Of Fit
 
                                                      Criterion                     DF           Value        Value/DF

                                                      Deviance                     183        208.4991          1.1393
                                                      Scaled Deviance              183        201.0000          1.0984
                                                      Pearson Chi-Square           183        208.4991          1.1393
                                                      Scaled Pearson X2            183        201.0000          1.0984
                                                      Log Likelihood                         -288.8880                
                                                      Full Log Likelihood                    -288.8880                
                                                      AIC (smaller is better)                 615.7759                
                                                      AICC (smaller is better)                619.9748                
                                                      BIC (smaller is better)                 678.5387                


                                                 Algorithm converged.                                                       


                                                             Analysis Of Maximum Likelihood Parameter Estimates
 
                                                                                   Standard     Wald 95% Confidence          Wald
                             Parameter                           DF    Estimate       Error           Limits           Chi-Square    Pr > ChiSq

                             Intercept                            1     -9.3064      2.0100    -13.2459     -5.3669         21.44        <.0001
                             CENTERNUM          CHICAGO           1      0.1095      0.3013     -0.4809      0.7000          0.13        0.7161
                             CENTERNUM          MIAMI             1     -0.4372      0.3377     -1.0990      0.2245          1.68        0.1953
                             CENTERNUM          SAN DIEGO         1      0.2131      0.3318     -0.4372      0.8633          0.41        0.5208
                             CENTERNUM          BRONX             0      0.0000      0.0000      0.0000      0.0000           .           .    
                             YRSV1BIRTH                           1     -0.0412      0.0469     -0.1331      0.0507          0.77        0.3797
                             BKGRD1_C7NOMISS    BK_OTHER          1     -1.1379      0.6662     -2.4436      0.1679          2.92        0.0876
                                                                          Full model + genetic risk

---------------------------------------------------------------------------- Imputation Number=1 ----------------------------------------------------------------------------

                                                                            The GENMOD Procedure

                                                             Analysis Of Maximum Likelihood Parameter Estimates
 
                                                                                   Standard     Wald 95% Confidence          Wald
                             Parameter                           DF    Estimate       Error           Limits           Chi-Square    Pr > ChiSq

                             BKGRD1_C7NOMISS    CUBAN             1      1.0783      0.4114      0.2720      1.8846          6.87        0.0088
                             BKGRD1_C7NOMISS    C_AMERICAN        1      0.2047      0.3326     -0.4471      0.8566          0.38        0.5381
                             BKGRD1_C7NOMISS    DOMINICAN         1      0.4730      0.3891     -0.2897      1.2356          1.48        0.2242
                             BKGRD1_C7NOMISS    MORE THAN ONE     1      0.2820      0.3784     -0.4596      1.0236          0.56        0.4561
                             BKGRD1_C7NOMISS    P_RICAN           1     -0.1311      0.3507     -0.8186      0.5563          0.14        0.7085
                             BKGRD1_C7NOMISS    MEXICAN           0      0.0000      0.0000      0.0000      0.0000           .           .    
                             MARITAL_STATUS     COHABITING        1     -0.3848      0.1576     -0.6938     -0.0759          5.96        0.0146
                             MARITAL_STATUS     SEPARATED         1      0.5962      0.3908     -0.1699      1.3622          2.33        0.1272
                             MARITAL_STATUS     SINGLE            0      0.0000      0.0000      0.0000      0.0000           .           .    
                             HEIGHT                               1      0.0533      0.0132      0.0274      0.0792         16.26        <.0001
                             ANTA10A                              1     -0.0239      0.0147     -0.0527      0.0049          2.64        0.1039
                             BMI                                  1      0.1162      0.0319      0.0536      0.1788         13.24        0.0003
                             SLPDUR                               1      0.0394      0.0559     -0.0702      0.1490          0.50        0.4810
                             CHILD_PRS_BMI_A                      1      0.6639      0.2045      0.2630      1.0647         10.54        0.0012
                             Scale                                1      1.0185      0.0508      0.9236      1.1231                            

NOTE: The scale parameter was estimated by maximum likelihood.
                                                                          Full model + genetic risk

---------------------------------------------------------------------------- Imputation Number=2 ----------------------------------------------------------------------------

                                                                            The GENMOD Procedure

                                                                             Model Information

                                           Data Set              DATA.HC338353A_IMPUTED_DATA_20AUG25    Multiply-Imputed Data    
                                           Distribution                                       Normal                             
                                           Link Function                                    Identity                             
                                           Dependent Variable                                    WAZ    Weight for age Z-Score   
                                                                                                        - CDC (Child)            


                                                                   Number of Observations Read         201
                                                                   Number of Observations Used         201


                                                                           Class Level Information
 
                                              Class                Levels    Values

                                              CENTERNUM                 4    CHICAGO MIAMI SAN DIEGO BRONX                     
                                              BKGRD1_C7NOMISS           7    BK_OTHER CUBAN C_AMERICAN DOMINICAN MORE THAN ONE 
                                                                             P_RICAN MEXICAN                                   
                                              MARITAL_STATUS            3    COHABITING SEPARATED SINGLE                       


                                                                   Criteria For Assessing Goodness Of Fit
 
                                                      Criterion                     DF           Value        Value/DF

                                                      Deviance                     183        216.9512          1.1855
                                                      Scaled Deviance              183        201.0000          1.0984
                                                      Pearson Chi-Square           183        216.9512          1.1855
                                                      Scaled Pearson X2            183        201.0000          1.0984
                                                      Log Likelihood                         -292.8816                
                                                      Full Log Likelihood                    -292.8816                
                                                      AIC (smaller is better)                 623.7631                
                                                      AICC (smaller is better)                627.9620                
                                                      BIC (smaller is better)                 686.5259                


                                                 Algorithm converged.                                                       


                                                             Analysis Of Maximum Likelihood Parameter Estimates
 
                                                                                   Standard     Wald 95% Confidence          Wald
                             Parameter                           DF    Estimate       Error           Limits           Chi-Square    Pr > ChiSq

                             Intercept                            1     -9.0875      2.0707    -13.1460     -5.0290         19.26        <.0001
                             CENTERNUM          CHICAGO           1      0.0563      0.3079     -0.5472      0.6598          0.03        0.8550
                             CENTERNUM          MIAMI             1     -0.4605      0.3448     -1.1363      0.2153          1.78        0.1817
                             CENTERNUM          SAN DIEGO         1      0.1568      0.3382     -0.5061      0.8197          0.21        0.6429
                             CENTERNUM          BRONX             0      0.0000      0.0000      0.0000      0.0000           .           .    
                             YRSV1BIRTH                           1     -0.0384      0.0468     -0.1302      0.0534          0.67        0.4122
                             BKGRD1_C7NOMISS    BK_OTHER          1     -0.4697      0.6708     -1.7844      0.8450          0.49        0.4838
                                                                          Full model + genetic risk

---------------------------------------------------------------------------- Imputation Number=2 ----------------------------------------------------------------------------

                                                                            The GENMOD Procedure

                                                             Analysis Of Maximum Likelihood Parameter Estimates
 
                                                                                   Standard     Wald 95% Confidence          Wald
                             Parameter                           DF    Estimate       Error           Limits           Chi-Square    Pr > ChiSq

                             BKGRD1_C7NOMISS    CUBAN             1      1.0610      0.4199      0.2380      1.8840          6.39        0.0115
                             BKGRD1_C7NOMISS    C_AMERICAN        1      0.1682      0.3385     -0.4953      0.8317          0.25        0.6193
                             BKGRD1_C7NOMISS    DOMINICAN         1      0.4518      0.3988     -0.3298      1.2333          1.28        0.2572
                             BKGRD1_C7NOMISS    MORE THAN ONE     1      0.2419      0.3850     -0.5127      0.9964          0.39        0.5299
                             BKGRD1_C7NOMISS    P_RICAN           1     -0.1569      0.3587     -0.8599      0.5461          0.19        0.6618
                             BKGRD1_C7NOMISS    MEXICAN           0      0.0000      0.0000      0.0000      0.0000           .           .    
                             MARITAL_STATUS     COHABITING        1     -0.3773      0.1606     -0.6920     -0.0626          5.52        0.0188
                             MARITAL_STATUS     SEPARATED         1      0.5961      0.3987     -0.1854      1.3777          2.24        0.1349
                             MARITAL_STATUS     SINGLE            0      0.0000      0.0000      0.0000      0.0000           .           .    
                             HEIGHT                               1      0.0537      0.0135      0.0272      0.0801         15.79        <.0001
                             ANTA10A                              1     -0.0224      0.0151     -0.0519      0.0072          2.20        0.1378
                             BMI                                  1      0.1071      0.0332      0.0421      0.1722         10.43        0.0012
                             SLPDUR                               1      0.0214      0.0559     -0.0882      0.1309          0.15        0.7020
                             CHILD_PRS_BMI_A                      1      0.7022      0.2082      0.2941      1.1104         11.37        0.0007
                             Scale                                1      1.0389      0.0518      0.9422      1.1456                            

NOTE: The scale parameter was estimated by maximum likelihood.
                                                                          Full model + genetic risk

---------------------------------------------------------------------------- Imputation Number=3 ----------------------------------------------------------------------------

                                                                            The GENMOD Procedure

                                                                             Model Information

                                           Data Set              DATA.HC338353A_IMPUTED_DATA_20AUG25    Multiply-Imputed Data    
                                           Distribution                                       Normal                             
                                           Link Function                                    Identity                             
                                           Dependent Variable                                    WAZ    Weight for age Z-Score   
                                                                                                        - CDC (Child)            


                                                                   Number of Observations Read         201
                                                                   Number of Observations Used         201


                                                                           Class Level Information
 
                                              Class                Levels    Values

                                              CENTERNUM                 4    CHICAGO MIAMI SAN DIEGO BRONX                     
                                              BKGRD1_C7NOMISS           7    BK_OTHER CUBAN C_AMERICAN DOMINICAN MORE THAN ONE 
                                                                             P_RICAN MEXICAN                                   
                                              MARITAL_STATUS            3    COHABITING SEPARATED SINGLE                       


                                                                   Criteria For Assessing Goodness Of Fit
 
                                                      Criterion                     DF           Value        Value/DF

                                                      Deviance                     183        212.7748          1.1627
                                                      Scaled Deviance              183        201.0000          1.0984
                                                      Pearson Chi-Square           183        212.7748          1.1627
                                                      Scaled Pearson X2            183        201.0000          1.0984
                                                      Log Likelihood                         -290.9281                
                                                      Full Log Likelihood                    -290.9281                
                                                      AIC (smaller is better)                 619.8561                
                                                      AICC (smaller is better)                624.0550                
                                                      BIC (smaller is better)                 682.6189                


                                                 Algorithm converged.                                                       


                                                             Analysis Of Maximum Likelihood Parameter Estimates
 
                                                                                   Standard     Wald 95% Confidence          Wald
                             Parameter                           DF    Estimate       Error           Limits           Chi-Square    Pr > ChiSq

                             Intercept                            1     -9.5434      2.0327    -13.5274     -5.5594         22.04        <.0001
                             CENTERNUM          CHICAGO           1      0.0787      0.3047     -0.5186      0.6759          0.07        0.7963
                             CENTERNUM          MIAMI             1     -0.4561      0.3411     -1.1247      0.2124          1.79        0.1812
                             CENTERNUM          SAN DIEGO         1      0.1781      0.3349     -0.4783      0.8345          0.28        0.5949
                             CENTERNUM          BRONX             0      0.0000      0.0000      0.0000      0.0000           .           .    
                             YRSV1BIRTH                           1     -0.0495      0.0465     -0.1406      0.0416          1.13        0.2871
                             BKGRD1_C7NOMISS    BK_OTHER          1     -0.7635      0.6719     -2.0803      0.5534          1.29        0.2558
                                                                          Full model + genetic risk

---------------------------------------------------------------------------- Imputation Number=3 ----------------------------------------------------------------------------

                                                                            The GENMOD Procedure

                                                             Analysis Of Maximum Likelihood Parameter Estimates
 
                                                                                   Standard     Wald 95% Confidence          Wald
                             Parameter                           DF    Estimate       Error           Limits           Chi-Square    Pr > ChiSq

                             BKGRD1_C7NOMISS    CUBAN             1      1.0587      0.4154      0.2447      1.8728          6.50        0.0108
                             BKGRD1_C7NOMISS    C_AMERICAN        1      0.1865      0.3353     -0.4707      0.8436          0.31        0.5781
                             BKGRD1_C7NOMISS    DOMINICAN         1      0.4543      0.3940     -0.3179      1.2265          1.33        0.2489
                             BKGRD1_C7NOMISS    MORE THAN ONE     1      0.2447      0.3821     -0.5042      0.9936          0.41        0.5219
                             BKGRD1_C7NOMISS    P_RICAN           1     -0.1533      0.3547     -0.8485      0.5419          0.19        0.6656
                             BKGRD1_C7NOMISS    MEXICAN           0      0.0000      0.0000      0.0000      0.0000           .           .    
                             MARITAL_STATUS     COHABITING        1     -0.3831      0.1594     -0.6956     -0.0706          5.77        0.0163
                             MARITAL_STATUS     SEPARATED         1      0.5890      0.3947     -0.1847      1.3626          2.23        0.1357
                             MARITAL_STATUS     SINGLE            0      0.0000      0.0000      0.0000      0.0000           .           .    
                             HEIGHT                               1      0.0557      0.0132      0.0297      0.0816         17.67        <.0001
                             ANTA10A                              1     -0.0241      0.0149     -0.0533      0.0051          2.62        0.1057
                             BMI                                  1      0.1115      0.0328      0.0473      0.1758         11.58        0.0007
                             SLPDUR                               1      0.0455      0.0559     -0.0641      0.1551          0.66        0.4159
                             CHILD_PRS_BMI_A                      1      0.6899      0.2061      0.2858      1.0939         11.20        0.0008
                             Scale                                1      1.0289      0.0513      0.9331      1.1345                            

NOTE: The scale parameter was estimated by maximum likelihood.
                                                                          Full model + genetic risk

---------------------------------------------------------------------------- Imputation Number=4 ----------------------------------------------------------------------------

                                                                            The GENMOD Procedure

                                                                             Model Information

                                           Data Set              DATA.HC338353A_IMPUTED_DATA_20AUG25    Multiply-Imputed Data    
                                           Distribution                                       Normal                             
                                           Link Function                                    Identity                             
                                           Dependent Variable                                    WAZ    Weight for age Z-Score   
                                                                                                        - CDC (Child)            


                                                                   Number of Observations Read         201
                                                                   Number of Observations Used         201


                                                                           Class Level Information
 
                                              Class                Levels    Values

                                              CENTERNUM                 4    CHICAGO MIAMI SAN DIEGO BRONX                     
                                              BKGRD1_C7NOMISS           7    BK_OTHER CUBAN C_AMERICAN DOMINICAN MORE THAN ONE 
                                                                             P_RICAN MEXICAN                                   
                                              MARITAL_STATUS            3    COHABITING SEPARATED SINGLE                       


                                                                   Criteria For Assessing Goodness Of Fit
 
                                                      Criterion                     DF           Value        Value/DF

                                                      Deviance                     183        218.1333          1.1920
                                                      Scaled Deviance              183        201.0000          1.0984
                                                      Pearson Chi-Square           183        218.1333          1.1920
                                                      Scaled Pearson X2            183        201.0000          1.0984
                                                      Log Likelihood                         -293.4277                
                                                      Full Log Likelihood                    -293.4277                
                                                      AIC (smaller is better)                 624.8554                
                                                      AICC (smaller is better)                629.0542                
                                                      BIC (smaller is better)                 687.6181                


                                                 Algorithm converged.                                                       


                                                             Analysis Of Maximum Likelihood Parameter Estimates
 
                                                                                   Standard     Wald 95% Confidence          Wald
                             Parameter                           DF    Estimate       Error           Limits           Chi-Square    Pr > ChiSq

                             Intercept                            1     -9.1225      2.0680    -13.1757     -5.0692         19.46        <.0001
                             CENTERNUM          CHICAGO           1      0.0419      0.3084     -0.5625      0.6464          0.02        0.8918
                             CENTERNUM          MIAMI             1     -0.4642      0.3457     -1.1418      0.2134          1.80        0.1793
                             CENTERNUM          SAN DIEGO         1      0.1481      0.3390     -0.5163      0.8125          0.19        0.6623
                             CENTERNUM          BRONX             0      0.0000      0.0000      0.0000      0.0000           .           .    
                             YRSV1BIRTH                           1     -0.0370      0.0472     -0.1296      0.0555          0.61        0.4331
                             BKGRD1_C7NOMISS    BK_OTHER          1     -0.4510      0.6800     -1.7837      0.8818          0.44        0.5072
                                                                          Full model + genetic risk

---------------------------------------------------------------------------- Imputation Number=4 ----------------------------------------------------------------------------

                                                                            The GENMOD Procedure

                                                             Analysis Of Maximum Likelihood Parameter Estimates
 
                                                                                   Standard     Wald 95% Confidence          Wald
                             Parameter                           DF    Estimate       Error           Limits           Chi-Square    Pr > ChiSq

                             BKGRD1_C7NOMISS    CUBAN             1      1.0491      0.4203      0.2253      1.8730          6.23        0.0126
                             BKGRD1_C7NOMISS    C_AMERICAN        1      0.1581      0.3396     -0.5074      0.8236          0.22        0.6415
                             BKGRD1_C7NOMISS    DOMINICAN         1      0.4253      0.3993     -0.3574      1.2079          1.13        0.2869
                             BKGRD1_C7NOMISS    MORE THAN ONE     1      0.2224      0.3863     -0.5348      0.9796          0.33        0.5648
                             BKGRD1_C7NOMISS    P_RICAN           1     -0.1698      0.3596     -0.8745      0.5349          0.22        0.6368
                             BKGRD1_C7NOMISS    MEXICAN           0      0.0000      0.0000      0.0000      0.0000           .           .    
                             MARITAL_STATUS     COHABITING        1     -0.3697      0.1612     -0.6856     -0.0538          5.26        0.0218
                             MARITAL_STATUS     SEPARATED         1      0.5980      0.3997     -0.1854      1.3814          2.24        0.1346
                             MARITAL_STATUS     SINGLE            0      0.0000      0.0000      0.0000      0.0000           .           .    
                             HEIGHT                               1      0.0550      0.0135      0.0287      0.0814         16.71        <.0001
                             ANTA10A                              1     -0.0260      0.0150     -0.0554      0.0035          2.98        0.0841
                             BMI                                  1      0.1118      0.0332      0.0466      0.1769         11.32        0.0008
                             SLPDUR                               1      0.0243      0.0560     -0.0854      0.1339          0.19        0.6646
                             CHILD_PRS_BMI_A                      1      0.7050      0.2088      0.2957      1.1143         11.40        0.0007
                             Scale                                1      1.0417      0.0520      0.9447      1.1487                            

NOTE: The scale parameter was estimated by maximum likelihood.
                                                                          Full model + genetic risk

---------------------------------------------------------------------------- Imputation Number=5 ----------------------------------------------------------------------------

                                                                            The GENMOD Procedure

                                                                             Model Information

                                           Data Set              DATA.HC338353A_IMPUTED_DATA_20AUG25    Multiply-Imputed Data    
                                           Distribution                                       Normal                             
                                           Link Function                                    Identity                             
                                           Dependent Variable                                    WAZ    Weight for age Z-Score   
                                                                                                        - CDC (Child)            


                                                                   Number of Observations Read         201
                                                                   Number of Observations Used         201


                                                                           Class Level Information
 
                                              Class                Levels    Values

                                              CENTERNUM                 4    CHICAGO MIAMI SAN DIEGO BRONX                     
                                              BKGRD1_C7NOMISS           7    BK_OTHER CUBAN C_AMERICAN DOMINICAN MORE THAN ONE 
                                                                             P_RICAN MEXICAN                                   
                                              MARITAL_STATUS            3    COHABITING SEPARATED SINGLE                       


                                                                   Criteria For Assessing Goodness Of Fit
 
                                                      Criterion                     DF           Value        Value/DF

                                                      Deviance                     183        217.8871          1.1906
                                                      Scaled Deviance              183        201.0000          1.0984
                                                      Pearson Chi-Square           183        217.8871          1.1906
                                                      Scaled Pearson X2            183        201.0000          1.0984
                                                      Log Likelihood                         -293.3142                
                                                      Full Log Likelihood                    -293.3142                
                                                      AIC (smaller is better)                 624.6284                
                                                      AICC (smaller is better)                628.8273                
                                                      BIC (smaller is better)                 687.3912                


                                                 Algorithm converged.                                                       


                                                             Analysis Of Maximum Likelihood Parameter Estimates
 
                                                                                   Standard     Wald 95% Confidence          Wald
                             Parameter                           DF    Estimate       Error           Limits           Chi-Square    Pr > ChiSq

                             Intercept                            1     -8.4000      2.0593    -12.4362     -4.3638         16.64        <.0001
                             CENTERNUM          CHICAGO           1      0.0722      0.3092     -0.5337      0.6782          0.05        0.8153
                             CENTERNUM          MIAMI             1     -0.4380      0.3462     -1.1167      0.2406          1.60        0.2058
                             CENTERNUM          SAN DIEGO         1      0.1786      0.3396     -0.4870      0.8443          0.28        0.5989
                             CENTERNUM          BRONX             0      0.0000      0.0000      0.0000      0.0000           .           .    
                             YRSV1BIRTH                           1     -0.0484      0.0470     -0.1406      0.0438          1.06        0.3038
                             BKGRD1_C7NOMISS    BK_OTHER          1     -0.3401      0.6579     -1.6295      0.9493          0.27        0.6052
                                                                          Full model + genetic risk

---------------------------------------------------------------------------- Imputation Number=5 ----------------------------------------------------------------------------

                                                                            The GENMOD Procedure

                                                             Analysis Of Maximum Likelihood Parameter Estimates
 
                                                                                   Standard     Wald 95% Confidence          Wald
                             Parameter                           DF    Estimate       Error           Limits           Chi-Square    Pr > ChiSq

                             BKGRD1_C7NOMISS    CUBAN             1      1.0882      0.4211      0.2628      1.9136          6.68        0.0098
                             BKGRD1_C7NOMISS    C_AMERICAN        1      0.1873      0.3399     -0.4789      0.8534          0.30        0.5816
                             BKGRD1_C7NOMISS    DOMINICAN         1      0.5085      0.4007     -0.2768      1.2939          1.61        0.2044
                             BKGRD1_C7NOMISS    MORE THAN ONE     1      0.2893      0.3857     -0.4666      1.0452          0.56        0.4532
                             BKGRD1_C7NOMISS    P_RICAN           1     -0.1208      0.3601     -0.8267      0.5851          0.11        0.7373
                             BKGRD1_C7NOMISS    MEXICAN           0      0.0000      0.0000      0.0000      0.0000           .           .    
                             MARITAL_STATUS     COHABITING        1     -0.3918      0.1608     -0.7070     -0.0766          5.93        0.0149
                             MARITAL_STATUS     SEPARATED         1      0.5952      0.3999     -0.1886      1.3790          2.21        0.1367
                             MARITAL_STATUS     SINGLE            0      0.0000      0.0000      0.0000      0.0000           .           .    
                             HEIGHT                               1      0.0470      0.0135      0.0205      0.0736         12.07        0.0005
                             ANTA10A                              1     -0.0154      0.0150     -0.0449      0.0141          1.05        0.3060
                             BMI                                  1      0.0949      0.0331      0.0300      0.1597          8.21        0.0042
                             SLPDUR                               1      0.0284      0.0574     -0.0841      0.1408          0.24        0.6208
                             CHILD_PRS_BMI_A                      1      0.7203      0.2085      0.3116      1.1290         11.93        0.0006
                             Scale                                1      1.0412      0.0519      0.9442      1.1481                            

NOTE: The scale parameter was estimated by maximum likelihood.
                                                                          Full model + genetic risk

---------------------------------------------------------------------------- Imputation Number=6 ----------------------------------------------------------------------------

                                                                            The GENMOD Procedure

                                                                             Model Information

                                           Data Set              DATA.HC338353A_IMPUTED_DATA_20AUG25    Multiply-Imputed Data    
                                           Distribution                                       Normal                             
                                           Link Function                                    Identity                             
                                           Dependent Variable                                    WAZ    Weight for age Z-Score   
                                                                                                        - CDC (Child)            


                                                                   Number of Observations Read         201
                                                                   Number of Observations Used         201


                                                                           Class Level Information
 
                                              Class                Levels    Values

                                              CENTERNUM                 4    CHICAGO MIAMI SAN DIEGO BRONX                     
                                              BKGRD1_C7NOMISS           7    BK_OTHER CUBAN C_AMERICAN DOMINICAN MORE THAN ONE 
                                                                             P_RICAN MEXICAN                                   
                                              MARITAL_STATUS            3    COHABITING SEPARATED SINGLE                       


                                                                   Criteria For Assessing Goodness Of Fit
 
                                                      Criterion                     DF           Value        Value/DF

                                                      Deviance                     183        214.7626          1.1736
                                                      Scaled Deviance              183        201.0000          1.0984
                                                      Pearson Chi-Square           183        214.7626          1.1736
                                                      Scaled Pearson X2            183        201.0000          1.0984
                                                      Log Likelihood                         -291.8626                
                                                      Full Log Likelihood                    -291.8626                
                                                      AIC (smaller is better)                 621.7252                
                                                      AICC (smaller is better)                625.9241                
                                                      BIC (smaller is better)                 684.4880                


                                                 Algorithm converged.                                                       


                                                             Analysis Of Maximum Likelihood Parameter Estimates
 
                                                                                   Standard     Wald 95% Confidence          Wald
                             Parameter                           DF    Estimate       Error           Limits           Chi-Square    Pr > ChiSq

                             Intercept                            1     -9.7621      2.0517    -13.7834     -5.7409         22.64        <.0001
                             CENTERNUM          CHICAGO           1      0.0688      0.3065     -0.5318      0.6695          0.05        0.8223
                             CENTERNUM          MIAMI             1     -0.4661      0.3428     -1.1379      0.2057          1.85        0.1739
                             CENTERNUM          SAN DIEGO         1      0.1632      0.3364     -0.4962      0.8226          0.24        0.6276
                             CENTERNUM          BRONX             0      0.0000      0.0000      0.0000      0.0000           .           .    
                             YRSV1BIRTH                           1     -0.0495      0.0467     -0.1410      0.0421          1.12        0.2898
                             BKGRD1_C7NOMISS    BK_OTHER          1     -0.6344      0.6755     -1.9584      0.6896          0.88        0.3477
                                                                          Full model + genetic risk

---------------------------------------------------------------------------- Imputation Number=6 ----------------------------------------------------------------------------

                                                                            The GENMOD Procedure

                                                             Analysis Of Maximum Likelihood Parameter Estimates
 
                                                                                   Standard     Wald 95% Confidence          Wald
                             Parameter                           DF    Estimate       Error           Limits           Chi-Square    Pr > ChiSq

                             BKGRD1_C7NOMISS    CUBAN             1      1.0539      0.4173      0.2361      1.8718          6.38        0.0115
                             BKGRD1_C7NOMISS    C_AMERICAN        1      0.1874      0.3372     -0.4734      0.8483          0.31        0.5783
                             BKGRD1_C7NOMISS    DOMINICAN         1      0.4607      0.3963     -0.3161      1.2375          1.35        0.2450
                             BKGRD1_C7NOMISS    MORE THAN ONE     1      0.2488      0.3842     -0.5043      1.0019          0.42        0.5173
                             BKGRD1_C7NOMISS    P_RICAN           1     -0.1378      0.3577     -0.8388      0.5632          0.15        0.7001
                             BKGRD1_C7NOMISS    MEXICAN           0      0.0000      0.0000      0.0000      0.0000           .           .    
                             MARITAL_STATUS     COHABITING        1     -0.3779      0.1597     -0.6909     -0.0649          5.60        0.0180
                             MARITAL_STATUS     SEPARATED         1      0.5831      0.3966     -0.1942      1.3603          2.16        0.1415
                             MARITAL_STATUS     SINGLE            0      0.0000      0.0000      0.0000      0.0000           .           .    
                             HEIGHT                               1      0.0565      0.0134      0.0303      0.0827         17.84        <.0001
                             ANTA10A                              1     -0.0221      0.0150     -0.0516      0.0073          2.16        0.1412
                             BMI                                  1      0.1058      0.0330      0.0410      0.1705         10.25        0.0014
                             SLPDUR                               1      0.0537      0.0558     -0.0556      0.1630          0.93        0.3352
                             CHILD_PRS_BMI_A                      1      0.6923      0.2071      0.2863      1.0983         11.17        0.0008
                             Scale                                1      1.0337      0.0516      0.9374      1.1398                            

NOTE: The scale parameter was estimated by maximum likelihood.
                                                                          Full model + genetic risk

---------------------------------------------------------------------------- Imputation Number=7 ----------------------------------------------------------------------------

                                                                            The GENMOD Procedure

                                                                             Model Information

                                           Data Set              DATA.HC338353A_IMPUTED_DATA_20AUG25    Multiply-Imputed Data    
                                           Distribution                                       Normal                             
                                           Link Function                                    Identity                             
                                           Dependent Variable                                    WAZ    Weight for age Z-Score   
                                                                                                        - CDC (Child)            


                                                                   Number of Observations Read         201
                                                                   Number of Observations Used         201


                                                                           Class Level Information
 
                                              Class                Levels    Values

                                              CENTERNUM                 4    CHICAGO MIAMI SAN DIEGO BRONX                     
                                              BKGRD1_C7NOMISS           7    BK_OTHER CUBAN C_AMERICAN DOMINICAN MORE THAN ONE 
                                                                             P_RICAN MEXICAN                                   
                                              MARITAL_STATUS            3    COHABITING SEPARATED SINGLE                       


                                                                   Criteria For Assessing Goodness Of Fit
 
                                                      Criterion                     DF           Value        Value/DF

                                                      Deviance                     183        207.1088          1.1317
                                                      Scaled Deviance              183        201.0000          1.0984
                                                      Pearson Chi-Square           183        207.1088          1.1317
                                                      Scaled Pearson X2            183        201.0000          1.0984
                                                      Log Likelihood                         -288.2155                
                                                      Full Log Likelihood                    -288.2155                
                                                      AIC (smaller is better)                 614.4311                
                                                      AICC (smaller is better)                618.6300                
                                                      BIC (smaller is better)                 677.1939                


                                                 Algorithm converged.                                                       


                                                             Analysis Of Maximum Likelihood Parameter Estimates
 
                                                                                   Standard     Wald 95% Confidence          Wald
                             Parameter                           DF    Estimate       Error           Limits           Chi-Square    Pr > ChiSq

                             Intercept                            1     -9.0938      2.0180    -13.0490     -5.1387         20.31        <.0001
                             CENTERNUM          CHICAGO           1      0.1261      0.3004     -0.4627      0.7150          0.18        0.6746
                             CENTERNUM          MIAMI             1     -0.4269      0.3368     -1.0871      0.2332          1.61        0.2049
                             CENTERNUM          SAN DIEGO         1      0.2280      0.3309     -0.4205      0.8765          0.47        0.4908
                             CENTERNUM          BRONX             0      0.0000      0.0000      0.0000      0.0000           .           .    
                             YRSV1BIRTH                           1     -0.0399      0.0464     -0.1309      0.0511          0.74        0.3900
                             BKGRD1_C7NOMISS    BK_OTHER          1     -1.2939      0.6616     -2.5906      0.0027          3.83        0.0505
                                                                          Full model + genetic risk

---------------------------------------------------------------------------- Imputation Number=7 ----------------------------------------------------------------------------

                                                                            The GENMOD Procedure

                                                             Analysis Of Maximum Likelihood Parameter Estimates
 
                                                                                   Standard     Wald 95% Confidence          Wald
                             Parameter                           DF    Estimate       Error           Limits           Chi-Square    Pr > ChiSq

                             BKGRD1_C7NOMISS    CUBAN             1      1.0968      0.4101      0.2931      1.9005          7.15        0.0075
                             BKGRD1_C7NOMISS    C_AMERICAN        1      0.2033      0.3308     -0.4451      0.8517          0.38        0.5389
                             BKGRD1_C7NOMISS    DOMINICAN         1      0.5003      0.3882     -0.2605      1.2611          1.66        0.1975
                             BKGRD1_C7NOMISS    MORE THAN ONE     1      0.2997      0.3764     -0.4380      1.0374          0.63        0.4259
                             BKGRD1_C7NOMISS    P_RICAN           1     -0.1112      0.3499     -0.7970      0.5746          0.10        0.7506
                             BKGRD1_C7NOMISS    MEXICAN           0      0.0000      0.0000      0.0000      0.0000           .           .    
                             MARITAL_STATUS     COHABITING        1     -0.3848      0.1567     -0.6920     -0.0777          6.03        0.0141
                             MARITAL_STATUS     SEPARATED         1      0.5939      0.3897     -0.1700      1.3578          2.32        0.1275
                             MARITAL_STATUS     SINGLE            0      0.0000      0.0000      0.0000      0.0000           .           .    
                             HEIGHT                               1      0.0518      0.0132      0.0259      0.0778         15.33        <.0001
                             ANTA10A                              1     -0.0226      0.0147     -0.0514      0.0062          2.36        0.1248
                             BMI                                  1      0.1142      0.0318      0.0519      0.1764         12.91        0.0003
                             SLPDUR                               1      0.0312      0.0548     -0.0763      0.1386          0.32        0.5699
                             CHILD_PRS_BMI_A                      1      0.6645      0.2038      0.2650      1.0639         10.63        0.0011
                             Scale                                1      1.0151      0.0506      0.9205      1.1193                            

NOTE: The scale parameter was estimated by maximum likelihood.
                                                                          Full model + genetic risk

---------------------------------------------------------------------------- Imputation Number=8 ----------------------------------------------------------------------------

                                                                            The GENMOD Procedure

                                                                             Model Information

                                           Data Set              DATA.HC338353A_IMPUTED_DATA_20AUG25    Multiply-Imputed Data    
                                           Distribution                                       Normal                             
                                           Link Function                                    Identity                             
                                           Dependent Variable                                    WAZ    Weight for age Z-Score   
                                                                                                        - CDC (Child)            


                                                                   Number of Observations Read         201
                                                                   Number of Observations Used         201


                                                                           Class Level Information
 
                                              Class                Levels    Values

                                              CENTERNUM                 4    CHICAGO MIAMI SAN DIEGO BRONX                     
                                              BKGRD1_C7NOMISS           7    BK_OTHER CUBAN C_AMERICAN DOMINICAN MORE THAN ONE 
                                                                             P_RICAN MEXICAN                                   
                                              MARITAL_STATUS            3    COHABITING SEPARATED SINGLE                       


                                                                   Criteria For Assessing Goodness Of Fit
 
                                                      Criterion                     DF           Value        Value/DF

                                                      Deviance                     183        206.8658          1.1304
                                                      Scaled Deviance              183        201.0000          1.0984
                                                      Pearson Chi-Square           183        206.8658          1.1304
                                                      Scaled Pearson X2            183        201.0000          1.0984
                                                      Log Likelihood                         -288.0976                
                                                      Full Log Likelihood                    -288.0976                
                                                      AIC (smaller is better)                 614.1951                
                                                      AICC (smaller is better)                618.3940                
                                                      BIC (smaller is better)                 676.9579                


                                                 Algorithm converged.                                                       


                                                             Analysis Of Maximum Likelihood Parameter Estimates
 
                                                                                   Standard     Wald 95% Confidence          Wald
                             Parameter                           DF    Estimate       Error           Limits           Chi-Square    Pr > ChiSq

                             Intercept                            1     -9.2446      1.9868    -13.1387     -5.3505         21.65        <.0001
                             CENTERNUM          CHICAGO           1      0.1321      0.2999     -0.4557      0.7199          0.19        0.6596
                             CENTERNUM          MIAMI             1     -0.4229      0.3365     -1.0825      0.2367          1.58        0.2089
                             CENTERNUM          SAN DIEGO         1      0.2322      0.3305     -0.4157      0.8800          0.49        0.4824
                             CENTERNUM          BRONX             0      0.0000      0.0000      0.0000      0.0000           .           .    
                             YRSV1BIRTH                           1     -0.0341      0.0468     -0.1258      0.0576          0.53        0.4660
                             BKGRD1_C7NOMISS    BK_OTHER          1     -1.3827      0.6723     -2.7004     -0.0650          4.23        0.0397
                                                                          Full model + genetic risk

---------------------------------------------------------------------------- Imputation Number=8 ----------------------------------------------------------------------------

                                                                            The GENMOD Procedure

                                                             Analysis Of Maximum Likelihood Parameter Estimates
 
                                                                                   Standard     Wald 95% Confidence          Wald
                             Parameter                           DF    Estimate       Error           Limits           Chi-Square    Pr > ChiSq

                             BKGRD1_C7NOMISS    CUBAN             1      1.0873      0.4096      0.2845      1.8902          7.05        0.0079
                             BKGRD1_C7NOMISS    C_AMERICAN        1      0.2096      0.3310     -0.4392      0.8583          0.40        0.5266
                             BKGRD1_C7NOMISS    DOMINICAN         1      0.4947      0.3868     -0.2633      1.2527          1.64        0.2009
                             BKGRD1_C7NOMISS    MORE THAN ONE     1      0.3025      0.3763     -0.4351      1.0401          0.65        0.4215
                             BKGRD1_C7NOMISS    P_RICAN           1     -0.1112      0.3488     -0.7948      0.5724          0.10        0.7498
                             BKGRD1_C7NOMISS    MEXICAN           0      0.0000      0.0000      0.0000      0.0000           .           .    
                             MARITAL_STATUS     COHABITING        1     -0.3787      0.1565     -0.6854     -0.0719          5.85        0.0155
                             MARITAL_STATUS     SEPARATED         1      0.5949      0.3894     -0.1684      1.3581          2.33        0.1267
                             MARITAL_STATUS     SINGLE            0      0.0000      0.0000      0.0000      0.0000           .           .    
                             HEIGHT                               1      0.0525      0.0131      0.0268      0.0782         16.07        <.0001
                             ANTA10A                              1     -0.0234      0.0145     -0.0519      0.0050          2.60        0.1068
                             BMI                                  1      0.1149      0.0313      0.0535      0.1762         13.47        0.0002
                             SLPDUR                               1      0.0404      0.0557     -0.0688      0.1496          0.53        0.4687
                             CHILD_PRS_BMI_A                      1      0.6623      0.2038      0.2629      1.0618         10.56        0.0012
                             Scale                                1      1.0145      0.0506      0.9200      1.1187                            

NOTE: The scale parameter was estimated by maximum likelihood.
                                                                          Full model + genetic risk

---------------------------------------------------------------------------- Imputation Number=9 ----------------------------------------------------------------------------

                                                                            The GENMOD Procedure

                                                                             Model Information

                                           Data Set              DATA.HC338353A_IMPUTED_DATA_20AUG25    Multiply-Imputed Data    
                                           Distribution                                       Normal                             
                                           Link Function                                    Identity                             
                                           Dependent Variable                                    WAZ    Weight for age Z-Score   
                                                                                                        - CDC (Child)            


                                                                   Number of Observations Read         201
                                                                   Number of Observations Used         201


                                                                           Class Level Information
 
                                              Class                Levels    Values

                                              CENTERNUM                 4    CHICAGO MIAMI SAN DIEGO BRONX                     
                                              BKGRD1_C7NOMISS           7    BK_OTHER CUBAN C_AMERICAN DOMINICAN MORE THAN ONE 
                                                                             P_RICAN MEXICAN                                   
                                              MARITAL_STATUS            3    COHABITING SEPARATED SINGLE                       


                                                                   Criteria For Assessing Goodness Of Fit
 
                                                      Criterion                     DF           Value        Value/DF

                                                      Deviance                     183        213.1605          1.1648
                                                      Scaled Deviance              183        201.0000          1.0984
                                                      Pearson Chi-Square           183        213.1605          1.1648
                                                      Scaled Pearson X2            183        201.0000          1.0984
                                                      Log Likelihood                         -291.1101                
                                                      Full Log Likelihood                    -291.1101                
                                                      AIC (smaller is better)                 620.2201                
                                                      AICC (smaller is better)                624.4190                
                                                      BIC (smaller is better)                 682.9829                


                                                 Algorithm converged.                                                       


                                                             Analysis Of Maximum Likelihood Parameter Estimates
 
                                                                                   Standard     Wald 95% Confidence          Wald
                             Parameter                           DF    Estimate       Error           Limits           Chi-Square    Pr > ChiSq

                             Intercept                            1     -9.1622      2.0529    -13.1859     -5.1385         19.92        <.0001
                             CENTERNUM          CHICAGO           1      0.0849      0.3054     -0.5137      0.6836          0.08        0.7810
                             CENTERNUM          MIAMI             1     -0.4423      0.3419     -1.1124      0.2279          1.67        0.1958
                             CENTERNUM          SAN DIEGO         1      0.1910      0.3357     -0.4669      0.8490          0.32        0.5693
                             CENTERNUM          BRONX             0      0.0000      0.0000      0.0000      0.0000           .           .    
                             YRSV1BIRTH                           1     -0.0512      0.0468     -0.1430      0.0406          1.19        0.2744
                             BKGRD1_C7NOMISS    BK_OTHER          1     -0.6844      0.6611     -1.9801      0.6113          1.07        0.3005
                                                                          Full model + genetic risk

---------------------------------------------------------------------------- Imputation Number=9 ----------------------------------------------------------------------------

                                                                            The GENMOD Procedure

                                                             Analysis Of Maximum Likelihood Parameter Estimates
 
                                                                                   Standard     Wald 95% Confidence          Wald
                             Parameter                           DF    Estimate       Error           Limits           Chi-Square    Pr > ChiSq

                             BKGRD1_C7NOMISS    CUBAN             1      1.0713      0.4162      0.2556      1.8870          6.63        0.0100
                             BKGRD1_C7NOMISS    C_AMERICAN        1      0.2056      0.3363     -0.4535      0.8647          0.37        0.5410
                             BKGRD1_C7NOMISS    DOMINICAN         1      0.4813      0.3955     -0.2939      1.2564          1.48        0.2236
                             BKGRD1_C7NOMISS    MORE THAN ONE     1      0.2874      0.3821     -0.4616      1.0364          0.57        0.4520
                             BKGRD1_C7NOMISS    P_RICAN           1     -0.1201      0.3565     -0.8189      0.5787          0.11        0.7362
                             BKGRD1_C7NOMISS    MEXICAN           0      0.0000      0.0000      0.0000      0.0000           .           .    
                             MARITAL_STATUS     COHABITING        1     -0.3901      0.1597     -0.7031     -0.0772          5.97        0.0146
                             MARITAL_STATUS     SEPARATED         1      0.5899      0.3954     -0.1850      1.3649          2.23        0.1357
                             MARITAL_STATUS     SINGLE            0      0.0000      0.0000      0.0000      0.0000           .           .    
                             HEIGHT                               1      0.0512      0.0134      0.0249      0.0776         14.57        0.0001
                             ANTA10A                              1     -0.0194      0.0150     -0.0487      0.0099          1.69        0.1942
                             BMI                                  1      0.1050      0.0329      0.0405      0.1695         10.18        0.0014
                             SLPDUR                               1      0.0529      0.0558     -0.0565      0.1623          0.90        0.3435
                             CHILD_PRS_BMI_A                      1      0.6927      0.2064      0.2881      1.0973         11.26        0.0008
                             Scale                                1      1.0298      0.0514      0.9339      1.1356                            

NOTE: The scale parameter was estimated by maximum likelihood.
                                                                          Full model + genetic risk

--------------------------------------------------------------------------- Imputation Number=10 ----------------------------------------------------------------------------

                                                                            The GENMOD Procedure

                                                                             Model Information

                                           Data Set              DATA.HC338353A_IMPUTED_DATA_20AUG25    Multiply-Imputed Data    
                                           Distribution                                       Normal                             
                                           Link Function                                    Identity                             
                                           Dependent Variable                                    WAZ    Weight for age Z-Score   
                                                                                                        - CDC (Child)            


                                                                   Number of Observations Read         201
                                                                   Number of Observations Used         201


                                                                           Class Level Information
 
                                              Class                Levels    Values

                                              CENTERNUM                 4    CHICAGO MIAMI SAN DIEGO BRONX                     
                                              BKGRD1_C7NOMISS           7    BK_OTHER CUBAN C_AMERICAN DOMINICAN MORE THAN ONE 
                                                                             P_RICAN MEXICAN                                   
                                              MARITAL_STATUS            3    COHABITING SEPARATED SINGLE                       


                                                                   Criteria For Assessing Goodness Of Fit
 
                                                      Criterion                     DF           Value        Value/DF

                                                      Deviance                     183        210.2196          1.1487
                                                      Scaled Deviance              183        201.0000          1.0984
                                                      Pearson Chi-Square           183        210.2196          1.1487
                                                      Scaled Pearson X2            183        201.0000          1.0984
                                                      Log Likelihood                         -289.7139                
                                                      Full Log Likelihood                    -289.7139                
                                                      AIC (smaller is better)                 617.4277                
                                                      AICC (smaller is better)                621.6266                
                                                      BIC (smaller is better)                 680.1905                


                                                 Algorithm converged.                                                       


                                                             Analysis Of Maximum Likelihood Parameter Estimates
 
                                                                                   Standard     Wald 95% Confidence          Wald
                             Parameter                           DF    Estimate       Error           Limits           Chi-Square    Pr > ChiSq

                             Intercept                            1     -9.5439      2.0109    -13.4853     -5.6025         22.52        <.0001
                             CENTERNUM          CHICAGO           1      0.0969      0.3030     -0.4969      0.6907          0.10        0.7490
                             CENTERNUM          MIAMI             1     -0.4330      0.3395     -1.0985      0.2324          1.63        0.2021
                             CENTERNUM          SAN DIEGO         1      0.2027      0.3333     -0.4505      0.8559          0.37        0.5431
                             CENTERNUM          BRONX             0      0.0000      0.0000      0.0000      0.0000           .           .    
                             YRSV1BIRTH                           1     -0.0482      0.0461     -0.1385      0.0421          1.10        0.2954
                             BKGRD1_C7NOMISS    BK_OTHER          1     -0.9279      0.6675     -2.2361      0.3802          1.93        0.1644
                                                                          Full model + genetic risk

--------------------------------------------------------------------------- Imputation Number=10 ----------------------------------------------------------------------------

                                                                            The GENMOD Procedure

                                                             Analysis Of Maximum Likelihood Parameter Estimates
 
                                                                                   Standard     Wald 95% Confidence          Wald
                             Parameter                           DF    Estimate       Error           Limits           Chi-Square    Pr > ChiSq

                             BKGRD1_C7NOMISS    CUBAN             1      1.0482      0.4132      0.2382      1.8581          6.43        0.0112
                             BKGRD1_C7NOMISS    C_AMERICAN        1      0.2095      0.3339     -0.4450      0.8640          0.39        0.5304
                             BKGRD1_C7NOMISS    DOMINICAN         1      0.4705      0.3916     -0.2970      1.2380          1.44        0.2295
                             BKGRD1_C7NOMISS    MORE THAN ONE     1      0.2900      0.3793     -0.4535      1.0335          0.58        0.4445
                             BKGRD1_C7NOMISS    P_RICAN           1     -0.1355      0.3527     -0.8267      0.5558          0.15        0.7009
                             BKGRD1_C7NOMISS    MEXICAN           0      0.0000      0.0000      0.0000      0.0000           .           .    
                             MARITAL_STATUS     COHABITING        1     -0.3867      0.1582     -0.6969     -0.0766          5.97        0.0145
                             MARITAL_STATUS     SEPARATED         1      0.5839      0.3926     -0.1856      1.3535          2.21        0.1370
                             MARITAL_STATUS     SINGLE            0      0.0000      0.0000      0.0000      0.0000           .           .    
                             HEIGHT                               1      0.0537      0.0133      0.0276      0.0798         16.28        <.0001
                             ANTA10A                              1     -0.0233      0.0148     -0.0524      0.0057          2.48        0.1154
                             BMI                                  1      0.1129      0.0325      0.0492      0.1767         12.06        0.0005
                             SLPDUR                               1      0.0680      0.0554     -0.0406      0.1765          1.51        0.2197
                             CHILD_PRS_BMI_A                      1      0.6834      0.2052      0.2812      1.0856         11.09        0.0009
                             Scale                                1      1.0227      0.0510      0.9274      1.1277                            

NOTE: The scale parameter was estimated by maximum likelihood.
                                                                          Full model + genetic risk

------------------------------------------------------------------------------ EffectName=AGE -------------------------------------------------------------------------------

                                                                           The MIANALYZE Procedure

                                                                              Model Information

                                                               Data Set                  WORK.GENMOD_RESULTS_1
                                                               Number of Imputations     10                   


                                                                    Variance Information (10 Imputations)
 
                                                                                                       Relative       Fraction
                                             -----------------Variance-----------------                Increase        Missing       Relative
                                Parameter         Between         Within          Total       DF    in Variance    Information     Efficiency

                                Estimate      0.000010222       0.000365       0.000376    10078       0.030804       0.030076       0.997001


                                                                    Parameter Estimates (10 Imputations)
 
                                                                                                                                             t for H0:
           Parameter        Estimate      Std Error    95% Confidence Limits        DF        Minimum        Maximum         Theta0   Parameter=Theta0   Pr > |t|

           Estimate         0.018627       0.019398     -0.01940     0.056651    10078       0.011210       0.023026              0               0.96     0.3369
                                                                          Full model + genetic risk

-------------------------------------------------------------------- EffectName=BKGRD1_C7NOMISS_BK_OTHER --------------------------------------------------------------------

                                                                           The MIANALYZE Procedure

                                                                              Model Information

                                                               Data Set                  WORK.GENMOD_RESULTS_1
                                                               Number of Imputations     10                   


                                                                    Variance Information (10 Imputations)
 
                                                                                                       Relative       Fraction
                                             -----------------Variance-----------------                Increase        Missing       Relative
                                Parameter         Between         Within          Total       DF    in Variance    Information     Efficiency

                                Estimate         0.002045       0.595083       0.597332   634588       0.003780       0.003769       0.999623


                                                                    Parameter Estimates (10 Imputations)
 
                                                                                                                                             t for H0:
           Parameter        Estimate      Std Error    95% Confidence Limits        DF        Minimum        Maximum         Theta0   Parameter=Theta0   Pr > |t|

           Estimate        -0.375484       0.772873     -1.89029     1.139322   634588      -0.468616      -0.324093              0              -0.49     0.6271
                                                                          Full model + genetic risk

--------------------------------------------------------------------- EffectName=BKGRD1_C7NOMISS_CUBAN ----------------------------------------------------------------------

                                                                           The MIANALYZE Procedure

                                                                              Model Information

                                                               Data Set                  WORK.GENMOD_RESULTS_1
                                                               Number of Imputations     10                   


                                                                    Variance Information (10 Imputations)
 
                                                                                                       Relative       Fraction
                                             -----------------Variance-----------------                Increase        Missing       Relative
                                Parameter         Between         Within          Total       DF    in Variance    Information     Efficiency

                                Estimate         0.001399       0.229943       0.231482   203536       0.006694       0.006659       0.999334


                                                                    Parameter Estimates (10 Imputations)
 
                                                                                                                                             t for H0:
           Parameter        Estimate      Std Error    95% Confidence Limits        DF        Minimum        Maximum         Theta0   Parameter=Theta0   Pr > |t|

           Estimate         1.207397       0.481126     0.264403     2.150392   203536       1.157381       1.262858              0               2.51     0.0121
                                                                          Full model + genetic risk

------------------------------------------------------------------- EffectName=BKGRD1_C7NOMISS_C_AMERICAN -------------------------------------------------------------------

                                                                           The MIANALYZE Procedure

                                                                              Model Information

                                                               Data Set                  WORK.GENMOD_RESULTS_1
                                                               Number of Imputations     10                   


                                                                    Variance Information (10 Imputations)
 
                                                                                                       Relative       Fraction
                                             -----------------Variance-----------------                Increase        Missing       Relative
                                Parameter         Between         Within          Total       DF    in Variance    Information     Efficiency

                                Estimate         0.000736       0.139697       0.140507   271041       0.005796       0.005770       0.999423


                                                                    Parameter Estimates (10 Imputations)
 
                                                                                                                                             t for H0:
           Parameter        Estimate      Std Error    95% Confidence Limits        DF        Minimum        Maximum         Theta0   Parameter=Theta0   Pr > |t|

           Estimate         0.418322       0.374843     -0.31636     1.153004   271041       0.380010       0.462822              0               1.12     0.2644
                                                                          Full model + genetic risk

------------------------------------------------------------------- EffectName=BKGRD1_C7NOMISS_DOMINICAN --------------------------------------------------------------------

                                                                           The MIANALYZE Procedure

                                                                              Model Information

                                                               Data Set                  WORK.GENMOD_RESULTS_1
                                                               Number of Imputations     10                   


                                                                    Variance Information (10 Imputations)
 
                                                                                                       Relative       Fraction
                                             -----------------Variance-----------------                Increase        Missing       Relative
                                Parameter         Between         Within          Total       DF    in Variance    Information     Efficiency

                                Estimate         0.000800       0.202565       0.203445   481114       0.004344       0.004329       0.999567


                                                                    Parameter Estimates (10 Imputations)
 
                                                                                                                                             t for H0:
           Parameter        Estimate      Std Error    95% Confidence Limits        DF        Minimum        Maximum         Theta0   Parameter=Theta0   Pr > |t|

           Estimate         0.838544       0.451049     -0.04550     1.722585   481114       0.786993       0.867274              0               1.86     0.0630
                                                                          Full model + genetic risk

-------------------------------------------------------------------- EffectName=BKGRD1_C7NOMISS_MEXICAN ---------------------------------------------------------------------

                                                                           The MIANALYZE Procedure

                                                                              Model Information

                                                               Data Set                  WORK.GENMOD_RESULTS_1
                                                               Number of Imputations     10                   


                                                                    Variance Information (10 Imputations)
 
                                                                                                       Relative       Fraction
                                             -----------------Variance-----------------                Increase        Missing       Relative
                                Parameter         Between         Within          Total       DF    in Variance    Information     Efficiency

                                Estimate                0              0              0        .              .              .              .


                                                                    Parameter Estimates (10 Imputations)
 
                                                                                                                                             t for H0:
           Parameter        Estimate      Std Error    95% Confidence Limits        DF        Minimum        Maximum         Theta0   Parameter=Theta0   Pr > |t|

           Estimate                0              0            .            .        .              0              0              0                .        .    
                                                                          Full model + genetic risk

----------------------------------------------------------------- EffectName=BKGRD1_C7NOMISS_MORE THAN ONE ------------------------------------------------------------------

                                                                           The MIANALYZE Procedure

                                                                              Model Information

                                                               Data Set                  WORK.GENMOD_RESULTS_1
                                                               Number of Imputations     10                   


                                                                    Variance Information (10 Imputations)
 
                                                                                                       Relative       Fraction
                                             -----------------Variance-----------------                Increase        Missing       Relative
                                Parameter         Between         Within          Total       DF    in Variance    Information     Efficiency

                                Estimate         0.001914       0.192141       0.194246    76633       0.010956       0.010863       0.998915


                                                                    Parameter Estimates (10 Imputations)
 
                                                                                                                                             t for H0:
           Parameter        Estimate      Std Error    95% Confidence Limits        DF        Minimum        Maximum         Theta0   Parameter=Theta0   Pr > |t|

           Estimate         0.446369       0.440734     -0.41747     1.310205    76633       0.352286       0.501713              0               1.01     0.3112
                                                                          Full model + genetic risk

-------------------------------------------------------------------- EffectName=BKGRD1_C7NOMISS_P_RICAN ---------------------------------------------------------------------

                                                                           The MIANALYZE Procedure

                                                                              Model Information

                                                               Data Set                  WORK.GENMOD_RESULTS_1
                                                               Number of Imputations     10                   


                                                                    Variance Information (10 Imputations)
 
                                                                                                       Relative       Fraction
                                             -----------------Variance-----------------                Increase        Missing       Relative
                                Parameter         Between         Within          Total       DF    in Variance    Information     Efficiency

                                Estimate         0.000529       0.188089       0.188671   944728       0.003096       0.003089       0.999691


                                                                    Parameter Estimates (10 Imputations)
 
                                                                                                                                             t for H0:
           Parameter        Estimate      Std Error    95% Confidence Limits        DF        Minimum        Maximum         Theta0   Parameter=Theta0   Pr > |t|

           Estimate         0.353624       0.434363     -0.49771     1.204960   944728       0.303257       0.379803              0               0.81     0.4156
                                                                          Full model + genetic risk

------------------------------------------------------------------------ EffectName=CENTERNUM_BRONX -------------------------------------------------------------------------

                                                                           The MIANALYZE Procedure

                                                                              Model Information

                                                               Data Set                  WORK.GENMOD_RESULTS_1
                                                               Number of Imputations     10                   


                                                                    Variance Information (10 Imputations)
 
                                                                                                       Relative       Fraction
                                             -----------------Variance-----------------                Increase        Missing       Relative
                                Parameter         Between         Within          Total       DF    in Variance    Information     Efficiency

                                Estimate                0              0              0        .              .              .              .


                                                                    Parameter Estimates (10 Imputations)
 
                                                                                                                                             t for H0:
           Parameter        Estimate      Std Error    95% Confidence Limits        DF        Minimum        Maximum         Theta0   Parameter=Theta0   Pr > |t|

           Estimate                0              0            .            .        .              0              0              0                .        .    
                                                                          Full model + genetic risk

----------------------------------------------------------------------- EffectName=CENTERNUM_CHICAGO ------------------------------------------------------------------------

                                                                           The MIANALYZE Procedure

                                                                              Model Information

                                                               Data Set                  WORK.GENMOD_RESULTS_1
                                                               Number of Imputations     10                   


                                                                    Variance Information (10 Imputations)
 
                                                                                                       Relative       Fraction
                                             -----------------Variance-----------------                Increase        Missing       Relative
                                Parameter         Between         Within          Total       DF    in Variance    Information     Efficiency

                                Estimate         0.000322       0.118067       0.118421   1.01E6       0.002998       0.002991       0.999701


                                                                    Parameter Estimates (10 Imputations)
 
                                                                                                                                             t for H0:
           Parameter        Estimate      Std Error    95% Confidence Limits        DF        Minimum        Maximum         Theta0   Parameter=Theta0   Pr > |t|

           Estimate         0.276748       0.344123     -0.39772     0.951218   1.01E6       0.232162       0.297273              0               0.80     0.4213
                                                                          Full model + genetic risk

------------------------------------------------------------------------ EffectName=CENTERNUM_MIAMI -------------------------------------------------------------------------

                                                                           The MIANALYZE Procedure

                                                                              Model Information

                                                               Data Set                  WORK.GENMOD_RESULTS_1
                                                               Number of Imputations     10                   


                                                                    Variance Information (10 Imputations)
 
                                                                                                       Relative       Fraction
                                             -----------------Variance-----------------                Increase        Missing       Relative
                                Parameter         Between         Within          Total       DF    in Variance    Information     Efficiency

                                Estimate         0.000606       0.154559       0.155225   488648       0.004310       0.004296       0.999571


                                                                    Parameter Estimates (10 Imputations)
 
                                                                                                                                             t for H0:
           Parameter        Estimate      Std Error    95% Confidence Limits        DF        Minimum        Maximum         Theta0   Parameter=Theta0   Pr > |t|

           Estimate        -0.345337       0.393986     -1.11754     0.426863   488648      -0.384728      -0.301038              0              -0.88     0.3807
                                                                          Full model + genetic risk

---------------------------------------------------------------------- EffectName=CENTERNUM_SAN DIEGO -----------------------------------------------------------------------

                                                                           The MIANALYZE Procedure

                                                                              Model Information

                                                               Data Set                  WORK.GENMOD_RESULTS_1
                                                               Number of Imputations     10                   


                                                                    Variance Information (10 Imputations)
 
                                                                                                       Relative       Fraction
                                             -----------------Variance-----------------                Increase        Missing       Relative
                                Parameter         Between         Within          Total       DF    in Variance    Information     Efficiency

                                Estimate         0.001063       0.157583       0.158753   165853       0.007421       0.007378       0.999263


                                                                    Parameter Estimates (10 Imputations)
 
                                                                                                                                             t for H0:
           Parameter        Estimate      Std Error    95% Confidence Limits        DF        Minimum        Maximum         Theta0   Parameter=Theta0   Pr > |t|

           Estimate         0.387770       0.398438     -0.39316     1.168700   165853       0.322421       0.429291              0               0.97     0.3304
                                                                          Full model + genetic risk

-------------------------------------------------------------- EffectName=EDUCATION_C3_AT_MOST_HIGHSCHOOL_GED ---------------------------------------------------------------

                                                                           The MIANALYZE Procedure

                                                                              Model Information

                                                               Data Set                  WORK.GENMOD_RESULTS_1
                                                               Number of Imputations     10                   


                                                                    Variance Information (10 Imputations)
 
                                                                                                       Relative       Fraction
                                             -----------------Variance-----------------                Increase        Missing       Relative
                                Parameter         Between         Within          Total       DF    in Variance    Information     Efficiency

                                Estimate      0.000071417       0.047675       0.047753   3.33E6       0.001648       0.001646       0.999835


                                                                    Parameter Estimates (10 Imputations)
 
                                                                                                                                             t for H0:
           Parameter        Estimate      Std Error    95% Confidence Limits        DF        Minimum        Maximum         Theta0   Parameter=Theta0   Pr > |t|

           Estimate         0.112494       0.218526     -0.31581     0.540797   3.33E6       0.096365       0.124052              0               0.51     0.6067
                                                                          Full model + genetic risk

------------------------------------------------------------------- EffectName=EDUCATION_C3_G_HIGHSCHOOL --------------------------------------------------------------------

                                                                           The MIANALYZE Procedure

                                                                              Model Information

                                                               Data Set                  WORK.GENMOD_RESULTS_1
                                                               Number of Imputations     10                   


                                                                    Variance Information (10 Imputations)
 
                                                                                                       Relative       Fraction
                                             -----------------Variance-----------------                Increase        Missing       Relative
                                Parameter         Between         Within          Total       DF    in Variance    Information     Efficiency

                                Estimate         0.000473       0.054752       0.055272   101427       0.009509       0.009439       0.999057


                                                                    Parameter Estimates (10 Imputations)
 
                                                                                                                                             t for H0:
           Parameter        Estimate      Std Error    95% Confidence Limits        DF        Minimum        Maximum         Theta0   Parameter=Theta0   Pr > |t|

           Estimate        -0.077562       0.235100     -0.53836     0.383232   101427      -0.128596      -0.043261              0              -0.33     0.7415
                                                                          Full model + genetic risk

----------------------------------------------------------------- EffectName=EDUCATION_C3_N_HIGHSCHOOL_GED ------------------------------------------------------------------

                                                                           The MIANALYZE Procedure

                                                                              Model Information

                                                               Data Set                  WORK.GENMOD_RESULTS_1
                                                               Number of Imputations     10                   


                                                                    Variance Information (10 Imputations)
 
                                                                                                       Relative       Fraction
                                             -----------------Variance-----------------                Increase        Missing       Relative
                                Parameter         Between         Within          Total       DF    in Variance    Information     Efficiency

                                Estimate                0              0              0        .              .              .              .


                                                                    Parameter Estimates (10 Imputations)
 
                                                                                                                                             t for H0:
           Parameter        Estimate      Std Error    95% Confidence Limits        DF        Minimum        Maximum         Theta0   Parameter=Theta0   Pr > |t|

           Estimate                0              0            .            .        .              0              0              0                .        .    
                                                                          Full model + genetic risk

---------------------------------------------------------------------- EffectName=EMPLOYEDYN_EMPLOYED -----------------------------------------------------------------------

                                                                           The MIANALYZE Procedure

                                                                              Model Information

                                                               Data Set                  WORK.GENMOD_RESULTS_1
                                                               Number of Imputations     10                   


                                                                    Variance Information (10 Imputations)
 
                                                                                                       Relative       Fraction
                                             -----------------Variance-----------------                Increase        Missing       Relative
                                Parameter         Between         Within          Total       DF    in Variance    Information     Efficiency

                                Estimate         0.001982       0.034979       0.037160   2613.5       0.062340       0.059402       0.994095


                                                                    Parameter Estimates (10 Imputations)
 
                                                                                                                                             t for H0:
           Parameter        Estimate      Std Error    95% Confidence Limits        DF        Minimum        Maximum         Theta0   Parameter=Theta0   Pr > |t|

           Estimate         0.198613       0.192768     -0.17938     0.576606   2613.5       0.106095       0.242726              0               1.03     0.3030
                                                                          Full model + genetic risk

-------------------------------------------------------------------- EffectName=EMPLOYEDYN_NOT_EMPLOYED ---------------------------------------------------------------------

                                                                           The MIANALYZE Procedure

                                                                              Model Information

                                                               Data Set                  WORK.GENMOD_RESULTS_1
                                                               Number of Imputations     10                   


                                                                    Variance Information (10 Imputations)
 
                                                                                                       Relative       Fraction
                                             -----------------Variance-----------------                Increase        Missing       Relative
                                Parameter         Between         Within          Total       DF    in Variance    Information     Efficiency

                                Estimate                0              0              0        .              .              .              .


                                                                    Parameter Estimates (10 Imputations)
 
                                                                                                                                             t for H0:
           Parameter        Estimate      Std Error    95% Confidence Limits        DF        Minimum        Maximum         Theta0   Parameter=Theta0   Pr > |t|

           Estimate                0              0            .            .        .              0              0              0                .        .    
                                                                          Full model + genetic risk

------------------------------------------------------------------------- EffectName=INCOME_C2_<30 --------------------------------------------------------------------------

                                                                           The MIANALYZE Procedure

                                                                              Model Information

                                                               Data Set                  WORK.GENMOD_RESULTS_1
                                                               Number of Imputations     10                   


                                                                    Variance Information (10 Imputations)
 
                                                                                                       Relative       Fraction
                                             -----------------Variance-----------------                Increase        Missing       Relative
                                Parameter         Between         Within          Total       DF    in Variance    Information     Efficiency

                                Estimate         0.013341       0.059530       0.074205   230.12       0.246515       0.204646       0.979946


                                                                    Parameter Estimates (10 Imputations)
 
                                                                                                                                             t for H0:
           Parameter        Estimate      Std Error    95% Confidence Limits        DF        Minimum        Maximum         Theta0   Parameter=Theta0   Pr > |t|

           Estimate         0.025364       0.272405     -0.51136     0.562091   230.12      -0.143284       0.199908              0               0.09     0.9259
                                                                          Full model + genetic risk

------------------------------------------------------------------------- EffectName=INCOME_C2_>30 --------------------------------------------------------------------------

                                                                           The MIANALYZE Procedure

                                                                              Model Information

                                                               Data Set                  WORK.GENMOD_RESULTS_1
                                                               Number of Imputations     10                   


                                                                    Variance Information (10 Imputations)
 
                                                                                                       Relative       Fraction
                                             -----------------Variance-----------------                Increase        Missing       Relative
                                Parameter         Between         Within          Total       DF    in Variance    Information     Efficiency

                                Estimate                0              0              0        .              .              .              .


                                                                    Parameter Estimates (10 Imputations)
 
                                                                                                                                             t for H0:
           Parameter        Estimate      Std Error    95% Confidence Limits        DF        Minimum        Maximum         Theta0   Parameter=Theta0   Pr > |t|

           Estimate                0              0            .            .        .              0              0              0                .        .    
                                                                          Full model + genetic risk

--------------------------------------------------------------------------- EffectName=Intercept ----------------------------------------------------------------------------

                                                                           The MIANALYZE Procedure

                                                                              Model Information

                                                               Data Set                  WORK.GENMOD_RESULTS_1
                                                               Number of Imputations     10                   


                                                                    Variance Information (10 Imputations)
 
                                                                                                       Relative       Fraction
                                             -----------------Variance-----------------                Increase        Missing       Relative
                                Parameter         Between         Within          Total       DF    in Variance    Information     Efficiency

                                Estimate         0.022661       0.422391       0.447318   2898.3       0.059013       0.056376       0.994394


                                                                    Parameter Estimates (10 Imputations)
 
                                                                                                                                             t for H0:
           Parameter        Estimate      Std Error    95% Confidence Limits        DF        Minimum        Maximum         Theta0   Parameter=Theta0   Pr > |t|

           Estimate         0.103337       0.668818     -1.20807     1.414745   2898.3      -0.064400       0.298415              0               0.15     0.8772
                                                                          Full model + genetic risk

----------------------------------------------------------------------- EffectName=LANG_PREF_ENGLISH ------------------------------------------------------------------------

                                                                           The MIANALYZE Procedure

                                                                              Model Information

                                                               Data Set                  WORK.GENMOD_RESULTS_1
                                                               Number of Imputations     10                   


                                                                    Variance Information (10 Imputations)
 
                                                                                                       Relative       Fraction
                                             -----------------Variance-----------------                Increase        Missing       Relative
                                Parameter         Between         Within          Total       DF    in Variance    Information     Efficiency

                                Estimate                0              0              0        .              .              .              .


                                                                    Parameter Estimates (10 Imputations)
 
                                                                                                                                             t for H0:
           Parameter        Estimate      Std Error    95% Confidence Limits        DF        Minimum        Maximum         Theta0   Parameter=Theta0   Pr > |t|

           Estimate                0              0            .            .        .              0              0              0                .        .    
                                                                          Full model + genetic risk

----------------------------------------------------------------------- EffectName=LANG_PREF_SPANISH ------------------------------------------------------------------------

                                                                           The MIANALYZE Procedure

                                                                              Model Information

                                                               Data Set                  WORK.GENMOD_RESULTS_1
                                                               Number of Imputations     10                   


                                                                    Variance Information (10 Imputations)
 
                                                                                                       Relative       Fraction
                                             -----------------Variance-----------------                Increase        Missing       Relative
                                Parameter         Between         Within          Total       DF    in Variance    Information     Efficiency

                                Estimate         0.000327       0.068125       0.068485   326228       0.005280       0.005259       0.999474


                                                                    Parameter Estimates (10 Imputations)
 
                                                                                                                                             t for H0:
           Parameter        Estimate      Std Error    95% Confidence Limits        DF        Minimum        Maximum         Theta0   Parameter=Theta0   Pr > |t|

           Estimate         0.075493       0.261696     -0.43742     0.588410   326228       0.043677       0.094190              0               0.29     0.7730
                                                                          Full model + genetic risk

------------------------------------------------------------------- EffectName=MARITAL_STATUS_COHABITING --------------------------------------------------------------------

                                                                           The MIANALYZE Procedure

                                                                              Model Information

                                                               Data Set                  WORK.GENMOD_RESULTS_1
                                                               Number of Imputations     10                   


                                                                    Variance Information (10 Imputations)
 
                                                                                                       Relative       Fraction
                                             -----------------Variance-----------------                Increase        Missing       Relative
                                Parameter         Between         Within          Total       DF    in Variance    Information     Efficiency

                                Estimate         0.000513       0.038856       0.039420    43990       0.014511       0.014348       0.998567


                                                                    Parameter Estimates (10 Imputations)
 
                                                                                                                                             t for H0:
           Parameter        Estimate      Std Error    95% Confidence Limits        DF        Minimum        Maximum         Theta0   Parameter=Theta0   Pr > |t|

           Estimate        -0.503832       0.198544     -0.89298     -0.11468    43990      -0.549825      -0.467621              0              -2.54     0.0112
                                                                          Full model + genetic risk

-------------------------------------------------------------------- EffectName=MARITAL_STATUS_SEPARATED --------------------------------------------------------------------

                                                                           The MIANALYZE Procedure

                                                                              Model Information

                                                               Data Set                  WORK.GENMOD_RESULTS_1
                                                               Number of Imputations     10                   


                                                                    Variance Information (10 Imputations)
 
                                                                                                       Relative       Fraction
                                             -----------------Variance-----------------                Increase        Missing       Relative
                                Parameter         Between         Within          Total       DF    in Variance    Information     Efficiency

                                Estimate         0.001389       0.207957       0.209485   169168       0.007348       0.007306       0.999270


                                                                    Parameter Estimates (10 Imputations)
 
                                                                                                                                             t for H0:
           Parameter        Estimate      Std Error    95% Confidence Limits        DF        Minimum        Maximum         Theta0   Parameter=Theta0   Pr > |t|

           Estimate         0.569635       0.457695     -0.32744     1.466708   169168       0.501083       0.634151              0               1.24     0.2133
                                                                          Full model + genetic risk

--------------------------------------------------------------------- EffectName=MARITAL_STATUS_SINGLE ----------------------------------------------------------------------

                                                                           The MIANALYZE Procedure

                                                                              Model Information

                                                               Data Set                  WORK.GENMOD_RESULTS_1
                                                               Number of Imputations     10                   


                                                                    Variance Information (10 Imputations)
 
                                                                                                       Relative       Fraction
                                             -----------------Variance-----------------                Increase        Missing       Relative
                                Parameter         Between         Within          Total       DF    in Variance    Information     Efficiency

                                Estimate                0              0              0        .              .              .              .


                                                                    Parameter Estimates (10 Imputations)
 
                                                                                                                                             t for H0:
           Parameter        Estimate      Std Error    95% Confidence Limits        DF        Minimum        Maximum         Theta0   Parameter=Theta0   Pr > |t|

           Estimate                0              0            .            .        .              0              0              0                .        .    
                                                                          Full model + genetic risk

---------------------------------------------------------------------------- EffectName=N_HC_NO -----------------------------------------------------------------------------

                                                                           The MIANALYZE Procedure

                                                                              Model Information

                                                               Data Set                  WORK.GENMOD_RESULTS_1
                                                               Number of Imputations     10                   


                                                                    Variance Information (10 Imputations)
 
                                                                                                       Relative       Fraction
                                             -----------------Variance-----------------                Increase        Missing       Relative
                                Parameter         Between         Within          Total       DF    in Variance    Information     Efficiency

                                Estimate         0.002196       0.041548       0.043963   2981.5       0.058136       0.055576       0.994473


                                                                    Parameter Estimates (10 Imputations)
 
                                                                                                                                             t for H0:
           Parameter        Estimate      Std Error    95% Confidence Limits        DF        Minimum        Maximum         Theta0   Parameter=Theta0   Pr > |t|

           Estimate        -0.092619       0.209674     -0.50374     0.318502   2981.5      -0.176359      -0.015890              0              -0.44     0.6587
                                                                          Full model + genetic risk

---------------------------------------------------------------------------- EffectName=N_HC_YES ----------------------------------------------------------------------------

                                                                           The MIANALYZE Procedure

                                                                              Model Information

                                                               Data Set                  WORK.GENMOD_RESULTS_1
                                                               Number of Imputations     10                   


                                                                    Variance Information (10 Imputations)
 
                                                                                                       Relative       Fraction
                                             -----------------Variance-----------------                Increase        Missing       Relative
                                Parameter         Between         Within          Total       DF    in Variance    Information     Efficiency

                                Estimate                0              0              0        .              .              .              .


                                                                    Parameter Estimates (10 Imputations)
 
                                                                                                                                             t for H0:
           Parameter        Estimate      Std Error    95% Confidence Limits        DF        Minimum        Maximum         Theta0   Parameter=Theta0   Pr > |t|

           Estimate                0              0            .            .        .              0              0              0                .        .    
                                                                          Full model + genetic risk

--------------------------------------------------------------------------- EffectName=PARITY_V1 ----------------------------------------------------------------------------

                                                                           The MIANALYZE Procedure

                                                                              Model Information

                                                               Data Set                  WORK.GENMOD_RESULTS_1
                                                               Number of Imputations     10                   


                                                                    Variance Information (10 Imputations)
 
                                                                                                       Relative       Fraction
                                             -----------------Variance-----------------                Increase        Missing       Relative
                                Parameter         Between         Within          Total       DF    in Variance    Information     Efficiency

                                Estimate         0.000755       0.010568       0.011398   1695.6       0.078580       0.073947       0.992660


                                                                    Parameter Estimates (10 Imputations)
 
                                                                                                                                             t for H0:
           Parameter        Estimate      Std Error    95% Confidence Limits        DF        Minimum        Maximum         Theta0   Parameter=Theta0   Pr > |t|

           Estimate         0.076541       0.106762     -0.13286     0.285941   1695.6       0.036341       0.127943              0               0.72     0.4735
                                                                          Full model + genetic risk

----------------------------------------------------------------------------- EffectName=POVPCT -----------------------------------------------------------------------------

                                                                           The MIANALYZE Procedure

                                                                              Model Information

                                                               Data Set                  WORK.GENMOD_RESULTS_1
                                                               Number of Imputations     10                   


                                                                    Variance Information (10 Imputations)
 
                                                                                                       Relative       Fraction
                                             -----------------Variance-----------------                Increase        Missing       Relative
                                Parameter         Between         Within          Total       DF    in Variance    Information     Efficiency

                                Estimate      0.000000708    0.000001588    0.000002368   83.086       0.490583       0.344708       0.966678


                                                                    Parameter Estimates (10 Imputations)
 
                                                                                                                                             t for H0:
           Parameter        Estimate      Std Error    95% Confidence Limits        DF        Minimum        Maximum         Theta0   Parameter=Theta0   Pr > |t|

           Estimate        -0.001425       0.001539     -0.00449     0.001636   83.086      -0.002387    0.000098333              0              -0.93     0.3571
                                                                          Full model + genetic risk

----------------------------------------------------------------------------- EffectName=Scale ------------------------------------------------------------------------------

                                                                           The MIANALYZE Procedure

                                                                              Model Information

                                                               Data Set                  WORK.GENMOD_RESULTS_1
                                                               Number of Imputations     10                   


                                                                    Variance Information (10 Imputations)
 
                                                                                                       Relative       Fraction
                                             -----------------Variance-----------------                Increase        Missing       Relative
                                Parameter         Between         Within          Total       DF    in Variance    Information     Efficiency

                                Estimate      0.000015530       0.003274       0.003291   333947       0.005218       0.005197       0.999481


                                                                    Parameter Estimates (10 Imputations)
 
                                                                                                                                             t for H0:
           Parameter        Estimate      Std Error    95% Confidence Limits        DF        Minimum        Maximum         Theta0   Parameter=Theta0   Pr > |t|

           Estimate         1.147165       0.057365     1.034732     1.259599   333947       1.141559       1.151841              0              20.00     <.0001
                                                                          Full model + genetic risk

----------------------------------------------------------------------- EffectName=YRSUS_C3_10+_Years -----------------------------------------------------------------------

                                                                           The MIANALYZE Procedure

                                                                              Model Information

                                                               Data Set                  WORK.GENMOD_RESULTS_1
                                                               Number of Imputations     10                   


                                                                    Variance Information (10 Imputations)
 
                                                                                                       Relative       Fraction
                                             -----------------Variance-----------------                Increase        Missing       Relative
                                Parameter         Between         Within          Total       DF    in Variance    Information     Efficiency

                                Estimate         0.000344       0.084576       0.084955   452691       0.004479       0.004463       0.999554


                                                                    Parameter Estimates (10 Imputations)
 
                                                                                                                                             t for H0:
           Parameter        Estimate      Std Error    95% Confidence Limits        DF        Minimum        Maximum         Theta0   Parameter=Theta0   Pr > |t|

           Estimate        -0.024506       0.291470     -0.59578     0.546767   452691      -0.050752       0.009441              0              -0.08     0.9330
                                                                          Full model + genetic risk

----------------------------------------------------------------------- EffectName=YRSUS_C3_<10_Years -----------------------------------------------------------------------

                                                                           The MIANALYZE Procedure

                                                                              Model Information

                                                               Data Set                  WORK.GENMOD_RESULTS_1
                                                               Number of Imputations     10                   


                                                                    Variance Information (10 Imputations)
 
                                                                                                       Relative       Fraction
                                             -----------------Variance-----------------                Increase        Missing       Relative
                                Parameter         Between         Within          Total       DF    in Variance    Information     Efficiency

                                Estimate         0.000469       0.087739       0.088255   263308       0.005881       0.005854       0.999415


                                                                    Parameter Estimates (10 Imputations)
 
                                                                                                                                             t for H0:
           Parameter        Estimate      Std Error    95% Confidence Limits        DF        Minimum        Maximum         Theta0   Parameter=Theta0   Pr > |t|

           Estimate        -0.146513       0.297078     -0.72878     0.435751   263308      -0.188505      -0.119944              0              -0.49     0.6219
                                                                          Full model + genetic risk

------------------------------------------------------------------------ EffectName=YRSUS_C3_US_BORN ------------------------------------------------------------------------

                                                                           The MIANALYZE Procedure

                                                                              Model Information

                                                               Data Set                  WORK.GENMOD_RESULTS_1
                                                               Number of Imputations     10                   


                                                                    Variance Information (10 Imputations)
 
                                                                                                       Relative       Fraction
                                             -----------------Variance-----------------                Increase        Missing       Relative
                                Parameter         Between         Within          Total       DF    in Variance    Information     Efficiency

                                Estimate                0              0              0        .              .              .              .


                                                                    Parameter Estimates (10 Imputations)
 
                                                                                                                                             t for H0:
           Parameter        Estimate      Std Error    95% Confidence Limits        DF        Minimum        Maximum         Theta0   Parameter=Theta0   Pr > |t|

           Estimate                0              0            .            .        .              0              0              0                .        .    
                                                                          Full model + genetic risk

--------------------------------------------------------------------------- EffectName=YRSV1BIRTH ---------------------------------------------------------------------------

                                                                           The MIANALYZE Procedure

                                                                              Model Information

                                                               Data Set                  WORK.GENMOD_RESULTS_1
                                                               Number of Imputations     10                   


                                                                    Variance Information (10 Imputations)
 
                                                                                                       Relative       Fraction
                                             -----------------Variance-----------------                Increase        Missing       Relative
                                Parameter         Between         Within          Total       DF    in Variance    Information     Efficiency

                                Estimate      0.000098898       0.002859       0.002967   6696.6       0.038055       0.036948       0.996319


                                                                    Parameter Estimates (10 Imputations)
 
                                                                                                                                             t for H0:
           Parameter        Estimate      Std Error    95% Confidence Limits        DF        Minimum        Maximum         Theta0   Parameter=Theta0   Pr > |t|

           Estimate        -0.033854       0.054475     -0.14064     0.072934   6696.6      -0.046378      -0.012989              0              -0.62     0.5343
                                                                          Full model + genetic risk

---------------------------------------------------------------------------- EffectName=AGG_MENT ----------------------------------------------------------------------------

                                                                           The MIANALYZE Procedure

                                                                              Model Information

                                                               Data Set                  WORK.GENMOD_RESULTS_2
                                                               Number of Imputations     10                   


                                                                    Variance Information (10 Imputations)
 
                                                                                                       Relative       Fraction
                                             -----------------Variance-----------------                Increase        Missing       Relative
                                Parameter         Between         Within          Total       DF    in Variance    Information     Efficiency

                                Estimate      0.000003869    0.000095753       0.000100   4968.6       0.044452       0.042945       0.995724


                                                                    Parameter Estimates (10 Imputations)
 
                                                                                                                                             t for H0:
           Parameter        Estimate      Std Error    95% Confidence Limits        DF        Minimum        Maximum         Theta0   Parameter=Theta0   Pr > |t|

           Estimate        -0.011552       0.010000     -0.03116     0.008053   4968.6      -0.015631      -0.009309              0              -1.16     0.2481
                                                                          Full model + genetic risk

---------------------------------------------------------------------------- EffectName=AGG_PHYS ----------------------------------------------------------------------------

                                                                           The MIANALYZE Procedure

                                                                              Model Information

                                                               Data Set                  WORK.GENMOD_RESULTS_2
                                                               Number of Imputations     10                   


                                                                    Variance Information (10 Imputations)
 
                                                                                                       Relative       Fraction
                                             -----------------Variance-----------------                Increase        Missing       Relative
                                Parameter         Between         Within          Total       DF    in Variance    Information     Efficiency

                                Estimate      0.000002792       0.000210       0.000213    43488       0.014596       0.014431       0.998559


                                                                    Parameter Estimates (10 Imputations)
 
                                                                                                                                             t for H0:
           Parameter        Estimate      Std Error    95% Confidence Limits        DF        Minimum        Maximum         Theta0   Parameter=Theta0   Pr > |t|

           Estimate         0.003521       0.014611     -0.02512     0.032158    43488       0.000172       0.005948              0               0.24     0.8096
                                                                          Full model + genetic risk

---------------------------------------------------------------------------- EffectName=ANTA10A -----------------------------------------------------------------------------

                                                                           The MIANALYZE Procedure

                                                                              Model Information

                                                               Data Set                  WORK.GENMOD_RESULTS_2
                                                               Number of Imputations     10                   


                                                                    Variance Information (10 Imputations)
 
                                                                                                       Relative       Fraction
                                             -----------------Variance-----------------                Increase        Missing       Relative
                                Parameter         Between         Within          Total       DF    in Variance    Information     Efficiency

                                Estimate      0.000003828       0.000231       0.000236    28196       0.018191       0.017936       0.998210


                                                                    Parameter Estimates (10 Imputations)
 
                                                                                                                                             t for H0:
           Parameter        Estimate      Std Error    95% Confidence Limits        DF        Minimum        Maximum         Theta0   Parameter=Theta0   Pr > |t|

           Estimate        -0.033472       0.015352     -0.06356     -0.00338    28196      -0.036787      -0.029355              0              -2.18     0.0292
                                                                          Full model + genetic risk

------------------------------------------------------------------------------ EffectName=BMI -------------------------------------------------------------------------------

                                                                           The MIANALYZE Procedure

                                                                              Model Information

                                                               Data Set                  WORK.GENMOD_RESULTS_2
                                                               Number of Imputations     10                   


                                                                    Variance Information (10 Imputations)
 
                                                                                                       Relative       Fraction
                                             -----------------Variance-----------------                Increase        Missing       Relative
                                Parameter         Between         Within          Total       DF    in Variance    Information     Efficiency

                                Estimate      0.000012783       0.001096       0.001110    56128       0.012825       0.012698       0.998732


                                                                    Parameter Estimates (10 Imputations)
 
                                                                                                                                             t for H0:
           Parameter        Estimate      Std Error    95% Confidence Limits        DF        Minimum        Maximum         Theta0   Parameter=Theta0   Pr > |t|

           Estimate         0.135475       0.033323     0.070162     0.200788    56128       0.127968       0.139675              0               4.07     <.0001
                                                                          Full model + genetic risk

------------------------------------------------------------------------ EffectName=CENTERNUM_BRONX -------------------------------------------------------------------------

                                                                           The MIANALYZE Procedure

                                                                              Model Information

                                                               Data Set                  WORK.GENMOD_RESULTS_2
                                                               Number of Imputations     10                   


                                                                    Variance Information (10 Imputations)
 
                                                                                                       Relative       Fraction
                                             -----------------Variance-----------------                Increase        Missing       Relative
                                Parameter         Between         Within          Total       DF    in Variance    Information     Efficiency

                                Estimate                0              0              0        .              .              .              .


                                                                    Parameter Estimates (10 Imputations)
 
                                                                                                                                             t for H0:
           Parameter        Estimate      Std Error    95% Confidence Limits        DF        Minimum        Maximum         Theta0   Parameter=Theta0   Pr > |t|

           Estimate                0              0            .            .        .              0              0              0                .        .    
                                                                          Full model + genetic risk

----------------------------------------------------------------------- EffectName=CENTERNUM_CHICAGO ------------------------------------------------------------------------

                                                                           The MIANALYZE Procedure

                                                                              Model Information

                                                               Data Set                  WORK.GENMOD_RESULTS_2
                                                               Number of Imputations     10                   


                                                                    Variance Information (10 Imputations)
 
                                                                                                       Relative       Fraction
                                             -----------------Variance-----------------                Increase        Missing       Relative
                                Parameter         Between         Within          Total       DF    in Variance    Information     Efficiency

                                Estimate         0.000555       0.052530       0.053141    68077       0.011632       0.011527       0.998849


                                                                    Parameter Estimates (10 Imputations)
 
                                                                                                                                             t for H0:
           Parameter        Estimate      Std Error    95% Confidence Limits        DF        Minimum        Maximum         Theta0   Parameter=Theta0   Pr > |t|

           Estimate        -0.031354       0.230523     -0.48318     0.420470    68077      -0.086813      -0.003805              0              -0.14     0.8918
                                                                          Full model + genetic risk

------------------------------------------------------------------------ EffectName=CENTERNUM_MIAMI -------------------------------------------------------------------------

                                                                           The MIANALYZE Procedure

                                                                              Model Information

                                                               Data Set                  WORK.GENMOD_RESULTS_2
                                                               Number of Imputations     10                   


                                                                    Variance Information (10 Imputations)
 
                                                                                                       Relative       Fraction
                                             -----------------Variance-----------------                Increase        Missing       Relative
                                Parameter         Between         Within          Total       DF    in Variance    Information     Efficiency

                                Estimate         0.000562       0.049059       0.049677    58201       0.012592       0.012469       0.998755


                                                                    Parameter Estimates (10 Imputations)
 
                                                                                                                                             t for H0:
           Parameter        Estimate      Std Error    95% Confidence Limits        DF        Minimum        Maximum         Theta0   Parameter=Theta0   Pr > |t|

           Estimate        -0.153228       0.222883     -0.59008     0.283624    58201      -0.185610      -0.122174              0              -0.69     0.4918
                                                                          Full model + genetic risk

---------------------------------------------------------------------- EffectName=CENTERNUM_SAN DIEGO -----------------------------------------------------------------------

                                                                           The MIANALYZE Procedure

                                                                              Model Information

                                                               Data Set                  WORK.GENMOD_RESULTS_2
                                                               Number of Imputations     10                   


                                                                    Variance Information (10 Imputations)
 
                                                                                                       Relative       Fraction
                                             -----------------Variance-----------------                Increase        Missing       Relative
                                Parameter         Between         Within          Total       DF    in Variance    Information     Efficiency

                                Estimate         0.000607       0.055888       0.056555    64546       0.011949       0.011839       0.998818


                                                                    Parameter Estimates (10 Imputations)
 
                                                                                                                                             t for H0:
           Parameter        Estimate      Std Error    95% Confidence Limits        DF        Minimum        Maximum         Theta0   Parameter=Theta0   Pr > |t|

           Estimate        -0.058173       0.237814     -0.52429     0.407943    64546      -0.104317      -0.027530              0              -0.24     0.8068
                                                                          Full model + genetic risk

----------------------------------------------------------------------------- EffectName=CESD10 -----------------------------------------------------------------------------

                                                                           The MIANALYZE Procedure

                                                                              Model Information

                                                               Data Set                  WORK.GENMOD_RESULTS_2
                                                               Number of Imputations     10                   


                                                                    Variance Information (10 Imputations)
 
                                                                                                       Relative       Fraction
                                             -----------------Variance-----------------                Increase        Missing       Relative
                                Parameter         Between         Within          Total       DF    in Variance    Information     Efficiency

                                Estimate      0.000042863       0.000497       0.000544   1198.3       0.094889       0.088186       0.991258


                                                                    Parameter Estimates (10 Imputations)
 
                                                                                                                                             t for H0:
           Parameter        Estimate      Std Error    95% Confidence Limits        DF        Minimum        Maximum         Theta0   Parameter=Theta0   Pr > |t|

           Estimate         0.009647       0.023325     -0.03611     0.055409   1198.3      -0.002064       0.023060              0               0.41     0.6792
                                                                          Full model + genetic risk

----------------------------------------------------------------------------- EffectName=HEIGHT -----------------------------------------------------------------------------

                                                                           The MIANALYZE Procedure

                                                                              Model Information

                                                               Data Set                  WORK.GENMOD_RESULTS_2
                                                               Number of Imputations     10                   


                                                                    Variance Information (10 Imputations)
 
                                                                                                       Relative       Fraction
                                             -----------------Variance-----------------                Increase        Missing       Relative
                                Parameter         Between         Within          Total       DF    in Variance    Information     Efficiency

                                Estimate      0.000007258       0.000192       0.000200   5647.5       0.041580       0.040260       0.995990


                                                                    Parameter Estimates (10 Imputations)
 
                                                                                                                                             t for H0:
           Parameter        Estimate      Std Error    95% Confidence Limits        DF        Minimum        Maximum         Theta0   Parameter=Theta0   Pr > |t|

           Estimate         0.059715       0.014142     0.031992     0.087438   5647.5       0.055903       0.063675              0               4.22     <.0001
                                                                          Full model + genetic risk

--------------------------------------------------------------------------- EffectName=Intercept ----------------------------------------------------------------------------

                                                                           The MIANALYZE Procedure

                                                                              Model Information

                                                               Data Set                  WORK.GENMOD_RESULTS_2
                                                               Number of Imputations     10                   


                                                                    Variance Information (10 Imputations)
 
                                                                                                       Relative       Fraction
                                             -----------------Variance-----------------                Increase        Missing       Relative
                                Parameter         Between         Within          Total       DF    in Variance    Information     Efficiency

                                Estimate         0.129587       5.181389       5.323935    12555       0.027511       0.026929       0.997314


                                                                    Parameter Estimates (10 Imputations)
 
                                                                                                                                             t for H0:
           Parameter        Estimate      Std Error    95% Confidence Limits        DF        Minimum        Maximum         Theta0   Parameter=Theta0   Pr > |t|

           Estimate        -8.831139       2.307365     -13.3539     -4.30835    12555      -9.244796      -8.284268              0              -3.83     0.0001
                                                                          Full model + genetic risk

----------------------------------------------------------------------------- EffectName=STAI10 -----------------------------------------------------------------------------

                                                                           The MIANALYZE Procedure

                                                                              Model Information

                                                               Data Set                  WORK.GENMOD_RESULTS_2
                                                               Number of Imputations     10                   


                                                                    Variance Information (10 Imputations)
 
                                                                                                       Relative       Fraction
                                             -----------------Variance-----------------                Increase        Missing       Relative
                                Parameter         Between         Within          Total       DF    in Variance    Information     Efficiency

                                Estimate      0.000026129       0.000447       0.000475   2463.2       0.064336       0.061209       0.993916


                                                                    Parameter Estimates (10 Imputations)
 
                                                                                                                                             t for H0:
           Parameter        Estimate      Std Error    95% Confidence Limits        DF        Minimum        Maximum         Theta0   Parameter=Theta0   Pr > |t|

           Estimate        -0.017027       0.021806     -0.05979     0.025733   2463.2      -0.027458      -0.008641              0              -0.78     0.4350
                                                                          Full model + genetic risk

----------------------------------------------------------------------------- EffectName=Scale ------------------------------------------------------------------------------

                                                                           The MIANALYZE Procedure

                                                                              Model Information

                                                               Data Set                  WORK.GENMOD_RESULTS_2
                                                               Number of Imputations     10                   


                                                                    Variance Information (10 Imputations)
 
                                                                                                       Relative       Fraction
                                             -----------------Variance-----------------                Increase        Missing       Relative
                                Parameter         Between         Within          Total       DF    in Variance    Information     Efficiency

                                Estimate      0.000019664       0.003053       0.003075   181865       0.007085       0.007046       0.999296


                                                                    Parameter Estimates (10 Imputations)
 
                                                                                                                                             t for H0:
           Parameter        Estimate      Std Error    95% Confidence Limits        DF        Minimum        Maximum         Theta0   Parameter=Theta0   Pr > |t|

           Estimate         1.107857       0.055451     0.999175     1.216539   181865       1.102957       1.114243              0              19.98     <.0001
                                                                          Full model + genetic risk

--------------------------------------------------------------------------- EffectName=YRSV1BIRTH ---------------------------------------------------------------------------

                                                                           The MIANALYZE Procedure

                                                                              Model Information

                                                               Data Set                  WORK.GENMOD_RESULTS_2
                                                               Number of Imputations     10                   


                                                                    Variance Information (10 Imputations)
 
                                                                                                       Relative       Fraction
                                             -----------------Variance-----------------                Increase        Missing       Relative
                                Parameter         Between         Within          Total       DF    in Variance    Information     Efficiency

                                Estimate      0.000072112       0.002359       0.002438   8500.9       0.033632       0.032765       0.996734


                                                                    Parameter Estimates (10 Imputations)
 
                                                                                                                                             t for H0:
           Parameter        Estimate      Std Error    95% Confidence Limits        DF        Minimum        Maximum         Theta0   Parameter=Theta0   Pr > |t|

           Estimate        -0.006973       0.049375     -0.10376     0.089813   8500.9      -0.017961       0.006167              0              -0.14     0.8877
                                                                          Full model + genetic risk

---------------------------------------------------------------------- EffectName=ALCOHOL_USE_CURRENT -----------------------------------------------------------------------

                                                                           The MIANALYZE Procedure

                                                                              Model Information

                                                               Data Set                  WORK.GENMOD_RESULTS_3
                                                               Number of Imputations     10                   


                                                                    Variance Information (10 Imputations)
 
                                                                                                       Relative       Fraction
                                             -----------------Variance-----------------                Increase        Missing       Relative
                                Parameter         Between         Within          Total       DF    in Variance    Information     Efficiency

                                Estimate         0.002327       0.059539       0.062099   5295.1       0.043000       0.041589       0.995858


                                                                    Parameter Estimates (10 Imputations)
 
                                                                                                                                             t for H0:
           Parameter        Estimate      Std Error    95% Confidence Limits        DF        Minimum        Maximum         Theta0   Parameter=Theta0   Pr > |t|

           Estimate        -0.108307       0.249197     -0.59684     0.380222   5295.1      -0.150998      -0.042247              0              -0.43     0.6639
                                                                          Full model + genetic risk

----------------------------------------------------------------------- EffectName=ALCOHOL_USE_FORMER -----------------------------------------------------------------------

                                                                           The MIANALYZE Procedure

                                                                              Model Information

                                                               Data Set                  WORK.GENMOD_RESULTS_3
                                                               Number of Imputations     10                   


                                                                    Variance Information (10 Imputations)
 
                                                                                                       Relative       Fraction
                                             -----------------Variance-----------------                Increase        Missing       Relative
                                Parameter         Between         Within          Total       DF    in Variance    Information     Efficiency

                                Estimate         0.001296       0.065254       0.066679    19699       0.021842       0.021474       0.997857


                                                                    Parameter Estimates (10 Imputations)
 
                                                                                                                                             t for H0:
           Parameter        Estimate      Std Error    95% Confidence Limits        DF        Minimum        Maximum         Theta0   Parameter=Theta0   Pr > |t|

           Estimate         0.130765       0.258223     -0.37537     0.636904    19699       0.095891       0.186188              0               0.51     0.6126
                                                                          Full model + genetic risk

----------------------------------------------------------------------- EffectName=ALCOHOL_USE_NEVER ------------------------------------------------------------------------

                                                                           The MIANALYZE Procedure

                                                                              Model Information

                                                               Data Set                  WORK.GENMOD_RESULTS_3
                                                               Number of Imputations     10                   


                                                                    Variance Information (10 Imputations)
 
                                                                                                       Relative       Fraction
                                             -----------------Variance-----------------                Increase        Missing       Relative
                                Parameter         Between         Within          Total       DF    in Variance    Information     Efficiency

                                Estimate                0              0              0        .              .              .              .


                                                                    Parameter Estimates (10 Imputations)
 
                                                                                                                                             t for H0:
           Parameter        Estimate      Std Error    95% Confidence Limits        DF        Minimum        Maximum         Theta0   Parameter=Theta0   Pr > |t|

           Estimate                0              0            .            .        .              0              0              0                .        .    
                                                                          Full model + genetic risk

------------------------------------------------------------------------ EffectName=CENTERNUM_BRONX -------------------------------------------------------------------------

                                                                           The MIANALYZE Procedure

                                                                              Model Information

                                                               Data Set                  WORK.GENMOD_RESULTS_3
                                                               Number of Imputations     10                   


                                                                    Variance Information (10 Imputations)
 
                                                                                                       Relative       Fraction
                                             -----------------Variance-----------------                Increase        Missing       Relative
                                Parameter         Between         Within          Total       DF    in Variance    Information     Efficiency

                                Estimate                0              0              0        .              .              .              .


                                                                    Parameter Estimates (10 Imputations)
 
                                                                                                                                             t for H0:
           Parameter        Estimate      Std Error    95% Confidence Limits        DF        Minimum        Maximum         Theta0   Parameter=Theta0   Pr > |t|

           Estimate                0              0            .            .        .              0              0              0                .        .    
                                                                          Full model + genetic risk

----------------------------------------------------------------------- EffectName=CENTERNUM_CHICAGO ------------------------------------------------------------------------

                                                                           The MIANALYZE Procedure

                                                                              Model Information

                                                               Data Set                  WORK.GENMOD_RESULTS_3
                                                               Number of Imputations     10                   


                                                                    Variance Information (10 Imputations)
 
                                                                                                       Relative       Fraction
                                             -----------------Variance-----------------                Increase        Missing       Relative
                                Parameter         Between         Within          Total       DF    in Variance    Information     Efficiency

                                Estimate         0.001087       0.073133       0.074329    34784       0.016348       0.016142       0.998388


                                                                    Parameter Estimates (10 Imputations)
 
                                                                                                                                             t for H0:
           Parameter        Estimate      Std Error    95% Confidence Limits        DF        Minimum        Maximum         Theta0   Parameter=Theta0   Pr > |t|

           Estimate        -0.298781       0.272633     -0.83315     0.235588    34784      -0.350391      -0.263004              0              -1.10     0.2731
                                                                          Full model + genetic risk

------------------------------------------------------------------------ EffectName=CENTERNUM_MIAMI -------------------------------------------------------------------------

                                                                           The MIANALYZE Procedure

                                                                              Model Information

                                                               Data Set                  WORK.GENMOD_RESULTS_3
                                                               Number of Imputations     10                   


                                                                    Variance Information (10 Imputations)
 
                                                                                                       Relative       Fraction
                                             -----------------Variance-----------------                Increase        Missing       Relative
                                Parameter         Between         Within          Total       DF    in Variance    Information     Efficiency

                                Estimate         0.000518       0.071684       0.072253   144991       0.007941       0.007892       0.999211


                                                                    Parameter Estimates (10 Imputations)
 
                                                                                                                                             t for H0:
           Parameter        Estimate      Std Error    95% Confidence Limits        DF        Minimum        Maximum         Theta0   Parameter=Theta0   Pr > |t|

           Estimate        -0.338345       0.268799     -0.86519     0.188497   144991      -0.378458      -0.301738              0              -1.26     0.2081
                                                                          Full model + genetic risk

---------------------------------------------------------------------- EffectName=CENTERNUM_SAN DIEGO -----------------------------------------------------------------------

                                                                           The MIANALYZE Procedure

                                                                              Model Information

                                                               Data Set                  WORK.GENMOD_RESULTS_3
                                                               Number of Imputations     10                   


                                                                    Variance Information (10 Imputations)
 
                                                                                                       Relative       Fraction
                                             -----------------Variance-----------------                Increase        Missing       Relative
                                Parameter         Between         Within          Total       DF    in Variance    Information     Efficiency

                                Estimate         0.001281       0.076644       0.078054    27595       0.018392       0.018131       0.998190


                                                                    Parameter Estimates (10 Imputations)
 
                                                                                                                                             t for H0:
           Parameter        Estimate      Std Error    95% Confidence Limits        DF        Minimum        Maximum         Theta0   Parameter=Theta0   Pr > |t|

           Estimate        -0.409360       0.279381     -0.95696     0.138242    27595      -0.460854      -0.368657              0              -1.47     0.1429
                                                                          Full model + genetic risk

----------------------------------------------------------------------- EffectName=CURRENT_SMOKER_NO ------------------------------------------------------------------------

                                                                           The MIANALYZE Procedure

                                                                              Model Information

                                                               Data Set                  WORK.GENMOD_RESULTS_3
                                                               Number of Imputations     10                   


                                                                    Variance Information (10 Imputations)
 
                                                                                                       Relative       Fraction
                                             -----------------Variance-----------------                Increase        Missing       Relative
                                Parameter         Between         Within          Total       DF    in Variance    Information     Efficiency

                                Estimate                0              0              0        .              .              .              .


                                                                    Parameter Estimates (10 Imputations)
 
                                                                                                                                             t for H0:
           Parameter        Estimate      Std Error    95% Confidence Limits        DF        Minimum        Maximum         Theta0   Parameter=Theta0   Pr > |t|

           Estimate                0              0            .            .        .              0              0              0                .        .    
                                                                          Full model + genetic risk

----------------------------------------------------------------------- EffectName=CURRENT_SMOKER_YES -----------------------------------------------------------------------

                                                                           The MIANALYZE Procedure

                                                                              Model Information

                                                               Data Set                  WORK.GENMOD_RESULTS_3
                                                               Number of Imputations     10                   


                                                                    Variance Information (10 Imputations)
 
                                                                                                       Relative       Fraction
                                             -----------------Variance-----------------                Increase        Missing       Relative
                                Parameter         Between         Within          Total       DF    in Variance    Information     Efficiency

                                Estimate         0.003750       0.085160       0.089285   4216.3       0.048440       0.046654       0.995356


                                                                    Parameter Estimates (10 Imputations)
 
                                                                                                                                             t for H0:
           Parameter        Estimate      Std Error    95% Confidence Limits        DF        Minimum        Maximum         Theta0   Parameter=Theta0   Pr > |t|

           Estimate         0.394037       0.298807     -0.19178     0.979855   4216.3       0.298929       0.457562              0               1.32     0.1873
                                                                          Full model + genetic risk

---------------------------------------------------------------------------- EffectName=HEI2010 -----------------------------------------------------------------------------

                                                                           The MIANALYZE Procedure

                                                                              Model Information

                                                               Data Set                  WORK.GENMOD_RESULTS_3
                                                               Number of Imputations     10                   


                                                                    Variance Information (10 Imputations)
 
                                                                                                       Relative       Fraction
                                             -----------------Variance-----------------                Increase        Missing       Relative
                                Parameter         Between         Within          Total       DF    in Variance    Information     Efficiency

                                Estimate      0.000001527    0.000050114    0.000051794   8556.4       0.033519       0.032658       0.996745


                                                                    Parameter Estimates (10 Imputations)
 
                                                                                                                                             t for H0:
           Parameter        Estimate      Std Error    95% Confidence Limits        DF        Minimum        Maximum         Theta0   Parameter=Theta0   Pr > |t|

           Estimate         0.008372       0.007197     -0.00574     0.022479   8556.4       0.006310       0.010362              0               1.16     0.2447
                                                                          Full model + genetic risk

--------------------------------------------------------------------------- EffectName=Intercept ----------------------------------------------------------------------------

                                                                           The MIANALYZE Procedure

                                                                              Model Information

                                                               Data Set                  WORK.GENMOD_RESULTS_3
                                                               Number of Imputations     10                   


                                                                    Variance Information (10 Imputations)
 
                                                                                                       Relative       Fraction
                                             -----------------Variance-----------------                Increase        Missing       Relative
                                Parameter         Between         Within          Total       DF    in Variance    Information     Efficiency

                                Estimate         0.030004       0.589655       0.622659   3203.3       0.055972       0.053596       0.994669


                                                                    Parameter Estimates (10 Imputations)
 
                                                                                                                                             t for H0:
           Parameter        Estimate      Std Error    95% Confidence Limits        DF        Minimum        Maximum         Theta0   Parameter=Theta0   Pr > |t|

           Estimate        -0.246433       0.789088     -1.79360     1.300735   3203.3      -0.457591       0.159102              0              -0.31     0.7548
                                                                          Full model + genetic risk

---------------------------------------------------------------------------- EffectName=PCT_MVPA ----------------------------------------------------------------------------

                                                                           The MIANALYZE Procedure

                                                                              Model Information

                                                               Data Set                  WORK.GENMOD_RESULTS_3
                                                               Number of Imputations     10                   


                                                                    Variance Information (10 Imputations)
 
                                                                                                       Relative       Fraction
                                             -----------------Variance-----------------                Increase        Missing       Relative
                                Parameter         Between         Within          Total       DF    in Variance    Information     Efficiency

                                Estimate         0.001420       0.004942       0.006504   156.03       0.316089       0.249729       0.975636


                                                                    Parameter Estimates (10 Imputations)
 
                                                                                                                                             t for H0:
           Parameter        Estimate      Std Error    95% Confidence Limits        DF        Minimum        Maximum         Theta0   Parameter=Theta0   Pr > |t|

           Estimate        -0.022475       0.080645     -0.18177     0.136822   156.03      -0.078482       0.021271              0              -0.28     0.7809
                                                                          Full model + genetic risk

----------------------------------------------------------------------------- EffectName=SLPDUR -----------------------------------------------------------------------------

                                                                           The MIANALYZE Procedure

                                                                              Model Information

                                                               Data Set                  WORK.GENMOD_RESULTS_3
                                                               Number of Imputations     10                   


                                                                    Variance Information (10 Imputations)
 
                                                                                                       Relative       Fraction
                                             -----------------Variance-----------------                Increase        Missing       Relative
                                Parameter         Between         Within          Total       DF    in Variance    Information     Efficiency

                                Estimate         0.000167       0.004196       0.004380   5111.1       0.043801       0.042338       0.995784


                                                                    Parameter Estimates (10 Imputations)
 
                                                                                                                                             t for H0:
           Parameter        Estimate      Std Error    95% Confidence Limits        DF        Minimum        Maximum         Theta0   Parameter=Theta0   Pr > |t|

           Estimate         0.084659       0.066180     -0.04508     0.214401   5111.1       0.068056       0.106275              0               1.28     0.2009
                                                                          Full model + genetic risk

----------------------------------------------------------------------------- EffectName=Scale ------------------------------------------------------------------------------

                                                                           The MIANALYZE Procedure

                                                                              Model Information

                                                               Data Set                  WORK.GENMOD_RESULTS_3
                                                               Number of Imputations     10                   


                                                                    Variance Information (10 Imputations)
 
                                                                                                       Relative       Fraction
                                             -----------------Variance-----------------                Increase        Missing       Relative
                                Parameter         Between         Within          Total       DF    in Variance    Information     Efficiency

                                Estimate      0.000009515       0.003682       0.003693   1.12E6       0.002843       0.002836       0.999716


                                                                    Parameter Estimates (10 Imputations)
 
                                                                                                                                             t for H0:
           Parameter        Estimate      Std Error    95% Confidence Limits        DF        Minimum        Maximum         Theta0   Parameter=Theta0   Pr > |t|

           Estimate         1.216654       0.060768     1.097551     1.335756   1.12E6       1.212376       1.222441              0              20.02     <.0001
                                                                          Full model + genetic risk

--------------------------------------------------------------------------- EffectName=YRSV1BIRTH ---------------------------------------------------------------------------

                                                                           The MIANALYZE Procedure

                                                                              Model Information

                                                               Data Set                  WORK.GENMOD_RESULTS_3
                                                               Number of Imputations     10                   


                                                                    Variance Information (10 Imputations)
 
                                                                                                       Relative       Fraction
                                             -----------------Variance-----------------                Increase        Missing       Relative
                                Parameter         Between         Within          Total       DF    in Variance    Information     Efficiency

                                Estimate      0.000050703       0.002814       0.002870    23836       0.019817       0.019514       0.998052


                                                                    Parameter Estimates (10 Imputations)
 
                                                                                                                                             t for H0:
           Parameter        Estimate      Std Error    95% Confidence Limits        DF        Minimum        Maximum         Theta0   Parameter=Theta0   Pr > |t|

           Estimate        -0.013900       0.053574     -0.11891     0.091109    23836      -0.025156      -0.005241              0              -0.26     0.7953
                                                                          Full model + genetic risk

------------------------------------------------------------------------------ EffectName=AGE -------------------------------------------------------------------------------

                                                                           The MIANALYZE Procedure

                                                                              Model Information

                                                               Data Set                  WORK.GENMOD_RESULTS_4
                                                               Number of Imputations     10                   


                                                                    Variance Information (10 Imputations)
 
                                                                                                       Relative       Fraction
                                             -----------------Variance-----------------                Increase        Missing       Relative
                                Parameter         Between         Within          Total       DF    in Variance    Information     Efficiency

                                Estimate      0.000030960       0.000323       0.000357    991.3       0.105319       0.097104       0.990383


                                                                    Parameter Estimates (10 Imputations)
 
                                                                                                                                             t for H0:
           Parameter        Estimate      Std Error    95% Confidence Limits        DF        Minimum        Maximum         Theta0   Parameter=Theta0   Pr > |t|

           Estimate         0.003080       0.018906     -0.03402     0.040179    991.3      -0.005772       0.011386              0               0.16     0.8706
                                                                          Full model + genetic risk

---------------------------------------------------------------------------- EffectName=AGG_MENT ----------------------------------------------------------------------------

                                                                           The MIANALYZE Procedure

                                                                              Model Information

                                                               Data Set                  WORK.GENMOD_RESULTS_4
                                                               Number of Imputations     10                   


                                                                    Variance Information (10 Imputations)
 
                                                                                                       Relative       Fraction
                                             -----------------Variance-----------------                Increase        Missing       Relative
                                Parameter         Between         Within          Total       DF    in Variance    Information     Efficiency

                                Estimate      0.000012184    0.000097180       0.000111   612.72       0.137911       0.124051       0.987747


                                                                    Parameter Estimates (10 Imputations)
 
                                                                                                                                             t for H0:
           Parameter        Estimate      Std Error    95% Confidence Limits        DF        Minimum        Maximum         Theta0   Parameter=Theta0   Pr > |t|

           Estimate        -0.013170       0.010516     -0.03382     0.007481   612.72      -0.017937      -0.008363              0              -1.25     0.2109
                                                                          Full model + genetic risk

---------------------------------------------------------------------------- EffectName=AGG_PHYS ----------------------------------------------------------------------------

                                                                           The MIANALYZE Procedure

                                                                              Model Information

                                                               Data Set                  WORK.GENMOD_RESULTS_4
                                                               Number of Imputations     10                   


                                                                    Variance Information (10 Imputations)
 
                                                                                                       Relative       Fraction
                                             -----------------Variance-----------------                Increase        Missing       Relative
                                Parameter         Between         Within          Total       DF    in Variance    Information     Efficiency

                                Estimate      0.000011895       0.000201       0.000214   2409.9       0.065089       0.061890       0.993849


                                                                    Parameter Estimates (10 Imputations)
 
                                                                                                                                             t for H0:
           Parameter        Estimate      Std Error    95% Confidence Limits        DF        Minimum        Maximum         Theta0   Parameter=Theta0   Pr > |t|

           Estimate         0.003197       0.014633     -0.02550     0.031891   2409.9      -0.002103       0.008456              0               0.22     0.8271
                                                                          Full model + genetic risk

---------------------------------------------------------------------- EffectName=ALCOHOL_USE_CURRENT -----------------------------------------------------------------------

                                                                           The MIANALYZE Procedure

                                                                              Model Information

                                                               Data Set                  WORK.GENMOD_RESULTS_4
                                                               Number of Imputations     10                   


                                                                    Variance Information (10 Imputations)
 
                                                                                                       Relative       Fraction
                                             -----------------Variance-----------------                Increase        Missing       Relative
                                Parameter         Between         Within          Total       DF    in Variance    Information     Efficiency

                                Estimate         0.004750       0.047476       0.052701   915.78       0.110044       0.101095       0.989992


                                                                    Parameter Estimates (10 Imputations)
 
                                                                                                                                             t for H0:
           Parameter        Estimate      Std Error    95% Confidence Limits        DF        Minimum        Maximum         Theta0   Parameter=Theta0   Pr > |t|

           Estimate        -0.020864       0.229567     -0.47140     0.429674   915.78      -0.106665       0.077804              0              -0.09     0.9276
                                                                          Full model + genetic risk

----------------------------------------------------------------------- EffectName=ALCOHOL_USE_FORMER -----------------------------------------------------------------------

                                                                           The MIANALYZE Procedure

                                                                              Model Information

                                                               Data Set                  WORK.GENMOD_RESULTS_4
                                                               Number of Imputations     10                   


                                                                    Variance Information (10 Imputations)
 
                                                                                                       Relative       Fraction
                                             -----------------Variance-----------------                Increase        Missing       Relative
                                Parameter         Between         Within          Total       DF    in Variance    Information     Efficiency

                                Estimate         0.002350       0.050894       0.053479     3852       0.050792       0.048831       0.995141


                                                                    Parameter Estimates (10 Imputations)
 
                                                                                                                                             t for H0:
           Parameter        Estimate      Std Error    95% Confidence Limits        DF        Minimum        Maximum         Theta0   Parameter=Theta0   Pr > |t|

           Estimate        -0.065275       0.231255     -0.51867     0.388118     3852      -0.129229       0.003401              0              -0.28     0.7778
                                                                          Full model + genetic risk

----------------------------------------------------------------------- EffectName=ALCOHOL_USE_NEVER ------------------------------------------------------------------------

                                                                           The MIANALYZE Procedure

                                                                              Model Information

                                                               Data Set                  WORK.GENMOD_RESULTS_4
                                                               Number of Imputations     10                   


                                                                    Variance Information (10 Imputations)
 
                                                                                                       Relative       Fraction
                                             -----------------Variance-----------------                Increase        Missing       Relative
                                Parameter         Between         Within          Total       DF    in Variance    Information     Efficiency

                                Estimate                0              0              0        .              .              .              .


                                                                    Parameter Estimates (10 Imputations)
 
                                                                                                                                             t for H0:
           Parameter        Estimate      Std Error    95% Confidence Limits        DF        Minimum        Maximum         Theta0   Parameter=Theta0   Pr > |t|

           Estimate                0              0            .            .        .              0              0              0                .        .    
                                                                          Full model + genetic risk

---------------------------------------------------------------------------- EffectName=ANTA10A -----------------------------------------------------------------------------

                                                                           The MIANALYZE Procedure

                                                                              Model Information

                                                               Data Set                  WORK.GENMOD_RESULTS_4
                                                               Number of Imputations     10                   


                                                                    Variance Information (10 Imputations)
 
                                                                                                       Relative       Fraction
                                             -----------------Variance-----------------                Increase        Missing       Relative
                                Parameter         Between         Within          Total       DF    in Variance    Information     Efficiency

                                Estimate      0.000029489       0.000244       0.000276   653.25       0.132986       0.120067       0.988136


                                                                    Parameter Estimates (10 Imputations)
 
                                                                                                                                             t for H0:
           Parameter        Estimate      Std Error    95% Confidence Limits        DF        Minimum        Maximum         Theta0   Parameter=Theta0   Pr > |t|

           Estimate        -0.032119       0.016624     -0.06476     0.000524   653.25      -0.038811      -0.021578              0              -1.93     0.0538
                                                                          Full model + genetic risk

-------------------------------------------------------------------- EffectName=BKGRD1_C7NOMISS_BK_OTHER --------------------------------------------------------------------

                                                                           The MIANALYZE Procedure

                                                                              Model Information

                                                               Data Set                  WORK.GENMOD_RESULTS_4
                                                               Number of Imputations     10                   


                                                                    Variance Information (10 Imputations)
 
                                                                                                       Relative       Fraction
                                             -----------------Variance-----------------                Increase        Missing       Relative
                                Parameter         Between         Within          Total       DF    in Variance    Information     Efficiency

                                Estimate         0.186517       0.526786       0.731955   114.55       0.389472       0.292547       0.971577


                                                                    Parameter Estimates (10 Imputations)
 
                                                                                                                                             t for H0:
           Parameter        Estimate      Std Error    95% Confidence Limits        DF        Minimum        Maximum         Theta0   Parameter=Theta0   Pr > |t|

           Estimate        -1.363155       0.855543     -3.05789     0.331583   114.55      -1.937707      -0.756827              0              -1.59     0.1138
                                                                          Full model + genetic risk

--------------------------------------------------------------------- EffectName=BKGRD1_C7NOMISS_CUBAN ----------------------------------------------------------------------

                                                                           The MIANALYZE Procedure

                                                                              Model Information

                                                               Data Set                  WORK.GENMOD_RESULTS_4
                                                               Number of Imputations     10                   


                                                                    Variance Information (10 Imputations)
 
                                                                                                       Relative       Fraction
                                             -----------------Variance-----------------                Increase        Missing       Relative
                                Parameter         Between         Within          Total       DF    in Variance    Information     Efficiency

                                Estimate         0.004461       0.197214       0.202120    15272       0.024880       0.024404       0.997566


                                                                    Parameter Estimates (10 Imputations)
 
                                                                                                                                             t for H0:
           Parameter        Estimate      Std Error    95% Confidence Limits        DF        Minimum        Maximum         Theta0   Parameter=Theta0   Pr > |t|

           Estimate         1.416804       0.449578     0.535577     2.298030    15272       1.316790       1.471719              0               3.15     0.0016
                                                                          Full model + genetic risk

------------------------------------------------------------------- EffectName=BKGRD1_C7NOMISS_C_AMERICAN -------------------------------------------------------------------

                                                                           The MIANALYZE Procedure

                                                                              Model Information

                                                               Data Set                  WORK.GENMOD_RESULTS_4
                                                               Number of Imputations     10                   


                                                                    Variance Information (10 Imputations)
 
                                                                                                       Relative       Fraction
                                             -----------------Variance-----------------                Increase        Missing       Relative
                                Parameter         Between         Within          Total       DF    in Variance    Information     Efficiency

                                Estimate         0.002112       0.114719       0.117043    22840       0.020253       0.019936       0.998010


                                                                    Parameter Estimates (10 Imputations)
 
                                                                                                                                             t for H0:
           Parameter        Estimate      Std Error    95% Confidence Limits        DF        Minimum        Maximum         Theta0   Parameter=Theta0   Pr > |t|

           Estimate         0.513073       0.342115     -0.15750     1.183642    22840       0.449662       0.594424              0               1.50     0.1337
                                                                          Full model + genetic risk

------------------------------------------------------------------- EffectName=BKGRD1_C7NOMISS_DOMINICAN --------------------------------------------------------------------

                                                                           The MIANALYZE Procedure

                                                                              Model Information

                                                               Data Set                  WORK.GENMOD_RESULTS_4
                                                               Number of Imputations     10                   


                                                                    Variance Information (10 Imputations)
 
                                                                                                       Relative       Fraction
                                             -----------------Variance-----------------                Increase        Missing       Relative
                                Parameter         Between         Within          Total       DF    in Variance    Information     Efficiency

                                Estimate         0.007750       0.179693       0.188219   4386.6       0.047445       0.045731       0.995448


                                                                    Parameter Estimates (10 Imputations)
 
                                                                                                                                             t for H0:
           Parameter        Estimate      Std Error    95% Confidence Limits        DF        Minimum        Maximum         Theta0   Parameter=Theta0   Pr > |t|

           Estimate         0.364536       0.433842     -0.48601     1.215085   4386.6       0.247387       0.482034              0               0.84     0.4008
                                                                          Full model + genetic risk

-------------------------------------------------------------------- EffectName=BKGRD1_C7NOMISS_MEXICAN ---------------------------------------------------------------------

                                                                           The MIANALYZE Procedure

                                                                              Model Information

                                                               Data Set                  WORK.GENMOD_RESULTS_4
                                                               Number of Imputations     10                   


                                                                    Variance Information (10 Imputations)
 
                                                                                                       Relative       Fraction
                                             -----------------Variance-----------------                Increase        Missing       Relative
                                Parameter         Between         Within          Total       DF    in Variance    Information     Efficiency

                                Estimate                0              0              0        .              .              .              .


                                                                    Parameter Estimates (10 Imputations)
 
                                                                                                                                             t for H0:
           Parameter        Estimate      Std Error    95% Confidence Limits        DF        Minimum        Maximum         Theta0   Parameter=Theta0   Pr > |t|

           Estimate                0              0            .            .        .              0              0              0                .        .    
                                                                          Full model + genetic risk

----------------------------------------------------------------- EffectName=BKGRD1_C7NOMISS_MORE THAN ONE ------------------------------------------------------------------

                                                                           The MIANALYZE Procedure

                                                                              Model Information

                                                               Data Set                  WORK.GENMOD_RESULTS_4
                                                               Number of Imputations     10                   


                                                                    Variance Information (10 Imputations)
 
                                                                                                       Relative       Fraction
                                             -----------------Variance-----------------                Increase        Missing       Relative
                                Parameter         Between         Within          Total       DF    in Variance    Information     Efficiency

                                Estimate         0.004491       0.167591       0.172531    10978       0.029476       0.028809       0.997127


                                                                    Parameter Estimates (10 Imputations)
 
                                                                                                                                             t for H0:
           Parameter        Estimate      Std Error    95% Confidence Limits        DF        Minimum        Maximum         Theta0   Parameter=Theta0   Pr > |t|

           Estimate         0.419760       0.415369     -0.39444     1.233958    10978       0.321116       0.512053              0               1.01     0.3122
                                                                          Full model + genetic risk

-------------------------------------------------------------------- EffectName=BKGRD1_C7NOMISS_P_RICAN ---------------------------------------------------------------------

                                                                           The MIANALYZE Procedure

                                                                              Model Information

                                                               Data Set                  WORK.GENMOD_RESULTS_4
                                                               Number of Imputations     10                   


                                                                    Variance Information (10 Imputations)
 
                                                                                                       Relative       Fraction
                                             -----------------Variance-----------------                Increase        Missing       Relative
                                Parameter         Between         Within          Total       DF    in Variance    Information     Efficiency

                                Estimate         0.003175       0.172087       0.175580    22743       0.020296       0.019979       0.998006


                                                                    Parameter Estimates (10 Imputations)
 
                                                                                                                                             t for H0:
           Parameter        Estimate      Std Error    95% Confidence Limits        DF        Minimum        Maximum         Theta0   Parameter=Theta0   Pr > |t|

           Estimate        -0.047925       0.419022     -0.86924     0.773388    22743      -0.153904       0.055539              0              -0.11     0.9089
                                                                          Full model + genetic risk

------------------------------------------------------------------------------ EffectName=BMI -------------------------------------------------------------------------------

                                                                           The MIANALYZE Procedure

                                                                              Model Information

                                                               Data Set                  WORK.GENMOD_RESULTS_4
                                                               Number of Imputations     10                   


                                                                    Variance Information (10 Imputations)
 
                                                                                                       Relative       Fraction
                                             -----------------Variance-----------------                Increase        Missing       Relative
                                Parameter         Between         Within          Total       DF    in Variance    Information     Efficiency

                                Estimate         0.000134       0.001132       0.001279   677.84       0.130234       0.117827       0.988355


                                                                    Parameter Estimates (10 Imputations)
 
                                                                                                                                             t for H0:
           Parameter        Estimate      Std Error    95% Confidence Limits        DF        Minimum        Maximum         Theta0   Parameter=Theta0   Pr > |t|

           Estimate         0.134206       0.035766     0.063981     0.204431   677.84       0.109056       0.145286              0               3.75     0.0002
                                                                          Full model + genetic risk

------------------------------------------------------------------------ EffectName=CENTERNUM_BRONX -------------------------------------------------------------------------

                                                                           The MIANALYZE Procedure

                                                                              Model Information

                                                               Data Set                  WORK.GENMOD_RESULTS_4
                                                               Number of Imputations     10                   


                                                                    Variance Information (10 Imputations)
 
                                                                                                       Relative       Fraction
                                             -----------------Variance-----------------                Increase        Missing       Relative
                                Parameter         Between         Within          Total       DF    in Variance    Information     Efficiency

                                Estimate                0              0              0        .              .              .              .


                                                                    Parameter Estimates (10 Imputations)
 
                                                                                                                                             t for H0:
           Parameter        Estimate      Std Error    95% Confidence Limits        DF        Minimum        Maximum         Theta0   Parameter=Theta0   Pr > |t|

           Estimate                0              0            .            .        .              0              0              0                .        .    
                                                                          Full model + genetic risk

----------------------------------------------------------------------- EffectName=CENTERNUM_CHICAGO ------------------------------------------------------------------------

                                                                           The MIANALYZE Procedure

                                                                              Model Information

                                                               Data Set                  WORK.GENMOD_RESULTS_4
                                                               Number of Imputations     10                   


                                                                    Variance Information (10 Imputations)
 
                                                                                                       Relative       Fraction
                                             -----------------Variance-----------------                Increase        Missing       Relative
                                Parameter         Between         Within          Total       DF    in Variance    Information     Efficiency

                                Estimate         0.000612       0.105386       0.106059   223704       0.006383       0.006352       0.999365


                                                                    Parameter Estimates (10 Imputations)
 
                                                                                                                                             t for H0:
           Parameter        Estimate      Std Error    95% Confidence Limits        DF        Minimum        Maximum         Theta0   Parameter=Theta0   Pr > |t|

           Estimate         0.019674       0.325667     -0.61863     0.657973   223704      -0.027791       0.066371              0               0.06     0.9518
                                                                          Full model + genetic risk

------------------------------------------------------------------------ EffectName=CENTERNUM_MIAMI -------------------------------------------------------------------------

                                                                           The MIANALYZE Procedure

                                                                              Model Information

                                                               Data Set                  WORK.GENMOD_RESULTS_4
                                                               Number of Imputations     10                   


                                                                    Variance Information (10 Imputations)
 
                                                                                                       Relative       Fraction
                                             -----------------Variance-----------------                Increase        Missing       Relative
                                Parameter         Between         Within          Total       DF    in Variance    Information     Efficiency

                                Estimate         0.002865       0.134512       0.137663    17179       0.023425       0.023003       0.997705


                                                                    Parameter Estimates (10 Imputations)
 
                                                                                                                                             t for H0:
           Parameter        Estimate      Std Error    95% Confidence Limits        DF        Minimum        Maximum         Theta0   Parameter=Theta0   Pr > |t|

           Estimate        -0.587335       0.371029     -1.31459     0.139920    17179      -0.651790      -0.473943              0              -1.58     0.1134
                                                                          Full model + genetic risk

---------------------------------------------------------------------- EffectName=CENTERNUM_SAN DIEGO -----------------------------------------------------------------------

                                                                           The MIANALYZE Procedure

                                                                              Model Information

                                                               Data Set                  WORK.GENMOD_RESULTS_4
                                                               Number of Imputations     10                   


                                                                    Variance Information (10 Imputations)
 
                                                                                                       Relative       Fraction
                                             -----------------Variance-----------------                Increase        Missing       Relative
                                Parameter         Between         Within          Total       DF    in Variance    Information     Efficiency

                                Estimate         0.001683       0.134817       0.136668    49060       0.013730       0.013585       0.998643


                                                                    Parameter Estimates (10 Imputations)
 
                                                                                                                                             t for H0:
           Parameter        Estimate      Std Error    95% Confidence Limits        DF        Minimum        Maximum         Theta0   Parameter=Theta0   Pr > |t|

           Estimate         0.199580       0.369686     -0.52501     0.924169    49060       0.123491       0.253665              0               0.54     0.5893
                                                                          Full model + genetic risk

----------------------------------------------------------------------------- EffectName=CESD10 -----------------------------------------------------------------------------

                                                                           The MIANALYZE Procedure

                                                                              Model Information

                                                               Data Set                  WORK.GENMOD_RESULTS_4
                                                               Number of Imputations     10                   


                                                                    Variance Information (10 Imputations)
 
                                                                                                       Relative       Fraction
                                             -----------------Variance-----------------                Increase        Missing       Relative
                                Parameter         Between         Within          Total       DF    in Variance    Information     Efficiency

                                Estimate      0.000074334       0.000474       0.000556   415.95       0.172465       0.151168       0.985108


                                                                    Parameter Estimates (10 Imputations)
 
                                                                                                                                             t for H0:
           Parameter        Estimate      Std Error    95% Confidence Limits        DF        Minimum        Maximum         Theta0   Parameter=Theta0   Pr > |t|

           Estimate         0.017127       0.023577     -0.02922     0.063472   415.95       0.003183       0.034751              0               0.73     0.4680
                                                                          Full model + genetic risk

----------------------------------------------------------------------- EffectName=CURRENT_SMOKER_NO ------------------------------------------------------------------------

                                                                           The MIANALYZE Procedure

                                                                              Model Information

                                                               Data Set                  WORK.GENMOD_RESULTS_4
                                                               Number of Imputations     10                   


                                                                    Variance Information (10 Imputations)
 
                                                                                                       Relative       Fraction
                                             -----------------Variance-----------------                Increase        Missing       Relative
                                Parameter         Between         Within          Total       DF    in Variance    Information     Efficiency

                                Estimate                0              0              0        .              .              .              .


                                                                    Parameter Estimates (10 Imputations)
 
                                                                                                                                             t for H0:
           Parameter        Estimate      Std Error    95% Confidence Limits        DF        Minimum        Maximum         Theta0   Parameter=Theta0   Pr > |t|

           Estimate                0              0            .            .        .              0              0              0                .        .    
                                                                          Full model + genetic risk

----------------------------------------------------------------------- EffectName=CURRENT_SMOKER_YES -----------------------------------------------------------------------

                                                                           The MIANALYZE Procedure

                                                                              Model Information

                                                               Data Set                  WORK.GENMOD_RESULTS_4
                                                               Number of Imputations     10                   


                                                                    Variance Information (10 Imputations)
 
                                                                                                       Relative       Fraction
                                             -----------------Variance-----------------                Increase        Missing       Relative
                                Parameter         Between         Within          Total       DF    in Variance    Information     Efficiency

                                Estimate         0.009618       0.077823       0.088402   628.41       0.135942       0.122462       0.987902


                                                                    Parameter Estimates (10 Imputations)
 
                                                                                                                                             t for H0:
           Parameter        Estimate      Std Error    95% Confidence Limits        DF        Minimum        Maximum         Theta0   Parameter=Theta0   Pr > |t|

           Estimate        -0.010058       0.297325     -0.59393     0.573813   628.41      -0.147369       0.162574              0              -0.03     0.9730
                                                                          Full model + genetic risk

-------------------------------------------------------------- EffectName=EDUCATION_C3_AT_MOST_HIGHSCHOOL_GED ---------------------------------------------------------------

                                                                           The MIANALYZE Procedure

                                                                              Model Information

                                                               Data Set                  WORK.GENMOD_RESULTS_4
                                                               Number of Imputations     10                   


                                                                    Variance Information (10 Imputations)
 
                                                                                                       Relative       Fraction
                                             -----------------Variance-----------------                Increase        Missing       Relative
                                Parameter         Between         Within          Total       DF    in Variance    Information     Efficiency

                                Estimate         0.001247       0.041529       0.042901   8802.5       0.033032       0.032195       0.996791


                                                                    Parameter Estimates (10 Imputations)
 
                                                                                                                                             t for H0:
           Parameter        Estimate      Std Error    95% Confidence Limits        DF        Minimum        Maximum         Theta0   Parameter=Theta0   Pr > |t|

           Estimate         0.113100       0.207125     -0.29291     0.519113   8802.5       0.037458       0.156312              0               0.55     0.5850
                                                                          Full model + genetic risk

------------------------------------------------------------------- EffectName=EDUCATION_C3_G_HIGHSCHOOL --------------------------------------------------------------------

                                                                           The MIANALYZE Procedure

                                                                              Model Information

                                                               Data Set                  WORK.GENMOD_RESULTS_4
                                                               Number of Imputations     10                   


                                                                    Variance Information (10 Imputations)
 
                                                                                                       Relative       Fraction
                                             -----------------Variance-----------------                Increase        Missing       Relative
                                Parameter         Between         Within          Total       DF    in Variance    Information     Efficiency

                                Estimate         0.002177       0.049273       0.051668   4188.7       0.048607       0.046809       0.995341


                                                                    Parameter Estimates (10 Imputations)
 
                                                                                                                                             t for H0:
           Parameter        Estimate      Std Error    95% Confidence Limits        DF        Minimum        Maximum         Theta0   Parameter=Theta0   Pr > |t|

           Estimate        -0.075463       0.227306     -0.52110     0.370178   4188.7      -0.188813      -0.020388              0              -0.33     0.7399
                                                                          Full model + genetic risk

----------------------------------------------------------------- EffectName=EDUCATION_C3_N_HIGHSCHOOL_GED ------------------------------------------------------------------

                                                                           The MIANALYZE Procedure

                                                                              Model Information

                                                               Data Set                  WORK.GENMOD_RESULTS_4
                                                               Number of Imputations     10                   


                                                                    Variance Information (10 Imputations)
 
                                                                                                       Relative       Fraction
                                             -----------------Variance-----------------                Increase        Missing       Relative
                                Parameter         Between         Within          Total       DF    in Variance    Information     Efficiency

                                Estimate                0              0              0        .              .              .              .


                                                                    Parameter Estimates (10 Imputations)
 
                                                                                                                                             t for H0:
           Parameter        Estimate      Std Error    95% Confidence Limits        DF        Minimum        Maximum         Theta0   Parameter=Theta0   Pr > |t|

           Estimate                0              0            .            .        .              0              0              0                .        .    
                                                                          Full model + genetic risk

---------------------------------------------------------------------- EffectName=EMPLOYEDYN_EMPLOYED -----------------------------------------------------------------------

                                                                           The MIANALYZE Procedure

                                                                              Model Information

                                                               Data Set                  WORK.GENMOD_RESULTS_4
                                                               Number of Imputations     10                   


                                                                    Variance Information (10 Imputations)
 
                                                                                                       Relative       Fraction
                                             -----------------Variance-----------------                Increase        Missing       Relative
                                Parameter         Between         Within          Total       DF    in Variance    Information     Efficiency

                                Estimate         0.003263       0.030742       0.034331   823.56       0.116742       0.106705       0.989442


                                                                    Parameter Estimates (10 Imputations)
 
                                                                                                                                             t for H0:
           Parameter        Estimate      Std Error    95% Confidence Limits        DF        Minimum        Maximum         Theta0   Parameter=Theta0   Pr > |t|

           Estimate         0.411390       0.185286     0.047702     0.775077   823.56       0.317389       0.471513              0               2.22     0.0267
                                                                          Full model + genetic risk

-------------------------------------------------------------------- EffectName=EMPLOYEDYN_NOT_EMPLOYED ---------------------------------------------------------------------

                                                                           The MIANALYZE Procedure

                                                                              Model Information

                                                               Data Set                  WORK.GENMOD_RESULTS_4
                                                               Number of Imputations     10                   


                                                                    Variance Information (10 Imputations)
 
                                                                                                       Relative       Fraction
                                             -----------------Variance-----------------                Increase        Missing       Relative
                                Parameter         Between         Within          Total       DF    in Variance    Information     Efficiency

                                Estimate                0              0              0        .              .              .              .


                                                                    Parameter Estimates (10 Imputations)
 
                                                                                                                                             t for H0:
           Parameter        Estimate      Std Error    95% Confidence Limits        DF        Minimum        Maximum         Theta0   Parameter=Theta0   Pr > |t|

           Estimate                0              0            .            .        .              0              0              0                .        .    
                                                                          Full model + genetic risk

---------------------------------------------------------------------------- EffectName=HEI2010 -----------------------------------------------------------------------------

                                                                           The MIANALYZE Procedure

                                                                              Model Information

                                                               Data Set                  WORK.GENMOD_RESULTS_4
                                                               Number of Imputations     10                   


                                                                    Variance Information (10 Imputations)
 
                                                                                                       Relative       Fraction
                                             -----------------Variance-----------------                Increase        Missing       Relative
                                Parameter         Between         Within          Total       DF    in Variance    Information     Efficiency

                                Estimate      0.000004995    0.000046710    0.000052204   812.51       0.117626       0.107440       0.989370


                                                                    Parameter Estimates (10 Imputations)
 
                                                                                                                                             t for H0:
           Parameter        Estimate      Std Error    95% Confidence Limits        DF        Minimum        Maximum         Theta0   Parameter=Theta0   Pr > |t|

           Estimate         0.012472       0.007225     -0.00171     0.026654   812.51       0.007200       0.015129              0               1.73     0.0847
                                                                          Full model + genetic risk

----------------------------------------------------------------------------- EffectName=HEIGHT -----------------------------------------------------------------------------

                                                                           The MIANALYZE Procedure

                                                                              Model Information

                                                               Data Set                  WORK.GENMOD_RESULTS_4
                                                               Number of Imputations     10                   


                                                                    Variance Information (10 Imputations)
 
                                                                                                       Relative       Fraction
                                             -----------------Variance-----------------                Increase        Missing       Relative
                                Parameter         Between         Within          Total       DF    in Variance    Information     Efficiency

                                Estimate      0.000017340       0.000205       0.000224   1246.7       0.092855       0.086430       0.991431


                                                                    Parameter Estimates (10 Imputations)
 
                                                                                                                                             t for H0:
           Parameter        Estimate      Std Error    95% Confidence Limits        DF        Minimum        Maximum         Theta0   Parameter=Theta0   Pr > |t|

           Estimate         0.058717       0.014983     0.029322     0.088112   1246.7       0.050681       0.064529              0               3.92     <.0001
                                                                          Full model + genetic risk

------------------------------------------------------------------------- EffectName=INCOME_C2_<30 --------------------------------------------------------------------------

                                                                           The MIANALYZE Procedure

                                                                              Model Information

                                                               Data Set                  WORK.GENMOD_RESULTS_4
                                                               Number of Imputations     10                   


                                                                    Variance Information (10 Imputations)
 
                                                                                                       Relative       Fraction
                                             -----------------Variance-----------------                Increase        Missing       Relative
                                Parameter         Between         Within          Total       DF    in Variance    Information     Efficiency

                                Estimate         0.017801       0.049983       0.069564   113.59       0.391745       0.293803       0.971458


                                                                    Parameter Estimates (10 Imputations)
 
                                                                                                                                             t for H0:
           Parameter        Estimate      Std Error    95% Confidence Limits        DF        Minimum        Maximum         Theta0   Parameter=Theta0   Pr > |t|

           Estimate        -0.003523       0.263750     -0.52603     0.518984   113.59      -0.220063       0.173395              0              -0.01     0.9894
                                                                          Full model + genetic risk

------------------------------------------------------------------------- EffectName=INCOME_C2_>30 --------------------------------------------------------------------------

                                                                           The MIANALYZE Procedure

                                                                              Model Information

                                                               Data Set                  WORK.GENMOD_RESULTS_4
                                                               Number of Imputations     10                   


                                                                    Variance Information (10 Imputations)
 
                                                                                                       Relative       Fraction
                                             -----------------Variance-----------------                Increase        Missing       Relative
                                Parameter         Between         Within          Total       DF    in Variance    Information     Efficiency

                                Estimate                0              0              0        .              .              .              .


                                                                    Parameter Estimates (10 Imputations)
 
                                                                                                                                             t for H0:
           Parameter        Estimate      Std Error    95% Confidence Limits        DF        Minimum        Maximum         Theta0   Parameter=Theta0   Pr > |t|

           Estimate                0              0            .            .        .              0              0              0                .        .    
                                                                          Full model + genetic risk

--------------------------------------------------------------------------- EffectName=Intercept ----------------------------------------------------------------------------

                                                                           The MIANALYZE Procedure

                                                                              Model Information

                                                               Data Set                  WORK.GENMOD_RESULTS_4
                                                               Number of Imputations     10                   


                                                                    Variance Information (10 Imputations)
 
                                                                                                       Relative       Fraction
                                             -----------------Variance-----------------                Increase        Missing       Relative
                                Parameter         Between         Within          Total       DF    in Variance    Information     Efficiency

                                Estimate         0.406886       5.514694       5.962269   1597.1       0.081160       0.076224       0.992435


                                                                    Parameter Estimates (10 Imputations)
 
                                                                                                                                             t for H0:
           Parameter        Estimate      Std Error    95% Confidence Limits        DF        Minimum        Maximum         Theta0   Parameter=Theta0   Pr > |t|

           Estimate       -10.441962       2.441776     -15.2314     -5.65254   1597.1     -11.031171      -8.819778              0              -4.28     <.0001
                                                                          Full model + genetic risk

----------------------------------------------------------------------- EffectName=LANG_PREF_ENGLISH ------------------------------------------------------------------------

                                                                           The MIANALYZE Procedure

                                                                              Model Information

                                                               Data Set                  WORK.GENMOD_RESULTS_4
                                                               Number of Imputations     10                   


                                                                    Variance Information (10 Imputations)
 
                                                                                                       Relative       Fraction
                                             -----------------Variance-----------------                Increase        Missing       Relative
                                Parameter         Between         Within          Total       DF    in Variance    Information     Efficiency

                                Estimate                0              0              0        .              .              .              .


                                                                    Parameter Estimates (10 Imputations)
 
                                                                                                                                             t for H0:
           Parameter        Estimate      Std Error    95% Confidence Limits        DF        Minimum        Maximum         Theta0   Parameter=Theta0   Pr > |t|

           Estimate                0              0            .            .        .              0              0              0                .        .    
                                                                          Full model + genetic risk

----------------------------------------------------------------------- EffectName=LANG_PREF_SPANISH ------------------------------------------------------------------------

                                                                           The MIANALYZE Procedure

                                                                              Model Information

                                                               Data Set                  WORK.GENMOD_RESULTS_4
                                                               Number of Imputations     10                   


                                                                    Variance Information (10 Imputations)
 
                                                                                                       Relative       Fraction
                                             -----------------Variance-----------------                Increase        Missing       Relative
                                Parameter         Between         Within          Total       DF    in Variance    Information     Efficiency

                                Estimate         0.000516       0.056871       0.057439    92002       0.009989       0.009912       0.999010


                                                                    Parameter Estimates (10 Imputations)
 
                                                                                                                                             t for H0:
           Parameter        Estimate      Std Error    95% Confidence Limits        DF        Minimum        Maximum         Theta0   Parameter=Theta0   Pr > |t|

           Estimate         0.078305       0.239664     -0.39143     0.548044    92002       0.044098       0.108429              0               0.33     0.7439
                                                                          Full model + genetic risk

------------------------------------------------------------------- EffectName=MARITAL_STATUS_COHABITING --------------------------------------------------------------------

                                                                           The MIANALYZE Procedure

                                                                              Model Information

                                                               Data Set                  WORK.GENMOD_RESULTS_4
                                                               Number of Imputations     10                   


                                                                    Variance Information (10 Imputations)
 
                                                                                                       Relative       Fraction
                                             -----------------Variance-----------------                Increase        Missing       Relative
                                Parameter         Between         Within          Total       DF    in Variance    Information     Efficiency

                                Estimate         0.001991       0.036264       0.038454   2773.7       0.060403       0.057642       0.994269


                                                                    Parameter Estimates (10 Imputations)
 
                                                                                                                                             t for H0:
           Parameter        Estimate      Std Error    95% Confidence Limits        DF        Minimum        Maximum         Theta0   Parameter=Theta0   Pr > |t|

           Estimate        -0.295966       0.196097     -0.68048     0.088546   2773.7      -0.362924      -0.219500              0              -1.51     0.1313
                                                                          Full model + genetic risk

-------------------------------------------------------------------- EffectName=MARITAL_STATUS_SEPARATED --------------------------------------------------------------------

                                                                           The MIANALYZE Procedure

                                                                              Model Information

                                                               Data Set                  WORK.GENMOD_RESULTS_4
                                                               Number of Imputations     10                   


                                                                    Variance Information (10 Imputations)
 
                                                                                                       Relative       Fraction
                                             -----------------Variance-----------------                Increase        Missing       Relative
                                Parameter         Between         Within          Total       DF    in Variance    Information     Efficiency

                                Estimate         0.003584       0.177321       0.181263    19026       0.022233       0.021852       0.997820


                                                                    Parameter Estimates (10 Imputations)
 
                                                                                                                                             t for H0:
           Parameter        Estimate      Std Error    95% Confidence Limits        DF        Minimum        Maximum         Theta0   Parameter=Theta0   Pr > |t|

           Estimate         0.576759       0.425750     -0.25775     1.411267    19026       0.502697       0.709955              0               1.35     0.1755
                                                                          Full model + genetic risk

--------------------------------------------------------------------- EffectName=MARITAL_STATUS_SINGLE ----------------------------------------------------------------------

                                                                           The MIANALYZE Procedure

                                                                              Model Information

                                                               Data Set                  WORK.GENMOD_RESULTS_4
                                                               Number of Imputations     10                   


                                                                    Variance Information (10 Imputations)
 
                                                                                                       Relative       Fraction
                                             -----------------Variance-----------------                Increase        Missing       Relative
                                Parameter         Between         Within          Total       DF    in Variance    Information     Efficiency

                                Estimate                0              0              0        .              .              .              .


                                                                    Parameter Estimates (10 Imputations)
 
                                                                                                                                             t for H0:
           Parameter        Estimate      Std Error    95% Confidence Limits        DF        Minimum        Maximum         Theta0   Parameter=Theta0   Pr > |t|

           Estimate                0              0            .            .        .              0              0              0                .        .    
                                                                          Full model + genetic risk

---------------------------------------------------------------------------- EffectName=N_HC_NO -----------------------------------------------------------------------------

                                                                           The MIANALYZE Procedure

                                                                              Model Information

                                                               Data Set                  WORK.GENMOD_RESULTS_4
                                                               Number of Imputations     10                   


                                                                    Variance Information (10 Imputations)
 
                                                                                                       Relative       Fraction
                                             -----------------Variance-----------------                Increase        Missing       Relative
                                Parameter         Between         Within          Total       DF    in Variance    Information     Efficiency

                                Estimate         0.003211       0.034871       0.038403   1063.9       0.101291       0.093677       0.990719


                                                                    Parameter Estimates (10 Imputations)
 
                                                                                                                                             t for H0:
           Parameter        Estimate      Std Error    95% Confidence Limits        DF        Minimum        Maximum         Theta0   Parameter=Theta0   Pr > |t|

           Estimate        -0.014120       0.195966     -0.39864     0.370404   1063.9      -0.094714       0.039892              0              -0.07     0.9426
                                                                          Full model + genetic risk

---------------------------------------------------------------------------- EffectName=N_HC_YES ----------------------------------------------------------------------------

                                                                           The MIANALYZE Procedure

                                                                              Model Information

                                                               Data Set                  WORK.GENMOD_RESULTS_4
                                                               Number of Imputations     10                   


                                                                    Variance Information (10 Imputations)
 
                                                                                                       Relative       Fraction
                                             -----------------Variance-----------------                Increase        Missing       Relative
                                Parameter         Between         Within          Total       DF    in Variance    Information     Efficiency

                                Estimate                0              0              0        .              .              .              .


                                                                    Parameter Estimates (10 Imputations)
 
                                                                                                                                             t for H0:
           Parameter        Estimate      Std Error    95% Confidence Limits        DF        Minimum        Maximum         Theta0   Parameter=Theta0   Pr > |t|

           Estimate                0              0            .            .        .              0              0              0                .        .    
                                                                          Full model + genetic risk

--------------------------------------------------------------------------- EffectName=PARITY_V1 ----------------------------------------------------------------------------

                                                                           The MIANALYZE Procedure

                                                                              Model Information

                                                               Data Set                  WORK.GENMOD_RESULTS_4
                                                               Number of Imputations     10                   


                                                                    Variance Information (10 Imputations)
 
                                                                                                       Relative       Fraction
                                             -----------------Variance-----------------                Increase        Missing       Relative
                                Parameter         Between         Within          Total       DF    in Variance    Information     Efficiency

                                Estimate         0.002450       0.010118       0.012813   203.41       0.266380       0.217999       0.978665


                                                                    Parameter Estimates (10 Imputations)
 
                                                                                                                                             t for H0:
           Parameter        Estimate      Std Error    95% Confidence Limits        DF        Minimum        Maximum         Theta0   Parameter=Theta0   Pr > |t|

           Estimate         0.079430       0.113195     -0.14376     0.302615   203.41      -0.007465       0.139494              0               0.70     0.4837
                                                                          Full model + genetic risk

---------------------------------------------------------------------------- EffectName=PCT_MVPA ----------------------------------------------------------------------------

                                                                           The MIANALYZE Procedure

                                                                              Model Information

                                                               Data Set                  WORK.GENMOD_RESULTS_4
                                                               Number of Imputations     10                   


                                                                    Variance Information (10 Imputations)
 
                                                                                                       Relative       Fraction
                                             -----------------Variance-----------------                Increase        Missing       Relative
                                Parameter         Between         Within          Total       DF    in Variance    Information     Efficiency

                                Estimate         0.002313       0.004463       0.007007   68.282       0.569982       0.380921       0.963306


                                                                    Parameter Estimates (10 Imputations)
 
                                                                                                                                             t for H0:
           Parameter        Estimate      Std Error    95% Confidence Limits        DF        Minimum        Maximum         Theta0   Parameter=Theta0   Pr > |t|

           Estimate         0.049280       0.083710     -0.11775     0.216308   68.282      -0.014895       0.119248              0               0.59     0.5580
                                                                          Full model + genetic risk

----------------------------------------------------------------------------- EffectName=POVPCT -----------------------------------------------------------------------------

                                                                           The MIANALYZE Procedure

                                                                              Model Information

                                                               Data Set                  WORK.GENMOD_RESULTS_4
                                                               Number of Imputations     10                   


                                                                    Variance Information (10 Imputations)
 
                                                                                                       Relative       Fraction
                                             -----------------Variance-----------------                Increase        Missing       Relative
                                Parameter         Between         Within          Total       DF    in Variance    Information     Efficiency

                                Estimate      0.000000776    0.000001375    0.000002228   61.356       0.620728       0.402168       0.961338


                                                                    Parameter Estimates (10 Imputations)
 
                                                                                                                                             t for H0:
           Parameter        Estimate      Std Error    95% Confidence Limits        DF        Minimum        Maximum         Theta0   Parameter=Theta0   Pr > |t|

           Estimate        -0.001225       0.001493     -0.00421     0.001760   61.356      -0.002230       0.000364              0              -0.82     0.4151
                                                                          Full model + genetic risk

----------------------------------------------------------------------------- EffectName=SLPDUR -----------------------------------------------------------------------------

                                                                           The MIANALYZE Procedure

                                                                              Model Information

                                                               Data Set                  WORK.GENMOD_RESULTS_4
                                                               Number of Imputations     10                   


                                                                    Variance Information (10 Imputations)
 
                                                                                                       Relative       Fraction
                                             -----------------Variance-----------------                Increase        Missing       Relative
                                Parameter         Between         Within          Total       DF    in Variance    Information     Efficiency

                                Estimate         0.000407       0.003891       0.004339    844.2       0.115140       0.105369       0.989573


                                                                    Parameter Estimates (10 Imputations)
 
                                                                                                                                             t for H0:
           Parameter        Estimate      Std Error    95% Confidence Limits        DF        Minimum        Maximum         Theta0   Parameter=Theta0   Pr > |t|

           Estimate         0.096301       0.065875     -0.03300     0.225598    844.2       0.057171       0.126214              0               1.46     0.1441
                                                                          Full model + genetic risk

----------------------------------------------------------------------------- EffectName=STAI10 -----------------------------------------------------------------------------

                                                                           The MIANALYZE Procedure

                                                                              Model Information

                                                               Data Set                  WORK.GENMOD_RESULTS_4
                                                               Number of Imputations     10                   


                                                                    Variance Information (10 Imputations)
 
                                                                                                       Relative       Fraction
                                             -----------------Variance-----------------                Increase        Missing       Relative
                                Parameter         Between         Within          Total       DF    in Variance    Information     Efficiency

                                Estimate      0.000051887       0.000471       0.000528   770.64       0.121162       0.110374       0.989083


                                                                    Parameter Estimates (10 Imputations)
 
                                                                                                                                             t for H0:
           Parameter        Estimate      Std Error    95% Confidence Limits        DF        Minimum        Maximum         Theta0   Parameter=Theta0   Pr > |t|

           Estimate        -0.010287       0.022981     -0.05540     0.034827   770.64      -0.021733       0.001291              0              -0.45     0.6546
                                                                          Full model + genetic risk

----------------------------------------------------------------------------- EffectName=Scale ------------------------------------------------------------------------------

                                                                           The MIANALYZE Procedure

                                                                              Model Information

                                                               Data Set                  WORK.GENMOD_RESULTS_4
                                                               Number of Imputations     10                   


                                                                    Variance Information (10 Imputations)
 
                                                                                                       Relative       Fraction
                                             -----------------Variance-----------------                Increase        Missing       Relative
                                Parameter         Between         Within          Total       DF    in Variance    Information     Efficiency

                                Estimate         0.000220       0.002526       0.002767   1180.3       0.095676       0.088864       0.991192


                                                                    Parameter Estimates (10 Imputations)
 
                                                                                                                                             t for H0:
           Parameter        Estimate      Std Error    95% Confidence Limits        DF        Minimum        Maximum         Theta0   Parameter=Theta0   Pr > |t|

           Estimate         1.007528       0.052605     0.904318     1.110738   1180.3       0.984725       1.024563              0              19.15     <.0001
                                                                          Full model + genetic risk

----------------------------------------------------------------------- EffectName=YRSUS_C3_10+_Years -----------------------------------------------------------------------

                                                                           The MIANALYZE Procedure

                                                                              Model Information

                                                               Data Set                  WORK.GENMOD_RESULTS_4
                                                               Number of Imputations     10                   


                                                                    Variance Information (10 Imputations)
 
                                                                                                       Relative       Fraction
                                             -----------------Variance-----------------                Increase        Missing       Relative
                                Parameter         Between         Within          Total       DF    in Variance    Information     Efficiency

                                Estimate         0.002704       0.074928       0.077903   6171.9       0.039703       0.038498       0.996165


                                                                    Parameter Estimates (10 Imputations)
 
                                                                                                                                             t for H0:
           Parameter        Estimate      Std Error    95% Confidence Limits        DF        Minimum        Maximum         Theta0   Parameter=Theta0   Pr > |t|

           Estimate        -0.393987       0.279111     -0.94114     0.153168   6171.9      -0.457426      -0.294632              0              -1.41     0.1581
                                                                          Full model + genetic risk

----------------------------------------------------------------------- EffectName=YRSUS_C3_<10_Years -----------------------------------------------------------------------

                                                                           The MIANALYZE Procedure

                                                                              Model Information

                                                               Data Set                  WORK.GENMOD_RESULTS_4
                                                               Number of Imputations     10                   


                                                                    Variance Information (10 Imputations)
 
                                                                                                       Relative       Fraction
                                             -----------------Variance-----------------                Increase        Missing       Relative
                                Parameter         Between         Within          Total       DF    in Variance    Information     Efficiency

                                Estimate         0.001788       0.076726       0.078692    14411       0.025631       0.025126       0.997494


                                                                    Parameter Estimates (10 Imputations)
 
                                                                                                                                             t for H0:
           Parameter        Estimate      Std Error    95% Confidence Limits        DF        Minimum        Maximum         Theta0   Parameter=Theta0   Pr > |t|

           Estimate        -0.402194       0.280522     -0.95205     0.147665    14411      -0.461240      -0.318607              0              -1.43     0.1517
                                                                          Full model + genetic risk

------------------------------------------------------------------------ EffectName=YRSUS_C3_US_BORN ------------------------------------------------------------------------

                                                                           The MIANALYZE Procedure

                                                                              Model Information

                                                               Data Set                  WORK.GENMOD_RESULTS_4
                                                               Number of Imputations     10                   


                                                                    Variance Information (10 Imputations)
 
                                                                                                       Relative       Fraction
                                             -----------------Variance-----------------                Increase        Missing       Relative
                                Parameter         Between         Within          Total       DF    in Variance    Information     Efficiency

                                Estimate                0              0              0        .              .              .              .


                                                                    Parameter Estimates (10 Imputations)
 
                                                                                                                                             t for H0:
           Parameter        Estimate      Std Error    95% Confidence Limits        DF        Minimum        Maximum         Theta0   Parameter=Theta0   Pr > |t|

           Estimate                0              0            .            .        .              0              0              0                .        .    
                                                                          Full model + genetic risk

--------------------------------------------------------------------------- EffectName=YRSV1BIRTH ---------------------------------------------------------------------------

                                                                           The MIANALYZE Procedure

                                                                              Model Information

                                                               Data Set                  WORK.GENMOD_RESULTS_4
                                                               Number of Imputations     10                   


                                                                    Variance Information (10 Imputations)
 
                                                                                                       Relative       Fraction
                                             -----------------Variance-----------------                Increase        Missing       Relative
                                Parameter         Between         Within          Total       DF    in Variance    Information     Efficiency

                                Estimate         0.000143       0.002447       0.002605   2451.4       0.064500       0.061357       0.993902


                                                                    Parameter Estimates (10 Imputations)
 
                                                                                                                                             t for H0:
           Parameter        Estimate      Std Error    95% Confidence Limits        DF        Minimum        Maximum         Theta0   Parameter=Theta0   Pr > |t|

           Estimate        -0.012427       0.051038     -0.11251     0.087656   2451.4      -0.026017       0.002953              0              -0.24     0.8077
                                                                          Full model + genetic risk

---------------------------------------------------------------------------- EffectName=ANTA10A -----------------------------------------------------------------------------

                                                                           The MIANALYZE Procedure

                                                                              Model Information

                                                               Data Set                  WORK.GENMOD_RESULTS_5
                                                               Number of Imputations     10                   


                                                                    Variance Information (10 Imputations)
 
                                                                                                       Relative       Fraction
                                             -----------------Variance-----------------                Increase        Missing       Relative
                                Parameter         Between         Within          Total       DF    in Variance    Information     Efficiency

                                Estimate      0.000009309       0.000228       0.000238   4867.9       0.044930       0.043391       0.995680


                                                                    Parameter Estimates (10 Imputations)
 
                                                                                                                                             t for H0:
           Parameter        Estimate      Std Error    95% Confidence Limits        DF        Minimum        Maximum         Theta0   Parameter=Theta0   Pr > |t|

           Estimate        -0.029999       0.015432     -0.06025     0.000254   4867.9      -0.034186      -0.022973              0              -1.94     0.0520
                                                                          Full model + genetic risk

-------------------------------------------------------------------- EffectName=BKGRD1_C7NOMISS_BK_OTHER --------------------------------------------------------------------

                                                                           The MIANALYZE Procedure

                                                                              Model Information

                                                               Data Set                  WORK.GENMOD_RESULTS_5
                                                               Number of Imputations     10                   


                                                                    Variance Information (10 Imputations)
 
                                                                                                       Relative       Fraction
                                             -----------------Variance-----------------                Increase        Missing       Relative
                                Parameter         Between         Within          Total       DF    in Variance    Information     Efficiency

                                Estimate         0.153638       0.464252       0.633254   126.36       0.364029       0.278212       0.972932


                                                                    Parameter Estimates (10 Imputations)
 
                                                                                                                                             t for H0:
           Parameter        Estimate      Std Error    95% Confidence Limits        DF        Minimum        Maximum         Theta0   Parameter=Theta0   Pr > |t|

           Estimate        -1.084502       0.795772     -2.65927     0.490265   126.36      -1.702222      -0.577288              0              -1.36     0.1754
                                                                          Full model + genetic risk

--------------------------------------------------------------------- EffectName=BKGRD1_C7NOMISS_CUBAN ----------------------------------------------------------------------

                                                                           The MIANALYZE Procedure

                                                                              Model Information

                                                               Data Set                  WORK.GENMOD_RESULTS_5
                                                               Number of Imputations     10                   


                                                                    Variance Information (10 Imputations)
 
                                                                                                       Relative       Fraction
                                             -----------------Variance-----------------                Increase        Missing       Relative
                                Parameter         Between         Within          Total       DF    in Variance    Information     Efficiency

                                Estimate         0.000405       0.181957       0.182402   1.51E6       0.002446       0.002441       0.999756


                                                                    Parameter Estimates (10 Imputations)
 
                                                                                                                                             t for H0:
           Parameter        Estimate      Std Error    95% Confidence Limits        DF        Minimum        Maximum         Theta0   Parameter=Theta0   Pr > |t|

           Estimate         1.022689       0.427086     0.185615     1.859762   1.51E6       0.999175       1.054316              0               2.39     0.0166
                                                                          Full model + genetic risk

------------------------------------------------------------------- EffectName=BKGRD1_C7NOMISS_C_AMERICAN -------------------------------------------------------------------

                                                                           The MIANALYZE Procedure

                                                                              Model Information

                                                               Data Set                  WORK.GENMOD_RESULTS_5
                                                               Number of Imputations     10                   


                                                                    Variance Information (10 Imputations)
 
                                                                                                       Relative       Fraction
                                             -----------------Variance-----------------                Increase        Missing       Relative
                                Parameter         Between         Within          Total       DF    in Variance    Information     Efficiency

                                Estimate         0.000305       0.117582       0.117918   1.11E6       0.002851       0.002845       0.999716


                                                                    Parameter Estimates (10 Imputations)
 
                                                                                                                                             t for H0:
           Parameter        Estimate      Std Error    95% Confidence Limits        DF        Minimum        Maximum         Theta0   Parameter=Theta0   Pr > |t|

           Estimate         0.305162       0.343391     -0.36787     0.978197   1.11E6       0.270047       0.321778              0               0.89     0.3742
                                                                          Full model + genetic risk

------------------------------------------------------------------- EffectName=BKGRD1_C7NOMISS_DOMINICAN --------------------------------------------------------------------

                                                                           The MIANALYZE Procedure

                                                                              Model Information

                                                               Data Set                  WORK.GENMOD_RESULTS_5
                                                               Number of Imputations     10                   


                                                                    Variance Information (10 Imputations)
 
                                                                                                       Relative       Fraction
                                             -----------------Variance-----------------                Increase        Missing       Relative
                                Parameter         Between         Within          Total       DF    in Variance    Information     Efficiency

                                Estimate         0.000866       0.160696       0.161649   259192       0.005928       0.005900       0.999410


                                                                    Parameter Estimates (10 Imputations)
 
                                                                                                                                             t for H0:
           Parameter        Estimate      Std Error    95% Confidence Limits        DF        Minimum        Maximum         Theta0   Parameter=Theta0   Pr > |t|

           Estimate         0.289355       0.402056     -0.49866     1.077373   259192       0.233932       0.327664              0               0.72     0.4717
                                                                          Full model + genetic risk

-------------------------------------------------------------------- EffectName=BKGRD1_C7NOMISS_MEXICAN ---------------------------------------------------------------------

                                                                           The MIANALYZE Procedure

                                                                              Model Information

                                                               Data Set                  WORK.GENMOD_RESULTS_5
                                                               Number of Imputations     10                   


                                                                    Variance Information (10 Imputations)
 
                                                                                                       Relative       Fraction
                                             -----------------Variance-----------------                Increase        Missing       Relative
                                Parameter         Between         Within          Total       DF    in Variance    Information     Efficiency

                                Estimate                0              0              0        .              .              .              .


                                                                    Parameter Estimates (10 Imputations)
 
                                                                                                                                             t for H0:
           Parameter        Estimate      Std Error    95% Confidence Limits        DF        Minimum        Maximum         Theta0   Parameter=Theta0   Pr > |t|

           Estimate                0              0            .            .        .              0              0              0                .        .    
                                                                          Full model + genetic risk

----------------------------------------------------------------- EffectName=BKGRD1_C7NOMISS_MORE THAN ONE ------------------------------------------------------------------

                                                                           The MIANALYZE Procedure

                                                                              Model Information

                                                               Data Set                  WORK.GENMOD_RESULTS_5
                                                               Number of Imputations     10                   


                                                                    Variance Information (10 Imputations)
 
                                                                                                       Relative       Fraction
                                             -----------------Variance-----------------                Increase        Missing       Relative
                                Parameter         Between         Within          Total       DF    in Variance    Information     Efficiency

                                Estimate         0.000867       0.153476       0.154429   236102       0.006212       0.006182       0.999382


                                                                    Parameter Estimates (10 Imputations)
 
                                                                                                                                             t for H0:
           Parameter        Estimate      Std Error    95% Confidence Limits        DF        Minimum        Maximum         Theta0   Parameter=Theta0   Pr > |t|

           Estimate         0.317475       0.392975     -0.45275     1.087696   236102       0.267656       0.350017              0               0.81     0.4192
                                                                          Full model + genetic risk

-------------------------------------------------------------------- EffectName=BKGRD1_C7NOMISS_P_RICAN ---------------------------------------------------------------------

                                                                           The MIANALYZE Procedure

                                                                              Model Information

                                                               Data Set                  WORK.GENMOD_RESULTS_5
                                                               Number of Imputations     10                   


                                                                    Variance Information (10 Imputations)
 
                                                                                                       Relative       Fraction
                                             -----------------Variance-----------------                Increase        Missing       Relative
                                Parameter         Between         Within          Total       DF    in Variance    Information     Efficiency

                                Estimate         0.000528       0.132730       0.133311   473662       0.004378       0.004363       0.999564


                                                                    Parameter Estimates (10 Imputations)
 
                                                                                                                                             t for H0:
           Parameter        Estimate      Std Error    95% Confidence Limits        DF        Minimum        Maximum         Theta0   Parameter=Theta0   Pr > |t|

           Estimate        -0.185324       0.365118     -0.90094     0.530295   473662      -0.225145      -0.156256              0              -0.51     0.6118
                                                                          Full model + genetic risk

------------------------------------------------------------------------------ EffectName=BMI -------------------------------------------------------------------------------

                                                                           The MIANALYZE Procedure

                                                                              Model Information

                                                               Data Set                  WORK.GENMOD_RESULTS_5
                                                               Number of Imputations     10                   


                                                                    Variance Information (10 Imputations)
 
                                                                                                       Relative       Fraction
                                             -----------------Variance-----------------                Increase        Missing       Relative
                                Parameter         Between         Within          Total       DF    in Variance    Information     Efficiency

                                Estimate      0.000039146       0.001079       0.001122   6112.7       0.039902       0.038686       0.996146


                                                                    Parameter Estimates (10 Imputations)
 
                                                                                                                                             t for H0:
           Parameter        Estimate      Std Error    95% Confidence Limits        DF        Minimum        Maximum         Theta0   Parameter=Theta0   Pr > |t|

           Estimate         0.130215       0.033500     0.064544     0.195886   6112.7       0.115706       0.136527              0               3.89     0.0001
                                                                          Full model + genetic risk

------------------------------------------------------------------------ EffectName=CENTERNUM_BRONX -------------------------------------------------------------------------

                                                                           The MIANALYZE Procedure

                                                                              Model Information

                                                               Data Set                  WORK.GENMOD_RESULTS_5
                                                               Number of Imputations     10                   


                                                                    Variance Information (10 Imputations)
 
                                                                                                       Relative       Fraction
                                             -----------------Variance-----------------                Increase        Missing       Relative
                                Parameter         Between         Within          Total       DF    in Variance    Information     Efficiency

                                Estimate                0              0              0        .              .              .              .


                                                                    Parameter Estimates (10 Imputations)
 
                                                                                                                                             t for H0:
           Parameter        Estimate      Std Error    95% Confidence Limits        DF        Minimum        Maximum         Theta0   Parameter=Theta0   Pr > |t|

           Estimate                0              0            .            .        .              0              0              0                .        .    
                                                                          Full model + genetic risk

----------------------------------------------------------------------- EffectName=CENTERNUM_CHICAGO ------------------------------------------------------------------------

                                                                           The MIANALYZE Procedure

                                                                              Model Information

                                                               Data Set                  WORK.GENMOD_RESULTS_5
                                                               Number of Imputations     10                   


                                                                    Variance Information (10 Imputations)
 
                                                                                                       Relative       Fraction
                                             -----------------Variance-----------------                Increase        Missing       Relative
                                Parameter         Between         Within          Total       DF    in Variance    Information     Efficiency

                                Estimate         0.001064       0.097963       0.099133    64610       0.011943       0.011833       0.998818


                                                                    Parameter Estimates (10 Imputations)
 
                                                                                                                                             t for H0:
           Parameter        Estimate      Std Error    95% Confidence Limits        DF        Minimum        Maximum         Theta0   Parameter=Theta0   Pr > |t|

           Estimate         0.076737       0.314854     -0.54038     0.693852    64610       0.028585       0.127382              0               0.24     0.8074
                                                                          Full model + genetic risk

------------------------------------------------------------------------ EffectName=CENTERNUM_MIAMI -------------------------------------------------------------------------

                                                                           The MIANALYZE Procedure

                                                                              Model Information

                                                               Data Set                  WORK.GENMOD_RESULTS_5
                                                               Number of Imputations     10                   


                                                                    Variance Information (10 Imputations)
 
                                                                                                       Relative       Fraction
                                             -----------------Variance-----------------                Increase        Missing       Relative
                                Parameter         Between         Within          Total       DF    in Variance    Information     Efficiency

                                Estimate         0.000366       0.121620       0.122022   827858       0.003308       0.003300       0.999670


                                                                    Parameter Estimates (10 Imputations)
 
                                                                                                                                             t for H0:
           Parameter        Estimate      Std Error    95% Confidence Limits        DF        Minimum        Maximum         Theta0   Parameter=Theta0   Pr > |t|

           Estimate        -0.563014       0.349317     -1.24766     0.121635   827858      -0.586963      -0.534809              0              -1.61     0.1070
                                                                          Full model + genetic risk

---------------------------------------------------------------------- EffectName=CENTERNUM_SAN DIEGO -----------------------------------------------------------------------

                                                                           The MIANALYZE Procedure

                                                                              Model Information

                                                               Data Set                  WORK.GENMOD_RESULTS_5
                                                               Number of Imputations     10                   


                                                                    Variance Information (10 Imputations)
 
                                                                                                       Relative       Fraction
                                             -----------------Variance-----------------                Increase        Missing       Relative
                                Parameter         Between         Within          Total       DF    in Variance    Information     Efficiency

                                Estimate         0.001190       0.117636       0.118945    74296       0.011129       0.011033       0.998898


                                                                    Parameter Estimates (10 Imputations)
 
                                                                                                                                             t for H0:
           Parameter        Estimate      Std Error    95% Confidence Limits        DF        Minimum        Maximum         Theta0   Parameter=Theta0   Pr > |t|

           Estimate         0.095485       0.344884     -0.58049     0.771456    74296       0.049352       0.146943              0               0.28     0.7819
                                                                          Full model + genetic risk

----------------------------------------------------------------------------- EffectName=HEIGHT -----------------------------------------------------------------------------

                                                                           The MIANALYZE Procedure

                                                                              Model Information

                                                               Data Set                  WORK.GENMOD_RESULTS_5
                                                               Number of Imputations     10                   


                                                                    Variance Information (10 Imputations)
 
                                                                                                       Relative       Fraction
                                             -----------------Variance-----------------                Increase        Missing       Relative
                                Parameter         Between         Within          Total       DF    in Variance    Information     Efficiency

                                Estimate      0.000008650       0.000188       0.000197   3861.4       0.050727       0.048770       0.995147


                                                                    Parameter Estimates (10 Imputations)
 
                                                                                                                                             t for H0:
           Parameter        Estimate      Std Error    95% Confidence Limits        DF        Minimum        Maximum         Theta0   Parameter=Theta0   Pr > |t|

           Estimate         0.054686       0.014039     0.027163     0.082210   3861.4       0.048226       0.058580              0               3.90     <.0001
                                                                          Full model + genetic risk

--------------------------------------------------------------------------- EffectName=Intercept ----------------------------------------------------------------------------

                                                                           The MIANALYZE Procedure

                                                                              Model Information

                                                               Data Set                  WORK.GENMOD_RESULTS_5
                                                               Number of Imputations     10                   


                                                                    Variance Information (10 Imputations)
 
                                                                                                       Relative       Fraction
                                             -----------------Variance-----------------                Increase        Missing       Relative
                                Parameter         Between         Within          Total       DF    in Variance    Information     Efficiency

                                Estimate         0.164303       4.370974       4.551707   5708.4       0.041348       0.040043       0.996012


                                                                    Parameter Estimates (10 Imputations)
 
                                                                                                                                             t for H0:
           Parameter        Estimate      Std Error    95% Confidence Limits        DF        Minimum        Maximum         Theta0   Parameter=Theta0   Pr > |t|

           Estimate        -9.000012       2.133473     -13.1824     -4.81759   5708.4      -9.612500      -8.087829              0              -4.22     <.0001
                                                                          Full model + genetic risk

------------------------------------------------------------------- EffectName=MARITAL_STATUS_COHABITING --------------------------------------------------------------------

                                                                           The MIANALYZE Procedure

                                                                              Model Information

                                                               Data Set                  WORK.GENMOD_RESULTS_5
                                                               Number of Imputations     10                   


                                                                    Variance Information (10 Imputations)
 
                                                                                                       Relative       Fraction
                                             -----------------Variance-----------------                Increase        Missing       Relative
                                Parameter         Between         Within          Total       DF    in Variance    Information     Efficiency

                                Estimate      0.000046293       0.026675       0.026726   2.48E6       0.001909       0.001906       0.999809


                                                                    Parameter Estimates (10 Imputations)
 
                                                                                                                                             t for H0:
           Parameter        Estimate      Std Error    95% Confidence Limits        DF        Minimum        Maximum         Theta0   Parameter=Theta0   Pr > |t|

           Estimate        -0.397755       0.163482     -0.71817     -0.07734   2.48E6      -0.406891      -0.383737              0              -2.43     0.0150
                                                                          Full model + genetic risk

-------------------------------------------------------------------- EffectName=MARITAL_STATUS_SEPARATED --------------------------------------------------------------------

                                                                           The MIANALYZE Procedure

                                                                              Model Information

                                                               Data Set                  WORK.GENMOD_RESULTS_5
                                                               Number of Imputations     10                   


                                                                    Variance Information (10 Imputations)
 
                                                                                                       Relative       Fraction
                                             -----------------Variance-----------------                Increase        Missing       Relative
                                Parameter         Between         Within          Total       DF    in Variance    Information     Efficiency

                                Estimate      0.000049075       0.163721       0.163775   8.28E7       0.000330       0.000330       0.999967


                                                                    Parameter Estimates (10 Imputations)
 
                                                                                                                                             t for H0:
           Parameter        Estimate      Std Error    95% Confidence Limits        DF        Minimum        Maximum         Theta0   Parameter=Theta0   Pr > |t|

           Estimate         0.681440       0.404692     -0.11174     1.474621   8.28E7       0.669498       0.692159              0               1.68     0.0922
                                                                          Full model + genetic risk

--------------------------------------------------------------------- EffectName=MARITAL_STATUS_SINGLE ----------------------------------------------------------------------

                                                                           The MIANALYZE Procedure

                                                                              Model Information

                                                               Data Set                  WORK.GENMOD_RESULTS_5
                                                               Number of Imputations     10                   


                                                                    Variance Information (10 Imputations)
 
                                                                                                       Relative       Fraction
                                             -----------------Variance-----------------                Increase        Missing       Relative
                                Parameter         Between         Within          Total       DF    in Variance    Information     Efficiency

                                Estimate                0              0              0        .              .              .              .


                                                                    Parameter Estimates (10 Imputations)
 
                                                                                                                                             t for H0:
           Parameter        Estimate      Std Error    95% Confidence Limits        DF        Minimum        Maximum         Theta0   Parameter=Theta0   Pr > |t|

           Estimate                0              0            .            .        .              0              0              0                .        .    
                                                                          Full model + genetic risk

----------------------------------------------------------------------------- EffectName=SLPDUR -----------------------------------------------------------------------------

                                                                           The MIANALYZE Procedure

                                                                              Model Information

                                                               Data Set                  WORK.GENMOD_RESULTS_5
                                                               Number of Imputations     10                   


                                                                    Variance Information (10 Imputations)
 
                                                                                                       Relative       Fraction
                                             -----------------Variance-----------------                Increase        Missing       Relative
                                Parameter         Between         Within          Total       DF    in Variance    Information     Efficiency

                                Estimate         0.000251       0.003291       0.003567     1497       0.084055       0.078768       0.992185


                                                                    Parameter Estimates (10 Imputations)
 
                                                                                                                                             t for H0:
           Parameter        Estimate      Std Error    95% Confidence Limits        DF        Minimum        Maximum         Theta0   Parameter=Theta0   Pr > |t|

           Estimate         0.045025       0.059726     -0.07213     0.162181     1497       0.025574       0.071708              0               0.75     0.4511
                                                                          Full model + genetic risk

----------------------------------------------------------------------------- EffectName=Scale ------------------------------------------------------------------------------

                                                                           The MIANALYZE Procedure

                                                                              Model Information

                                                               Data Set                  WORK.GENMOD_RESULTS_5
                                                               Number of Imputations     10                   


                                                                    Variance Information (10 Imputations)
 
                                                                                                       Relative       Fraction
                                             -----------------Variance-----------------                Increase        Missing       Relative
                                Parameter         Between         Within          Total       DF    in Variance    Information     Efficiency

                                Estimate         0.000138       0.002777       0.002929   3360.6       0.054574       0.052314       0.994796


                                                                    Parameter Estimates (10 Imputations)
 
                                                                                                                                             t for H0:
           Parameter        Estimate      Std Error    95% Confidence Limits        DF        Minimum        Maximum         Theta0   Parameter=Theta0   Pr > |t|

           Estimate         1.056553       0.054118     0.950446     1.162661   3360.6       1.040798       1.071615              0              19.52     <.0001
                                                                          Full model + genetic risk

--------------------------------------------------------------------------- EffectName=YRSV1BIRTH ---------------------------------------------------------------------------

                                                                           The MIANALYZE Procedure

                                                                              Model Information

                                                               Data Set                  WORK.GENMOD_RESULTS_5
                                                               Number of Imputations     10                   


                                                                    Variance Information (10 Imputations)
 
                                                                                                       Relative       Fraction
                                             -----------------Variance-----------------                Increase        Missing       Relative
                                Parameter         Between         Within          Total       DF    in Variance    Information     Efficiency

                                Estimate      0.000057693       0.002301       0.002365    12496       0.027577       0.026992       0.997308


                                                                    Parameter Estimates (10 Imputations)
 
                                                                                                                                             t for H0:
           Parameter        Estimate      Std Error    95% Confidence Limits        DF        Minimum        Maximum         Theta0   Parameter=Theta0   Pr > |t|

           Estimate        -0.038180       0.048629     -0.13350     0.057140    12496      -0.048701      -0.026234              0              -0.79     0.4324
                                                                          Full model + genetic risk

---------------------------------------------------------------------------- EffectName=ANTA10A -----------------------------------------------------------------------------

                                                                           The MIANALYZE Procedure

                                                                              Model Information

                                                               Data Set                  WORK.GENMOD_RESULTS_6
                                                               Number of Imputations     10                   


                                                                    Variance Information (10 Imputations)
 
                                                                                                       Relative       Fraction
                                             -----------------Variance-----------------                Increase        Missing       Relative
                                Parameter         Between         Within          Total       DF    in Variance    Information     Efficiency

                                Estimate      0.000008624       0.000221       0.000231   5329.5       0.042855       0.041454       0.995872


                                                                    Parameter Estimates (10 Imputations)
 
                                                                                                                                             t for H0:
           Parameter        Estimate      Std Error    95% Confidence Limits        DF        Minimum        Maximum         Theta0   Parameter=Theta0   Pr > |t|

           Estimate        -0.022258       0.015193     -0.05204     0.007527   5329.5      -0.025963      -0.015393              0              -1.46     0.1430
                                                                          Full model + genetic risk

-------------------------------------------------------------------- EffectName=BKGRD1_C7NOMISS_BK_OTHER --------------------------------------------------------------------

                                                                           The MIANALYZE Procedure

                                                                              Model Information

                                                               Data Set                  WORK.GENMOD_RESULTS_6
                                                               Number of Imputations     10                   


                                                                    Variance Information (10 Imputations)
 
                                                                                                       Relative       Fraction
                                             -----------------Variance-----------------                Increase        Missing       Relative
                                Parameter         Between         Within          Total       DF    in Variance    Information     Efficiency

                                Estimate         0.133091       0.446894       0.593295   147.81       0.327596       0.256748       0.974968


                                                                    Parameter Estimates (10 Imputations)
 
                                                                                                                                             t for H0:
           Parameter        Estimate      Std Error    95% Confidence Limits        DF        Minimum        Maximum         Theta0   Parameter=Theta0   Pr > |t|

           Estimate        -0.808548       0.770256     -2.33069     0.713589   147.81      -1.382684      -0.340115              0              -1.05     0.2956
                                                                          Full model + genetic risk

--------------------------------------------------------------------- EffectName=BKGRD1_C7NOMISS_CUBAN ----------------------------------------------------------------------

                                                                           The MIANALYZE Procedure

                                                                              Model Information

                                                               Data Set                  WORK.GENMOD_RESULTS_6
                                                               Number of Imputations     10                   


                                                                    Variance Information (10 Imputations)
 
                                                                                                       Relative       Fraction
                                             -----------------Variance-----------------                Increase        Missing       Relative
                                Parameter         Between         Within          Total       DF    in Variance    Information     Efficiency

                                Estimate         0.000310       0.172613       0.172954   2.31E6       0.001976       0.001973       0.999803


                                                                    Parameter Estimates (10 Imputations)
 
                                                                                                                                             t for H0:
           Parameter        Estimate      Std Error    95% Confidence Limits        DF        Minimum        Maximum         Theta0   Parameter=Theta0   Pr > |t|

           Estimate         1.069287       0.415877     0.254182     1.884392   2.31E6       1.048191       1.096782              0               2.57     0.0101
                                                                          Full model + genetic risk

------------------------------------------------------------------- EffectName=BKGRD1_C7NOMISS_C_AMERICAN -------------------------------------------------------------------

                                                                           The MIANALYZE Procedure

                                                                              Model Information

                                                               Data Set                  WORK.GENMOD_RESULTS_6
                                                               Number of Imputations     10                   


                                                                    Variance Information (10 Imputations)
 
                                                                                                       Relative       Fraction
                                             -----------------Variance-----------------                Increase        Missing       Relative
                                Parameter         Between         Within          Total       DF    in Variance    Information     Efficiency

                                Estimate         0.000320       0.112570       0.112922   927353       0.003125       0.003117       0.999688


                                                                    Parameter Estimates (10 Imputations)
 
                                                                                                                                             t for H0:
           Parameter        Estimate      Std Error    95% Confidence Limits        DF        Minimum        Maximum         Theta0   Parameter=Theta0   Pr > |t|

           Estimate         0.192016       0.336038     -0.46661     0.850640   927353       0.158086       0.209578              0               0.57     0.5677
                                                                          Full model + genetic risk

------------------------------------------------------------------- EffectName=BKGRD1_C7NOMISS_DOMINICAN --------------------------------------------------------------------

                                                                           The MIANALYZE Procedure

                                                                              Model Information

                                                               Data Set                  WORK.GENMOD_RESULTS_6
                                                               Number of Imputations     10                   


                                                                    Variance Information (10 Imputations)
 
                                                                                                       Relative       Fraction
                                             -----------------Variance-----------------                Increase        Missing       Relative
                                Parameter         Between         Within          Total       DF    in Variance    Information     Efficiency

                                Estimate         0.000641       0.155272       0.155978   440183       0.004542       0.004526       0.999548


                                                                    Parameter Estimates (10 Imputations)
 
                                                                                                                                             t for H0:
           Parameter        Estimate      Std Error    95% Confidence Limits        DF        Minimum        Maximum         Theta0   Parameter=Theta0   Pr > |t|

           Estimate         0.472039       0.394940     -0.30203     1.246109   440183       0.425275       0.508526              0               1.20     0.2320
                                                                          Full model + genetic risk

-------------------------------------------------------------------- EffectName=BKGRD1_C7NOMISS_MEXICAN ---------------------------------------------------------------------

                                                                           The MIANALYZE Procedure

                                                                              Model Information

                                                               Data Set                  WORK.GENMOD_RESULTS_6
                                                               Number of Imputations     10                   


                                                                    Variance Information (10 Imputations)
 
                                                                                                       Relative       Fraction
                                             -----------------Variance-----------------                Increase        Missing       Relative
                                Parameter         Between         Within          Total       DF    in Variance    Information     Efficiency

                                Estimate                0              0              0        .              .              .              .


                                                                    Parameter Estimates (10 Imputations)
 
                                                                                                                                             t for H0:
           Parameter        Estimate      Std Error    95% Confidence Limits        DF        Minimum        Maximum         Theta0   Parameter=Theta0   Pr > |t|

           Estimate                0              0            .            .        .              0              0              0                .        .    
                                                                          Full model + genetic risk

----------------------------------------------------------------- EffectName=BKGRD1_C7NOMISS_MORE THAN ONE ------------------------------------------------------------------

                                                                           The MIANALYZE Procedure

                                                                              Model Information

                                                               Data Set                  WORK.GENMOD_RESULTS_6
                                                               Number of Imputations     10                   


                                                                    Variance Information (10 Imputations)
 
                                                                                                       Relative       Fraction
                                             -----------------Variance-----------------                Increase        Missing       Relative
                                Parameter         Between         Within          Total       DF    in Variance    Information     Efficiency

                                Estimate         0.000811       0.145625       0.146517   242949       0.006124       0.006095       0.999391


                                                                    Parameter Estimates (10 Imputations)
 
                                                                                                                                             t for H0:
           Parameter        Estimate      Std Error    95% Confidence Limits        DF        Minimum        Maximum         Theta0   Parameter=Theta0   Pr > |t|

           Estimate         0.270865       0.382775     -0.47936     1.021094   242949       0.222404       0.302491              0               0.71     0.4792
                                                                          Full model + genetic risk

-------------------------------------------------------------------- EffectName=BKGRD1_C7NOMISS_P_RICAN ---------------------------------------------------------------------

                                                                           The MIANALYZE Procedure

                                                                              Model Information

                                                               Data Set                  WORK.GENMOD_RESULTS_6
                                                               Number of Imputations     10                   


                                                                    Variance Information (10 Imputations)
 
                                                                                                       Relative       Fraction
                                             -----------------Variance-----------------                Increase        Missing       Relative
                                Parameter         Between         Within          Total       DF    in Variance    Information     Efficiency

                                Estimate         0.000400       0.126000       0.126440   742319       0.003494       0.003485       0.999652


                                                                    Parameter Estimates (10 Imputations)
 
                                                                                                                                             t for H0:
           Parameter        Estimate      Std Error    95% Confidence Limits        DF        Minimum        Maximum         Theta0   Parameter=Theta0   Pr > |t|

           Estimate        -0.134769       0.355585     -0.83170     0.562165   742319      -0.169782      -0.111209              0              -0.38     0.7047
                                                                          Full model + genetic risk

------------------------------------------------------------------------------ EffectName=BMI -------------------------------------------------------------------------------

                                                                           The MIANALYZE Procedure

                                                                              Model Information

                                                               Data Set                  WORK.GENMOD_RESULTS_6
                                                               Number of Imputations     10                   


                                                                    Variance Information (10 Imputations)
 
                                                                                                       Relative       Fraction
                                             -----------------Variance-----------------                Increase        Missing       Relative
                                Parameter         Between         Within          Total       DF    in Variance    Information     Efficiency

                                Estimate      0.000041261       0.001061       0.001107   5352.5       0.042759       0.041364       0.995881


                                                                    Parameter Estimates (10 Imputations)
 
                                                                                                                                             t for H0:
           Parameter        Estimate      Std Error    95% Confidence Limits        DF        Minimum        Maximum         Theta0   Parameter=Theta0   Pr > |t|

           Estimate         0.109422       0.033269     0.044201     0.174644   5352.5       0.094851       0.116238              0               3.29     0.0010
                                                                          Full model + genetic risk

------------------------------------------------------------------------ EffectName=CENTERNUM_BRONX -------------------------------------------------------------------------

                                                                           The MIANALYZE Procedure

                                                                              Model Information

                                                               Data Set                  WORK.GENMOD_RESULTS_6
                                                               Number of Imputations     10                   


                                                                    Variance Information (10 Imputations)
 
                                                                                                       Relative       Fraction
                                             -----------------Variance-----------------                Increase        Missing       Relative
                                Parameter         Between         Within          Total       DF    in Variance    Information     Efficiency

                                Estimate                0              0              0        .              .              .              .


                                                                    Parameter Estimates (10 Imputations)
 
                                                                                                                                             t for H0:
           Parameter        Estimate      Std Error    95% Confidence Limits        DF        Minimum        Maximum         Theta0   Parameter=Theta0   Pr > |t|

           Estimate                0              0            .            .        .              0              0              0                .        .    
                                                                          Full model + genetic risk

----------------------------------------------------------------------- EffectName=CENTERNUM_CHICAGO ------------------------------------------------------------------------

                                                                           The MIANALYZE Procedure

                                                                              Model Information

                                                               Data Set                  WORK.GENMOD_RESULTS_6
                                                               Number of Imputations     10                   


                                                                    Variance Information (10 Imputations)
 
                                                                                                       Relative       Fraction
                                             -----------------Variance-----------------                Increase        Missing       Relative
                                Parameter         Between         Within          Total       DF    in Variance    Information     Efficiency

                                Estimate         0.000863       0.092836       0.093786    87751       0.010231       0.010150       0.998986


                                                                    Parameter Estimates (10 Imputations)
 
                                                                                                                                             t for H0:
           Parameter        Estimate      Std Error    95% Confidence Limits        DF        Minimum        Maximum         Theta0   Parameter=Theta0   Pr > |t|

           Estimate         0.086756       0.306245     -0.51348     0.686993    87751       0.041938       0.132102              0               0.28     0.7770
                                                                          Full model + genetic risk

------------------------------------------------------------------------ EffectName=CENTERNUM_MIAMI -------------------------------------------------------------------------

                                                                           The MIANALYZE Procedure

                                                                              Model Information

                                                               Data Set                  WORK.GENMOD_RESULTS_6
                                                               Number of Imputations     10                   


                                                                    Variance Information (10 Imputations)
 
                                                                                                       Relative       Fraction
                                             -----------------Variance-----------------                Increase        Missing       Relative
                                Parameter         Between         Within          Total       DF    in Variance    Information     Efficiency

                                Estimate         0.000250       0.116501       0.116777   1.62E6       0.002363       0.002359       0.999764


                                                                    Parameter Estimates (10 Imputations)
 
                                                                                                                                             t for H0:
           Parameter        Estimate      Std Error    95% Confidence Limits        DF        Minimum        Maximum         Theta0   Parameter=Theta0   Pr > |t|

           Estimate        -0.444743       0.341726     -1.11451     0.225028   1.62E6      -0.466082      -0.422899              0              -1.30     0.1931
                                                                          Full model + genetic risk

---------------------------------------------------------------------- EffectName=CENTERNUM_SAN DIEGO -----------------------------------------------------------------------

                                                                           The MIANALYZE Procedure

                                                                              Model Information

                                                               Data Set                  WORK.GENMOD_RESULTS_6
                                                               Number of Imputations     10                   


                                                                    Variance Information (10 Imputations)
 
                                                                                                       Relative       Fraction
                                             -----------------Variance-----------------                Increase        Missing       Relative
                                Parameter         Between         Within          Total       DF    in Variance    Information     Efficiency

                                Estimate         0.000862       0.112258       0.113206   128271       0.008447       0.008392       0.999162


                                                                    Parameter Estimates (10 Imputations)
 
                                                                                                                                             t for H0:
           Parameter        Estimate      Std Error    95% Confidence Limits        DF        Minimum        Maximum         Theta0   Parameter=Theta0   Pr > |t|

           Estimate         0.189171       0.336461     -0.47029     0.848629   128271       0.148069       0.232170              0               0.56     0.5740
                                                                          Full model + genetic risk

------------------------------------------------------------------------ EffectName=CHILD_PRS_BMI_A -------------------------------------------------------------------------

                                                                           The MIANALYZE Procedure

                                                                              Model Information

                                                               Data Set                  WORK.GENMOD_RESULTS_6
                                                               Number of Imputations     10                   


                                                                    Variance Information (10 Imputations)
 
                                                                                                       Relative       Fraction
                                             -----------------Variance-----------------                Increase        Missing       Relative
                                Parameter         Between         Within          Total       DF    in Variance    Information     Efficiency

                                Estimate         0.000377       0.042548       0.042962    96709       0.009741       0.009667       0.999034


                                                                    Parameter Estimates (10 Imputations)
 
                                                                                                                                             t for H0:
           Parameter        Estimate      Std Error    95% Confidence Limits        DF        Minimum        Maximum         Theta0   Parameter=Theta0   Pr > |t|

           Estimate         0.687639       0.207273     0.281386     1.093891    96709       0.662316       0.720257              0               3.32     0.0009
                                                                          Full model + genetic risk

----------------------------------------------------------------------------- EffectName=HEIGHT -----------------------------------------------------------------------------

                                                                           The MIANALYZE Procedure

                                                                              Model Information

                                                               Data Set                  WORK.GENMOD_RESULTS_6
                                                               Number of Imputations     10                   


                                                                    Variance Information (10 Imputations)
 
                                                                                                       Relative       Fraction
                                             -----------------Variance-----------------                Increase        Missing       Relative
                                Parameter         Between         Within          Total       DF    in Variance    Information     Efficiency

                                Estimate      0.000007247       0.000178       0.000186   4897.2       0.044789       0.043260       0.995693


                                                                    Parameter Estimates (10 Imputations)
 
                                                                                                                                             t for H0:
           Parameter        Estimate      Std Error    95% Confidence Limits        DF        Minimum        Maximum         Theta0   Parameter=Theta0   Pr > |t|

           Estimate         0.053045       0.013637     0.026311     0.079779   4897.2       0.047020       0.056523              0               3.89     0.0001
                                                                          Full model + genetic risk

--------------------------------------------------------------------------- EffectName=Intercept ----------------------------------------------------------------------------

                                                                           The MIANALYZE Procedure

                                                                              Model Information

                                                               Data Set                  WORK.GENMOD_RESULTS_6
                                                               Number of Imputations     10                   


                                                                    Variance Information (10 Imputations)
 
                                                                                                       Relative       Fraction
                                             -----------------Variance-----------------                Increase        Missing       Relative
                                Parameter         Between         Within          Total       DF    in Variance    Information     Efficiency

                                Estimate         0.136646       4.146492       4.296802   7354.5       0.036250       0.035244       0.996488


                                                                    Parameter Estimates (10 Imputations)
 
                                                                                                                                             t for H0:
           Parameter        Estimate      Std Error    95% Confidence Limits        DF        Minimum        Maximum         Theta0   Parameter=Theta0   Pr > |t|

           Estimate        -9.226642       2.072873     -13.2901     -5.16322   7354.5      -9.762143      -8.399969              0              -4.45     <.0001
                                                                          Full model + genetic risk

------------------------------------------------------------------- EffectName=MARITAL_STATUS_COHABITING --------------------------------------------------------------------

                                                                           The MIANALYZE Procedure

                                                                              Model Information

                                                               Data Set                  WORK.GENMOD_RESULTS_6
                                                               Number of Imputations     10                   


                                                                    Variance Information (10 Imputations)
 
                                                                                                       Relative       Fraction
                                             -----------------Variance-----------------                Increase        Missing       Relative
                                Parameter         Between         Within          Total       DF    in Variance    Information     Efficiency

                                Estimate      0.000044583       0.025298       0.025347    2.4E6       0.001939       0.001936       0.999806


                                                                    Parameter Estimates (10 Imputations)
 
                                                                                                                                             t for H0:
           Parameter        Estimate      Std Error    95% Confidence Limits        DF        Minimum        Maximum         Theta0   Parameter=Theta0   Pr > |t|

           Estimate        -0.382498       0.159207     -0.69454     -0.07046    2.4E6      -0.391787      -0.369669              0              -2.40     0.0163
                                                                          Full model + genetic risk

-------------------------------------------------------------------- EffectName=MARITAL_STATUS_SEPARATED --------------------------------------------------------------------

                                                                           The MIANALYZE Procedure

                                                                              Model Information

                                                               Data Set                  WORK.GENMOD_RESULTS_6
                                                               Number of Imputations     10                   


                                                                    Variance Information (10 Imputations)
 
                                                                                                       Relative       Fraction
                                             -----------------Variance-----------------                Increase        Missing       Relative
                                Parameter         Between         Within          Total       DF    in Variance    Information     Efficiency

                                Estimate      0.000027835       0.155857       0.155887   2.33E8       0.000196       0.000196       0.999980


                                                                    Parameter Estimates (10 Imputations)
 
                                                                                                                                             t for H0:
           Parameter        Estimate      Std Error    95% Confidence Limits        DF        Minimum        Maximum         Theta0   Parameter=Theta0   Pr > |t|

           Estimate         0.592009       0.394826     -0.18183     1.365853   2.33E8       0.583064       0.597957              0               1.50     0.1338
                                                                          Full model + genetic risk

--------------------------------------------------------------------- EffectName=MARITAL_STATUS_SINGLE ----------------------------------------------------------------------

                                                                           The MIANALYZE Procedure

                                                                              Model Information

                                                               Data Set                  WORK.GENMOD_RESULTS_6
                                                               Number of Imputations     10                   


                                                                    Variance Information (10 Imputations)
 
                                                                                                       Relative       Fraction
                                             -----------------Variance-----------------                Increase        Missing       Relative
                                Parameter         Between         Within          Total       DF    in Variance    Information     Efficiency

                                Estimate                0              0              0        .              .              .              .


                                                                    Parameter Estimates (10 Imputations)
 
                                                                                                                                             t for H0:
           Parameter        Estimate      Std Error    95% Confidence Limits        DF        Minimum        Maximum         Theta0   Parameter=Theta0   Pr > |t|

           Estimate                0              0            .            .        .              0              0              0                .        .    
                                                                          Full model + genetic risk

----------------------------------------------------------------------------- EffectName=SLPDUR -----------------------------------------------------------------------------

                                                                           The MIANALYZE Procedure

                                                                              Model Information

                                                               Data Set                  WORK.GENMOD_RESULTS_6
                                                               Number of Imputations     10                   


                                                                    Variance Information (10 Imputations)
 
                                                                                                       Relative       Fraction
                                             -----------------Variance-----------------                Increase        Missing       Relative
                                Parameter         Between         Within          Total       DF    in Variance    Information     Efficiency

                                Estimate         0.000219       0.003121       0.003362   1748.8       0.077282       0.072798       0.992773


                                                                    Parameter Estimates (10 Imputations)
 
                                                                                                                                             t for H0:
           Parameter        Estimate      Std Error    95% Confidence Limits        DF        Minimum        Maximum         Theta0   Parameter=Theta0   Pr > |t|

           Estimate         0.040506       0.057981     -0.07321     0.154225   1748.8       0.021381       0.067976              0               0.70     0.4849
                                                                          Full model + genetic risk

----------------------------------------------------------------------------- EffectName=Scale ------------------------------------------------------------------------------

                                                                           The MIANALYZE Procedure

                                                                              Model Information

                                                               Data Set                  WORK.GENMOD_RESULTS_6
                                                               Number of Imputations     10                   


                                                                    Variance Information (10 Imputations)
 
                                                                                                       Relative       Fraction
                                             -----------------Variance-----------------                Increase        Missing       Relative
                                Parameter         Between         Within          Total       DF    in Variance    Information     Efficiency

                                Estimate         0.000109       0.002632       0.002752   4715.2       0.045685       0.044094       0.995610


                                                                    Parameter Estimates (10 Imputations)
 
                                                                                                                                             t for H0:
           Parameter        Estimate      Std Error    95% Confidence Limits        DF        Minimum        Maximum         Theta0   Parameter=Theta0   Pr > |t|

           Estimate         1.028491       0.052458     0.925650     1.131332   4715.2       1.014487       1.041749              0              19.61     <.0001
                                                                          Full model + genetic risk

--------------------------------------------------------------------------- EffectName=YRSV1BIRTH ---------------------------------------------------------------------------

                                                                           The MIANALYZE Procedure

                                                                              Model Information

                                                               Data Set                  WORK.GENMOD_RESULTS_6
                                                               Number of Imputations     10                   


                                                                    Variance Information (10 Imputations)
 
                                                                                                       Relative       Fraction
                                             -----------------Variance-----------------                Increase        Missing       Relative
                                Parameter         Between         Within          Total       DF    in Variance    Information     Efficiency

                                Estimate      0.000038959       0.002184       0.002227    24299       0.019623       0.019326       0.998071


                                                                    Parameter Estimates (10 Imputations)
 
                                                                                                                                             t for H0:
           Parameter        Estimate      Std Error    95% Confidence Limits        DF        Minimum        Maximum         Theta0   Parameter=Theta0   Pr > |t|

           Estimate        -0.043735       0.047188     -0.13623     0.048757    24299      -0.051203      -0.034106              0              -0.93     0.3540
                                                                          Full model + genetic risk

                                                                                         n
                                                                                  --------
                                                                                       201
