                                                                               The SAS System

---------------------------------------------------------------------------- Imputation Number=1 ----------------------------------------------------------------------------

                                                                           The CAUSALMED Procedure

                                                                             Model Information

                                                                   Data Set                    WORK.DB_IN
                                                                   Outcome Variable                   WAZ
                                                                   Treatment Variable        yrsus_c3_l10
                                                                   Mediator Variable         BIRTHWT_GA_Z
                                                                   Outcome Distribution            Normal
                                                                   Outcome Link Function         Identity
                                                                   Mediator Distribution           Normal
                                                                   Mediator Link Function        Identity


                                                                   Number of Observations Read         227
                                                                   Number of Observations Used         138


                                                                           Class Level Information
 
                                              Class                Levels    Values

                                              CENTERNUM                 4    CHICAGO MIAMI SAN DIEGO BRONX                     
                                              INCOME_C2                 2    <30 >30                                           
                                              LANG_PREF                 2    SPANISH ENGLISH                                   
                                              BKGRD1_C7NOMISS           7    BK_OTHER CUBAN C_AMERICAN DOMINICAN P_RICAN SOUTH 
                                                                             MEXICAN                                           
                                              MARITAL_STATUS            3    COHABITING SEPARATED SINGLE                       
                                              EMPLOYEDYN                2    EMPLOYED NOT_EMPLOYED                             
                                              EDUCATION_C3              3    AT_MOST_HIGHSCHOOL_GED G_HIGHSCHOOL               
                                                                             N_HIGHSCHOOL_GED                                  
                                              N_HC                      2    NO YES                                            
                                                                               The SAS System

---------------------------------------------------------------------------- Imputation Number=1 ----------------------------------------------------------------------------

                                                                           The CAUSALMED Procedure

                                                                             Summary of Effects
 
                                                                                  Standard          Wald 95% 
                                                                      Estimate       Error      Confidence Limits           Z    Pr > |Z|

                                    Total Effect                       -0.7524      0.3256     -1.3906     -0.1142      -2.31      0.0209
                                    Controlled Direct Effect (CDE)     -0.7837      0.3184     -1.4077     -0.1597      -2.46      0.0138
                                    Natural Direct Effect (NDE)        -0.7837      0.3184     -1.4077     -0.1597      -2.46      0.0138
                                    Natural Indirect Effect (NIE)      0.03133     0.07055     -0.1070      0.1696       0.44      0.6570
                                    Percentage Mediated                -4.1639      9.9139    -23.5947     15.2669      -0.42      0.6745
                                    Percentage Due to Interaction            0           .           .           .        .         .    
                                    Percentage Eliminated              -4.1639      9.9139    -23.5947     15.2669      -0.42      0.6745
                                                                               The SAS System

---------------------------------------------------------------------------- Imputation Number=2 ----------------------------------------------------------------------------

                                                                           The CAUSALMED Procedure

                                                                             Model Information

                                                                   Data Set                    WORK.DB_IN
                                                                   Outcome Variable                   WAZ
                                                                   Treatment Variable        yrsus_c3_l10
                                                                   Mediator Variable         BIRTHWT_GA_Z
                                                                   Outcome Distribution            Normal
                                                                   Outcome Link Function         Identity
                                                                   Mediator Distribution           Normal
                                                                   Mediator Link Function        Identity


                                                                   Number of Observations Read         227
                                                                   Number of Observations Used         138


                                                                           Class Level Information
 
                                              Class                Levels    Values

                                              CENTERNUM                 4    CHICAGO MIAMI SAN DIEGO BRONX                     
                                              INCOME_C2                 2    <30 >30                                           
                                              LANG_PREF                 2    SPANISH ENGLISH                                   
                                              BKGRD1_C7NOMISS           7    BK_OTHER CUBAN C_AMERICAN DOMINICAN P_RICAN SOUTH 
                                                                             MEXICAN                                           
                                              MARITAL_STATUS            3    COHABITING SEPARATED SINGLE                       
                                              EMPLOYEDYN                2    EMPLOYED NOT_EMPLOYED                             
                                              EDUCATION_C3              3    AT_MOST_HIGHSCHOOL_GED G_HIGHSCHOOL               
                                                                             N_HIGHSCHOOL_GED                                  
                                              N_HC                      2    NO YES                                            
                                                                               The SAS System

---------------------------------------------------------------------------- Imputation Number=2 ----------------------------------------------------------------------------

                                                                           The CAUSALMED Procedure

                                                                             Summary of Effects
 
                                                                                  Standard          Wald 95% 
                                                                      Estimate       Error      Confidence Limits           Z    Pr > |Z|

                                    Total Effect                       -0.7372      0.3266     -1.3774    -0.09711      -2.26      0.0240
                                    Controlled Direct Effect (CDE)     -0.7743      0.3231     -1.4075     -0.1410      -2.40      0.0166
                                    Natural Direct Effect (NDE)        -0.7743      0.3231     -1.4075     -0.1410      -2.40      0.0166
                                    Natural Indirect Effect (NIE)      0.03701     0.05524    -0.07126      0.1453       0.67      0.5029
                                    Percentage Mediated                -5.0202      8.1247    -20.9443     10.9038      -0.62      0.5366
                                    Percentage Due to Interaction            0           .           .           .        .         .    
                                    Percentage Eliminated              -5.0202      8.1247    -20.9443     10.9038      -0.62      0.5366
                                                                               The SAS System

---------------------------------------------------------------------------- Imputation Number=3 ----------------------------------------------------------------------------

                                                                           The CAUSALMED Procedure

                                                                             Model Information

                                                                   Data Set                    WORK.DB_IN
                                                                   Outcome Variable                   WAZ
                                                                   Treatment Variable        yrsus_c3_l10
                                                                   Mediator Variable         BIRTHWT_GA_Z
                                                                   Outcome Distribution            Normal
                                                                   Outcome Link Function         Identity
                                                                   Mediator Distribution           Normal
                                                                   Mediator Link Function        Identity


                                                                   Number of Observations Read         227
                                                                   Number of Observations Used         138


                                                                           Class Level Information
 
                                              Class                Levels    Values

                                              CENTERNUM                 4    CHICAGO MIAMI SAN DIEGO BRONX                     
                                              INCOME_C2                 2    <30 >30                                           
                                              LANG_PREF                 2    SPANISH ENGLISH                                   
                                              BKGRD1_C7NOMISS           7    BK_OTHER CUBAN C_AMERICAN DOMINICAN P_RICAN SOUTH 
                                                                             MEXICAN                                           
                                              MARITAL_STATUS            3    COHABITING SEPARATED SINGLE                       
                                              EMPLOYEDYN                2    EMPLOYED NOT_EMPLOYED                             
                                              EDUCATION_C3              3    AT_MOST_HIGHSCHOOL_GED G_HIGHSCHOOL               
                                                                             N_HIGHSCHOOL_GED                                  
                                              N_HC                      2    NO YES                                            
                                                                               The SAS System

---------------------------------------------------------------------------- Imputation Number=3 ----------------------------------------------------------------------------

                                                                           The CAUSALMED Procedure

                                                                             Summary of Effects
 
                                                                                  Standard          Wald 95% 
                                                                      Estimate       Error      Confidence Limits           Z    Pr > |Z|

                                    Total Effect                       -0.7493      0.3257     -1.3876     -0.1110      -2.30      0.0214
                                    Controlled Direct Effect (CDE)     -0.7851      0.3233     -1.4188     -0.1515      -2.43      0.0152
                                    Natural Direct Effect (NDE)        -0.7851      0.3233     -1.4188     -0.1515      -2.43      0.0152
                                    Natural Indirect Effect (NIE)      0.03585     0.05004    -0.06223      0.1339       0.72      0.4737
                                    Percentage Mediated                -4.7843      7.2369    -18.9684      9.3997      -0.66      0.5085
                                    Percentage Due to Interaction            0           .           .           .        .         .    
                                    Percentage Eliminated              -4.7843      7.2369    -18.9684      9.3997      -0.66      0.5085
                                                                               The SAS System

---------------------------------------------------------------------------- Imputation Number=4 ----------------------------------------------------------------------------

                                                                           The CAUSALMED Procedure

                                                                             Model Information

                                                                   Data Set                    WORK.DB_IN
                                                                   Outcome Variable                   WAZ
                                                                   Treatment Variable        yrsus_c3_l10
                                                                   Mediator Variable         BIRTHWT_GA_Z
                                                                   Outcome Distribution            Normal
                                                                   Outcome Link Function         Identity
                                                                   Mediator Distribution           Normal
                                                                   Mediator Link Function        Identity


                                                                   Number of Observations Read         227
                                                                   Number of Observations Used         138


                                                                           Class Level Information
 
                                              Class                Levels    Values

                                              CENTERNUM                 4    CHICAGO MIAMI SAN DIEGO BRONX                     
                                              INCOME_C2                 2    <30 >30                                           
                                              LANG_PREF                 2    SPANISH ENGLISH                                   
                                              BKGRD1_C7NOMISS           7    BK_OTHER CUBAN C_AMERICAN DOMINICAN P_RICAN SOUTH 
                                                                             MEXICAN                                           
                                              MARITAL_STATUS            3    COHABITING SEPARATED SINGLE                       
                                              EMPLOYEDYN                2    EMPLOYED NOT_EMPLOYED                             
                                              EDUCATION_C3              3    AT_MOST_HIGHSCHOOL_GED G_HIGHSCHOOL               
                                                                             N_HIGHSCHOOL_GED                                  
                                              N_HC                      2    NO YES                                            
                                                                               The SAS System

---------------------------------------------------------------------------- Imputation Number=4 ----------------------------------------------------------------------------

                                                                           The CAUSALMED Procedure

                                                                             Summary of Effects
 
                                                                                  Standard          Wald 95% 
                                                                      Estimate       Error      Confidence Limits           Z    Pr > |Z|

                                    Total Effect                       -0.7305      0.3270     -1.3714    -0.08956      -2.23      0.0255
                                    Controlled Direct Effect (CDE)     -0.7387      0.3221     -1.3700     -0.1075      -2.29      0.0218
                                    Natural Direct Effect (NDE)        -0.7387      0.3221     -1.3700     -0.1075      -2.29      0.0218
                                    Natural Indirect Effect (NIE)     0.008258     0.05683     -0.1031      0.1197       0.15      0.8845
                                    Percentage Mediated                -1.1305      7.8836    -16.5822     14.3211      -0.14      0.8860
                                    Percentage Due to Interaction            0           .           .           .        .         .    
                                    Percentage Eliminated              -1.1305      7.8836    -16.5822     14.3211      -0.14      0.8860
                                                                               The SAS System

---------------------------------------------------------------------------- Imputation Number=5 ----------------------------------------------------------------------------

                                                                           The CAUSALMED Procedure

                                                                             Model Information

                                                                   Data Set                    WORK.DB_IN
                                                                   Outcome Variable                   WAZ
                                                                   Treatment Variable        yrsus_c3_l10
                                                                   Mediator Variable         BIRTHWT_GA_Z
                                                                   Outcome Distribution            Normal
                                                                   Outcome Link Function         Identity
                                                                   Mediator Distribution           Normal
                                                                   Mediator Link Function        Identity


                                                                   Number of Observations Read         227
                                                                   Number of Observations Used         138


                                                                           Class Level Information
 
                                              Class                Levels    Values

                                              CENTERNUM                 4    CHICAGO MIAMI SAN DIEGO BRONX                     
                                              INCOME_C2                 2    <30 >30                                           
                                              LANG_PREF                 2    SPANISH ENGLISH                                   
                                              BKGRD1_C7NOMISS           7    BK_OTHER CUBAN C_AMERICAN DOMINICAN P_RICAN SOUTH 
                                                                             MEXICAN                                           
                                              MARITAL_STATUS            3    COHABITING SEPARATED SINGLE                       
                                              EMPLOYEDYN                2    EMPLOYED NOT_EMPLOYED                             
                                              EDUCATION_C3              3    AT_MOST_HIGHSCHOOL_GED G_HIGHSCHOOL               
                                                                             N_HIGHSCHOOL_GED                                  
                                              N_HC                      2    NO YES                                            
                                                                               The SAS System

---------------------------------------------------------------------------- Imputation Number=5 ----------------------------------------------------------------------------

                                                                           The CAUSALMED Procedure

                                                                             Summary of Effects
 
                                                                                  Standard          Wald 95% 
                                                                      Estimate       Error      Confidence Limits           Z    Pr > |Z|

                                    Total Effect                       -0.7331      0.3250     -1.3701    -0.09617      -2.26      0.0241
                                    Controlled Direct Effect (CDE)     -0.7080      0.3146     -1.3246    -0.09131      -2.25      0.0244
                                    Natural Direct Effect (NDE)        -0.7080      0.3146     -1.3246    -0.09131      -2.25      0.0244
                                    Natural Indirect Effect (NIE)     -0.02515     0.08221     -0.1863      0.1360      -0.31      0.7597
                                    Percentage Mediated                 3.4304     10.9329    -17.9977     24.8586       0.31      0.7537
                                    Percentage Due to Interaction            0           .           .           .        .         .    
                                    Percentage Eliminated               3.4304     10.9329    -17.9977     24.8586       0.31      0.7537
                                                                               The SAS System

---------------------------------------------------------------------------- Imputation Number=6 ----------------------------------------------------------------------------

                                                                           The CAUSALMED Procedure

                                                                             Model Information

                                                                   Data Set                    WORK.DB_IN
                                                                   Outcome Variable                   WAZ
                                                                   Treatment Variable        yrsus_c3_l10
                                                                   Mediator Variable         BIRTHWT_GA_Z
                                                                   Outcome Distribution            Normal
                                                                   Outcome Link Function         Identity
                                                                   Mediator Distribution           Normal
                                                                   Mediator Link Function        Identity


                                                                   Number of Observations Read         227
                                                                   Number of Observations Used         138


                                                                           Class Level Information
 
                                              Class                Levels    Values

                                              CENTERNUM                 4    CHICAGO MIAMI SAN DIEGO BRONX                     
                                              INCOME_C2                 2    <30 >30                                           
                                              LANG_PREF                 2    SPANISH ENGLISH                                   
                                              BKGRD1_C7NOMISS           7    BK_OTHER CUBAN C_AMERICAN DOMINICAN P_RICAN SOUTH 
                                                                             MEXICAN                                           
                                              MARITAL_STATUS            3    COHABITING SEPARATED SINGLE                       
                                              EMPLOYEDYN                2    EMPLOYED NOT_EMPLOYED                             
                                              EDUCATION_C3              3    AT_MOST_HIGHSCHOOL_GED G_HIGHSCHOOL               
                                                                             N_HIGHSCHOOL_GED                                  
                                              N_HC                      2    NO YES                                            
                                                                               The SAS System

---------------------------------------------------------------------------- Imputation Number=6 ----------------------------------------------------------------------------

                                                                           The CAUSALMED Procedure

                                                                             Summary of Effects
 
                                                                                  Standard          Wald 95% 
                                                                      Estimate       Error      Confidence Limits           Z    Pr > |Z|

                                    Total Effect                       -0.7379      0.3259     -1.3766    -0.09913      -2.26      0.0236
                                    Controlled Direct Effect (CDE)     -0.6640      0.3160     -1.2834    -0.04454      -2.10      0.0356
                                    Natural Direct Effect (NDE)        -0.6640      0.3160     -1.2834    -0.04454      -2.10      0.0356
                                    Natural Indirect Effect (NIE)     -0.07391     0.08641     -0.2433     0.09546      -0.86      0.3924
                                    Percentage Mediated                10.0164     11.4607    -12.4461     32.4789       0.87      0.3821
                                    Percentage Due to Interaction            0           .           .           .        .         .    
                                    Percentage Eliminated              10.0164     11.4607    -12.4461     32.4789       0.87      0.3821
                                                                               The SAS System

---------------------------------------------------------------------------- Imputation Number=7 ----------------------------------------------------------------------------

                                                                           The CAUSALMED Procedure

                                                                             Model Information

                                                                   Data Set                    WORK.DB_IN
                                                                   Outcome Variable                   WAZ
                                                                   Treatment Variable        yrsus_c3_l10
                                                                   Mediator Variable         BIRTHWT_GA_Z
                                                                   Outcome Distribution            Normal
                                                                   Outcome Link Function         Identity
                                                                   Mediator Distribution           Normal
                                                                   Mediator Link Function        Identity


                                                                   Number of Observations Read         227
                                                                   Number of Observations Used         138


                                                                           Class Level Information
 
                                              Class                Levels    Values

                                              CENTERNUM                 4    CHICAGO MIAMI SAN DIEGO BRONX                     
                                              INCOME_C2                 2    <30 >30                                           
                                              LANG_PREF                 2    SPANISH ENGLISH                                   
                                              BKGRD1_C7NOMISS           7    BK_OTHER CUBAN C_AMERICAN DOMINICAN P_RICAN SOUTH 
                                                                             MEXICAN                                           
                                              MARITAL_STATUS            3    COHABITING SEPARATED SINGLE                       
                                              EMPLOYEDYN                2    EMPLOYED NOT_EMPLOYED                             
                                              EDUCATION_C3              3    AT_MOST_HIGHSCHOOL_GED G_HIGHSCHOOL               
                                                                             N_HIGHSCHOOL_GED                                  
                                              N_HC                      2    NO YES                                            
                                                                               The SAS System

---------------------------------------------------------------------------- Imputation Number=7 ----------------------------------------------------------------------------

                                                                           The CAUSALMED Procedure

                                                                             Summary of Effects
 
                                                                                  Standard          Wald 95% 
                                                                      Estimate       Error      Confidence Limits           Z    Pr > |Z|

                                    Total Effect                       -0.7554      0.3267     -1.3957     -0.1151      -2.31      0.0208
                                    Controlled Direct Effect (CDE)     -0.7032      0.3147     -1.3200    -0.08633      -2.23      0.0255
                                    Natural Direct Effect (NDE)        -0.7032      0.3147     -1.3200    -0.08633      -2.23      0.0255
                                    Natural Indirect Effect (NIE)     -0.05225     0.09039     -0.2294      0.1249      -0.58      0.5633
                                    Percentage Mediated                 6.9162     11.5286    -15.6794     29.5118       0.60      0.5486
                                    Percentage Due to Interaction            0           .           .           .        .         .    
                                    Percentage Eliminated               6.9162     11.5286    -15.6794     29.5118       0.60      0.5486
                                                                               The SAS System

---------------------------------------------------------------------------- Imputation Number=8 ----------------------------------------------------------------------------

                                                                           The CAUSALMED Procedure

                                                                             Model Information

                                                                   Data Set                    WORK.DB_IN
                                                                   Outcome Variable                   WAZ
                                                                   Treatment Variable        yrsus_c3_l10
                                                                   Mediator Variable         BIRTHWT_GA_Z
                                                                   Outcome Distribution            Normal
                                                                   Outcome Link Function         Identity
                                                                   Mediator Distribution           Normal
                                                                   Mediator Link Function        Identity


                                                                   Number of Observations Read         227
                                                                   Number of Observations Used         138


                                                                           Class Level Information
 
                                              Class                Levels    Values

                                              CENTERNUM                 4    CHICAGO MIAMI SAN DIEGO BRONX                     
                                              INCOME_C2                 2    <30 >30                                           
                                              LANG_PREF                 2    SPANISH ENGLISH                                   
                                              BKGRD1_C7NOMISS           7    BK_OTHER CUBAN C_AMERICAN DOMINICAN P_RICAN SOUTH 
                                                                             MEXICAN                                           
                                              MARITAL_STATUS            3    COHABITING SEPARATED SINGLE                       
                                              EMPLOYEDYN                2    EMPLOYED NOT_EMPLOYED                             
                                              EDUCATION_C3              3    AT_MOST_HIGHSCHOOL_GED G_HIGHSCHOOL               
                                                                             N_HIGHSCHOOL_GED                                  
                                              N_HC                      2    NO YES                                            
                                                                               The SAS System

---------------------------------------------------------------------------- Imputation Number=8 ----------------------------------------------------------------------------

                                                                           The CAUSALMED Procedure

                                                                             Summary of Effects
 
                                                                                  Standard          Wald 95% 
                                                                      Estimate       Error      Confidence Limits           Z    Pr > |Z|

                                    Total Effect                       -0.7629      0.3260     -1.4018     -0.1241      -2.34      0.0193
                                    Controlled Direct Effect (CDE)     -0.7781      0.3211     -1.4075     -0.1487      -2.42      0.0154
                                    Natural Direct Effect (NDE)        -0.7781      0.3211     -1.4075     -0.1487      -2.42      0.0154
                                    Natural Indirect Effect (NIE)      0.01517     0.05696    -0.09647      0.1268       0.27      0.7900
                                    Percentage Mediated                -1.9886      7.6582    -16.9983     13.0212      -0.26      0.7951
                                    Percentage Due to Interaction            0           .           .           .        .         .    
                                    Percentage Eliminated              -1.9886      7.6582    -16.9983     13.0212      -0.26      0.7951
                                                                               The SAS System

---------------------------------------------------------------------------- Imputation Number=9 ----------------------------------------------------------------------------

                                                                           The CAUSALMED Procedure

                                                                             Model Information

                                                                   Data Set                    WORK.DB_IN
                                                                   Outcome Variable                   WAZ
                                                                   Treatment Variable        yrsus_c3_l10
                                                                   Mediator Variable         BIRTHWT_GA_Z
                                                                   Outcome Distribution            Normal
                                                                   Outcome Link Function         Identity
                                                                   Mediator Distribution           Normal
                                                                   Mediator Link Function        Identity


                                                                   Number of Observations Read         227
                                                                   Number of Observations Used         138


                                                                           Class Level Information
 
                                              Class                Levels    Values

                                              CENTERNUM                 4    CHICAGO MIAMI SAN DIEGO BRONX                     
                                              INCOME_C2                 2    <30 >30                                           
                                              LANG_PREF                 2    SPANISH ENGLISH                                   
                                              BKGRD1_C7NOMISS           7    BK_OTHER CUBAN C_AMERICAN DOMINICAN P_RICAN SOUTH 
                                                                             MEXICAN                                           
                                              MARITAL_STATUS            3    COHABITING SEPARATED SINGLE                       
                                              EMPLOYEDYN                2    EMPLOYED NOT_EMPLOYED                             
                                              EDUCATION_C3              3    AT_MOST_HIGHSCHOOL_GED G_HIGHSCHOOL               
                                                                             N_HIGHSCHOOL_GED                                  
                                              N_HC                      2    NO YES                                            
                                                                               The SAS System

---------------------------------------------------------------------------- Imputation Number=9 ----------------------------------------------------------------------------

                                                                           The CAUSALMED Procedure

                                                                             Summary of Effects
 
                                                                                  Standard          Wald 95% 
                                                                      Estimate       Error      Confidence Limits           Z    Pr > |Z|

                                    Total Effect                       -0.7452      0.3281     -1.3882     -0.1021      -2.27      0.0231
                                    Controlled Direct Effect (CDE)     -0.7604      0.3176     -1.3829     -0.1379      -2.39      0.0167
                                    Natural Direct Effect (NDE)        -0.7604      0.3176     -1.3829     -0.1379      -2.39      0.0167
                                    Natural Indirect Effect (NIE)      0.01524     0.08251     -0.1465      0.1770       0.18      0.8535
                                    Percentage Mediated                -2.0452     11.3317    -24.2549     20.1645      -0.18      0.8568
                                    Percentage Due to Interaction            0           .           .           .        .         .    
                                    Percentage Eliminated              -2.0452     11.3317    -24.2549     20.1645      -0.18      0.8568
                                                                               The SAS System

--------------------------------------------------------------------------- Imputation Number=10 ----------------------------------------------------------------------------

                                                                           The CAUSALMED Procedure

                                                                             Model Information

                                                                   Data Set                    WORK.DB_IN
                                                                   Outcome Variable                   WAZ
                                                                   Treatment Variable        yrsus_c3_l10
                                                                   Mediator Variable         BIRTHWT_GA_Z
                                                                   Outcome Distribution            Normal
                                                                   Outcome Link Function         Identity
                                                                   Mediator Distribution           Normal
                                                                   Mediator Link Function        Identity


                                                                   Number of Observations Read         227
                                                                   Number of Observations Used         138


                                                                           Class Level Information
 
                                              Class                Levels    Values

                                              CENTERNUM                 4    CHICAGO MIAMI SAN DIEGO BRONX                     
                                              INCOME_C2                 2    <30 >30                                           
                                              LANG_PREF                 2    SPANISH ENGLISH                                   
                                              BKGRD1_C7NOMISS           7    BK_OTHER CUBAN C_AMERICAN DOMINICAN P_RICAN SOUTH 
                                                                             MEXICAN                                           
                                              MARITAL_STATUS            3    COHABITING SEPARATED SINGLE                       
                                              EMPLOYEDYN                2    EMPLOYED NOT_EMPLOYED                             
                                              EDUCATION_C3              3    AT_MOST_HIGHSCHOOL_GED G_HIGHSCHOOL               
                                                                             N_HIGHSCHOOL_GED                                  
                                              N_HC                      2    NO YES                                            
                                                                               The SAS System

--------------------------------------------------------------------------- Imputation Number=10 ----------------------------------------------------------------------------

                                                                           The CAUSALMED Procedure

                                                                             Summary of Effects
 
                                                                                  Standard          Wald 95% 
                                                                      Estimate       Error      Confidence Limits           Z    Pr > |Z|

                                    Total Effect                       -0.7326      0.3277     -1.3750    -0.09028      -2.24      0.0254
                                    Controlled Direct Effect (CDE)     -0.7596      0.3214     -1.3895     -0.1296      -2.36      0.0181
                                    Natural Direct Effect (NDE)        -0.7596      0.3214     -1.3895     -0.1296      -2.36      0.0181
                                    Natural Indirect Effect (NIE)      0.02693     0.06596     -0.1024      0.1562       0.41      0.6831
                                    Percentage Mediated                -3.6757      9.4633    -22.2234     14.8719      -0.39      0.6977
                                    Percentage Due to Interaction            0           .           .           .        .         .    
                                    Percentage Eliminated              -3.6757      9.4633    -22.2234     14.8719      -0.39      0.6977
                                                                               The SAS System

------------------------------------------------------------------- Effect=Controlled Direct Effect (CDE) -------------------------------------------------------------------

                                                                           The MIANALYZE Procedure

                                                                             Model Information

                                                              Data Set                  WORK.DB_YRSUS_C3_L10_0
                                                              Number of Imputations     10                    


                                                                    Variance Information (10 Imputations)
 
                                                                                                       Relative       Fraction
                                             -----------------Variance-----------------                Increase        Missing       Relative
                                Parameter         Between         Within          Total       DF    in Variance    Information     Efficiency

                                Estimate         0.001693       0.101922       0.103784    27956       0.018270       0.018013       0.998202


                                                                    Parameter Estimates (10 Imputations)
 
                                                                                                                                             t for H0:
           Parameter        Estimate      Std Error    95% Confidence Limits        DF        Minimum        Maximum         Theta0   Parameter=Theta0   Pr > |t|

           Estimate        -0.745501       0.322156     -1.37694     -0.11406    27956      -0.785148      -0.663965              0              -2.31     0.0207
                                                                               The SAS System

-------------------------------------------------------------------- Effect=Natural Direct Effect (NDE) ---------------------------------------------------------------------

                                                                           The MIANALYZE Procedure

                                                                             Model Information

                                                              Data Set                  WORK.DB_YRSUS_C3_L10_0
                                                              Number of Imputations     10                    


                                                                    Variance Information (10 Imputations)
 
                                                                                                       Relative       Fraction
                                             -----------------Variance-----------------                Increase        Missing       Relative
                                Parameter         Between         Within          Total       DF    in Variance    Information     Efficiency

                                Estimate         0.001693       0.101922       0.103784    27956       0.018270       0.018013       0.998202


                                                                    Parameter Estimates (10 Imputations)
 
                                                                                                                                             t for H0:
           Parameter        Estimate      Std Error    95% Confidence Limits        DF        Minimum        Maximum         Theta0   Parameter=Theta0   Pr > |t|

           Estimate        -0.745501       0.322156     -1.37694     -0.11406    27956      -0.785148      -0.663965              0              -2.31     0.0207
                                                                               The SAS System

------------------------------------------------------------------- Effect=Natural Indirect Effect (NIE) --------------------------------------------------------------------

                                                                           The MIANALYZE Procedure

                                                                             Model Information

                                                              Data Set                  WORK.DB_YRSUS_C3_L10_0
                                                              Number of Imputations     10                    


                                                                    Variance Information (10 Imputations)
 
                                                                                                       Relative       Fraction
                                             -----------------Variance-----------------                Increase        Missing       Relative
                                Parameter         Between         Within          Total       DF    in Variance    Information     Efficiency

                                Estimate         0.001520       0.005056       0.006729    145.7       0.330742       0.258647       0.974787


                                                                    Parameter Estimates (10 Imputations)
 
                                                                                                                                             t for H0:
           Parameter        Estimate      Std Error    95% Confidence Limits        DF        Minimum        Maximum         Theta0   Parameter=Theta0   Pr > |t|

           Estimate         0.001848       0.082028     -0.16027     0.163967    145.7      -0.073909       0.037011              0               0.02     0.9821
                                                                               The SAS System

----------------------------------------------------------------------- Effect=Percentage Eliminated ------------------------------------------------------------------------

                                                                           The MIANALYZE Procedure

                                                                             Model Information

                                                              Data Set                  WORK.DB_YRSUS_C3_L10_0
                                                              Number of Imputations     10                    


                                                                    Variance Information (10 Imputations)
 
                                                                                                       Relative       Fraction
                                             -----------------Variance-----------------                Increase        Missing       Relative
                                Parameter         Between         Within          Total       DF    in Variance    Information     Efficiency

                                Estimate        27.521060      93.921276     124.194443   151.47       0.322325       0.253548       0.975272


                                                                    Parameter Estimates (10 Imputations)
 
                                                                                                                                             t for H0:
           Parameter        Estimate      Std Error    95% Confidence Limits        DF        Minimum        Maximum         Theta0   Parameter=Theta0   Pr > |t|

           Estimate        -0.244549      11.144256     -22.2628     21.77371   151.47      -5.020242      10.016434              0              -0.02     0.9825
                                                                               The SAS System

------------------------------------------------------------------------ Effect=Percentage Mediated -------------------------------------------------------------------------

                                                                           The MIANALYZE Procedure

                                                                             Model Information

                                                              Data Set                  WORK.DB_YRSUS_C3_L10_0
                                                              Number of Imputations     10                    


                                                                    Variance Information (10 Imputations)
 
                                                                                                       Relative       Fraction
                                             -----------------Variance-----------------                Increase        Missing       Relative
                                Parameter         Between         Within          Total       DF    in Variance    Information     Efficiency

                                Estimate        27.521060      93.921276     124.194443   151.47       0.322325       0.253548       0.975272


                                                                    Parameter Estimates (10 Imputations)
 
                                                                                                                                             t for H0:
           Parameter        Estimate      Std Error    95% Confidence Limits        DF        Minimum        Maximum         Theta0   Parameter=Theta0   Pr > |t|

           Estimate        -0.244549      11.144256     -22.2628     21.77371   151.47      -5.020242      10.016434              0              -0.02     0.9825
                                                                               The SAS System

---------------------------------------------------------------------------- Effect=Total Effect ----------------------------------------------------------------------------

                                                                           The MIANALYZE Procedure

                                                                             Model Information

                                                              Data Set                  WORK.DB_YRSUS_C3_L10_0
                                                              Number of Imputations     10                    


                                                                    Variance Information (10 Imputations)
 
                                                                                                       Relative       Fraction
                                             -----------------Variance-----------------                Increase        Missing       Relative
                                Parameter         Between         Within          Total       DF    in Variance    Information     Efficiency

                                Estimate         0.000122       0.106554       0.106688   5.66E6       0.001263       0.001262       0.999874


                                                                    Parameter Estimates (10 Imputations)
 
                                                                                                                                             t for H0:
           Parameter        Estimate      Std Error    95% Confidence Limits        DF        Minimum        Maximum         Theta0   Parameter=Theta0   Pr > |t|

           Estimate        -0.743653       0.326632     -1.38384     -0.10347   5.66E6      -0.762931      -0.730488              0              -2.28     0.0228
                                                                               The SAS System

---------------------------------------------------------------------------- Imputation Number=1 ----------------------------------------------------------------------------

                                                                           The CAUSALMED Procedure

                                                                             Model Information

                                                                   Data Set                    WORK.DB_IN
                                                                   Outcome Variable                   WAZ
                                                                   Treatment Variable        yrsus_c3_g10
                                                                   Mediator Variable         BIRTHWT_GA_Z
                                                                   Outcome Distribution            Normal
                                                                   Outcome Link Function         Identity
                                                                   Mediator Distribution           Normal
                                                                   Mediator Link Function        Identity


                                                                   Number of Observations Read         227
                                                                   Number of Observations Used         138


                                                                           Class Level Information
 
                                              Class                Levels    Values

                                              CENTERNUM                 4    CHICAGO MIAMI SAN DIEGO BRONX                     
                                              INCOME_C2                 2    <30 >30                                           
                                              LANG_PREF                 2    SPANISH ENGLISH                                   
                                              BKGRD1_C7NOMISS           7    BK_OTHER CUBAN C_AMERICAN DOMINICAN P_RICAN SOUTH 
                                                                             MEXICAN                                           
                                              MARITAL_STATUS            3    COHABITING SEPARATED SINGLE                       
                                              EMPLOYEDYN                2    EMPLOYED NOT_EMPLOYED                             
                                              EDUCATION_C3              3    AT_MOST_HIGHSCHOOL_GED G_HIGHSCHOOL               
                                                                             N_HIGHSCHOOL_GED                                  
                                              N_HC                      2    NO YES                                            
                                                                               The SAS System

---------------------------------------------------------------------------- Imputation Number=1 ----------------------------------------------------------------------------

                                                                           The CAUSALMED Procedure

                                                                             Summary of Effects
 
                                                                                  Standard          Wald 95% 
                                                                      Estimate       Error      Confidence Limits           Z    Pr > |Z|

                                    Total Effect                       -0.5566      0.3150     -1.1740     0.06079      -1.77      0.0772
                                    Controlled Direct Effect (CDE)     -0.6476      0.3098     -1.2548    -0.04047      -2.09      0.0366
                                    Natural Direct Effect (NDE)        -0.6476      0.3098     -1.2548    -0.04047      -2.09      0.0366
                                    Natural Indirect Effect (NIE)      0.09103     0.07601    -0.05794      0.2400       1.20      0.2310
                                    Percentage Mediated               -16.3552     17.8848    -51.4087     18.6984      -0.91      0.3605
                                    Percentage Due to Interaction            0           .           .           .        .         .    
                                    Percentage Eliminated             -16.3552     17.8848    -51.4087     18.6984      -0.91      0.3605
                                                                               The SAS System

---------------------------------------------------------------------------- Imputation Number=2 ----------------------------------------------------------------------------

                                                                           The CAUSALMED Procedure

                                                                             Model Information

                                                                   Data Set                    WORK.DB_IN
                                                                   Outcome Variable                   WAZ
                                                                   Treatment Variable        yrsus_c3_g10
                                                                   Mediator Variable         BIRTHWT_GA_Z
                                                                   Outcome Distribution            Normal
                                                                   Outcome Link Function         Identity
                                                                   Mediator Distribution           Normal
                                                                   Mediator Link Function        Identity


                                                                   Number of Observations Read         227
                                                                   Number of Observations Used         138


                                                                           Class Level Information
 
                                              Class                Levels    Values

                                              CENTERNUM                 4    CHICAGO MIAMI SAN DIEGO BRONX                     
                                              INCOME_C2                 2    <30 >30                                           
                                              LANG_PREF                 2    SPANISH ENGLISH                                   
                                              BKGRD1_C7NOMISS           7    BK_OTHER CUBAN C_AMERICAN DOMINICAN P_RICAN SOUTH 
                                                                             MEXICAN                                           
                                              MARITAL_STATUS            3    COHABITING SEPARATED SINGLE                       
                                              EMPLOYEDYN                2    EMPLOYED NOT_EMPLOYED                             
                                              EDUCATION_C3              3    AT_MOST_HIGHSCHOOL_GED G_HIGHSCHOOL               
                                                                             N_HIGHSCHOOL_GED                                  
                                              N_HC                      2    NO YES                                            
                                                                               The SAS System

---------------------------------------------------------------------------- Imputation Number=2 ----------------------------------------------------------------------------

                                                                           The CAUSALMED Procedure

                                                                             Summary of Effects
 
                                                                                  Standard          Wald 95% 
                                                                      Estimate       Error      Confidence Limits           Z    Pr > |Z|

                                    Total Effect                       -0.5418      0.3163     -1.1617     0.07819      -1.71      0.0868
                                    Controlled Direct Effect (CDE)     -0.5888      0.3133     -1.2030     0.02530      -1.88      0.0602
                                    Natural Direct Effect (NDE)        -0.5888      0.3133     -1.2030     0.02530      -1.88      0.0602
                                    Natural Indirect Effect (NIE)      0.04706     0.05590    -0.06251      0.1566       0.84      0.3999
                                    Percentage Mediated                -8.6862     12.1237    -32.4482     15.0758      -0.72      0.4737
                                    Percentage Due to Interaction            0           .           .           .        .         .    
                                    Percentage Eliminated              -8.6862     12.1237    -32.4482     15.0758      -0.72      0.4737
                                                                               The SAS System

---------------------------------------------------------------------------- Imputation Number=3 ----------------------------------------------------------------------------

                                                                           The CAUSALMED Procedure

                                                                             Model Information

                                                                   Data Set                    WORK.DB_IN
                                                                   Outcome Variable                   WAZ
                                                                   Treatment Variable        yrsus_c3_g10
                                                                   Mediator Variable         BIRTHWT_GA_Z
                                                                   Outcome Distribution            Normal
                                                                   Outcome Link Function         Identity
                                                                   Mediator Distribution           Normal
                                                                   Mediator Link Function        Identity


                                                                   Number of Observations Read         227
                                                                   Number of Observations Used         138


                                                                           Class Level Information
 
                                              Class                Levels    Values

                                              CENTERNUM                 4    CHICAGO MIAMI SAN DIEGO BRONX                     
                                              INCOME_C2                 2    <30 >30                                           
                                              LANG_PREF                 2    SPANISH ENGLISH                                   
                                              BKGRD1_C7NOMISS           7    BK_OTHER CUBAN C_AMERICAN DOMINICAN P_RICAN SOUTH 
                                                                             MEXICAN                                           
                                              MARITAL_STATUS            3    COHABITING SEPARATED SINGLE                       
                                              EMPLOYEDYN                2    EMPLOYED NOT_EMPLOYED                             
                                              EDUCATION_C3              3    AT_MOST_HIGHSCHOOL_GED G_HIGHSCHOOL               
                                                                             N_HIGHSCHOOL_GED                                  
                                              N_HC                      2    NO YES                                            
                                                                               The SAS System

---------------------------------------------------------------------------- Imputation Number=3 ----------------------------------------------------------------------------

                                                                           The CAUSALMED Procedure

                                                                             Summary of Effects
 
                                                                                  Standard          Wald 95% 
                                                                      Estimate       Error      Confidence Limits           Z    Pr > |Z|

                                    Total Effect                       -0.5521      0.3156     -1.1707     0.06641      -1.75      0.0802
                                    Controlled Direct Effect (CDE)     -0.6041      0.3142     -1.2199     0.01166      -1.92      0.0545
                                    Natural Direct Effect (NDE)        -0.6041      0.3142     -1.2199     0.01166      -1.92      0.0545
                                    Natural Indirect Effect (NIE)      0.05195     0.05391    -0.05372      0.1576       0.96      0.3352
                                    Percentage Mediated                -9.4091     11.6624    -32.2670     13.4488      -0.81      0.4198
                                    Percentage Due to Interaction            0           .           .           .        .         .    
                                    Percentage Eliminated              -9.4091     11.6624    -32.2670     13.4488      -0.81      0.4198
                                                                               The SAS System

---------------------------------------------------------------------------- Imputation Number=4 ----------------------------------------------------------------------------

                                                                           The CAUSALMED Procedure

                                                                             Model Information

                                                                   Data Set                    WORK.DB_IN
                                                                   Outcome Variable                   WAZ
                                                                   Treatment Variable        yrsus_c3_g10
                                                                   Mediator Variable         BIRTHWT_GA_Z
                                                                   Outcome Distribution            Normal
                                                                   Outcome Link Function         Identity
                                                                   Mediator Distribution           Normal
                                                                   Mediator Link Function        Identity


                                                                   Number of Observations Read         227
                                                                   Number of Observations Used         138


                                                                           Class Level Information
 
                                              Class                Levels    Values

                                              CENTERNUM                 4    CHICAGO MIAMI SAN DIEGO BRONX                     
                                              INCOME_C2                 2    <30 >30                                           
                                              LANG_PREF                 2    SPANISH ENGLISH                                   
                                              BKGRD1_C7NOMISS           7    BK_OTHER CUBAN C_AMERICAN DOMINICAN P_RICAN SOUTH 
                                                                             MEXICAN                                           
                                              MARITAL_STATUS            3    COHABITING SEPARATED SINGLE                       
                                              EMPLOYEDYN                2    EMPLOYED NOT_EMPLOYED                             
                                              EDUCATION_C3              3    AT_MOST_HIGHSCHOOL_GED G_HIGHSCHOOL               
                                                                             N_HIGHSCHOOL_GED                                  
                                              N_HC                      2    NO YES                                            
                                                                               The SAS System

---------------------------------------------------------------------------- Imputation Number=4 ----------------------------------------------------------------------------

                                                                           The CAUSALMED Procedure

                                                                             Summary of Effects
 
                                                                                  Standard          Wald 95% 
                                                                      Estimate       Error      Confidence Limits           Z    Pr > |Z|

                                    Total Effect                       -0.5314      0.3175     -1.1537     0.09099      -1.67      0.0942
                                    Controlled Direct Effect (CDE)     -0.5849      0.3138     -1.2000     0.03007      -1.86      0.0623
                                    Natural Direct Effect (NDE)        -0.5849      0.3138     -1.2000     0.03007      -1.86      0.0623
                                    Natural Indirect Effect (NIE)      0.05359     0.06084    -0.06566      0.1728       0.88      0.3784
                                    Percentage Mediated               -10.0858     13.7513    -37.0378     16.8663      -0.73      0.4633
                                    Percentage Due to Interaction            0           .           .           .        .         .    
                                    Percentage Eliminated             -10.0858     13.7513    -37.0378     16.8663      -0.73      0.4633
                                                                               The SAS System

---------------------------------------------------------------------------- Imputation Number=5 ----------------------------------------------------------------------------

                                                                           The CAUSALMED Procedure

                                                                             Model Information

                                                                   Data Set                    WORK.DB_IN
                                                                   Outcome Variable                   WAZ
                                                                   Treatment Variable        yrsus_c3_g10
                                                                   Mediator Variable         BIRTHWT_GA_Z
                                                                   Outcome Distribution            Normal
                                                                   Outcome Link Function         Identity
                                                                   Mediator Distribution           Normal
                                                                   Mediator Link Function        Identity


                                                                   Number of Observations Read         227
                                                                   Number of Observations Used         138


                                                                           Class Level Information
 
                                              Class                Levels    Values

                                              CENTERNUM                 4    CHICAGO MIAMI SAN DIEGO BRONX                     
                                              INCOME_C2                 2    <30 >30                                           
                                              LANG_PREF                 2    SPANISH ENGLISH                                   
                                              BKGRD1_C7NOMISS           7    BK_OTHER CUBAN C_AMERICAN DOMINICAN P_RICAN SOUTH 
                                                                             MEXICAN                                           
                                              MARITAL_STATUS            3    COHABITING SEPARATED SINGLE                       
                                              EMPLOYEDYN                2    EMPLOYED NOT_EMPLOYED                             
                                              EDUCATION_C3              3    AT_MOST_HIGHSCHOOL_GED G_HIGHSCHOOL               
                                                                             N_HIGHSCHOOL_GED                                  
                                              N_HC                      2    NO YES                                            
                                                                               The SAS System

---------------------------------------------------------------------------- Imputation Number=5 ----------------------------------------------------------------------------

                                                                           The CAUSALMED Procedure

                                                                             Summary of Effects
 
                                                                                  Standard          Wald 95% 
                                                                      Estimate       Error      Confidence Limits           Z    Pr > |Z|

                                    Total Effect                       -0.5309      0.3151     -1.1486     0.08672      -1.68      0.0920
                                    Controlled Direct Effect (CDE)     -0.5897      0.3056     -1.1886    0.009309      -1.93      0.0537
                                    Natural Direct Effect (NDE)        -0.5897      0.3056     -1.1886    0.009309      -1.93      0.0537
                                    Natural Indirect Effect (NIE)      0.05871     0.08162     -0.1013      0.2187       0.72      0.4719
                                    Percentage Mediated               -11.0573     18.1311    -46.5936     24.4789      -0.61      0.5420
                                    Percentage Due to Interaction            0           .           .           .        .         .    
                                    Percentage Eliminated             -11.0573     18.1311    -46.5936     24.4789      -0.61      0.5420
                                                                               The SAS System

---------------------------------------------------------------------------- Imputation Number=6 ----------------------------------------------------------------------------

                                                                           The CAUSALMED Procedure

                                                                             Model Information

                                                                   Data Set                    WORK.DB_IN
                                                                   Outcome Variable                   WAZ
                                                                   Treatment Variable        yrsus_c3_g10
                                                                   Mediator Variable         BIRTHWT_GA_Z
                                                                   Outcome Distribution            Normal
                                                                   Outcome Link Function         Identity
                                                                   Mediator Distribution           Normal
                                                                   Mediator Link Function        Identity


                                                                   Number of Observations Read         227
                                                                   Number of Observations Used         138


                                                                           Class Level Information
 
                                              Class                Levels    Values

                                              CENTERNUM                 4    CHICAGO MIAMI SAN DIEGO BRONX                     
                                              INCOME_C2                 2    <30 >30                                           
                                              LANG_PREF                 2    SPANISH ENGLISH                                   
                                              BKGRD1_C7NOMISS           7    BK_OTHER CUBAN C_AMERICAN DOMINICAN P_RICAN SOUTH 
                                                                             MEXICAN                                           
                                              MARITAL_STATUS            3    COHABITING SEPARATED SINGLE                       
                                              EMPLOYEDYN                2    EMPLOYED NOT_EMPLOYED                             
                                              EDUCATION_C3              3    AT_MOST_HIGHSCHOOL_GED G_HIGHSCHOOL               
                                                                             N_HIGHSCHOOL_GED                                  
                                              N_HC                      2    NO YES                                            
                                                                               The SAS System

---------------------------------------------------------------------------- Imputation Number=6 ----------------------------------------------------------------------------

                                                                           The CAUSALMED Procedure

                                                                             Summary of Effects
 
                                                                                  Standard          Wald 95% 
                                                                      Estimate       Error      Confidence Limits           Z    Pr > |Z|

                                    Total Effect                       -0.5462      0.3155     -1.1645     0.07217      -1.73      0.0834
                                    Controlled Direct Effect (CDE)     -0.5908      0.3054     -1.1895    0.007754      -1.93      0.0530
                                    Natural Direct Effect (NDE)        -0.5908      0.3054     -1.1895    0.007754      -1.93      0.0530
                                    Natural Indirect Effect (NIE)      0.04467     0.08169     -0.1154      0.2048       0.55      0.5845
                                    Percentage Mediated                -8.1786     16.7761    -41.0591     24.7019      -0.49      0.6259
                                    Percentage Due to Interaction            0           .           .           .        .         .    
                                    Percentage Eliminated              -8.1786     16.7761    -41.0591     24.7019      -0.49      0.6259
                                                                               The SAS System

---------------------------------------------------------------------------- Imputation Number=7 ----------------------------------------------------------------------------

                                                                           The CAUSALMED Procedure

                                                                             Model Information

                                                                   Data Set                    WORK.DB_IN
                                                                   Outcome Variable                   WAZ
                                                                   Treatment Variable        yrsus_c3_g10
                                                                   Mediator Variable         BIRTHWT_GA_Z
                                                                   Outcome Distribution            Normal
                                                                   Outcome Link Function         Identity
                                                                   Mediator Distribution           Normal
                                                                   Mediator Link Function        Identity


                                                                   Number of Observations Read         227
                                                                   Number of Observations Used         138


                                                                           Class Level Information
 
                                              Class                Levels    Values

                                              CENTERNUM                 4    CHICAGO MIAMI SAN DIEGO BRONX                     
                                              INCOME_C2                 2    <30 >30                                           
                                              LANG_PREF                 2    SPANISH ENGLISH                                   
                                              BKGRD1_C7NOMISS           7    BK_OTHER CUBAN C_AMERICAN DOMINICAN P_RICAN SOUTH 
                                                                             MEXICAN                                           
                                              MARITAL_STATUS            3    COHABITING SEPARATED SINGLE                       
                                              EMPLOYEDYN                2    EMPLOYED NOT_EMPLOYED                             
                                              EDUCATION_C3              3    AT_MOST_HIGHSCHOOL_GED G_HIGHSCHOOL               
                                                                             N_HIGHSCHOOL_GED                                  
                                              N_HC                      2    NO YES                                            
                                                                               The SAS System

---------------------------------------------------------------------------- Imputation Number=7 ----------------------------------------------------------------------------

                                                                           The CAUSALMED Procedure

                                                                             Summary of Effects
 
                                                                                  Standard          Wald 95% 
                                                                      Estimate       Error      Confidence Limits           Z    Pr > |Z|

                                    Total Effect                       -0.5565      0.3166     -1.1771     0.06415      -1.76      0.0789
                                    Controlled Direct Effect (CDE)     -0.6186      0.3052     -1.2169    -0.02040      -2.03      0.0427
                                    Natural Direct Effect (NDE)        -0.6186      0.3052     -1.2169    -0.02040      -2.03      0.0427
                                    Natural Indirect Effect (NIE)      0.06219     0.08828     -0.1108      0.2352       0.70      0.4811
                                    Percentage Mediated               -11.1756     18.5968    -47.6248     25.2735      -0.60      0.5479
                                    Percentage Due to Interaction            0           .           .           .        .         .    
                                    Percentage Eliminated             -11.1756     18.5968    -47.6248     25.2735      -0.60      0.5479
                                                                               The SAS System

---------------------------------------------------------------------------- Imputation Number=8 ----------------------------------------------------------------------------

                                                                           The CAUSALMED Procedure

                                                                             Model Information

                                                                   Data Set                    WORK.DB_IN
                                                                   Outcome Variable                   WAZ
                                                                   Treatment Variable        yrsus_c3_g10
                                                                   Mediator Variable         BIRTHWT_GA_Z
                                                                   Outcome Distribution            Normal
                                                                   Outcome Link Function         Identity
                                                                   Mediator Distribution           Normal
                                                                   Mediator Link Function        Identity


                                                                   Number of Observations Read         227
                                                                   Number of Observations Used         138


                                                                           Class Level Information
 
                                              Class                Levels    Values

                                              CENTERNUM                 4    CHICAGO MIAMI SAN DIEGO BRONX                     
                                              INCOME_C2                 2    <30 >30                                           
                                              LANG_PREF                 2    SPANISH ENGLISH                                   
                                              BKGRD1_C7NOMISS           7    BK_OTHER CUBAN C_AMERICAN DOMINICAN P_RICAN SOUTH 
                                                                             MEXICAN                                           
                                              MARITAL_STATUS            3    COHABITING SEPARATED SINGLE                       
                                              EMPLOYEDYN                2    EMPLOYED NOT_EMPLOYED                             
                                              EDUCATION_C3              3    AT_MOST_HIGHSCHOOL_GED G_HIGHSCHOOL               
                                                                             N_HIGHSCHOOL_GED                                  
                                              N_HC                      2    NO YES                                            
                                                                               The SAS System

---------------------------------------------------------------------------- Imputation Number=8 ----------------------------------------------------------------------------

                                                                           The CAUSALMED Procedure

                                                                             Summary of Effects
 
                                                                                  Standard          Wald 95% 
                                                                      Estimate       Error      Confidence Limits           Z    Pr > |Z|

                                    Total Effect                       -0.5649      0.3158     -1.1839     0.05411      -1.79      0.0737
                                    Controlled Direct Effect (CDE)     -0.6136      0.3119     -1.2250    -0.00225      -1.97      0.0492
                                    Natural Direct Effect (NDE)        -0.6136      0.3119     -1.2250    -0.00225      -1.97      0.0492
                                    Natural Indirect Effect (NIE)      0.04874     0.05960    -0.06807      0.1655       0.82      0.4134
                                    Percentage Mediated                -8.6278     12.2784    -32.6930     15.4373      -0.70      0.4823
                                    Percentage Due to Interaction            0           .           .           .        .         .    
                                    Percentage Eliminated              -8.6278     12.2784    -32.6930     15.4373      -0.70      0.4823
                                                                               The SAS System

---------------------------------------------------------------------------- Imputation Number=9 ----------------------------------------------------------------------------

                                                                           The CAUSALMED Procedure

                                                                             Model Information

                                                                   Data Set                    WORK.DB_IN
                                                                   Outcome Variable                   WAZ
                                                                   Treatment Variable        yrsus_c3_g10
                                                                   Mediator Variable         BIRTHWT_GA_Z
                                                                   Outcome Distribution            Normal
                                                                   Outcome Link Function         Identity
                                                                   Mediator Distribution           Normal
                                                                   Mediator Link Function        Identity


                                                                   Number of Observations Read         227
                                                                   Number of Observations Used         138


                                                                           Class Level Information
 
                                              Class                Levels    Values

                                              CENTERNUM                 4    CHICAGO MIAMI SAN DIEGO BRONX                     
                                              INCOME_C2                 2    <30 >30                                           
                                              LANG_PREF                 2    SPANISH ENGLISH                                   
                                              BKGRD1_C7NOMISS           7    BK_OTHER CUBAN C_AMERICAN DOMINICAN P_RICAN SOUTH 
                                                                             MEXICAN                                           
                                              MARITAL_STATUS            3    COHABITING SEPARATED SINGLE                       
                                              EMPLOYEDYN                2    EMPLOYED NOT_EMPLOYED                             
                                              EDUCATION_C3              3    AT_MOST_HIGHSCHOOL_GED G_HIGHSCHOOL               
                                                                             N_HIGHSCHOOL_GED                                  
                                              N_HC                      2    NO YES                                            
                                                                               The SAS System

---------------------------------------------------------------------------- Imputation Number=9 ----------------------------------------------------------------------------

                                                                           The CAUSALMED Procedure

                                                                             Summary of Effects
 
                                                                                  Standard          Wald 95% 
                                                                      Estimate       Error      Confidence Limits           Z    Pr > |Z|

                                    Total Effect                       -0.5571      0.3184     -1.1811     0.06700      -1.75      0.0802
                                    Controlled Direct Effect (CDE)     -0.6251      0.3090     -1.2308    -0.01943      -2.02      0.0431
                                    Natural Direct Effect (NDE)        -0.6251      0.3090     -1.2308    -0.01943      -2.02      0.0431
                                    Natural Indirect Effect (NIE)      0.06804     0.08299    -0.09461      0.2307       0.82      0.4123
                                    Percentage Mediated               -12.2135     17.9148    -47.3258     22.8988      -0.68      0.4954
                                    Percentage Due to Interaction            0           .           .           .        .         .    
                                    Percentage Eliminated             -12.2135     17.9148    -47.3258     22.8988      -0.68      0.4954
                                                                               The SAS System

--------------------------------------------------------------------------- Imputation Number=10 ----------------------------------------------------------------------------

                                                                           The CAUSALMED Procedure

                                                                             Model Information

                                                                   Data Set                    WORK.DB_IN
                                                                   Outcome Variable                   WAZ
                                                                   Treatment Variable        yrsus_c3_g10
                                                                   Mediator Variable         BIRTHWT_GA_Z
                                                                   Outcome Distribution            Normal
                                                                   Outcome Link Function         Identity
                                                                   Mediator Distribution           Normal
                                                                   Mediator Link Function        Identity


                                                                   Number of Observations Read         227
                                                                   Number of Observations Used         138


                                                                           Class Level Information
 
                                              Class                Levels    Values

                                              CENTERNUM                 4    CHICAGO MIAMI SAN DIEGO BRONX                     
                                              INCOME_C2                 2    <30 >30                                           
                                              LANG_PREF                 2    SPANISH ENGLISH                                   
                                              BKGRD1_C7NOMISS           7    BK_OTHER CUBAN C_AMERICAN DOMINICAN P_RICAN SOUTH 
                                                                             MEXICAN                                           
                                              MARITAL_STATUS            3    COHABITING SEPARATED SINGLE                       
                                              EMPLOYEDYN                2    EMPLOYED NOT_EMPLOYED                             
                                              EDUCATION_C3              3    AT_MOST_HIGHSCHOOL_GED G_HIGHSCHOOL               
                                                                             N_HIGHSCHOOL_GED                                  
                                              N_HC                      2    NO YES                                            
                                                                               The SAS System

--------------------------------------------------------------------------- Imputation Number=10 ----------------------------------------------------------------------------

                                                                           The CAUSALMED Procedure

                                                                             Summary of Effects
 
                                                                                  Standard          Wald 95% 
                                                                      Estimate       Error      Confidence Limits           Z    Pr > |Z|

                                    Total Effect                       -0.5411      0.3181     -1.1645     0.08232      -1.70      0.0889
                                    Controlled Direct Effect (CDE)     -0.6112      0.3132     -1.2250    0.002539      -1.95      0.0510
                                    Natural Direct Effect (NDE)        -0.6112      0.3132     -1.2250    0.002539      -1.95      0.0510
                                    Natural Indirect Effect (NIE)      0.07014     0.06963    -0.06634      0.2066       1.01      0.3138
                                    Percentage Mediated               -12.9626     16.0901    -44.4986     18.5734      -0.81      0.4205
                                    Percentage Due to Interaction            0           .           .           .        .         .    
                                    Percentage Eliminated             -12.9626     16.0901    -44.4986     18.5734      -0.81      0.4205
                                                                               The SAS System

------------------------------------------------------------------- Effect=Controlled Direct Effect (CDE) -------------------------------------------------------------------

                                                                           The MIANALYZE Procedure

                                                                             Model Information

                                                              Data Set                  WORK.DB_YRSUS_C3_G10_0
                                                              Number of Imputations     10                    


                                                                    Variance Information (10 Imputations)
 
                                                                                                       Relative       Fraction
                                             -----------------Variance-----------------                Increase        Missing       Relative
                                Parameter         Between         Within          Total       DF    in Variance    Information     Efficiency

                                Estimate         0.000396       0.096201       0.096636   443927       0.004523       0.004507       0.999549


                                                                    Parameter Estimates (10 Imputations)
 
                                                                                                                                             t for H0:
           Parameter        Estimate      Std Error    95% Confidence Limits        DF        Minimum        Maximum         Theta0   Parameter=Theta0   Pr > |t|

           Estimate        -0.607462       0.310864     -1.21675     0.001822   443927      -0.647618      -0.584941              0              -1.95     0.0507
                                                                               The SAS System

-------------------------------------------------------------------- Effect=Natural Direct Effect (NDE) ---------------------------------------------------------------------

                                                                           The MIANALYZE Procedure

                                                                             Model Information

                                                              Data Set                  WORK.DB_YRSUS_C3_G10_0
                                                              Number of Imputations     10                    


                                                                    Variance Information (10 Imputations)
 
                                                                                                       Relative       Fraction
                                             -----------------Variance-----------------                Increase        Missing       Relative
                                Parameter         Between         Within          Total       DF    in Variance    Information     Efficiency

                                Estimate         0.000396       0.096201       0.096636   443927       0.004523       0.004507       0.999549


                                                                    Parameter Estimates (10 Imputations)
 
                                                                                                                                             t for H0:
           Parameter        Estimate      Std Error    95% Confidence Limits        DF        Minimum        Maximum         Theta0   Parameter=Theta0   Pr > |t|

           Estimate        -0.607462       0.310864     -1.21675     0.001822   443927      -0.647618      -0.584941              0              -1.95     0.0507
                                                                               The SAS System

------------------------------------------------------------------- Effect=Natural Indirect Effect (NIE) --------------------------------------------------------------------

                                                                           The MIANALYZE Procedure

                                                                             Model Information

                                                              Data Set                  WORK.DB_YRSUS_C3_G10_0
                                                              Number of Imputations     10                    


                                                                    Variance Information (10 Imputations)
 
                                                                                                       Relative       Fraction
                                             -----------------Variance-----------------                Increase        Missing       Relative
                                Parameter         Between         Within          Total       DF    in Variance    Information     Efficiency

                                Estimate         0.000197       0.005192       0.005409   5623.7       0.041672       0.040346       0.995982


                                                                    Parameter Estimates (10 Imputations)
 
                                                                                                                                             t for H0:
           Parameter        Estimate      Std Error    95% Confidence Limits        DF        Minimum        Maximum         Theta0   Parameter=Theta0   Pr > |t|

           Estimate         0.059611       0.073545     -0.08457     0.203788   5623.7       0.044670       0.091031              0               0.81     0.4177
                                                                               The SAS System

----------------------------------------------------------------------- Effect=Percentage Eliminated ------------------------------------------------------------------------

                                                                           The MIANALYZE Procedure

                                                                             Model Information

                                                              Data Set                  WORK.DB_YRSUS_C3_G10_0
                                                              Number of Imputations     10                    


                                                                    Variance Information (10 Imputations)
 
                                                                                                       Relative       Fraction
                                             -----------------Variance-----------------                Increase        Missing       Relative
                                Parameter         Between         Within          Total       DF    in Variance    Information     Efficiency

                                Estimate         6.243144     247.856341     254.723799    12382       0.027707       0.027118       0.997296


                                                                    Parameter Estimates (10 Imputations)
 
                                                                                                                                             t for H0:
           Parameter        Estimate      Std Error    95% Confidence Limits        DF        Minimum        Maximum         Theta0   Parameter=Theta0   Pr > |t|

           Estimate       -10.875165      15.960069     -42.1594     20.40905    12382     -16.355163      -8.178578              0              -0.68     0.4956
                                                                               The SAS System

------------------------------------------------------------------------ Effect=Percentage Mediated -------------------------------------------------------------------------

                                                                           The MIANALYZE Procedure

                                                                             Model Information

                                                              Data Set                  WORK.DB_YRSUS_C3_G10_0
                                                              Number of Imputations     10                    


                                                                    Variance Information (10 Imputations)
 
                                                                                                       Relative       Fraction
                                             -----------------Variance-----------------                Increase        Missing       Relative
                                Parameter         Between         Within          Total       DF    in Variance    Information     Efficiency

                                Estimate         6.243144     247.856341     254.723799    12382       0.027707       0.027118       0.997296


                                                                    Parameter Estimates (10 Imputations)
 
                                                                                                                                             t for H0:
           Parameter        Estimate      Std Error    95% Confidence Limits        DF        Minimum        Maximum         Theta0   Parameter=Theta0   Pr > |t|

           Estimate       -10.875165      15.960069     -42.1594     20.40905    12382     -16.355163      -8.178578              0              -0.68     0.4956
                                                                               The SAS System

---------------------------------------------------------------------------- Effect=Total Effect ----------------------------------------------------------------------------

                                                                           The MIANALYZE Procedure

                                                                             Model Information

                                                              Data Set                  WORK.DB_YRSUS_C3_G10_0
                                                              Number of Imputations     10                    


                                                                    Variance Information (10 Imputations)
 
                                                                                                       Relative       Fraction
                                             -----------------Variance-----------------                Increase        Missing       Relative
                                Parameter         Between         Within          Total       DF    in Variance    Information     Efficiency

                                Estimate         0.000132       0.100111       0.100256   4.29E6       0.001451       0.001449       0.999855


                                                                    Parameter Estimates (10 Imputations)
 
                                                                                                                                             t for H0:
           Parameter        Estimate      Std Error    95% Confidence Limits        DF        Minimum        Maximum         Theta0   Parameter=Theta0   Pr > |t|

           Estimate        -0.547850       0.316632     -1.16844     0.072738   4.29E6      -0.564910      -0.530943              0              -1.73     0.0836
                                                                               The SAS System

---------------------------------------------------------------------------- Imputation Number=1 ----------------------------------------------------------------------------

                                                                           The CAUSALMED Procedure

                                                                             Model Information

                                                                   Data Set                    WORK.DB_IN
                                                                   Outcome Variable                   WAZ
                                                                   Treatment Variable                 BMI
                                                                   Mediator Variable         BIRTHWT_GA_Z
                                                                   Outcome Distribution            Normal
                                                                   Outcome Link Function         Identity
                                                                   Mediator Distribution           Normal
                                                                   Mediator Link Function        Identity


                                                                   Number of Observations Read         227
                                                                   Number of Observations Used         138


                                                                           Class Level Information
 
                                              Class                Levels    Values

                                              CENTERNUM                 4    CHICAGO MIAMI SAN DIEGO BRONX                     
                                              INCOME_C2                 2    <30 >30                                           
                                              LANG_PREF                 2    SPANISH ENGLISH                                   
                                              BKGRD1_C7NOMISS           7    BK_OTHER CUBAN C_AMERICAN DOMINICAN P_RICAN SOUTH 
                                                                             MEXICAN                                           
                                              MARITAL_STATUS            3    COHABITING SEPARATED SINGLE                       
                                              EMPLOYEDYN                2    EMPLOYED NOT_EMPLOYED                             
                                              EDUCATION_C3              3    AT_MOST_HIGHSCHOOL_GED G_HIGHSCHOOL               
                                                                             N_HIGHSCHOOL_GED                                  
                                              N_HC                      2    NO YES                                            
                                                                               The SAS System

---------------------------------------------------------------------------- Imputation Number=1 ----------------------------------------------------------------------------

                                                                           The CAUSALMED Procedure

                                                                             Summary of Effects
 
                                                                                  Standard          Wald 95% 
                                                                      Estimate       Error      Confidence Limits           Z    Pr > |Z|

                                    Total Effect                        0.1414     0.03717     0.06852      0.2142       3.80      0.0001
                                    Controlled Direct Effect (CDE)      0.1524     0.03657     0.08077      0.2241       4.17      <.0001
                                    Natural Direct Effect (NDE)         0.1524     0.03657     0.08077      0.2241       4.17      <.0001
                                    Natural Indirect Effect (NIE)     -0.01108    0.009030    -0.02877    0.006623      -1.23      0.2200
                                    Percentage Mediated                -7.8347      7.0696    -21.6909      6.0214      -1.11      0.2678
                                    Percentage Due to Interaction            0           .           .           .        .         .    
                                    Percentage Eliminated              -7.8347      7.0696    -21.6909      6.0214      -1.11      0.2678
                                                                               The SAS System

---------------------------------------------------------------------------- Imputation Number=2 ----------------------------------------------------------------------------

                                                                           The CAUSALMED Procedure

                                                                             Model Information

                                                                   Data Set                    WORK.DB_IN
                                                                   Outcome Variable                   WAZ
                                                                   Treatment Variable                 BMI
                                                                   Mediator Variable         BIRTHWT_GA_Z
                                                                   Outcome Distribution            Normal
                                                                   Outcome Link Function         Identity
                                                                   Mediator Distribution           Normal
                                                                   Mediator Link Function        Identity


                                                                   Number of Observations Read         227
                                                                   Number of Observations Used         138


                                                                           Class Level Information
 
                                              Class                Levels    Values

                                              CENTERNUM                 4    CHICAGO MIAMI SAN DIEGO BRONX                     
                                              INCOME_C2                 2    <30 >30                                           
                                              LANG_PREF                 2    SPANISH ENGLISH                                   
                                              BKGRD1_C7NOMISS           7    BK_OTHER CUBAN C_AMERICAN DOMINICAN P_RICAN SOUTH 
                                                                             MEXICAN                                           
                                              MARITAL_STATUS            3    COHABITING SEPARATED SINGLE                       
                                              EMPLOYEDYN                2    EMPLOYED NOT_EMPLOYED                             
                                              EDUCATION_C3              3    AT_MOST_HIGHSCHOOL_GED G_HIGHSCHOOL               
                                                                             N_HIGHSCHOOL_GED                                  
                                              N_HC                      2    NO YES                                            
                                                                               The SAS System

---------------------------------------------------------------------------- Imputation Number=2 ----------------------------------------------------------------------------

                                                                           The CAUSALMED Procedure

                                                                             Summary of Effects
 
                                                                                  Standard          Wald 95% 
                                                                      Estimate       Error      Confidence Limits           Z    Pr > |Z|

                                    Total Effect                        0.1401     0.03723     0.06712      0.2131       3.76      0.0002
                                    Controlled Direct Effect (CDE)      0.1449     0.03685     0.07264      0.2171       3.93      <.0001
                                    Natural Direct Effect (NDE)         0.1449     0.03685     0.07264      0.2171       3.93      <.0001
                                    Natural Indirect Effect (NIE)     -0.00477    0.006408    -0.01733    0.007786      -0.74      0.4564
                                    Percentage Mediated                -3.4068      4.7899    -12.7947      5.9812      -0.71      0.4769
                                    Percentage Due to Interaction            0           .           .           .        .         .    
                                    Percentage Eliminated              -3.4068      4.7899    -12.7947      5.9812      -0.71      0.4769
                                                                               The SAS System

---------------------------------------------------------------------------- Imputation Number=3 ----------------------------------------------------------------------------

                                                                           The CAUSALMED Procedure

                                                                             Model Information

                                                                   Data Set                    WORK.DB_IN
                                                                   Outcome Variable                   WAZ
                                                                   Treatment Variable                 BMI
                                                                   Mediator Variable         BIRTHWT_GA_Z
                                                                   Outcome Distribution            Normal
                                                                   Outcome Link Function         Identity
                                                                   Mediator Distribution           Normal
                                                                   Mediator Link Function        Identity


                                                                   Number of Observations Read         227
                                                                   Number of Observations Used         138


                                                                           Class Level Information
 
                                              Class                Levels    Values

                                              CENTERNUM                 4    CHICAGO MIAMI SAN DIEGO BRONX                     
                                              INCOME_C2                 2    <30 >30                                           
                                              LANG_PREF                 2    SPANISH ENGLISH                                   
                                              BKGRD1_C7NOMISS           7    BK_OTHER CUBAN C_AMERICAN DOMINICAN P_RICAN SOUTH 
                                                                             MEXICAN                                           
                                              MARITAL_STATUS            3    COHABITING SEPARATED SINGLE                       
                                              EMPLOYEDYN                2    EMPLOYED NOT_EMPLOYED                             
                                              EDUCATION_C3              3    AT_MOST_HIGHSCHOOL_GED G_HIGHSCHOOL               
                                                                             N_HIGHSCHOOL_GED                                  
                                              N_HC                      2    NO YES                                            
                                                                               The SAS System

---------------------------------------------------------------------------- Imputation Number=3 ----------------------------------------------------------------------------

                                                                           The CAUSALMED Procedure

                                                                             Summary of Effects
 
                                                                                  Standard          Wald 95% 
                                                                      Estimate       Error      Confidence Limits           Z    Pr > |Z|

                                    Total Effect                        0.1408     0.03721     0.06790      0.2137       3.79      0.0002
                                    Controlled Direct Effect (CDE)      0.1450     0.03694     0.07260      0.2174       3.93      <.0001
                                    Natural Direct Effect (NDE)         0.1450     0.03694     0.07260      0.2174       3.93      <.0001
                                    Natural Indirect Effect (NIE)     -0.00417    0.005736    -0.01541    0.007074      -0.73      0.4674
                                    Percentage Mediated                -2.9604      4.2420    -11.2745      5.3537      -0.70      0.4853
                                    Percentage Due to Interaction            0           .           .           .        .         .    
                                    Percentage Eliminated              -2.9604      4.2420    -11.2745      5.3537      -0.70      0.4853
                                                                               The SAS System

---------------------------------------------------------------------------- Imputation Number=4 ----------------------------------------------------------------------------

                                                                           The CAUSALMED Procedure

                                                                             Model Information

                                                                   Data Set                    WORK.DB_IN
                                                                   Outcome Variable                   WAZ
                                                                   Treatment Variable                 BMI
                                                                   Mediator Variable         BIRTHWT_GA_Z
                                                                   Outcome Distribution            Normal
                                                                   Outcome Link Function         Identity
                                                                   Mediator Distribution           Normal
                                                                   Mediator Link Function        Identity


                                                                   Number of Observations Read         227
                                                                   Number of Observations Used         138


                                                                           Class Level Information
 
                                              Class                Levels    Values

                                              CENTERNUM                 4    CHICAGO MIAMI SAN DIEGO BRONX                     
                                              INCOME_C2                 2    <30 >30                                           
                                              LANG_PREF                 2    SPANISH ENGLISH                                   
                                              BKGRD1_C7NOMISS           7    BK_OTHER CUBAN C_AMERICAN DOMINICAN P_RICAN SOUTH 
                                                                             MEXICAN                                           
                                              MARITAL_STATUS            3    COHABITING SEPARATED SINGLE                       
                                              EMPLOYEDYN                2    EMPLOYED NOT_EMPLOYED                             
                                              EDUCATION_C3              3    AT_MOST_HIGHSCHOOL_GED G_HIGHSCHOOL               
                                                                             N_HIGHSCHOOL_GED                                  
                                              N_HC                      2    NO YES                                            
                                                                               The SAS System

---------------------------------------------------------------------------- Imputation Number=4 ----------------------------------------------------------------------------

                                                                           The CAUSALMED Procedure

                                                                             Summary of Effects
 
                                                                                  Standard          Wald 95% 
                                                                      Estimate       Error      Confidence Limits           Z    Pr > |Z|

                                    Total Effect                        0.1398     0.03718     0.06696      0.2127       3.76      0.0002
                                    Controlled Direct Effect (CDE)      0.1472     0.03679     0.07505      0.2193       4.00      <.0001
                                    Natural Direct Effect (NDE)         0.1472     0.03679     0.07505      0.2193       4.00      <.0001
                                    Natural Indirect Effect (NIE)     -0.00733    0.007356    -0.02175    0.007089      -1.00      0.3191
                                    Percentage Mediated                -5.2407      5.6430    -16.3007      5.8193      -0.93      0.3530
                                    Percentage Due to Interaction            0           .           .           .        .         .    
                                    Percentage Eliminated              -5.2407      5.6430    -16.3007      5.8193      -0.93      0.3530
                                                                               The SAS System

---------------------------------------------------------------------------- Imputation Number=5 ----------------------------------------------------------------------------

                                                                           The CAUSALMED Procedure

                                                                             Model Information

                                                                   Data Set                    WORK.DB_IN
                                                                   Outcome Variable                   WAZ
                                                                   Treatment Variable                 BMI
                                                                   Mediator Variable         BIRTHWT_GA_Z
                                                                   Outcome Distribution            Normal
                                                                   Outcome Link Function         Identity
                                                                   Mediator Distribution           Normal
                                                                   Mediator Link Function        Identity


                                                                   Number of Observations Read         227
                                                                   Number of Observations Used         138


                                                                           Class Level Information
 
                                              Class                Levels    Values

                                              CENTERNUM                 4    CHICAGO MIAMI SAN DIEGO BRONX                     
                                              INCOME_C2                 2    <30 >30                                           
                                              LANG_PREF                 2    SPANISH ENGLISH                                   
                                              BKGRD1_C7NOMISS           7    BK_OTHER CUBAN C_AMERICAN DOMINICAN P_RICAN SOUTH 
                                                                             MEXICAN                                           
                                              MARITAL_STATUS            3    COHABITING SEPARATED SINGLE                       
                                              EMPLOYEDYN                2    EMPLOYED NOT_EMPLOYED                             
                                              EDUCATION_C3              3    AT_MOST_HIGHSCHOOL_GED G_HIGHSCHOOL               
                                                                             N_HIGHSCHOOL_GED                                  
                                              N_HC                      2    NO YES                                            
                                                                               The SAS System

---------------------------------------------------------------------------- Imputation Number=5 ----------------------------------------------------------------------------

                                                                           The CAUSALMED Procedure

                                                                             Summary of Effects
 
                                                                                  Standard          Wald 95% 
                                                                      Estimate       Error      Confidence Limits           Z    Pr > |Z|

                                    Total Effect                        0.1413     0.03712     0.06857      0.2141       3.81      0.0001
                                    Controlled Direct Effect (CDE)      0.1532     0.03613     0.08235      0.2240       4.24      <.0001
                                    Natural Direct Effect (NDE)         0.1532     0.03613     0.08235      0.2240       4.24      <.0001
                                    Natural Indirect Effect (NIE)     -0.01185     0.01012    -0.03168    0.007980      -1.17      0.2415
                                    Percentage Mediated                -8.3835      7.9637    -23.9922      7.2251      -1.05      0.2925
                                    Percentage Due to Interaction            0           .           .           .        .         .    
                                    Percentage Eliminated              -8.3835      7.9637    -23.9922      7.2251      -1.05      0.2925
                                                                               The SAS System

---------------------------------------------------------------------------- Imputation Number=6 ----------------------------------------------------------------------------

                                                                           The CAUSALMED Procedure

                                                                             Model Information

                                                                   Data Set                    WORK.DB_IN
                                                                   Outcome Variable                   WAZ
                                                                   Treatment Variable                 BMI
                                                                   Mediator Variable         BIRTHWT_GA_Z
                                                                   Outcome Distribution            Normal
                                                                   Outcome Link Function         Identity
                                                                   Mediator Distribution           Normal
                                                                   Mediator Link Function        Identity


                                                                   Number of Observations Read         227
                                                                   Number of Observations Used         138


                                                                           Class Level Information
 
                                              Class                Levels    Values

                                              CENTERNUM                 4    CHICAGO MIAMI SAN DIEGO BRONX                     
                                              INCOME_C2                 2    <30 >30                                           
                                              LANG_PREF                 2    SPANISH ENGLISH                                   
                                              BKGRD1_C7NOMISS           7    BK_OTHER CUBAN C_AMERICAN DOMINICAN P_RICAN SOUTH 
                                                                             MEXICAN                                           
                                              MARITAL_STATUS            3    COHABITING SEPARATED SINGLE                       
                                              EMPLOYEDYN                2    EMPLOYED NOT_EMPLOYED                             
                                              EDUCATION_C3              3    AT_MOST_HIGHSCHOOL_GED G_HIGHSCHOOL               
                                                                             N_HIGHSCHOOL_GED                                  
                                              N_HC                      2    NO YES                                            
                                                                               The SAS System

---------------------------------------------------------------------------- Imputation Number=6 ----------------------------------------------------------------------------

                                                                           The CAUSALMED Procedure

                                                                             Summary of Effects
 
                                                                                  Standard          Wald 95% 
                                                                      Estimate       Error      Confidence Limits           Z    Pr > |Z|

                                    Total Effect                        0.1402     0.03714     0.06739      0.2130       3.77      0.0002
                                    Controlled Direct Effect (CDE)      0.1553     0.03625     0.08429      0.2264       4.29      <.0001
                                    Natural Direct Effect (NDE)         0.1553     0.03625     0.08429      0.2264       4.29      <.0001
                                    Natural Indirect Effect (NIE)     -0.01514     0.01065    -0.03602    0.005741      -1.42      0.1553
                                    Percentage Mediated               -10.8006      8.7059    -27.8639      6.2627      -1.24      0.2148
                                    Percentage Due to Interaction            0           .           .           .        .         .    
                                    Percentage Eliminated             -10.8006      8.7059    -27.8639      6.2627      -1.24      0.2148
                                                                               The SAS System

---------------------------------------------------------------------------- Imputation Number=7 ----------------------------------------------------------------------------

                                                                           The CAUSALMED Procedure

                                                                             Model Information

                                                                   Data Set                    WORK.DB_IN
                                                                   Outcome Variable                   WAZ
                                                                   Treatment Variable                 BMI
                                                                   Mediator Variable         BIRTHWT_GA_Z
                                                                   Outcome Distribution            Normal
                                                                   Outcome Link Function         Identity
                                                                   Mediator Distribution           Normal
                                                                   Mediator Link Function        Identity


                                                                   Number of Observations Read         227
                                                                   Number of Observations Used         138


                                                                           Class Level Information
 
                                              Class                Levels    Values

                                              CENTERNUM                 4    CHICAGO MIAMI SAN DIEGO BRONX                     
                                              INCOME_C2                 2    <30 >30                                           
                                              LANG_PREF                 2    SPANISH ENGLISH                                   
                                              BKGRD1_C7NOMISS           7    BK_OTHER CUBAN C_AMERICAN DOMINICAN P_RICAN SOUTH 
                                                                             MEXICAN                                           
                                              MARITAL_STATUS            3    COHABITING SEPARATED SINGLE                       
                                              EMPLOYEDYN                2    EMPLOYED NOT_EMPLOYED                             
                                              EDUCATION_C3              3    AT_MOST_HIGHSCHOOL_GED G_HIGHSCHOOL               
                                                                             N_HIGHSCHOOL_GED                                  
                                              N_HC                      2    NO YES                                            
                                                                               The SAS System

---------------------------------------------------------------------------- Imputation Number=7 ----------------------------------------------------------------------------

                                                                           The CAUSALMED Procedure

                                                                             Summary of Effects
 
                                                                                  Standard          Wald 95% 
                                                                      Estimate       Error      Confidence Limits           Z    Pr > |Z|

                                    Total Effect                        0.1411     0.03726     0.06811      0.2142       3.79      0.0002
                                    Controlled Direct Effect (CDE)      0.1559     0.03612     0.08510      0.2267       4.32      <.0001
                                    Natural Direct Effect (NDE)         0.1559     0.03612     0.08510      0.2267       4.32      <.0001
                                    Natural Indirect Effect (NIE)     -0.01477     0.01108    -0.03648    0.006950      -1.33      0.1826
                                    Percentage Mediated               -10.4623      8.9492    -28.0024      7.0778      -1.17      0.2424
                                    Percentage Due to Interaction            0           .           .           .        .         .    
                                    Percentage Eliminated             -10.4623      8.9492    -28.0024      7.0778      -1.17      0.2424
                                                                               The SAS System

---------------------------------------------------------------------------- Imputation Number=8 ----------------------------------------------------------------------------

                                                                           The CAUSALMED Procedure

                                                                             Model Information

                                                                   Data Set                    WORK.DB_IN
                                                                   Outcome Variable                   WAZ
                                                                   Treatment Variable                 BMI
                                                                   Mediator Variable         BIRTHWT_GA_Z
                                                                   Outcome Distribution            Normal
                                                                   Outcome Link Function         Identity
                                                                   Mediator Distribution           Normal
                                                                   Mediator Link Function        Identity


                                                                   Number of Observations Read         227
                                                                   Number of Observations Used         138


                                                                           Class Level Information
 
                                              Class                Levels    Values

                                              CENTERNUM                 4    CHICAGO MIAMI SAN DIEGO BRONX                     
                                              INCOME_C2                 2    <30 >30                                           
                                              LANG_PREF                 2    SPANISH ENGLISH                                   
                                              BKGRD1_C7NOMISS           7    BK_OTHER CUBAN C_AMERICAN DOMINICAN P_RICAN SOUTH 
                                                                             MEXICAN                                           
                                              MARITAL_STATUS            3    COHABITING SEPARATED SINGLE                       
                                              EMPLOYEDYN                2    EMPLOYED NOT_EMPLOYED                             
                                              EDUCATION_C3              3    AT_MOST_HIGHSCHOOL_GED G_HIGHSCHOOL               
                                                                             N_HIGHSCHOOL_GED                                  
                                              N_HC                      2    NO YES                                            
                                                                               The SAS System

---------------------------------------------------------------------------- Imputation Number=8 ----------------------------------------------------------------------------

                                                                           The CAUSALMED Procedure

                                                                             Summary of Effects
 
                                                                                  Standard          Wald 95% 
                                                                      Estimate       Error      Confidence Limits           Z    Pr > |Z|

                                    Total Effect                        0.1388     0.03719     0.06592      0.2117       3.73      0.0002
                                    Controlled Direct Effect (CDE)      0.1464     0.03681     0.07423      0.2185       3.98      <.0001
                                    Natural Direct Effect (NDE)         0.1464     0.03681     0.07423      0.2185       3.98      <.0001
                                    Natural Indirect Effect (NIE)     -0.00757    0.007412    -0.02210    0.006958      -1.02      0.3071
                                    Percentage Mediated                -5.4537      5.7448    -16.7133      5.8059      -0.95      0.3425
                                    Percentage Due to Interaction            0           .           .           .        .         .    
                                    Percentage Eliminated              -5.4537      5.7448    -16.7133      5.8059      -0.95      0.3425
                                                                               The SAS System

---------------------------------------------------------------------------- Imputation Number=9 ----------------------------------------------------------------------------

                                                                           The CAUSALMED Procedure

                                                                             Model Information

                                                                   Data Set                    WORK.DB_IN
                                                                   Outcome Variable                   WAZ
                                                                   Treatment Variable                 BMI
                                                                   Mediator Variable         BIRTHWT_GA_Z
                                                                   Outcome Distribution            Normal
                                                                   Outcome Link Function         Identity
                                                                   Mediator Distribution           Normal
                                                                   Mediator Link Function        Identity


                                                                   Number of Observations Read         227
                                                                   Number of Observations Used         138


                                                                           Class Level Information
 
                                              Class                Levels    Values

                                              CENTERNUM                 4    CHICAGO MIAMI SAN DIEGO BRONX                     
                                              INCOME_C2                 2    <30 >30                                           
                                              LANG_PREF                 2    SPANISH ENGLISH                                   
                                              BKGRD1_C7NOMISS           7    BK_OTHER CUBAN C_AMERICAN DOMINICAN P_RICAN SOUTH 
                                                                             MEXICAN                                           
                                              MARITAL_STATUS            3    COHABITING SEPARATED SINGLE                       
                                              EMPLOYEDYN                2    EMPLOYED NOT_EMPLOYED                             
                                              EDUCATION_C3              3    AT_MOST_HIGHSCHOOL_GED G_HIGHSCHOOL               
                                                                             N_HIGHSCHOOL_GED                                  
                                              N_HC                      2    NO YES                                            
                                                                               The SAS System

---------------------------------------------------------------------------- Imputation Number=9 ----------------------------------------------------------------------------

                                                                           The CAUSALMED Procedure

                                                                             Summary of Effects
 
                                                                                  Standard          Wald 95% 
                                                                      Estimate       Error      Confidence Limits           Z    Pr > |Z|

                                    Total Effect                        0.1391     0.03729     0.06600      0.2122       3.73      0.0002
                                    Controlled Direct Effect (CDE)      0.1467     0.03619     0.07575      0.2176       4.05      <.0001
                                    Natural Direct Effect (NDE)         0.1467     0.03619     0.07575      0.2176       4.05      <.0001
                                    Natural Indirect Effect (NIE)     -0.00758    0.009686    -0.02656     0.01141      -0.78      0.4339
                                    Percentage Mediated                -5.4491      7.4545    -20.0596      9.1615      -0.73      0.4648
                                    Percentage Due to Interaction            0           .           .           .        .         .    
                                    Percentage Eliminated              -5.4491      7.4545    -20.0596      9.1615      -0.73      0.4648
                                                                               The SAS System

--------------------------------------------------------------------------- Imputation Number=10 ----------------------------------------------------------------------------

                                                                           The CAUSALMED Procedure

                                                                             Model Information

                                                                   Data Set                    WORK.DB_IN
                                                                   Outcome Variable                   WAZ
                                                                   Treatment Variable                 BMI
                                                                   Mediator Variable         BIRTHWT_GA_Z
                                                                   Outcome Distribution            Normal
                                                                   Outcome Link Function         Identity
                                                                   Mediator Distribution           Normal
                                                                   Mediator Link Function        Identity


                                                                   Number of Observations Read         227
                                                                   Number of Observations Used         138


                                                                           Class Level Information
 
                                              Class                Levels    Values

                                              CENTERNUM                 4    CHICAGO MIAMI SAN DIEGO BRONX                     
                                              INCOME_C2                 2    <30 >30                                           
                                              LANG_PREF                 2    SPANISH ENGLISH                                   
                                              BKGRD1_C7NOMISS           7    BK_OTHER CUBAN C_AMERICAN DOMINICAN P_RICAN SOUTH 
                                                                             MEXICAN                                           
                                              MARITAL_STATUS            3    COHABITING SEPARATED SINGLE                       
                                              EMPLOYEDYN                2    EMPLOYED NOT_EMPLOYED                             
                                              EDUCATION_C3              3    AT_MOST_HIGHSCHOOL_GED G_HIGHSCHOOL               
                                                                             N_HIGHSCHOOL_GED                                  
                                              N_HC                      2    NO YES                                            
                                                                               The SAS System

--------------------------------------------------------------------------- Imputation Number=10 ----------------------------------------------------------------------------

                                                                           The CAUSALMED Procedure

                                                                             Summary of Effects
 
                                                                                  Standard          Wald 95% 
                                                                      Estimate       Error      Confidence Limits           Z    Pr > |Z|

                                    Total Effect                        0.1389     0.03721     0.06597      0.2118       3.73      0.0002
                                    Controlled Direct Effect (CDE)      0.1467     0.03662     0.07494      0.2185       4.01      <.0001
                                    Natural Direct Effect (NDE)         0.1467     0.03662     0.07494      0.2185       4.01      <.0001
                                    Natural Indirect Effect (NIE)     -0.00780    0.008075    -0.02363    0.008025      -0.97      0.3340
                                    Percentage Mediated                -5.6169      6.2633    -17.8928      6.6590      -0.90      0.3698
                                    Percentage Due to Interaction            0           .           .           .        .         .    
                                    Percentage Eliminated              -5.6169      6.2633    -17.8928      6.6590      -0.90      0.3698
                                                                               The SAS System

------------------------------------------------------------------- Effect=Controlled Direct Effect (CDE) -------------------------------------------------------------------

                                                                           The MIANALYZE Procedure

                                                                              Model Information

                                                                   Data Set                  WORK.DB_BMI_0
                                                                   Number of Imputations     10           


                                                                    Variance Information (10 Imputations)
 
                                                                                                       Relative       Fraction
                                             -----------------Variance-----------------                Increase        Missing       Relative
                                Parameter         Between         Within          Total       DF    in Variance    Information     Efficiency

                                Estimate      0.000018862       0.001334       0.001355    38381       0.015551       0.015365       0.998466


                                                                    Parameter Estimates (10 Imputations)
 
                                                                                                                                             t for H0:
           Parameter        Estimate      Std Error    95% Confidence Limits        DF        Minimum        Maximum         Theta0   Parameter=Theta0   Pr > |t|

           Estimate         0.149360       0.036810     0.077212     0.221507    38381       0.144862       0.155896              0               4.06     <.0001
                                                                               The SAS System

-------------------------------------------------------------------- Effect=Natural Direct Effect (NDE) ---------------------------------------------------------------------

                                                                           The MIANALYZE Procedure

                                                                              Model Information

                                                                   Data Set                  WORK.DB_BMI_0
                                                                   Number of Imputations     10           


                                                                    Variance Information (10 Imputations)
 
                                                                                                       Relative       Fraction
                                             -----------------Variance-----------------                Increase        Missing       Relative
                                Parameter         Between         Within          Total       DF    in Variance    Information     Efficiency

                                Estimate      0.000018862       0.001334       0.001355    38381       0.015551       0.015365       0.998466


                                                                    Parameter Estimates (10 Imputations)
 
                                                                                                                                             t for H0:
           Parameter        Estimate      Std Error    95% Confidence Limits        DF        Minimum        Maximum         Theta0   Parameter=Theta0   Pr > |t|

           Estimate         0.149360       0.036810     0.077212     0.221507    38381       0.144862       0.155896              0               4.06     <.0001
                                                                               The SAS System

------------------------------------------------------------------- Effect=Natural Indirect Effect (NIE) --------------------------------------------------------------------

                                                                           The MIANALYZE Procedure

                                                                              Model Information

                                                                   Data Set                  WORK.DB_BMI_0
                                                                   Number of Imputations     10           


                                                                    Variance Information (10 Imputations)
 
                                                                                                       Relative       Fraction
                                             -----------------Variance-----------------                Increase        Missing       Relative
                                Parameter         Between         Within          Total       DF    in Variance    Information     Efficiency

                                Estimate      0.000014718    0.000076220    0.000092410   293.22       0.212411       0.180766       0.982244


                                                                    Parameter Estimates (10 Imputations)
 
                                                                                                                                             t for H0:
           Parameter        Estimate      Std Error    95% Confidence Limits        DF        Minimum        Maximum         Theta0   Parameter=Theta0   Pr > |t|

           Estimate        -0.009205       0.009613     -0.02812     0.009714   293.22      -0.015142      -0.004169              0              -0.96     0.3391
                                                                               The SAS System

----------------------------------------------------------------------- Effect=Percentage Eliminated ------------------------------------------------------------------------

                                                                           The MIANALYZE Procedure

                                                                              Model Information

                                                                   Data Set                  WORK.DB_BMI_0
                                                                   Number of Imputations     10           


                                                                    Variance Information (10 Imputations)
 
                                                                                                       Relative       Fraction
                                             -----------------Variance-----------------                Increase        Missing       Relative
                                Parameter         Between         Within          Total       DF    in Variance    Information     Efficiency

                                Estimate         7.349944      46.986319      55.071258   417.58       0.172070       0.150866       0.985138


                                                                    Parameter Estimates (10 Imputations)
 
                                                                                                                                             t for H0:
           Parameter        Estimate      Std Error    95% Confidence Limits        DF        Minimum        Maximum         Theta0   Parameter=Theta0   Pr > |t|

           Estimate        -6.560872       7.421001     -21.1480     8.026303   417.58     -10.800637      -2.960376              0              -0.88     0.3772
                                                                               The SAS System

------------------------------------------------------------------------ Effect=Percentage Mediated -------------------------------------------------------------------------

                                                                           The MIANALYZE Procedure

                                                                              Model Information

                                                                   Data Set                  WORK.DB_BMI_0
                                                                   Number of Imputations     10           


                                                                    Variance Information (10 Imputations)
 
                                                                                                       Relative       Fraction
                                             -----------------Variance-----------------                Increase        Missing       Relative
                                Parameter         Between         Within          Total       DF    in Variance    Information     Efficiency

                                Estimate         7.349944      46.986319      55.071258   417.58       0.172070       0.150866       0.985138


                                                                    Parameter Estimates (10 Imputations)
 
                                                                                                                                             t for H0:
           Parameter        Estimate      Std Error    95% Confidence Limits        DF        Minimum        Maximum         Theta0   Parameter=Theta0   Pr > |t|

           Estimate        -6.560872       7.421001     -21.1480     8.026303   417.58     -10.800637      -2.960376              0              -0.88     0.3772
                                                                               The SAS System

---------------------------------------------------------------------------- Effect=Total Effect ----------------------------------------------------------------------------

                                                                           The MIANALYZE Procedure

                                                                              Model Information

                                                                   Data Set                  WORK.DB_BMI_0
                                                                   Number of Imputations     10           


                                                                    Variance Information (10 Imputations)
 
                                                                                                       Relative       Fraction
                                             -----------------Variance-----------------                Increase        Missing       Relative
                                Parameter         Between         Within          Total       DF    in Variance    Information     Efficiency

                                Estimate      0.000000985       0.001384       0.001385   1.47E7       0.000783       0.000783       0.999922


                                                                    Parameter Estimates (10 Imputations)
 
                                                                                                                                             t for H0:
           Parameter        Estimate      Std Error    95% Confidence Limits        DF        Minimum        Maximum         Theta0   Parameter=Theta0   Pr > |t|

           Estimate         0.140155       0.037214     0.067217     0.213092   1.47E7       0.138805       0.141363              0               3.77     0.0002
                                                                               The SAS System

---------------------------------------------------------------------------- Imputation Number=1 ----------------------------------------------------------------------------

                                                                           The CAUSALMED Procedure

                                                                             Model Information

                                                                   Data Set                    WORK.DB_IN
                                                                   Outcome Variable                   WAZ
                                                                   Treatment Variable             ANTA10A
                                                                   Mediator Variable         BIRTHWT_GA_Z
                                                                   Outcome Distribution            Normal
                                                                   Outcome Link Function         Identity
                                                                   Mediator Distribution           Normal
                                                                   Mediator Link Function        Identity


                                                                   Number of Observations Read         227
                                                                   Number of Observations Used         138


                                                                           Class Level Information
 
                                              Class                Levels    Values

                                              CENTERNUM                 4    CHICAGO MIAMI SAN DIEGO BRONX                     
                                              INCOME_C2                 2    <30 >30                                           
                                              LANG_PREF                 2    SPANISH ENGLISH                                   
                                              BKGRD1_C7NOMISS           7    BK_OTHER CUBAN C_AMERICAN DOMINICAN P_RICAN SOUTH 
                                                                             MEXICAN                                           
                                              MARITAL_STATUS            3    COHABITING SEPARATED SINGLE                       
                                              EMPLOYEDYN                2    EMPLOYED NOT_EMPLOYED                             
                                              EDUCATION_C3              3    AT_MOST_HIGHSCHOOL_GED G_HIGHSCHOOL               
                                                                             N_HIGHSCHOOL_GED                                  
                                              N_HC                      2    NO YES                                            
                                                                               The SAS System

---------------------------------------------------------------------------- Imputation Number=1 ----------------------------------------------------------------------------

                                                                           The CAUSALMED Procedure

                                                                             Summary of Effects
 
                                                                                  Standard          Wald 95% 
                                                                      Estimate       Error      Confidence Limits           Z    Pr > |Z|

                                    Total Effect                      -0.03814     0.01802    -0.07346    -0.00282      -2.12      0.0343
                                    Controlled Direct Effect (CDE)    -0.04614     0.01788    -0.08119    -0.01110      -2.58      0.0099
                                    Natural Direct Effect (NDE)       -0.04614     0.01788    -0.08119    -0.01110      -2.58      0.0099
                                    Natural Indirect Effect (NIE)     0.008005    0.004952    -0.00170     0.01771       1.62      0.1060
                                    Percentage Mediated               -20.9876     17.5962    -55.4756     13.5004      -1.19      0.2330
                                    Percentage Due to Interaction            0           .           .           .        .         .    
                                    Percentage Eliminated             -20.9876     17.5962    -55.4756     13.5004      -1.19      0.2330
                                                                               The SAS System

---------------------------------------------------------------------------- Imputation Number=2 ----------------------------------------------------------------------------

                                                                           The CAUSALMED Procedure

                                                                             Model Information

                                                                   Data Set                    WORK.DB_IN
                                                                   Outcome Variable                   WAZ
                                                                   Treatment Variable             ANTA10A
                                                                   Mediator Variable         BIRTHWT_GA_Z
                                                                   Outcome Distribution            Normal
                                                                   Outcome Link Function         Identity
                                                                   Mediator Distribution           Normal
                                                                   Mediator Link Function        Identity


                                                                   Number of Observations Read         227
                                                                   Number of Observations Used         138


                                                                           Class Level Information
 
                                              Class                Levels    Values

                                              CENTERNUM                 4    CHICAGO MIAMI SAN DIEGO BRONX                     
                                              INCOME_C2                 2    <30 >30                                           
                                              LANG_PREF                 2    SPANISH ENGLISH                                   
                                              BKGRD1_C7NOMISS           7    BK_OTHER CUBAN C_AMERICAN DOMINICAN P_RICAN SOUTH 
                                                                             MEXICAN                                           
                                              MARITAL_STATUS            3    COHABITING SEPARATED SINGLE                       
                                              EMPLOYEDYN                2    EMPLOYED NOT_EMPLOYED                             
                                              EDUCATION_C3              3    AT_MOST_HIGHSCHOOL_GED G_HIGHSCHOOL               
                                                                             N_HIGHSCHOOL_GED                                  
                                              N_HC                      2    NO YES                                            
                                                                               The SAS System

---------------------------------------------------------------------------- Imputation Number=2 ----------------------------------------------------------------------------

                                                                           The CAUSALMED Procedure

                                                                             Summary of Effects
 
                                                                                  Standard          Wald 95% 
                                                                      Estimate       Error      Confidence Limits           Z    Pr > |Z|

                                    Total Effect                      -0.03751     0.01805    -0.07289    -0.00213      -2.08      0.0377
                                    Controlled Direct Effect (CDE)    -0.04189     0.01798    -0.07712    -0.00665      -2.33      0.0198
                                    Natural Direct Effect (NDE)       -0.04189     0.01798    -0.07712    -0.00665      -2.33      0.0198
                                    Natural Indirect Effect (NIE)     0.004373    0.003681    -0.00284     0.01159       1.19      0.2348
                                    Percentage Mediated               -11.6577     11.8842    -34.9502     11.6349      -0.98      0.3266
                                    Percentage Due to Interaction            0           .           .           .        .         .    
                                    Percentage Eliminated             -11.6577     11.8842    -34.9502     11.6349      -0.98      0.3266
                                                                               The SAS System

---------------------------------------------------------------------------- Imputation Number=3 ----------------------------------------------------------------------------

                                                                           The CAUSALMED Procedure

                                                                             Model Information

                                                                   Data Set                    WORK.DB_IN
                                                                   Outcome Variable                   WAZ
                                                                   Treatment Variable             ANTA10A
                                                                   Mediator Variable         BIRTHWT_GA_Z
                                                                   Outcome Distribution            Normal
                                                                   Outcome Link Function         Identity
                                                                   Mediator Distribution           Normal
                                                                   Mediator Link Function        Identity


                                                                   Number of Observations Read         227
                                                                   Number of Observations Used         138


                                                                           Class Level Information
 
                                              Class                Levels    Values

                                              CENTERNUM                 4    CHICAGO MIAMI SAN DIEGO BRONX                     
                                              INCOME_C2                 2    <30 >30                                           
                                              LANG_PREF                 2    SPANISH ENGLISH                                   
                                              BKGRD1_C7NOMISS           7    BK_OTHER CUBAN C_AMERICAN DOMINICAN P_RICAN SOUTH 
                                                                             MEXICAN                                           
                                              MARITAL_STATUS            3    COHABITING SEPARATED SINGLE                       
                                              EMPLOYEDYN                2    EMPLOYED NOT_EMPLOYED                             
                                              EDUCATION_C3              3    AT_MOST_HIGHSCHOOL_GED G_HIGHSCHOOL               
                                                                             N_HIGHSCHOOL_GED                                  
                                              N_HC                      2    NO YES                                            
                                                                               The SAS System

---------------------------------------------------------------------------- Imputation Number=3 ----------------------------------------------------------------------------

                                                                           The CAUSALMED Procedure

                                                                             Summary of Effects
 
                                                                                  Standard          Wald 95% 
                                                                      Estimate       Error      Confidence Limits           Z    Pr > |Z|

                                    Total Effect                      -0.03810     0.01801    -0.07340    -0.00280      -2.12      0.0344
                                    Controlled Direct Effect (CDE)    -0.04226     0.01802    -0.07757    -0.00694      -2.35      0.0190
                                    Natural Direct Effect (NDE)       -0.04226     0.01802    -0.07757    -0.00694      -2.35      0.0190
                                    Natural Indirect Effect (NIE)     0.004154    0.003552    -0.00281     0.01112       1.17      0.2422
                                    Percentage Mediated               -10.9026     11.0804    -32.6198     10.8145      -0.98      0.3251
                                    Percentage Due to Interaction            0           .           .           .        .         .    
                                    Percentage Eliminated             -10.9026     11.0804    -32.6198     10.8145      -0.98      0.3251
                                                                               The SAS System

---------------------------------------------------------------------------- Imputation Number=4 ----------------------------------------------------------------------------

                                                                           The CAUSALMED Procedure

                                                                             Model Information

                                                                   Data Set                    WORK.DB_IN
                                                                   Outcome Variable                   WAZ
                                                                   Treatment Variable             ANTA10A
                                                                   Mediator Variable         BIRTHWT_GA_Z
                                                                   Outcome Distribution            Normal
                                                                   Outcome Link Function         Identity
                                                                   Mediator Distribution           Normal
                                                                   Mediator Link Function        Identity


                                                                   Number of Observations Read         227
                                                                   Number of Observations Used         138


                                                                           Class Level Information
 
                                              Class                Levels    Values

                                              CENTERNUM                 4    CHICAGO MIAMI SAN DIEGO BRONX                     
                                              INCOME_C2                 2    <30 >30                                           
                                              LANG_PREF                 2    SPANISH ENGLISH                                   
                                              BKGRD1_C7NOMISS           7    BK_OTHER CUBAN C_AMERICAN DOMINICAN P_RICAN SOUTH 
                                                                             MEXICAN                                           
                                              MARITAL_STATUS            3    COHABITING SEPARATED SINGLE                       
                                              EMPLOYEDYN                2    EMPLOYED NOT_EMPLOYED                             
                                              EDUCATION_C3              3    AT_MOST_HIGHSCHOOL_GED G_HIGHSCHOOL               
                                                                             N_HIGHSCHOOL_GED                                  
                                              N_HC                      2    NO YES                                            
                                                                               The SAS System

---------------------------------------------------------------------------- Imputation Number=4 ----------------------------------------------------------------------------

                                                                           The CAUSALMED Procedure

                                                                             Summary of Effects
 
                                                                                  Standard          Wald 95% 
                                                                      Estimate       Error      Confidence Limits           Z    Pr > |Z|

                                    Total Effect                      -0.03763     0.01804    -0.07298    -0.00228      -2.09      0.0370
                                    Controlled Direct Effect (CDE)    -0.04333     0.01798    -0.07857    -0.00810      -2.41      0.0159
                                    Natural Direct Effect (NDE)       -0.04333     0.01798    -0.07857    -0.00810      -2.41      0.0159
                                    Natural Indirect Effect (NIE)     0.005703    0.004170    -0.00247     0.01388       1.37      0.1714
                                    Percentage Mediated               -15.1560     14.0173    -42.6294     12.3174      -1.08      0.2796
                                    Percentage Due to Interaction            0           .           .           .        .         .    
                                    Percentage Eliminated             -15.1560     14.0173    -42.6294     12.3174      -1.08      0.2796
                                                                               The SAS System

---------------------------------------------------------------------------- Imputation Number=5 ----------------------------------------------------------------------------

                                                                           The CAUSALMED Procedure

                                                                             Model Information

                                                                   Data Set                    WORK.DB_IN
                                                                   Outcome Variable                   WAZ
                                                                   Treatment Variable             ANTA10A
                                                                   Mediator Variable         BIRTHWT_GA_Z
                                                                   Outcome Distribution            Normal
                                                                   Outcome Link Function         Identity
                                                                   Mediator Distribution           Normal
                                                                   Mediator Link Function        Identity


                                                                   Number of Observations Read         227
                                                                   Number of Observations Used         138


                                                                           Class Level Information
 
                                              Class                Levels    Values

                                              CENTERNUM                 4    CHICAGO MIAMI SAN DIEGO BRONX                     
                                              INCOME_C2                 2    <30 >30                                           
                                              LANG_PREF                 2    SPANISH ENGLISH                                   
                                              BKGRD1_C7NOMISS           7    BK_OTHER CUBAN C_AMERICAN DOMINICAN P_RICAN SOUTH 
                                                                             MEXICAN                                           
                                              MARITAL_STATUS            3    COHABITING SEPARATED SINGLE                       
                                              EMPLOYEDYN                2    EMPLOYED NOT_EMPLOYED                             
                                              EDUCATION_C3              3    AT_MOST_HIGHSCHOOL_GED G_HIGHSCHOOL               
                                                                             N_HIGHSCHOOL_GED                                  
                                              N_HC                      2    NO YES                                            
                                                                               The SAS System

---------------------------------------------------------------------------- Imputation Number=5 ----------------------------------------------------------------------------

                                                                           The CAUSALMED Procedure

                                                                             Summary of Effects
 
                                                                                  Standard          Wald 95% 
                                                                      Estimate       Error      Confidence Limits           Z    Pr > |Z|

                                    Total Effect                      -0.03856     0.01801    -0.07387    -0.00326      -2.14      0.0323
                                    Controlled Direct Effect (CDE)    -0.04736     0.01767    -0.08199    -0.01273      -2.68      0.0074
                                    Natural Direct Effect (NDE)       -0.04736     0.01767    -0.08199    -0.01273      -2.68      0.0074
                                    Natural Indirect Effect (NIE)     0.008795    0.005370    -0.00173     0.01932       1.64      0.1015
                                    Percentage Mediated               -22.8063     19.2483    -60.5323     14.9198      -1.18      0.2361
                                    Percentage Due to Interaction            0           .           .           .        .         .    
                                    Percentage Eliminated             -22.8063     19.2483    -60.5323     14.9198      -1.18      0.2361
                                                                               The SAS System

---------------------------------------------------------------------------- Imputation Number=6 ----------------------------------------------------------------------------

                                                                           The CAUSALMED Procedure

                                                                             Model Information

                                                                   Data Set                    WORK.DB_IN
                                                                   Outcome Variable                   WAZ
                                                                   Treatment Variable             ANTA10A
                                                                   Mediator Variable         BIRTHWT_GA_Z
                                                                   Outcome Distribution            Normal
                                                                   Outcome Link Function         Identity
                                                                   Mediator Distribution           Normal
                                                                   Mediator Link Function        Identity


                                                                   Number of Observations Read         227
                                                                   Number of Observations Used         138


                                                                           Class Level Information
 
                                              Class                Levels    Values

                                              CENTERNUM                 4    CHICAGO MIAMI SAN DIEGO BRONX                     
                                              INCOME_C2                 2    <30 >30                                           
                                              LANG_PREF                 2    SPANISH ENGLISH                                   
                                              BKGRD1_C7NOMISS           7    BK_OTHER CUBAN C_AMERICAN DOMINICAN P_RICAN SOUTH 
                                                                             MEXICAN                                           
                                              MARITAL_STATUS            3    COHABITING SEPARATED SINGLE                       
                                              EMPLOYEDYN                2    EMPLOYED NOT_EMPLOYED                             
                                              EDUCATION_C3              3    AT_MOST_HIGHSCHOOL_GED G_HIGHSCHOOL               
                                                                             N_HIGHSCHOOL_GED                                  
                                              N_HC                      2    NO YES                                            
                                                                               The SAS System

---------------------------------------------------------------------------- Imputation Number=6 ----------------------------------------------------------------------------

                                                                           The CAUSALMED Procedure

                                                                             Summary of Effects
 
                                                                                  Standard          Wald 95% 
                                                                      Estimate       Error      Confidence Limits           Z    Pr > |Z|

                                    Total Effect                      -0.03780     0.01801    -0.07311    -0.00250      -2.10      0.0358
                                    Controlled Direct Effect (CDE)    -0.04851     0.01776    -0.08332    -0.01371      -2.73      0.0063
                                    Natural Direct Effect (NDE)       -0.04851     0.01776    -0.08332    -0.01371      -2.73      0.0063
                                    Natural Indirect Effect (NIE)      0.01071    0.005748    -0.00056     0.02197       1.86      0.0624
                                    Percentage Mediated               -28.3294     22.2899    -72.0168     15.3579      -1.27      0.2037
                                    Percentage Due to Interaction            0           .           .           .        .         .    
                                    Percentage Eliminated             -28.3294     22.2899    -72.0168     15.3579      -1.27      0.2037
                                                                               The SAS System

---------------------------------------------------------------------------- Imputation Number=7 ----------------------------------------------------------------------------

                                                                           The CAUSALMED Procedure

                                                                             Model Information

                                                                   Data Set                    WORK.DB_IN
                                                                   Outcome Variable                   WAZ
                                                                   Treatment Variable             ANTA10A
                                                                   Mediator Variable         BIRTHWT_GA_Z
                                                                   Outcome Distribution            Normal
                                                                   Outcome Link Function         Identity
                                                                   Mediator Distribution           Normal
                                                                   Mediator Link Function        Identity


                                                                   Number of Observations Read         227
                                                                   Number of Observations Used         138


                                                                           Class Level Information
 
                                              Class                Levels    Values

                                              CENTERNUM                 4    CHICAGO MIAMI SAN DIEGO BRONX                     
                                              INCOME_C2                 2    <30 >30                                           
                                              LANG_PREF                 2    SPANISH ENGLISH                                   
                                              BKGRD1_C7NOMISS           7    BK_OTHER CUBAN C_AMERICAN DOMINICAN P_RICAN SOUTH 
                                                                             MEXICAN                                           
                                              MARITAL_STATUS            3    COHABITING SEPARATED SINGLE                       
                                              EMPLOYEDYN                2    EMPLOYED NOT_EMPLOYED                             
                                              EDUCATION_C3              3    AT_MOST_HIGHSCHOOL_GED G_HIGHSCHOOL               
                                                                             N_HIGHSCHOOL_GED                                  
                                              N_HC                      2    NO YES                                            
                                                                               The SAS System

---------------------------------------------------------------------------- Imputation Number=7 ----------------------------------------------------------------------------

                                                                           The CAUSALMED Procedure

                                                                             Summary of Effects
 
                                                                                  Standard          Wald 95% 
                                                                      Estimate       Error      Confidence Limits           Z    Pr > |Z|

                                    Total Effect                      -0.03813     0.01807    -0.07356    -0.00271      -2.11      0.0349
                                    Controlled Direct Effect (CDE)    -0.04897     0.01769    -0.08365    -0.01429      -2.77      0.0056
                                    Natural Direct Effect (NDE)       -0.04897     0.01769    -0.08365    -0.01429      -2.77      0.0056
                                    Natural Indirect Effect (NIE)      0.01084    0.005905    -0.00074     0.02241       1.84      0.0665
                                    Percentage Mediated               -28.4146     22.7133    -72.9318     16.1026      -1.25      0.2109
                                    Percentage Due to Interaction            0           .           .           .        .         .    
                                    Percentage Eliminated             -28.4146     22.7133    -72.9318     16.1026      -1.25      0.2109
                                                                               The SAS System

---------------------------------------------------------------------------- Imputation Number=8 ----------------------------------------------------------------------------

                                                                           The CAUSALMED Procedure

                                                                             Model Information

                                                                   Data Set                    WORK.DB_IN
                                                                   Outcome Variable                   WAZ
                                                                   Treatment Variable             ANTA10A
                                                                   Mediator Variable         BIRTHWT_GA_Z
                                                                   Outcome Distribution            Normal
                                                                   Outcome Link Function         Identity
                                                                   Mediator Distribution           Normal
                                                                   Mediator Link Function        Identity


                                                                   Number of Observations Read         227
                                                                   Number of Observations Used         138


                                                                           Class Level Information
 
                                              Class                Levels    Values

                                              CENTERNUM                 4    CHICAGO MIAMI SAN DIEGO BRONX                     
                                              INCOME_C2                 2    <30 >30                                           
                                              LANG_PREF                 2    SPANISH ENGLISH                                   
                                              BKGRD1_C7NOMISS           7    BK_OTHER CUBAN C_AMERICAN DOMINICAN P_RICAN SOUTH 
                                                                             MEXICAN                                           
                                              MARITAL_STATUS            3    COHABITING SEPARATED SINGLE                       
                                              EMPLOYEDYN                2    EMPLOYED NOT_EMPLOYED                             
                                              EDUCATION_C3              3    AT_MOST_HIGHSCHOOL_GED G_HIGHSCHOOL               
                                                                             N_HIGHSCHOOL_GED                                  
                                              N_HC                      2    NO YES                                            
                                                                               The SAS System

---------------------------------------------------------------------------- Imputation Number=8 ----------------------------------------------------------------------------

                                                                           The CAUSALMED Procedure

                                                                             Summary of Effects
 
                                                                                  Standard          Wald 95% 
                                                                      Estimate       Error      Confidence Limits           Z    Pr > |Z|

                                    Total Effect                      -0.03691     0.01802    -0.07223    -0.00159      -2.05      0.0406
                                    Controlled Direct Effect (CDE)    -0.04342     0.01803    -0.07875    -0.00809      -2.41      0.0160
                                    Natural Direct Effect (NDE)       -0.04342     0.01803    -0.07875    -0.00809      -2.41      0.0160
                                    Natural Indirect Effect (NIE)     0.006512    0.004436    -0.00218     0.01521       1.47      0.1421
                                    Percentage Mediated               -17.6438     15.6184    -48.2552     12.9677      -1.13      0.2586
                                    Percentage Due to Interaction            0           .           .           .        .         .    
                                    Percentage Eliminated             -17.6438     15.6184    -48.2552     12.9677      -1.13      0.2586
                                                                               The SAS System

---------------------------------------------------------------------------- Imputation Number=9 ----------------------------------------------------------------------------

                                                                           The CAUSALMED Procedure

                                                                             Model Information

                                                                   Data Set                    WORK.DB_IN
                                                                   Outcome Variable                   WAZ
                                                                   Treatment Variable             ANTA10A
                                                                   Mediator Variable         BIRTHWT_GA_Z
                                                                   Outcome Distribution            Normal
                                                                   Outcome Link Function         Identity
                                                                   Mediator Distribution           Normal
                                                                   Mediator Link Function        Identity


                                                                   Number of Observations Read         227
                                                                   Number of Observations Used         138


                                                                           Class Level Information
 
                                              Class                Levels    Values

                                              CENTERNUM                 4    CHICAGO MIAMI SAN DIEGO BRONX                     
                                              INCOME_C2                 2    <30 >30                                           
                                              LANG_PREF                 2    SPANISH ENGLISH                                   
                                              BKGRD1_C7NOMISS           7    BK_OTHER CUBAN C_AMERICAN DOMINICAN P_RICAN SOUTH 
                                                                             MEXICAN                                           
                                              MARITAL_STATUS            3    COHABITING SEPARATED SINGLE                       
                                              EMPLOYEDYN                2    EMPLOYED NOT_EMPLOYED                             
                                              EDUCATION_C3              3    AT_MOST_HIGHSCHOOL_GED G_HIGHSCHOOL               
                                                                             N_HIGHSCHOOL_GED                                  
                                              N_HC                      2    NO YES                                            
                                                                               The SAS System

---------------------------------------------------------------------------- Imputation Number=9 ----------------------------------------------------------------------------

                                                                           The CAUSALMED Procedure

                                                                             Summary of Effects
 
                                                                                  Standard          Wald 95% 
                                                                      Estimate       Error      Confidence Limits           Z    Pr > |Z|

                                    Total Effect                      -0.03711     0.01808    -0.07254    -0.00167      -2.05      0.0401
                                    Controlled Direct Effect (CDE)    -0.04456     0.01767    -0.07920    -0.00993      -2.52      0.0117
                                    Natural Direct Effect (NDE)       -0.04456     0.01767    -0.07920    -0.00993      -2.52      0.0117
                                    Natural Indirect Effect (NIE)     0.007457    0.005156    -0.00265     0.01756       1.45      0.1481
                                    Percentage Mediated               -20.0952     18.6830    -56.7131     16.5228      -1.08      0.2821
                                    Percentage Due to Interaction            0           .           .           .        .         .    
                                    Percentage Eliminated             -20.0952     18.6830    -56.7131     16.5228      -1.08      0.2821
                                                                               The SAS System

--------------------------------------------------------------------------- Imputation Number=10 ----------------------------------------------------------------------------

                                                                           The CAUSALMED Procedure

                                                                             Model Information

                                                                   Data Set                    WORK.DB_IN
                                                                   Outcome Variable                   WAZ
                                                                   Treatment Variable             ANTA10A
                                                                   Mediator Variable         BIRTHWT_GA_Z
                                                                   Outcome Distribution            Normal
                                                                   Outcome Link Function         Identity
                                                                   Mediator Distribution           Normal
                                                                   Mediator Link Function        Identity


                                                                   Number of Observations Read         227
                                                                   Number of Observations Used         138


                                                                           Class Level Information
 
                                              Class                Levels    Values

                                              CENTERNUM                 4    CHICAGO MIAMI SAN DIEGO BRONX                     
                                              INCOME_C2                 2    <30 >30                                           
                                              LANG_PREF                 2    SPANISH ENGLISH                                   
                                              BKGRD1_C7NOMISS           7    BK_OTHER CUBAN C_AMERICAN DOMINICAN P_RICAN SOUTH 
                                                                             MEXICAN                                           
                                              MARITAL_STATUS            3    COHABITING SEPARATED SINGLE                       
                                              EMPLOYEDYN                2    EMPLOYED NOT_EMPLOYED                             
                                              EDUCATION_C3              3    AT_MOST_HIGHSCHOOL_GED G_HIGHSCHOOL               
                                                                             N_HIGHSCHOOL_GED                                  
                                              N_HC                      2    NO YES                                            
                                                                               The SAS System

--------------------------------------------------------------------------- Imputation Number=10 ----------------------------------------------------------------------------

                                                                           The CAUSALMED Procedure

                                                                             Summary of Effects
 
                                                                                  Standard          Wald 95% 
                                                                      Estimate       Error      Confidence Limits           Z    Pr > |Z|

                                    Total Effect                      -0.03665     0.01805    -0.07203    -0.00127      -2.03      0.0423
                                    Controlled Direct Effect (CDE)    -0.04308     0.01790    -0.07815    -0.00800      -2.41      0.0161
                                    Natural Direct Effect (NDE)       -0.04308     0.01790    -0.07815    -0.00800      -2.41      0.0161
                                    Natural Indirect Effect (NIE)     0.006427    0.004486    -0.00237     0.01522       1.43      0.1519
                                    Percentage Mediated               -17.5351     16.0567    -49.0057     13.9354      -1.09      0.2748
                                    Percentage Due to Interaction            0           .           .           .        .         .    
                                    Percentage Eliminated             -17.5351     16.0567    -49.0057     13.9354      -1.09      0.2748
                                                                               The SAS System

------------------------------------------------------------------- Effect=Controlled Direct Effect (CDE) -------------------------------------------------------------------

                                                                           The MIANALYZE Procedure

                                                                              Model Information

                                                                 Data Set                  WORK.DB_ANTA10A_0
                                                                 Number of Imputations     10               


                                                                    Variance Information (10 Imputations)
 
                                                                                                       Relative       Fraction
                                             -----------------Variance-----------------                Increase        Missing       Relative
                                Parameter         Between         Within          Total       DF    in Variance    Information     Efficiency

                                Estimate      0.000006815       0.000319       0.000326    17059       0.023509       0.023084       0.997697


                                                                    Parameter Estimates (10 Imputations)
 
                                                                                                                                             t for H0:
           Parameter        Estimate      Std Error    95% Confidence Limits        DF        Minimum        Maximum         Theta0   Parameter=Theta0   Pr > |t|

           Estimate        -0.044952       0.018066     -0.08036     -0.00954    17059      -0.048970      -0.041886              0              -2.49     0.0128
                                                                               The SAS System

-------------------------------------------------------------------- Effect=Natural Direct Effect (NDE) ---------------------------------------------------------------------

                                                                           The MIANALYZE Procedure

                                                                              Model Information

                                                                 Data Set                  WORK.DB_ANTA10A_0
                                                                 Number of Imputations     10               


                                                                    Variance Information (10 Imputations)
 
                                                                                                       Relative       Fraction
                                             -----------------Variance-----------------                Increase        Missing       Relative
                                Parameter         Between         Within          Total       DF    in Variance    Information     Efficiency

                                Estimate      0.000006815       0.000319       0.000326    17059       0.023509       0.023084       0.997697


                                                                    Parameter Estimates (10 Imputations)
 
                                                                                                                                             t for H0:
           Parameter        Estimate      Std Error    95% Confidence Limits        DF        Minimum        Maximum         Theta0   Parameter=Theta0   Pr > |t|

           Estimate        -0.044952       0.018066     -0.08036     -0.00954    17059      -0.048970      -0.041886              0              -2.49     0.0128
                                                                               The SAS System

------------------------------------------------------------------- Effect=Natural Indirect Effect (NIE) --------------------------------------------------------------------

                                                                           The MIANALYZE Procedure

                                                                              Model Information

                                                                 Data Set                  WORK.DB_ANTA10A_0
                                                                 Number of Imputations     10               


                                                                    Variance Information (10 Imputations)
 
                                                                                                       Relative       Fraction
                                             -----------------Variance-----------------                Increase        Missing       Relative
                                Parameter         Between         Within          Total       DF    in Variance    Information     Efficiency

                                Estimate      0.000005475    0.000023120    0.000029143   210.72       0.260506       0.214092       0.979040


                                                                    Parameter Estimates (10 Imputations)
 
                                                                                                                                             t for H0:
           Parameter        Estimate      Std Error    95% Confidence Limits        DF        Minimum        Maximum         Theta0   Parameter=Theta0   Pr > |t|

           Estimate         0.007297       0.005398     -0.00334     0.017939   210.72       0.004154       0.010836              0               1.35     0.1779
                                                                               The SAS System

----------------------------------------------------------------------- Effect=Percentage Eliminated ------------------------------------------------------------------------

                                                                           The MIANALYZE Procedure

                                                                              Model Information

                                                                 Data Set                  WORK.DB_ANTA10A_0
                                                                 Number of Imputations     10               


                                                                    Variance Information (10 Imputations)
 
                                                                                                       Relative       Fraction
                                             -----------------Variance-----------------                Increase        Missing       Relative
                                Parameter         Between         Within          Total       DF    in Variance    Information     Efficiency

                                Estimate        36.922699     300.415548     341.030516   634.54       0.135196       0.121858       0.987961


                                                                    Parameter Estimates (10 Imputations)
 
                                                                                                                                             t for H0:
           Parameter        Estimate      Std Error    95% Confidence Limits        DF        Minimum        Maximum         Theta0   Parameter=Theta0   Pr > |t|

           Estimate       -19.352834      18.467012     -55.6167     16.91101   634.54     -28.414598     -10.902645              0              -1.05     0.2951
                                                                               The SAS System

------------------------------------------------------------------------ Effect=Percentage Mediated -------------------------------------------------------------------------

                                                                           The MIANALYZE Procedure

                                                                              Model Information

                                                                 Data Set                  WORK.DB_ANTA10A_0
                                                                 Number of Imputations     10               


                                                                    Variance Information (10 Imputations)
 
                                                                                                       Relative       Fraction
                                             -----------------Variance-----------------                Increase        Missing       Relative
                                Parameter         Between         Within          Total       DF    in Variance    Information     Efficiency

                                Estimate        36.922699     300.415548     341.030516   634.54       0.135196       0.121858       0.987961


                                                                    Parameter Estimates (10 Imputations)
 
                                                                                                                                             t for H0:
           Parameter        Estimate      Std Error    95% Confidence Limits        DF        Minimum        Maximum         Theta0   Parameter=Theta0   Pr > |t|

           Estimate       -19.352834      18.467012     -55.6167     16.91101   634.54     -28.414598     -10.902645              0              -1.05     0.2951
                                                                               The SAS System

---------------------------------------------------------------------------- Effect=Total Effect ----------------------------------------------------------------------------

                                                                           The MIANALYZE Procedure

                                                                              Model Information

                                                                 Data Set                  WORK.DB_ANTA10A_0
                                                                 Number of Imputations     10               


                                                                    Variance Information (10 Imputations)
 
                                                                                                       Relative       Fraction
                                             -----------------Variance-----------------                Increase        Missing       Relative
                                Parameter         Between         Within          Total       DF    in Variance    Information     Efficiency

                                Estimate      0.000000377       0.000325       0.000326   5.55E6       0.001275       0.001274       0.999873


                                                                    Parameter Estimates (10 Imputations)
 
                                                                                                                                             t for H0:
           Parameter        Estimate      Std Error    95% Confidence Limits        DF        Minimum        Maximum         Theta0   Parameter=Theta0   Pr > |t|

           Estimate        -0.037655       0.018049     -0.07303     -0.00228   5.55E6      -0.038562      -0.036650              0              -2.09     0.0369
                                                                               The SAS System

---------------------------------------------------------------------------- Imputation Number=1 ----------------------------------------------------------------------------

                                                                           The CAUSALMED Procedure

                                                                             Model Information

                                                                   Data Set                    WORK.DB_IN
                                                                   Outcome Variable                   WAZ
                                                                   Treatment Variable              HEIGHT
                                                                   Mediator Variable         BIRTHWT_GA_Z
                                                                   Outcome Distribution            Normal
                                                                   Outcome Link Function         Identity
                                                                   Mediator Distribution           Normal
                                                                   Mediator Link Function        Identity


                                                                   Number of Observations Read         227
                                                                   Number of Observations Used         138


                                                                           Class Level Information
 
                                              Class                Levels    Values

                                              CENTERNUM                 4    CHICAGO MIAMI SAN DIEGO BRONX                     
                                              INCOME_C2                 2    <30 >30                                           
                                              LANG_PREF                 2    SPANISH ENGLISH                                   
                                              BKGRD1_C7NOMISS           7    BK_OTHER CUBAN C_AMERICAN DOMINICAN P_RICAN SOUTH 
                                                                             MEXICAN                                           
                                              MARITAL_STATUS            3    COHABITING SEPARATED SINGLE                       
                                              EMPLOYEDYN                2    EMPLOYED NOT_EMPLOYED                             
                                              EDUCATION_C3              3    AT_MOST_HIGHSCHOOL_GED G_HIGHSCHOOL               
                                                                             N_HIGHSCHOOL_GED                                  
                                              N_HC                      2    NO YES                                            
                                                                               The SAS System

---------------------------------------------------------------------------- Imputation Number=1 ----------------------------------------------------------------------------

                                                                           The CAUSALMED Procedure

                                                                             Summary of Effects
 
                                                                                  Standard          Wald 95% 
                                                                      Estimate       Error      Confidence Limits           Z    Pr > |Z|

                                    Total Effect                       0.06503     0.01737     0.03099     0.09907       3.74      0.0002
                                    Controlled Direct Effect (CDE)     0.06852     0.01702     0.03515      0.1019       4.03      <.0001
                                    Natural Direct Effect (NDE)        0.06852     0.01702     0.03515      0.1019       4.03      <.0001
                                    Natural Indirect Effect (NIE)     -0.00349    0.003948    -0.01122    0.004251      -0.88      0.3772
                                    Percentage Mediated                -5.3603      6.5100    -18.1197      7.3991      -0.82      0.4103
                                    Percentage Due to Interaction            0           .           .           .        .         .    
                                    Percentage Eliminated              -5.3603      6.5100    -18.1197      7.3991      -0.82      0.4103
                                                                               The SAS System

---------------------------------------------------------------------------- Imputation Number=2 ----------------------------------------------------------------------------

                                                                           The CAUSALMED Procedure

                                                                             Model Information

                                                                   Data Set                    WORK.DB_IN
                                                                   Outcome Variable                   WAZ
                                                                   Treatment Variable              HEIGHT
                                                                   Mediator Variable         BIRTHWT_GA_Z
                                                                   Outcome Distribution            Normal
                                                                   Outcome Link Function         Identity
                                                                   Mediator Distribution           Normal
                                                                   Mediator Link Function        Identity


                                                                   Number of Observations Read         227
                                                                   Number of Observations Used         138


                                                                           Class Level Information
 
                                              Class                Levels    Values

                                              CENTERNUM                 4    CHICAGO MIAMI SAN DIEGO BRONX                     
                                              INCOME_C2                 2    <30 >30                                           
                                              LANG_PREF                 2    SPANISH ENGLISH                                   
                                              BKGRD1_C7NOMISS           7    BK_OTHER CUBAN C_AMERICAN DOMINICAN P_RICAN SOUTH 
                                                                             MEXICAN                                           
                                              MARITAL_STATUS            3    COHABITING SEPARATED SINGLE                       
                                              EMPLOYEDYN                2    EMPLOYED NOT_EMPLOYED                             
                                              EDUCATION_C3              3    AT_MOST_HIGHSCHOOL_GED G_HIGHSCHOOL               
                                                                             N_HIGHSCHOOL_GED                                  
                                              N_HC                      2    NO YES                                            
                                                                               The SAS System

---------------------------------------------------------------------------- Imputation Number=2 ----------------------------------------------------------------------------

                                                                           The CAUSALMED Procedure

                                                                             Summary of Effects
 
                                                                                  Standard          Wald 95% 
                                                                      Estimate       Error      Confidence Limits           Z    Pr > |Z|

                                    Total Effect                       0.06483     0.01746     0.03061     0.09906       3.71      0.0002
                                    Controlled Direct Effect (CDE)     0.06556     0.01725     0.03176     0.09937       3.80      0.0001
                                    Natural Direct Effect (NDE)        0.06556     0.01725     0.03176     0.09937       3.80      0.0001
                                    Natural Indirect Effect (NIE)     -0.00073    0.002787    -0.00619    0.004732      -0.26      0.7933
                                    Percentage Mediated                -1.1263      4.3565     -9.6648      7.4122      -0.26      0.7960
                                    Percentage Due to Interaction            0           .           .           .        .         .    
                                    Percentage Eliminated              -1.1263      4.3565     -9.6648      7.4122      -0.26      0.7960
                                                                               The SAS System

---------------------------------------------------------------------------- Imputation Number=3 ----------------------------------------------------------------------------

                                                                           The CAUSALMED Procedure

                                                                             Model Information

                                                                   Data Set                    WORK.DB_IN
                                                                   Outcome Variable                   WAZ
                                                                   Treatment Variable              HEIGHT
                                                                   Mediator Variable         BIRTHWT_GA_Z
                                                                   Outcome Distribution            Normal
                                                                   Outcome Link Function         Identity
                                                                   Mediator Distribution           Normal
                                                                   Mediator Link Function        Identity


                                                                   Number of Observations Read         227
                                                                   Number of Observations Used         138


                                                                           Class Level Information
 
                                              Class                Levels    Values

                                              CENTERNUM                 4    CHICAGO MIAMI SAN DIEGO BRONX                     
                                              INCOME_C2                 2    <30 >30                                           
                                              LANG_PREF                 2    SPANISH ENGLISH                                   
                                              BKGRD1_C7NOMISS           7    BK_OTHER CUBAN C_AMERICAN DOMINICAN P_RICAN SOUTH 
                                                                             MEXICAN                                           
                                              MARITAL_STATUS            3    COHABITING SEPARATED SINGLE                       
                                              EMPLOYEDYN                2    EMPLOYED NOT_EMPLOYED                             
                                              EDUCATION_C3              3    AT_MOST_HIGHSCHOOL_GED G_HIGHSCHOOL               
                                                                             N_HIGHSCHOOL_GED                                  
                                              N_HC                      2    NO YES                                            
                                                                               The SAS System

---------------------------------------------------------------------------- Imputation Number=3 ----------------------------------------------------------------------------

                                                                           The CAUSALMED Procedure

                                                                             Summary of Effects
 
                                                                                  Standard          Wald 95% 
                                                                      Estimate       Error      Confidence Limits           Z    Pr > |Z|

                                    Total Effect                       0.06536     0.01744     0.03117     0.09954       3.75      0.0002
                                    Controlled Direct Effect (CDE)     0.06687     0.01730     0.03297      0.1008       3.87      0.0001
                                    Natural Direct Effect (NDE)        0.06687     0.01730     0.03297      0.1008       3.87      0.0001
                                    Natural Indirect Effect (NIE)     -0.00152    0.002582    -0.00658    0.003544      -0.59      0.5572
                                    Percentage Mediated                -2.3190      4.0765    -10.3088      5.6709      -0.57      0.5695
                                    Percentage Due to Interaction            0           .           .           .        .         .    
                                    Percentage Eliminated              -2.3190      4.0765    -10.3088      5.6709      -0.57      0.5695
                                                                               The SAS System

---------------------------------------------------------------------------- Imputation Number=4 ----------------------------------------------------------------------------

                                                                           The CAUSALMED Procedure

                                                                             Model Information

                                                                   Data Set                    WORK.DB_IN
                                                                   Outcome Variable                   WAZ
                                                                   Treatment Variable              HEIGHT
                                                                   Mediator Variable         BIRTHWT_GA_Z
                                                                   Outcome Distribution            Normal
                                                                   Outcome Link Function         Identity
                                                                   Mediator Distribution           Normal
                                                                   Mediator Link Function        Identity


                                                                   Number of Observations Read         227
                                                                   Number of Observations Used         138


                                                                           Class Level Information
 
                                              Class                Levels    Values

                                              CENTERNUM                 4    CHICAGO MIAMI SAN DIEGO BRONX                     
                                              INCOME_C2                 2    <30 >30                                           
                                              LANG_PREF                 2    SPANISH ENGLISH                                   
                                              BKGRD1_C7NOMISS           7    BK_OTHER CUBAN C_AMERICAN DOMINICAN P_RICAN SOUTH 
                                                                             MEXICAN                                           
                                              MARITAL_STATUS            3    COHABITING SEPARATED SINGLE                       
                                              EMPLOYEDYN                2    EMPLOYED NOT_EMPLOYED                             
                                              EDUCATION_C3              3    AT_MOST_HIGHSCHOOL_GED G_HIGHSCHOOL               
                                                                             N_HIGHSCHOOL_GED                                  
                                              N_HC                      2    NO YES                                            
                                                                               The SAS System

---------------------------------------------------------------------------- Imputation Number=4 ----------------------------------------------------------------------------

                                                                           The CAUSALMED Procedure

                                                                             Summary of Effects
 
                                                                                  Standard          Wald 95% 
                                                                      Estimate       Error      Confidence Limits           Z    Pr > |Z|

                                    Total Effect                       0.06416     0.01734     0.03017     0.09815       3.70      0.0002
                                    Controlled Direct Effect (CDE)     0.06554     0.01709     0.03203     0.09904       3.83      0.0001
                                    Natural Direct Effect (NDE)        0.06554     0.01709     0.03203     0.09904       3.83      0.0001
                                    Natural Indirect Effect (NIE)     -0.00138    0.003080    -0.00741    0.004658      -0.45      0.6545
                                    Percentage Mediated                -2.1485      4.9319    -11.8148      7.5178      -0.44      0.6631
                                    Percentage Due to Interaction            0           .           .           .        .         .    
                                    Percentage Eliminated              -2.1485      4.9319    -11.8148      7.5178      -0.44      0.6631
                                                                               The SAS System

---------------------------------------------------------------------------- Imputation Number=5 ----------------------------------------------------------------------------

                                                                           The CAUSALMED Procedure

                                                                             Model Information

                                                                   Data Set                    WORK.DB_IN
                                                                   Outcome Variable                   WAZ
                                                                   Treatment Variable              HEIGHT
                                                                   Mediator Variable         BIRTHWT_GA_Z
                                                                   Outcome Distribution            Normal
                                                                   Outcome Link Function         Identity
                                                                   Mediator Distribution           Normal
                                                                   Mediator Link Function        Identity


                                                                   Number of Observations Read         227
                                                                   Number of Observations Used         138


                                                                           Class Level Information
 
                                              Class                Levels    Values

                                              CENTERNUM                 4    CHICAGO MIAMI SAN DIEGO BRONX                     
                                              INCOME_C2                 2    <30 >30                                           
                                              LANG_PREF                 2    SPANISH ENGLISH                                   
                                              BKGRD1_C7NOMISS           7    BK_OTHER CUBAN C_AMERICAN DOMINICAN P_RICAN SOUTH 
                                                                             MEXICAN                                           
                                              MARITAL_STATUS            3    COHABITING SEPARATED SINGLE                       
                                              EMPLOYEDYN                2    EMPLOYED NOT_EMPLOYED                             
                                              EDUCATION_C3              3    AT_MOST_HIGHSCHOOL_GED G_HIGHSCHOOL               
                                                                             N_HIGHSCHOOL_GED                                  
                                              N_HC                      2    NO YES                                            
                                                                               The SAS System

---------------------------------------------------------------------------- Imputation Number=5 ----------------------------------------------------------------------------

                                                                           The CAUSALMED Procedure

                                                                             Summary of Effects
 
                                                                                  Standard          Wald 95% 
                                                                      Estimate       Error      Confidence Limits           Z    Pr > |Z|

                                    Total Effect                       0.06548     0.01733     0.03152     0.09943       3.78      0.0002
                                    Controlled Direct Effect (CDE)     0.06543     0.01677     0.03257     0.09830       3.90      <.0001
                                    Natural Direct Effect (NDE)        0.06543     0.01677     0.03257     0.09830       3.90      <.0001
                                    Natural Indirect Effect (NIE)     0.000043    0.004361    -0.00850    0.008590       0.01      0.9921
                                    Percentage Mediated                0.06558      6.6558    -12.9796     13.1108       0.01      0.9921
                                    Percentage Due to Interaction            0           .           .           .        .         .    
                                    Percentage Eliminated              0.06558      6.6558    -12.9796     13.1108       0.01      0.9921
                                                                               The SAS System

---------------------------------------------------------------------------- Imputation Number=6 ----------------------------------------------------------------------------

                                                                           The CAUSALMED Procedure

                                                                             Model Information

                                                                   Data Set                    WORK.DB_IN
                                                                   Outcome Variable                   WAZ
                                                                   Treatment Variable              HEIGHT
                                                                   Mediator Variable         BIRTHWT_GA_Z
                                                                   Outcome Distribution            Normal
                                                                   Outcome Link Function         Identity
                                                                   Mediator Distribution           Normal
                                                                   Mediator Link Function        Identity


                                                                   Number of Observations Read         227
                                                                   Number of Observations Used         138


                                                                           Class Level Information
 
                                              Class                Levels    Values

                                              CENTERNUM                 4    CHICAGO MIAMI SAN DIEGO BRONX                     
                                              INCOME_C2                 2    <30 >30                                           
                                              LANG_PREF                 2    SPANISH ENGLISH                                   
                                              BKGRD1_C7NOMISS           7    BK_OTHER CUBAN C_AMERICAN DOMINICAN P_RICAN SOUTH 
                                                                             MEXICAN                                           
                                              MARITAL_STATUS            3    COHABITING SEPARATED SINGLE                       
                                              EMPLOYEDYN                2    EMPLOYED NOT_EMPLOYED                             
                                              EDUCATION_C3              3    AT_MOST_HIGHSCHOOL_GED G_HIGHSCHOOL               
                                                                             N_HIGHSCHOOL_GED                                  
                                              N_HC                      2    NO YES                                            
                                                                               The SAS System

---------------------------------------------------------------------------- Imputation Number=6 ----------------------------------------------------------------------------

                                                                           The CAUSALMED Procedure

                                                                             Summary of Effects
 
                                                                                  Standard          Wald 95% 
                                                                      Estimate       Error      Confidence Limits           Z    Pr > |Z|

                                    Total Effect                       0.06595     0.01727     0.03210     0.09981       3.82      0.0001
                                    Controlled Direct Effect (CDE)     0.06676     0.01671     0.03402     0.09950       4.00      <.0001
                                    Natural Direct Effect (NDE)        0.06676     0.01671     0.03402     0.09950       4.00      <.0001
                                    Natural Indirect Effect (NIE)     -0.00081    0.004410    -0.00945    0.007832      -0.18      0.8540
                                    Percentage Mediated                -1.2300      6.7755    -14.5097     12.0497      -0.18      0.8559
                                    Percentage Due to Interaction            0           .           .           .        .         .    
                                    Percentage Eliminated              -1.2300      6.7755    -14.5097     12.0497      -0.18      0.8559
                                                                               The SAS System

---------------------------------------------------------------------------- Imputation Number=7 ----------------------------------------------------------------------------

                                                                           The CAUSALMED Procedure

                                                                             Model Information

                                                                   Data Set                    WORK.DB_IN
                                                                   Outcome Variable                   WAZ
                                                                   Treatment Variable              HEIGHT
                                                                   Mediator Variable         BIRTHWT_GA_Z
                                                                   Outcome Distribution            Normal
                                                                   Outcome Link Function         Identity
                                                                   Mediator Distribution           Normal
                                                                   Mediator Link Function        Identity


                                                                   Number of Observations Read         227
                                                                   Number of Observations Used         138


                                                                           Class Level Information
 
                                              Class                Levels    Values

                                              CENTERNUM                 4    CHICAGO MIAMI SAN DIEGO BRONX                     
                                              INCOME_C2                 2    <30 >30                                           
                                              LANG_PREF                 2    SPANISH ENGLISH                                   
                                              BKGRD1_C7NOMISS           7    BK_OTHER CUBAN C_AMERICAN DOMINICAN P_RICAN SOUTH 
                                                                             MEXICAN                                           
                                              MARITAL_STATUS            3    COHABITING SEPARATED SINGLE                       
                                              EMPLOYEDYN                2    EMPLOYED NOT_EMPLOYED                             
                                              EDUCATION_C3              3    AT_MOST_HIGHSCHOOL_GED G_HIGHSCHOOL               
                                                                             N_HIGHSCHOOL_GED                                  
                                              N_HC                      2    NO YES                                            
                                                                               The SAS System

---------------------------------------------------------------------------- Imputation Number=7 ----------------------------------------------------------------------------

                                                                           The CAUSALMED Procedure

                                                                             Summary of Effects
 
                                                                                  Standard          Wald 95% 
                                                                      Estimate       Error      Confidence Limits           Z    Pr > |Z|

                                    Total Effect                       0.06537     0.01729     0.03148     0.09926       3.78      0.0002
                                    Controlled Direct Effect (CDE)     0.06737     0.01665     0.03474      0.1000       4.05      <.0001
                                    Natural Direct Effect (NDE)        0.06737     0.01665     0.03474      0.1000       4.05      <.0001
                                    Natural Indirect Effect (NIE)     -0.00200    0.004749    -0.01131    0.007308      -0.42      0.6736
                                    Percentage Mediated                -3.0606      7.5245    -17.8082     11.6871      -0.41      0.6842
                                    Percentage Due to Interaction            0           .           .           .        .         .    
                                    Percentage Eliminated              -3.0606      7.5245    -17.8082     11.6871      -0.41      0.6842
                                                                               The SAS System

---------------------------------------------------------------------------- Imputation Number=8 ----------------------------------------------------------------------------

                                                                           The CAUSALMED Procedure

                                                                             Model Information

                                                                   Data Set                    WORK.DB_IN
                                                                   Outcome Variable                   WAZ
                                                                   Treatment Variable              HEIGHT
                                                                   Mediator Variable         BIRTHWT_GA_Z
                                                                   Outcome Distribution            Normal
                                                                   Outcome Link Function         Identity
                                                                   Mediator Distribution           Normal
                                                                   Mediator Link Function        Identity


                                                                   Number of Observations Read         227
                                                                   Number of Observations Used         138


                                                                           Class Level Information
 
                                              Class                Levels    Values

                                              CENTERNUM                 4    CHICAGO MIAMI SAN DIEGO BRONX                     
                                              INCOME_C2                 2    <30 >30                                           
                                              LANG_PREF                 2    SPANISH ENGLISH                                   
                                              BKGRD1_C7NOMISS           7    BK_OTHER CUBAN C_AMERICAN DOMINICAN P_RICAN SOUTH 
                                                                             MEXICAN                                           
                                              MARITAL_STATUS            3    COHABITING SEPARATED SINGLE                       
                                              EMPLOYEDYN                2    EMPLOYED NOT_EMPLOYED                             
                                              EDUCATION_C3              3    AT_MOST_HIGHSCHOOL_GED G_HIGHSCHOOL               
                                                                             N_HIGHSCHOOL_GED                                  
                                              N_HC                      2    NO YES                                            
                                                                               The SAS System

---------------------------------------------------------------------------- Imputation Number=8 ----------------------------------------------------------------------------

                                                                           The CAUSALMED Procedure

                                                                             Summary of Effects
 
                                                                                  Standard          Wald 95% 
                                                                      Estimate       Error      Confidence Limits           Z    Pr > |Z|

                                    Total Effect                       0.06451     0.01737     0.03047     0.09855       3.71      0.0002
                                    Controlled Direct Effect (CDE)     0.06656     0.01713     0.03298      0.1001       3.88      0.0001
                                    Natural Direct Effect (NDE)        0.06656     0.01713     0.03298      0.1001       3.88      0.0001
                                    Natural Indirect Effect (NIE)     -0.00205    0.003169    -0.00826    0.004160      -0.65      0.5174
                                    Percentage Mediated                -3.1799      5.1237    -13.2221      6.8622      -0.62      0.5348
                                    Percentage Due to Interaction            0           .           .           .        .         .    
                                    Percentage Eliminated              -3.1799      5.1237    -13.2221      6.8622      -0.62      0.5348
                                                                               The SAS System

---------------------------------------------------------------------------- Imputation Number=9 ----------------------------------------------------------------------------

                                                                           The CAUSALMED Procedure

                                                                             Model Information

                                                                   Data Set                    WORK.DB_IN
                                                                   Outcome Variable                   WAZ
                                                                   Treatment Variable              HEIGHT
                                                                   Mediator Variable         BIRTHWT_GA_Z
                                                                   Outcome Distribution            Normal
                                                                   Outcome Link Function         Identity
                                                                   Mediator Distribution           Normal
                                                                   Mediator Link Function        Identity


                                                                   Number of Observations Read         227
                                                                   Number of Observations Used         138


                                                                           Class Level Information
 
                                              Class                Levels    Values

                                              CENTERNUM                 4    CHICAGO MIAMI SAN DIEGO BRONX                     
                                              INCOME_C2                 2    <30 >30                                           
                                              LANG_PREF                 2    SPANISH ENGLISH                                   
                                              BKGRD1_C7NOMISS           7    BK_OTHER CUBAN C_AMERICAN DOMINICAN P_RICAN SOUTH 
                                                                             MEXICAN                                           
                                              MARITAL_STATUS            3    COHABITING SEPARATED SINGLE                       
                                              EMPLOYEDYN                2    EMPLOYED NOT_EMPLOYED                             
                                              EDUCATION_C3              3    AT_MOST_HIGHSCHOOL_GED G_HIGHSCHOOL               
                                                                             N_HIGHSCHOOL_GED                                  
                                              N_HC                      2    NO YES                                            
                                                                               The SAS System

---------------------------------------------------------------------------- Imputation Number=9 ----------------------------------------------------------------------------

                                                                           The CAUSALMED Procedure

                                                                             Summary of Effects
 
                                                                                  Standard          Wald 95% 
                                                                      Estimate       Error      Confidence Limits           Z    Pr > |Z|

                                    Total Effect                       0.06582     0.01743     0.03166     0.09999       3.78      0.0002
                                    Controlled Direct Effect (CDE)     0.06823     0.01689     0.03512      0.1013       4.04      <.0001
                                    Natural Direct Effect (NDE)        0.06823     0.01689     0.03512      0.1013       4.04      <.0001
                                    Natural Indirect Effect (NIE)     -0.00240    0.004446    -0.01112    0.006311      -0.54      0.5888
                                    Percentage Mediated                -3.6520      7.0565    -17.4825     10.1785      -0.52      0.6048
                                    Percentage Due to Interaction            0           .           .           .        .         .    
                                    Percentage Eliminated              -3.6520      7.0565    -17.4825     10.1785      -0.52      0.6048
                                                                               The SAS System

--------------------------------------------------------------------------- Imputation Number=10 ----------------------------------------------------------------------------

                                                                           The CAUSALMED Procedure

                                                                             Model Information

                                                                   Data Set                    WORK.DB_IN
                                                                   Outcome Variable                   WAZ
                                                                   Treatment Variable              HEIGHT
                                                                   Mediator Variable         BIRTHWT_GA_Z
                                                                   Outcome Distribution            Normal
                                                                   Outcome Link Function         Identity
                                                                   Mediator Distribution           Normal
                                                                   Mediator Link Function        Identity


                                                                   Number of Observations Read         227
                                                                   Number of Observations Used         138


                                                                           Class Level Information
 
                                              Class                Levels    Values

                                              CENTERNUM                 4    CHICAGO MIAMI SAN DIEGO BRONX                     
                                              INCOME_C2                 2    <30 >30                                           
                                              LANG_PREF                 2    SPANISH ENGLISH                                   
                                              BKGRD1_C7NOMISS           7    BK_OTHER CUBAN C_AMERICAN DOMINICAN P_RICAN SOUTH 
                                                                             MEXICAN                                           
                                              MARITAL_STATUS            3    COHABITING SEPARATED SINGLE                       
                                              EMPLOYEDYN                2    EMPLOYED NOT_EMPLOYED                             
                                              EDUCATION_C3              3    AT_MOST_HIGHSCHOOL_GED G_HIGHSCHOOL               
                                                                             N_HIGHSCHOOL_GED                                  
                                              N_HC                      2    NO YES                                            
                                                                               The SAS System

--------------------------------------------------------------------------- Imputation Number=10 ----------------------------------------------------------------------------

                                                                           The CAUSALMED Procedure

                                                                             Summary of Effects
 
                                                                                  Standard          Wald 95% 
                                                                      Estimate       Error      Confidence Limits           Z    Pr > |Z|

                                    Total Effect                       0.06555     0.01735     0.03153     0.09956       3.78      0.0002
                                    Controlled Direct Effect (CDE)     0.06743     0.01703     0.03405      0.1008       3.96      <.0001
                                    Natural Direct Effect (NDE)        0.06743     0.01703     0.03405      0.1008       3.96      <.0001
                                    Natural Indirect Effect (NIE)     -0.00188    0.003531    -0.00880    0.005039      -0.53      0.5942
                                    Percentage Mediated                -2.8694      5.5833    -13.8125      8.0737      -0.51      0.6073
                                    Percentage Due to Interaction            0           .           .           .        .         .    
                                    Percentage Eliminated              -2.8694      5.5833    -13.8125      8.0737      -0.51      0.6073
                                                                               The SAS System

------------------------------------------------------------------- Effect=Controlled Direct Effect (CDE) -------------------------------------------------------------------

                                                                           The MIANALYZE Procedure

                                                                             Model Information

                                                                 Data Set                  WORK.DB_HEIGHT_0
                                                                 Number of Imputations     10              


                                                                    Variance Information (10 Imputations)
 
                                                                                                       Relative       Fraction
                                             -----------------Variance-----------------                Increase        Missing       Relative
                                Parameter         Between         Within          Total       DF    in Variance    Information     Efficiency

                                Estimate      0.000001194       0.000288       0.000290   437881       0.004554       0.004538       0.999546


                                                                    Parameter Estimates (10 Imputations)
 
                                                                                                                                             t for H0:
           Parameter        Estimate      Std Error    95% Confidence Limits        DF        Minimum        Maximum         Theta0   Parameter=Theta0   Pr > |t|

           Estimate         0.066828       0.017024     0.033462     0.100194   437881       0.065435       0.068518              0               3.93     <.0001
                                                                               The SAS System

-------------------------------------------------------------------- Effect=Natural Direct Effect (NDE) ---------------------------------------------------------------------

                                                                           The MIANALYZE Procedure

                                                                             Model Information

                                                                 Data Set                  WORK.DB_HEIGHT_0
                                                                 Number of Imputations     10              


                                                                    Variance Information (10 Imputations)
 
                                                                                                       Relative       Fraction
                                             -----------------Variance-----------------                Increase        Missing       Relative
                                Parameter         Between         Within          Total       DF    in Variance    Information     Efficiency

                                Estimate      0.000001194       0.000288       0.000290   437881       0.004554       0.004538       0.999546


                                                                    Parameter Estimates (10 Imputations)
 
                                                                                                                                             t for H0:
           Parameter        Estimate      Std Error    95% Confidence Limits        DF        Minimum        Maximum         Theta0   Parameter=Theta0   Pr > |t|

           Estimate         0.066828       0.017024     0.033462     0.100194   437881       0.065435       0.068518              0               3.93     <.0001
                                                                               The SAS System

------------------------------------------------------------------- Effect=Natural Indirect Effect (NIE) --------------------------------------------------------------------

                                                                           The MIANALYZE Procedure

                                                                             Model Information

                                                                 Data Set                  WORK.DB_HEIGHT_0
                                                                 Number of Imputations     10              


                                                                    Variance Information (10 Imputations)
 
                                                                                                       Relative       Fraction
                                             -----------------Variance-----------------                Increase        Missing       Relative
                                Parameter         Between         Within          Total       DF    in Variance    Information     Efficiency

                                Estimate      0.000000975    0.000014280    0.000015353     1844       0.075109       0.070869       0.992963


                                                                    Parameter Estimates (10 Imputations)
 
                                                                                                                                             t for H0:
           Parameter        Estimate      Std Error    95% Confidence Limits        DF        Minimum        Maximum         Theta0   Parameter=Theta0   Pr > |t|

           Estimate        -0.001622       0.003918     -0.00931     0.006063     1844      -0.003486    0.000042942              0              -0.41     0.6790
                                                                               The SAS System

----------------------------------------------------------------------- Effect=Percentage Eliminated ------------------------------------------------------------------------

                                                                           The MIANALYZE Procedure

                                                                             Model Information

                                                                 Data Set                  WORK.DB_HEIGHT_0
                                                                 Number of Imputations     10              


                                                                    Variance Information (10 Imputations)
 
                                                                                                       Relative       Fraction
                                             -----------------Variance-----------------                Increase        Missing       Relative
                                Parameter         Between         Within          Total       DF    in Variance    Information     Efficiency

                                Estimate         2.295404      35.634540      38.159484   2055.6       0.070857       0.067075       0.993337


                                                                    Parameter Estimates (10 Imputations)
 
                                                                                                                                             t for H0:
           Parameter        Estimate      Std Error    95% Confidence Limits        DF        Minimum        Maximum         Theta0   Parameter=Theta0   Pr > |t|

           Estimate        -2.488038       6.177336     -14.6025     9.626452   2055.6      -5.360322       0.065583              0              -0.40     0.6872
                                                                               The SAS System

------------------------------------------------------------------------ Effect=Percentage Mediated -------------------------------------------------------------------------

                                                                           The MIANALYZE Procedure

                                                                             Model Information

                                                                 Data Set                  WORK.DB_HEIGHT_0
                                                                 Number of Imputations     10              


                                                                    Variance Information (10 Imputations)
 
                                                                                                       Relative       Fraction
                                             -----------------Variance-----------------                Increase        Missing       Relative
                                Parameter         Between         Within          Total       DF    in Variance    Information     Efficiency

                                Estimate         2.295404      35.634540      38.159484   2055.6       0.070857       0.067075       0.993337


                                                                    Parameter Estimates (10 Imputations)
 
                                                                                                                                             t for H0:
           Parameter        Estimate      Std Error    95% Confidence Limits        DF        Minimum        Maximum         Theta0   Parameter=Theta0   Pr > |t|

           Estimate        -2.488038       6.177336     -14.6025     9.626452   2055.6      -5.360322       0.065583              0              -0.40     0.6872
                                                                               The SAS System

---------------------------------------------------------------------------- Effect=Total Effect ----------------------------------------------------------------------------

                                                                           The MIANALYZE Procedure

                                                                             Model Information

                                                                 Data Set                  WORK.DB_HEIGHT_0
                                                                 Number of Imputations     10              


                                                                    Variance Information (10 Imputations)
 
                                                                                                       Relative       Fraction
                                             -----------------Variance-----------------                Increase        Missing       Relative
                                Parameter         Between         Within          Total       DF    in Variance    Information     Efficiency

                                Estimate      0.000000325       0.000302       0.000302   6.42E6       0.001186       0.001184       0.999882


                                                                    Parameter Estimates (10 Imputations)
 
                                                                                                                                             t for H0:
           Parameter        Estimate      Std Error    95% Confidence Limits        DF        Minimum        Maximum         Theta0   Parameter=Theta0   Pr > |t|

           Estimate         0.065206       0.017376     0.031149     0.099264   6.42E6       0.064159       0.065952              0               3.75     0.0002
                                                                               The SAS System

---------------------------------------------------------------------------- Imputation Number=1 ----------------------------------------------------------------------------

                                                                           The CAUSALMED Procedure

                                                                             Model Information

                                                                   Data Set                    WORK.DB_IN
                                                                   Outcome Variable                   WAZ
                                                                   Treatment Variable            AGG_MENT
                                                                   Mediator Variable         BIRTHWT_GA_Z
                                                                   Outcome Distribution            Normal
                                                                   Outcome Link Function         Identity
                                                                   Mediator Distribution           Normal
                                                                   Mediator Link Function        Identity


                                                                   Number of Observations Read         227
                                                                   Number of Observations Used         138


                                                                           Class Level Information
 
                                              Class                Levels    Values

                                              CENTERNUM                 4    CHICAGO MIAMI SAN DIEGO BRONX                     
                                              INCOME_C2                 2    <30 >30                                           
                                              LANG_PREF                 2    SPANISH ENGLISH                                   
                                              BKGRD1_C7NOMISS           7    BK_OTHER CUBAN C_AMERICAN DOMINICAN P_RICAN SOUTH 
                                                                             MEXICAN                                           
                                              MARITAL_STATUS            3    COHABITING SEPARATED SINGLE                       
                                              EMPLOYEDYN                2    EMPLOYED NOT_EMPLOYED                             
                                              EDUCATION_C3              3    AT_MOST_HIGHSCHOOL_GED G_HIGHSCHOOL               
                                                                             N_HIGHSCHOOL_GED                                  
                                              N_HC                      2    NO YES                                            
                                                                               The SAS System

---------------------------------------------------------------------------- Imputation Number=1 ----------------------------------------------------------------------------

                                                                           The CAUSALMED Procedure

                                                                             Summary of Effects
 
                                                                                  Standard          Wald 95% 
                                                                      Estimate       Error      Confidence Limits           Z    Pr > |Z|

                                    Total Effect                      0.000996     0.01014    -0.01887     0.02086       0.10      0.9217
                                    Controlled Direct Effect (CDE)    0.004417    0.009992    -0.01517     0.02400       0.44      0.6584
                                    Natural Direct Effect (NDE)       0.004417    0.009992    -0.01517     0.02400       0.44      0.6584
                                    Natural Indirect Effect (NIE)     -0.00342    0.002541    -0.00840    0.001559      -1.35      0.1782
                                    Percentage Mediated                -343.50     3550.97    -7303.28     6616.27      -0.10      0.9229
                                    Percentage Due to Interaction            0           .           .           .        .         .    
                                    Percentage Eliminated              -343.50     3550.97    -7303.28     6616.27      -0.10      0.9229
                                                                               The SAS System

---------------------------------------------------------------------------- Imputation Number=2 ----------------------------------------------------------------------------

                                                                           The CAUSALMED Procedure

                                                                             Model Information

                                                                   Data Set                    WORK.DB_IN
                                                                   Outcome Variable                   WAZ
                                                                   Treatment Variable            AGG_MENT
                                                                   Mediator Variable         BIRTHWT_GA_Z
                                                                   Outcome Distribution            Normal
                                                                   Outcome Link Function         Identity
                                                                   Mediator Distribution           Normal
                                                                   Mediator Link Function        Identity


                                                                   Number of Observations Read         227
                                                                   Number of Observations Used         138


                                                                           Class Level Information
 
                                              Class                Levels    Values

                                              CENTERNUM                 4    CHICAGO MIAMI SAN DIEGO BRONX                     
                                              INCOME_C2                 2    <30 >30                                           
                                              LANG_PREF                 2    SPANISH ENGLISH                                   
                                              BKGRD1_C7NOMISS           7    BK_OTHER CUBAN C_AMERICAN DOMINICAN P_RICAN SOUTH 
                                                                             MEXICAN                                           
                                              MARITAL_STATUS            3    COHABITING SEPARATED SINGLE                       
                                              EMPLOYEDYN                2    EMPLOYED NOT_EMPLOYED                             
                                              EDUCATION_C3              3    AT_MOST_HIGHSCHOOL_GED G_HIGHSCHOOL               
                                                                             N_HIGHSCHOOL_GED                                  
                                              N_HC                      2    NO YES                                            
                                                                               The SAS System

---------------------------------------------------------------------------- Imputation Number=2 ----------------------------------------------------------------------------

                                                                           The CAUSALMED Procedure

                                                                             Summary of Effects
 
                                                                                  Standard          Wald 95% 
                                                                      Estimate       Error      Confidence Limits           Z    Pr > |Z|

                                    Total Effect                      0.002444     0.01034    -0.01783     0.02271       0.24      0.8132
                                    Controlled Direct Effect (CDE)    0.004800     0.01029    -0.01536     0.02496       0.47      0.6408
                                    Natural Direct Effect (NDE)       0.004800     0.01029    -0.01536     0.02496       0.47      0.6408
                                    Natural Indirect Effect (NIE)     -0.00236    0.002059    -0.00639    0.001680      -1.14      0.2526
                                    Percentage Mediated               -96.4050      426.80     -932.91      740.10      -0.23      0.8213
                                    Percentage Due to Interaction            0           .           .           .        .         .    
                                    Percentage Eliminated             -96.4050      426.80     -932.91      740.10      -0.23      0.8213
                                                                               The SAS System

---------------------------------------------------------------------------- Imputation Number=3 ----------------------------------------------------------------------------

                                                                           The CAUSALMED Procedure

                                                                             Model Information

                                                                   Data Set                    WORK.DB_IN
                                                                   Outcome Variable                   WAZ
                                                                   Treatment Variable            AGG_MENT
                                                                   Mediator Variable         BIRTHWT_GA_Z
                                                                   Outcome Distribution            Normal
                                                                   Outcome Link Function         Identity
                                                                   Mediator Distribution           Normal
                                                                   Mediator Link Function        Identity


                                                                   Number of Observations Read         227
                                                                   Number of Observations Used         138


                                                                           Class Level Information
 
                                              Class                Levels    Values

                                              CENTERNUM                 4    CHICAGO MIAMI SAN DIEGO BRONX                     
                                              INCOME_C2                 2    <30 >30                                           
                                              LANG_PREF                 2    SPANISH ENGLISH                                   
                                              BKGRD1_C7NOMISS           7    BK_OTHER CUBAN C_AMERICAN DOMINICAN P_RICAN SOUTH 
                                                                             MEXICAN                                           
                                              MARITAL_STATUS            3    COHABITING SEPARATED SINGLE                       
                                              EMPLOYEDYN                2    EMPLOYED NOT_EMPLOYED                             
                                              EDUCATION_C3              3    AT_MOST_HIGHSCHOOL_GED G_HIGHSCHOOL               
                                                                             N_HIGHSCHOOL_GED                                  
                                              N_HC                      2    NO YES                                            
                                                                               The SAS System

---------------------------------------------------------------------------- Imputation Number=3 ----------------------------------------------------------------------------

                                                                           The CAUSALMED Procedure

                                                                             Summary of Effects
 
                                                                                  Standard          Wald 95% 
                                                                      Estimate       Error      Confidence Limits           Z    Pr > |Z|

                                    Total Effect                      0.002510     0.01049    -0.01805     0.02307       0.24      0.8109
                                    Controlled Direct Effect (CDE)    0.004562     0.01047    -0.01595     0.02507       0.44      0.6629
                                    Natural Direct Effect (NDE)       0.004562     0.01047    -0.01595     0.02507       0.44      0.6629
                                    Natural Indirect Effect (NIE)     -0.00205    0.001916    -0.00581    0.001702      -1.07      0.2840
                                    Percentage Mediated               -81.7848      358.02     -783.50      619.93      -0.23      0.8193
                                    Percentage Due to Interaction            0           .           .           .        .         .    
                                    Percentage Eliminated             -81.7848      358.02     -783.50      619.93      -0.23      0.8193
                                                                               The SAS System

---------------------------------------------------------------------------- Imputation Number=4 ----------------------------------------------------------------------------

                                                                           The CAUSALMED Procedure

                                                                             Model Information

                                                                   Data Set                    WORK.DB_IN
                                                                   Outcome Variable                   WAZ
                                                                   Treatment Variable            AGG_MENT
                                                                   Mediator Variable         BIRTHWT_GA_Z
                                                                   Outcome Distribution            Normal
                                                                   Outcome Link Function         Identity
                                                                   Mediator Distribution           Normal
                                                                   Mediator Link Function        Identity


                                                                   Number of Observations Read         227
                                                                   Number of Observations Used         138


                                                                           Class Level Information
 
                                              Class                Levels    Values

                                              CENTERNUM                 4    CHICAGO MIAMI SAN DIEGO BRONX                     
                                              INCOME_C2                 2    <30 >30                                           
                                              LANG_PREF                 2    SPANISH ENGLISH                                   
                                              BKGRD1_C7NOMISS           7    BK_OTHER CUBAN C_AMERICAN DOMINICAN P_RICAN SOUTH 
                                                                             MEXICAN                                           
                                              MARITAL_STATUS            3    COHABITING SEPARATED SINGLE                       
                                              EMPLOYEDYN                2    EMPLOYED NOT_EMPLOYED                             
                                              EDUCATION_C3              3    AT_MOST_HIGHSCHOOL_GED G_HIGHSCHOOL               
                                                                             N_HIGHSCHOOL_GED                                  
                                              N_HC                      2    NO YES                                            
                                                                               The SAS System

---------------------------------------------------------------------------- Imputation Number=4 ----------------------------------------------------------------------------

                                                                           The CAUSALMED Procedure

                                                                             Summary of Effects
 
                                                                                  Standard          Wald 95% 
                                                                      Estimate       Error      Confidence Limits           Z    Pr > |Z|

                                    Total Effect                      0.002124     0.01049    -0.01843     0.02268       0.20      0.8395
                                    Controlled Direct Effect (CDE)    0.004505     0.01039    -0.01586     0.02487       0.43      0.6646
                                    Natural Direct Effect (NDE)       0.004505     0.01039    -0.01586     0.02487       0.43      0.6646
                                    Natural Indirect Effect (NIE)     -0.00238    0.002152    -0.00660    0.001837      -1.11      0.2685
                                    Percentage Mediated                -112.10      577.07    -1243.13     1018.93      -0.19      0.8460
                                    Percentage Due to Interaction            0           .           .           .        .         .    
                                    Percentage Eliminated              -112.10      577.07    -1243.13     1018.93      -0.19      0.8460
                                                                               The SAS System

---------------------------------------------------------------------------- Imputation Number=5 ----------------------------------------------------------------------------

                                                                           The CAUSALMED Procedure

                                                                             Model Information

                                                                   Data Set                    WORK.DB_IN
                                                                   Outcome Variable                   WAZ
                                                                   Treatment Variable            AGG_MENT
                                                                   Mediator Variable         BIRTHWT_GA_Z
                                                                   Outcome Distribution            Normal
                                                                   Outcome Link Function         Identity
                                                                   Mediator Distribution           Normal
                                                                   Mediator Link Function        Identity


                                                                   Number of Observations Read         227
                                                                   Number of Observations Used         138


                                                                           Class Level Information
 
                                              Class                Levels    Values

                                              CENTERNUM                 4    CHICAGO MIAMI SAN DIEGO BRONX                     
                                              INCOME_C2                 2    <30 >30                                           
                                              LANG_PREF                 2    SPANISH ENGLISH                                   
                                              BKGRD1_C7NOMISS           7    BK_OTHER CUBAN C_AMERICAN DOMINICAN P_RICAN SOUTH 
                                                                             MEXICAN                                           
                                              MARITAL_STATUS            3    COHABITING SEPARATED SINGLE                       
                                              EMPLOYEDYN                2    EMPLOYED NOT_EMPLOYED                             
                                              EDUCATION_C3              3    AT_MOST_HIGHSCHOOL_GED G_HIGHSCHOOL               
                                                                             N_HIGHSCHOOL_GED                                  
                                              N_HC                      2    NO YES                                            
                                                                               The SAS System

---------------------------------------------------------------------------- Imputation Number=5 ----------------------------------------------------------------------------

                                                                           The CAUSALMED Procedure

                                                                             Summary of Effects
 
                                                                                  Standard          Wald 95% 
                                                                      Estimate       Error      Confidence Limits           Z    Pr > |Z|

                                    Total Effect                      0.002134     0.01049    -0.01843     0.02270       0.20      0.8388
                                    Controlled Direct Effect (CDE)    0.006173     0.01024    -0.01390     0.02625       0.60      0.5466
                                    Natural Direct Effect (NDE)       0.006173     0.01024    -0.01390     0.02625       0.60      0.5466
                                    Natural Indirect Effect (NIE)     -0.00404    0.002954    -0.00983    0.001750      -1.37      0.1714
                                    Percentage Mediated                -189.28      971.25    -2092.89     1714.34      -0.19      0.8455
                                    Percentage Due to Interaction            0           .           .           .        .         .    
                                    Percentage Eliminated              -189.28      971.25    -2092.89     1714.34      -0.19      0.8455
                                                                               The SAS System

---------------------------------------------------------------------------- Imputation Number=6 ----------------------------------------------------------------------------

                                                                           The CAUSALMED Procedure

                                                                             Model Information

                                                                   Data Set                    WORK.DB_IN
                                                                   Outcome Variable                   WAZ
                                                                   Treatment Variable            AGG_MENT
                                                                   Mediator Variable         BIRTHWT_GA_Z
                                                                   Outcome Distribution            Normal
                                                                   Outcome Link Function         Identity
                                                                   Mediator Distribution           Normal
                                                                   Mediator Link Function        Identity


                                                                   Number of Observations Read         227
                                                                   Number of Observations Used         138


                                                                           Class Level Information
 
                                              Class                Levels    Values

                                              CENTERNUM                 4    CHICAGO MIAMI SAN DIEGO BRONX                     
                                              INCOME_C2                 2    <30 >30                                           
                                              LANG_PREF                 2    SPANISH ENGLISH                                   
                                              BKGRD1_C7NOMISS           7    BK_OTHER CUBAN C_AMERICAN DOMINICAN P_RICAN SOUTH 
                                                                             MEXICAN                                           
                                              MARITAL_STATUS            3    COHABITING SEPARATED SINGLE                       
                                              EMPLOYEDYN                2    EMPLOYED NOT_EMPLOYED                             
                                              EDUCATION_C3              3    AT_MOST_HIGHSCHOOL_GED G_HIGHSCHOOL               
                                                                             N_HIGHSCHOOL_GED                                  
                                              N_HC                      2    NO YES                                            
                                                                               The SAS System

---------------------------------------------------------------------------- Imputation Number=6 ----------------------------------------------------------------------------

                                                                           The CAUSALMED Procedure

                                                                             Summary of Effects
 
                                                                                  Standard          Wald 95% 
                                                                      Estimate       Error      Confidence Limits           Z    Pr > |Z|

                                    Total Effect                      0.000739     0.01063    -0.02010     0.02158       0.07      0.9446
                                    Controlled Direct Effect (CDE)    0.005899     0.01041    -0.01451     0.02631       0.57      0.5711
                                    Natural Direct Effect (NDE)       0.005899     0.01041    -0.01451     0.02631       0.57      0.5711
                                    Natural Indirect Effect (NIE)     -0.00516    0.003181    -0.01139    0.001074      -1.62      0.1048
                                    Percentage Mediated                -698.60       10157      -20606       19209      -0.07      0.9452
                                    Percentage Due to Interaction            0           .           .           .        .         .    
                                    Percentage Eliminated              -698.60       10157      -20606       19209      -0.07      0.9452
                                                                               The SAS System

---------------------------------------------------------------------------- Imputation Number=7 ----------------------------------------------------------------------------

                                                                           The CAUSALMED Procedure

                                                                             Model Information

                                                                   Data Set                    WORK.DB_IN
                                                                   Outcome Variable                   WAZ
                                                                   Treatment Variable            AGG_MENT
                                                                   Mediator Variable         BIRTHWT_GA_Z
                                                                   Outcome Distribution            Normal
                                                                   Outcome Link Function         Identity
                                                                   Mediator Distribution           Normal
                                                                   Mediator Link Function        Identity


                                                                   Number of Observations Read         227
                                                                   Number of Observations Used         138


                                                                           Class Level Information
 
                                              Class                Levels    Values

                                              CENTERNUM                 4    CHICAGO MIAMI SAN DIEGO BRONX                     
                                              INCOME_C2                 2    <30 >30                                           
                                              LANG_PREF                 2    SPANISH ENGLISH                                   
                                              BKGRD1_C7NOMISS           7    BK_OTHER CUBAN C_AMERICAN DOMINICAN P_RICAN SOUTH 
                                                                             MEXICAN                                           
                                              MARITAL_STATUS            3    COHABITING SEPARATED SINGLE                       
                                              EMPLOYEDYN                2    EMPLOYED NOT_EMPLOYED                             
                                              EDUCATION_C3              3    AT_MOST_HIGHSCHOOL_GED G_HIGHSCHOOL               
                                                                             N_HIGHSCHOOL_GED                                  
                                              N_HC                      2    NO YES                                            
                                                                               The SAS System

---------------------------------------------------------------------------- Imputation Number=7 ----------------------------------------------------------------------------

                                                                           The CAUSALMED Procedure

                                                                             Summary of Effects
 
                                                                                  Standard          Wald 95% 
                                                                      Estimate       Error      Confidence Limits           Z    Pr > |Z|

                                    Total Effect                      0.001795     0.01057    -0.01892     0.02251       0.17      0.8652
                                    Controlled Direct Effect (CDE)    0.006764     0.01028    -0.01338     0.02691       0.66      0.5105
                                    Natural Direct Effect (NDE)       0.006764     0.01028    -0.01338     0.02691       0.66      0.5105
                                    Natural Indirect Effect (NIE)     -0.00497    0.003245    -0.01133    0.001390      -1.53      0.1256
                                    Percentage Mediated                -276.90     1683.80    -3577.08     3023.29      -0.16      0.8694
                                    Percentage Due to Interaction            0           .           .           .        .         .    
                                    Percentage Eliminated              -276.90     1683.80    -3577.08     3023.29      -0.16      0.8694
                                                                               The SAS System

---------------------------------------------------------------------------- Imputation Number=8 ----------------------------------------------------------------------------

                                                                           The CAUSALMED Procedure

                                                                             Model Information

                                                                   Data Set                    WORK.DB_IN
                                                                   Outcome Variable                   WAZ
                                                                   Treatment Variable            AGG_MENT
                                                                   Mediator Variable         BIRTHWT_GA_Z
                                                                   Outcome Distribution            Normal
                                                                   Outcome Link Function         Identity
                                                                   Mediator Distribution           Normal
                                                                   Mediator Link Function        Identity


                                                                   Number of Observations Read         227
                                                                   Number of Observations Used         138


                                                                           Class Level Information
 
                                              Class                Levels    Values

                                              CENTERNUM                 4    CHICAGO MIAMI SAN DIEGO BRONX                     
                                              INCOME_C2                 2    <30 >30                                           
                                              LANG_PREF                 2    SPANISH ENGLISH                                   
                                              BKGRD1_C7NOMISS           7    BK_OTHER CUBAN C_AMERICAN DOMINICAN P_RICAN SOUTH 
                                                                             MEXICAN                                           
                                              MARITAL_STATUS            3    COHABITING SEPARATED SINGLE                       
                                              EMPLOYEDYN                2    EMPLOYED NOT_EMPLOYED                             
                                              EDUCATION_C3              3    AT_MOST_HIGHSCHOOL_GED G_HIGHSCHOOL               
                                                                             N_HIGHSCHOOL_GED                                  
                                              N_HC                      2    NO YES                                            
                                                                               The SAS System

---------------------------------------------------------------------------- Imputation Number=8 ----------------------------------------------------------------------------

                                                                           The CAUSALMED Procedure

                                                                             Summary of Effects
 
                                                                                  Standard          Wald 95% 
                                                                      Estimate       Error      Confidence Limits           Z    Pr > |Z|

                                    Total Effect                      0.002865     0.01045    -0.01761     0.02334       0.27      0.7839
                                    Controlled Direct Effect (CDE)    0.005558     0.01037    -0.01477     0.02588       0.54      0.5920
                                    Natural Direct Effect (NDE)       0.005558     0.01037    -0.01477     0.02588       0.54      0.5920
                                    Natural Indirect Effect (NIE)     -0.00269    0.002230    -0.00706    0.001678      -1.21      0.2273
                                    Percentage Mediated               -93.9958      361.96     -803.43      615.44      -0.26      0.7951
                                    Percentage Due to Interaction            0           .           .           .        .         .    
                                    Percentage Eliminated             -93.9958      361.96     -803.43      615.44      -0.26      0.7951
                                                                               The SAS System

---------------------------------------------------------------------------- Imputation Number=9 ----------------------------------------------------------------------------

                                                                           The CAUSALMED Procedure

                                                                             Model Information

                                                                   Data Set                    WORK.DB_IN
                                                                   Outcome Variable                   WAZ
                                                                   Treatment Variable            AGG_MENT
                                                                   Mediator Variable         BIRTHWT_GA_Z
                                                                   Outcome Distribution            Normal
                                                                   Outcome Link Function         Identity
                                                                   Mediator Distribution           Normal
                                                                   Mediator Link Function        Identity


                                                                   Number of Observations Read         227
                                                                   Number of Observations Used         138


                                                                           Class Level Information
 
                                              Class                Levels    Values

                                              CENTERNUM                 4    CHICAGO MIAMI SAN DIEGO BRONX                     
                                              INCOME_C2                 2    <30 >30                                           
                                              LANG_PREF                 2    SPANISH ENGLISH                                   
                                              BKGRD1_C7NOMISS           7    BK_OTHER CUBAN C_AMERICAN DOMINICAN P_RICAN SOUTH 
                                                                             MEXICAN                                           
                                              MARITAL_STATUS            3    COHABITING SEPARATED SINGLE                       
                                              EMPLOYEDYN                2    EMPLOYED NOT_EMPLOYED                             
                                              EDUCATION_C3              3    AT_MOST_HIGHSCHOOL_GED G_HIGHSCHOOL               
                                                                             N_HIGHSCHOOL_GED                                  
                                              N_HC                      2    NO YES                                            
                                                                               The SAS System

---------------------------------------------------------------------------- Imputation Number=9 ----------------------------------------------------------------------------

                                                                           The CAUSALMED Procedure

                                                                             Summary of Effects
 
                                                                                  Standard          Wald 95% 
                                                                      Estimate       Error      Confidence Limits           Z    Pr > |Z|

                                    Total Effect                      0.000698     0.01068    -0.02023     0.02162       0.07      0.9479
                                    Controlled Direct Effect (CDE)    0.004938     0.01043    -0.01550     0.02538       0.47      0.6358
                                    Natural Direct Effect (NDE)       0.004938     0.01043    -0.01550     0.02538       0.47      0.6358
                                    Natural Indirect Effect (NIE)     -0.00424    0.003020    -0.01016    0.001679      -1.40      0.1603
                                    Percentage Mediated                -607.78     9407.15      -19045       17830      -0.06      0.9485
                                    Percentage Due to Interaction            0           .           .           .        .         .    
                                    Percentage Eliminated              -607.78     9407.15      -19045       17830      -0.06      0.9485
                                                                               The SAS System

--------------------------------------------------------------------------- Imputation Number=10 ----------------------------------------------------------------------------

                                                                           The CAUSALMED Procedure

                                                                             Model Information

                                                                   Data Set                    WORK.DB_IN
                                                                   Outcome Variable                   WAZ
                                                                   Treatment Variable            AGG_MENT
                                                                   Mediator Variable         BIRTHWT_GA_Z
                                                                   Outcome Distribution            Normal
                                                                   Outcome Link Function         Identity
                                                                   Mediator Distribution           Normal
                                                                   Mediator Link Function        Identity


                                                                   Number of Observations Read         227
                                                                   Number of Observations Used         138


                                                                           Class Level Information
 
                                              Class                Levels    Values

                                              CENTERNUM                 4    CHICAGO MIAMI SAN DIEGO BRONX                     
                                              INCOME_C2                 2    <30 >30                                           
                                              LANG_PREF                 2    SPANISH ENGLISH                                   
                                              BKGRD1_C7NOMISS           7    BK_OTHER CUBAN C_AMERICAN DOMINICAN P_RICAN SOUTH 
                                                                             MEXICAN                                           
                                              MARITAL_STATUS            3    COHABITING SEPARATED SINGLE                       
                                              EMPLOYEDYN                2    EMPLOYED NOT_EMPLOYED                             
                                              EDUCATION_C3              3    AT_MOST_HIGHSCHOOL_GED G_HIGHSCHOOL               
                                                                             N_HIGHSCHOOL_GED                                  
                                              N_HC                      2    NO YES                                            
                                                                               The SAS System

--------------------------------------------------------------------------- Imputation Number=10 ----------------------------------------------------------------------------

                                                                           The CAUSALMED Procedure

                                                                             Summary of Effects
 
                                                                                  Standard          Wald 95% 
                                                                      Estimate       Error      Confidence Limits           Z    Pr > |Z|

                                    Total Effect                      0.001112     0.01063    -0.01973     0.02195       0.10      0.9167
                                    Controlled Direct Effect (CDE)    0.004065     0.01050    -0.01651     0.02464       0.39      0.6986
                                    Natural Direct Effect (NDE)       0.004065     0.01050    -0.01651     0.02464       0.39      0.6986
                                    Natural Indirect Effect (NIE)     -0.00295    0.002448    -0.00775    0.001844      -1.21      0.2276
                                    Percentage Mediated                -265.61     2587.16    -5336.35     4805.13      -0.10      0.9182
                                    Percentage Due to Interaction            0           .           .           .        .         .    
                                    Percentage Eliminated              -265.61     2587.16    -5336.35     4805.13      -0.10      0.9182
                                                                               The SAS System

------------------------------------------------------------------- Effect=Controlled Direct Effect (CDE) -------------------------------------------------------------------

                                                                           The MIANALYZE Procedure

                                                                             Model Information

                                                                Data Set                  WORK.DB_AGG_MENT_0
                                                                Number of Imputations     10                


                                                                    Variance Information (10 Imputations)
 
                                                                                                       Relative       Fraction
                                             -----------------Variance-----------------                Increase        Missing       Relative
                                Parameter         Between         Within          Total       DF    in Variance    Information     Efficiency

                                Estimate      0.000000780       0.000107       0.000108   141819       0.008030       0.007980       0.999203


                                                                    Parameter Estimates (10 Imputations)
 
                                                                                                                                             t for H0:
           Parameter        Estimate      Std Error    95% Confidence Limits        DF        Minimum        Maximum         Theta0   Parameter=Theta0   Pr > |t|

           Estimate         0.005168       0.010379     -0.01517     0.025511   141819       0.004065       0.006764              0               0.50     0.6185
                                                                               The SAS System

-------------------------------------------------------------------- Effect=Natural Direct Effect (NDE) ---------------------------------------------------------------------

                                                                           The MIANALYZE Procedure

                                                                             Model Information

                                                                Data Set                  WORK.DB_AGG_MENT_0
                                                                Number of Imputations     10                


                                                                    Variance Information (10 Imputations)
 
                                                                                                       Relative       Fraction
                                             -----------------Variance-----------------                Increase        Missing       Relative
                                Parameter         Between         Within          Total       DF    in Variance    Information     Efficiency

                                Estimate      0.000000780       0.000107       0.000108   141819       0.008030       0.007980       0.999203


                                                                    Parameter Estimates (10 Imputations)
 
                                                                                                                                             t for H0:
           Parameter        Estimate      Std Error    95% Confidence Limits        DF        Minimum        Maximum         Theta0   Parameter=Theta0   Pr > |t|

           Estimate         0.005168       0.010379     -0.01517     0.025511   141819       0.004065       0.006764              0               0.50     0.6185
                                                                               The SAS System

------------------------------------------------------------------- Effect=Natural Indirect Effect (NIE) --------------------------------------------------------------------

                                                                           The MIANALYZE Procedure

                                                                             Model Information

                                                                Data Set                  WORK.DB_AGG_MENT_0
                                                                Number of Imputations     10                


                                                                    Variance Information (10 Imputations)
 
                                                                                                       Relative       Fraction
                                             -----------------Variance-----------------                Increase        Missing       Relative
                                Parameter         Between         Within          Total       DF    in Variance    Information     Efficiency

                                Estimate      0.000001257    0.000006845    0.000008228   318.65       0.202010       0.173233       0.982972


                                                                    Parameter Estimates (10 Imputations)
 
                                                                                                                                             t for H0:
           Parameter        Estimate      Std Error    95% Confidence Limits        DF        Minimum        Maximum         Theta0   Parameter=Theta0   Pr > |t|

           Estimate        -0.003427       0.002868     -0.00907     0.002217   318.65      -0.005160      -0.002052              0              -1.19     0.2331
                                                                               The SAS System

----------------------------------------------------------------------- Effect=Percentage Eliminated ------------------------------------------------------------------------

                                                                           The MIANALYZE Procedure

                                                                             Model Information

                                                                Data Set                  WORK.DB_AGG_MENT_0
                                                                Number of Imputations     10                


                                                                    Variance Information (10 Imputations)
 
                                                                                                       Relative       Fraction
                                             -----------------Variance-----------------                Increase        Missing       Relative
                                Parameter         Between         Within          Total       DF    in Variance    Information     Efficiency

                                Estimate            47868       21551680       21604334   1.52E6       0.002443       0.002439       0.999756


                                                                    Parameter Estimates (10 Imputations)
 
                                                                                                                                             t for H0:
           Parameter        Estimate      Std Error    95% Confidence Limits        DF        Minimum        Maximum         Theta0   Parameter=Theta0   Pr > |t|

           Estimate      -276.595492    4648.046306     -9386.61     8833.415   1.52E6    -698.599863     -81.784838              0              -0.06     0.9525
                                                                               The SAS System

------------------------------------------------------------------------ Effect=Percentage Mediated -------------------------------------------------------------------------

                                                                           The MIANALYZE Procedure

                                                                             Model Information

                                                                Data Set                  WORK.DB_AGG_MENT_0
                                                                Number of Imputations     10                


                                                                    Variance Information (10 Imputations)
 
                                                                                                       Relative       Fraction
                                             -----------------Variance-----------------                Increase        Missing       Relative
                                Parameter         Between         Within          Total       DF    in Variance    Information     Efficiency

                                Estimate            47868       21551680       21604334   1.52E6       0.002443       0.002439       0.999756


                                                                    Parameter Estimates (10 Imputations)
 
                                                                                                                                             t for H0:
           Parameter        Estimate      Std Error    95% Confidence Limits        DF        Minimum        Maximum         Theta0   Parameter=Theta0   Pr > |t|

           Estimate      -276.595492    4648.046306     -9386.61     8833.415   1.52E6    -698.599863     -81.784838              0              -0.06     0.9525
                                                                               The SAS System

---------------------------------------------------------------------------- Effect=Total Effect ----------------------------------------------------------------------------

                                                                           The MIANALYZE Procedure

                                                                             Model Information

                                                                Data Set                  WORK.DB_AGG_MENT_0
                                                                Number of Imputations     10                


                                                                    Variance Information (10 Imputations)
 
                                                                                                       Relative       Fraction
                                             -----------------Variance-----------------                Increase        Missing       Relative
                                Parameter         Between         Within          Total       DF    in Variance    Information     Efficiency

                                Estimate      0.000000633       0.000110       0.000111   227832       0.006325       0.006294       0.999371


                                                                    Parameter Estimates (10 Imputations)
 
                                                                                                                                             t for H0:
           Parameter        Estimate      Std Error    95% Confidence Limits        DF        Minimum        Maximum         Theta0   Parameter=Theta0   Pr > |t|

           Estimate         0.001742       0.010525     -0.01889     0.022370   227832       0.000698       0.002865              0               0.17     0.8686
                                                                               The SAS System

---------------------------------------------------------------------------- Imputation Number=1 ----------------------------------------------------------------------------

                                                                           The CAUSALMED Procedure

                                                                             Model Information

                                                                   Data Set                    WORK.DB_IN
                                                                   Outcome Variable                   WAZ
                                                                   Treatment Variable            AGG_PHYS
                                                                   Mediator Variable         BIRTHWT_GA_Z
                                                                   Outcome Distribution            Normal
                                                                   Outcome Link Function         Identity
                                                                   Mediator Distribution           Normal
                                                                   Mediator Link Function        Identity


                                                                   Number of Observations Read         227
                                                                   Number of Observations Used         138


                                                                           Class Level Information
 
                                              Class                Levels    Values

                                              CENTERNUM                 4    CHICAGO MIAMI SAN DIEGO BRONX                     
                                              INCOME_C2                 2    <30 >30                                           
                                              LANG_PREF                 2    SPANISH ENGLISH                                   
                                              BKGRD1_C7NOMISS           7    BK_OTHER CUBAN C_AMERICAN DOMINICAN P_RICAN SOUTH 
                                                                             MEXICAN                                           
                                              MARITAL_STATUS            3    COHABITING SEPARATED SINGLE                       
                                              EMPLOYEDYN                2    EMPLOYED NOT_EMPLOYED                             
                                              EDUCATION_C3              3    AT_MOST_HIGHSCHOOL_GED G_HIGHSCHOOL               
                                                                             N_HIGHSCHOOL_GED                                  
                                              N_HC                      2    NO YES                                            
                                                                               The SAS System

---------------------------------------------------------------------------- Imputation Number=1 ----------------------------------------------------------------------------

                                                                           The CAUSALMED Procedure

                                                                             Summary of Effects
 
                                                                                  Standard          Wald 95% 
                                                                      Estimate       Error      Confidence Limits           Z    Pr > |Z|

                                    Total Effect                      -0.00114     0.01613    -0.03276     0.03048      -0.07      0.9438
                                    Controlled Direct Effect (CDE)    6.265E-6     0.01577    -0.03090     0.03091       0.00      0.9997
                                    Natural Direct Effect (NDE)       6.265E-6     0.01577    -0.03090     0.03091       0.00      0.9997
                                    Natural Indirect Effect (NIE)     -0.00114    0.003472    -0.00795    0.005660      -0.33      0.7416
                                    Percentage Mediated                 100.55     1392.84    -2629.36     2830.46       0.07      0.9424
                                    Percentage Due to Interaction            0           .           .           .        .         .    
                                    Percentage Eliminated               100.55     1392.84    -2629.36     2830.46       0.07      0.9424
                                                                               The SAS System

---------------------------------------------------------------------------- Imputation Number=2 ----------------------------------------------------------------------------

                                                                           The CAUSALMED Procedure

                                                                             Model Information

                                                                   Data Set                    WORK.DB_IN
                                                                   Outcome Variable                   WAZ
                                                                   Treatment Variable            AGG_PHYS
                                                                   Mediator Variable         BIRTHWT_GA_Z
                                                                   Outcome Distribution            Normal
                                                                   Outcome Link Function         Identity
                                                                   Mediator Distribution           Normal
                                                                   Mediator Link Function        Identity


                                                                   Number of Observations Read         227
                                                                   Number of Observations Used         138


                                                                           Class Level Information
 
                                              Class                Levels    Values

                                              CENTERNUM                 4    CHICAGO MIAMI SAN DIEGO BRONX                     
                                              INCOME_C2                 2    <30 >30                                           
                                              LANG_PREF                 2    SPANISH ENGLISH                                   
                                              BKGRD1_C7NOMISS           7    BK_OTHER CUBAN C_AMERICAN DOMINICAN P_RICAN SOUTH 
                                                                             MEXICAN                                           
                                              MARITAL_STATUS            3    COHABITING SEPARATED SINGLE                       
                                              EMPLOYEDYN                2    EMPLOYED NOT_EMPLOYED                             
                                              EDUCATION_C3              3    AT_MOST_HIGHSCHOOL_GED G_HIGHSCHOOL               
                                                                             N_HIGHSCHOOL_GED                                  
                                              N_HC                      2    NO YES                                            
                                                                               The SAS System

---------------------------------------------------------------------------- Imputation Number=2 ----------------------------------------------------------------------------

                                                                           The CAUSALMED Procedure

                                                                             Summary of Effects
 
                                                                                  Standard          Wald 95% 
                                                                      Estimate       Error      Confidence Limits           Z    Pr > |Z|

                                    Total Effect                      -0.00001     0.01630    -0.03196     0.03193      -0.00      0.9993
                                    Controlled Direct Effect (CDE)    0.002700     0.01616    -0.02897     0.03437       0.17      0.8673
                                    Natural Direct Effect (NDE)       0.002700     0.01616    -0.02897     0.03437       0.17      0.8673
                                    Natural Indirect Effect (NIE)     -0.00271    0.002953    -0.00850    0.003072      -0.92      0.3578
                                    Percentage Mediated                  18409    20340225    -3.985E7    39884518       0.00      0.9993
                                    Percentage Due to Interaction            0           .           .           .        .         .    
                                    Percentage Eliminated                18409    20340225    -3.985E7    39884518       0.00      0.9993
                                                                               The SAS System

---------------------------------------------------------------------------- Imputation Number=3 ----------------------------------------------------------------------------

                                                                           The CAUSALMED Procedure

                                                                             Model Information

                                                                   Data Set                    WORK.DB_IN
                                                                   Outcome Variable                   WAZ
                                                                   Treatment Variable            AGG_PHYS
                                                                   Mediator Variable         BIRTHWT_GA_Z
                                                                   Outcome Distribution            Normal
                                                                   Outcome Link Function         Identity
                                                                   Mediator Distribution           Normal
                                                                   Mediator Link Function        Identity


                                                                   Number of Observations Read         227
                                                                   Number of Observations Used         138


                                                                           Class Level Information
 
                                              Class                Levels    Values

                                              CENTERNUM                 4    CHICAGO MIAMI SAN DIEGO BRONX                     
                                              INCOME_C2                 2    <30 >30                                           
                                              LANG_PREF                 2    SPANISH ENGLISH                                   
                                              BKGRD1_C7NOMISS           7    BK_OTHER CUBAN C_AMERICAN DOMINICAN P_RICAN SOUTH 
                                                                             MEXICAN                                           
                                              MARITAL_STATUS            3    COHABITING SEPARATED SINGLE                       
                                              EMPLOYEDYN                2    EMPLOYED NOT_EMPLOYED                             
                                              EDUCATION_C3              3    AT_MOST_HIGHSCHOOL_GED G_HIGHSCHOOL               
                                                                             N_HIGHSCHOOL_GED                                  
                                              N_HC                      2    NO YES                                            
                                                                               The SAS System

---------------------------------------------------------------------------- Imputation Number=3 ----------------------------------------------------------------------------

                                                                           The CAUSALMED Procedure

                                                                             Summary of Effects
 
                                                                                  Standard          Wald 95% 
                                                                      Estimate       Error      Confidence Limits           Z    Pr > |Z|

                                    Total Effect                      -0.00221     0.01616    -0.03388     0.02946      -0.14      0.8913
                                    Controlled Direct Effect (CDE)    -0.00135     0.01601    -0.03273     0.03003      -0.08      0.9326
                                    Natural Direct Effect (NDE)       -0.00135     0.01601    -0.03273     0.03003      -0.08      0.9326
                                    Natural Indirect Effect (NIE)     -0.00086    0.002293    -0.00535    0.003639      -0.37      0.7092
                                    Percentage Mediated                38.7168      288.21     -526.17      603.60       0.13      0.8931
                                    Percentage Due to Interaction            0           .           .           .        .         .    
                                    Percentage Eliminated              38.7168      288.21     -526.17      603.60       0.13      0.8931
                                                                               The SAS System

---------------------------------------------------------------------------- Imputation Number=4 ----------------------------------------------------------------------------

                                                                           The CAUSALMED Procedure

                                                                             Model Information

                                                                   Data Set                    WORK.DB_IN
                                                                   Outcome Variable                   WAZ
                                                                   Treatment Variable            AGG_PHYS
                                                                   Mediator Variable         BIRTHWT_GA_Z
                                                                   Outcome Distribution            Normal
                                                                   Outcome Link Function         Identity
                                                                   Mediator Distribution           Normal
                                                                   Mediator Link Function        Identity


                                                                   Number of Observations Read         227
                                                                   Number of Observations Used         138


                                                                           Class Level Information
 
                                              Class                Levels    Values

                                              CENTERNUM                 4    CHICAGO MIAMI SAN DIEGO BRONX                     
                                              INCOME_C2                 2    <30 >30                                           
                                              LANG_PREF                 2    SPANISH ENGLISH                                   
                                              BKGRD1_C7NOMISS           7    BK_OTHER CUBAN C_AMERICAN DOMINICAN P_RICAN SOUTH 
                                                                             MEXICAN                                           
                                              MARITAL_STATUS            3    COHABITING SEPARATED SINGLE                       
                                              EMPLOYEDYN                2    EMPLOYED NOT_EMPLOYED                             
                                              EDUCATION_C3              3    AT_MOST_HIGHSCHOOL_GED G_HIGHSCHOOL               
                                                                             N_HIGHSCHOOL_GED                                  
                                              N_HC                      2    NO YES                                            
                                                                               The SAS System

---------------------------------------------------------------------------- Imputation Number=4 ----------------------------------------------------------------------------

                                                                           The CAUSALMED Procedure

                                                                             Summary of Effects
 
                                                                                  Standard          Wald 95% 
                                                                      Estimate       Error      Confidence Limits           Z    Pr > |Z|

                                    Total Effect                      -0.00125     0.01617    -0.03295     0.03044      -0.08      0.9383
                                    Controlled Direct Effect (CDE)    0.001022     0.01596    -0.03027     0.03231       0.06      0.9489
                                    Natural Direct Effect (NDE)       0.001022     0.01596    -0.03027     0.03231       0.06      0.9489
                                    Natural Indirect Effect (NIE)     -0.00227    0.003012    -0.00818    0.003628      -0.76      0.4501
                                    Percentage Mediated                 181.68     2320.28    -4365.99     4729.35       0.08      0.9376
                                    Percentage Due to Interaction            0           .           .           .        .         .    
                                    Percentage Eliminated               181.68     2320.28    -4365.99     4729.35       0.08      0.9376
                                                                               The SAS System

---------------------------------------------------------------------------- Imputation Number=5 ----------------------------------------------------------------------------

                                                                           The CAUSALMED Procedure

                                                                             Model Information

                                                                   Data Set                    WORK.DB_IN
                                                                   Outcome Variable                   WAZ
                                                                   Treatment Variable            AGG_PHYS
                                                                   Mediator Variable         BIRTHWT_GA_Z
                                                                   Outcome Distribution            Normal
                                                                   Outcome Link Function         Identity
                                                                   Mediator Distribution           Normal
                                                                   Mediator Link Function        Identity


                                                                   Number of Observations Read         227
                                                                   Number of Observations Used         138


                                                                           Class Level Information
 
                                              Class                Levels    Values

                                              CENTERNUM                 4    CHICAGO MIAMI SAN DIEGO BRONX                     
                                              INCOME_C2                 2    <30 >30                                           
                                              LANG_PREF                 2    SPANISH ENGLISH                                   
                                              BKGRD1_C7NOMISS           7    BK_OTHER CUBAN C_AMERICAN DOMINICAN P_RICAN SOUTH 
                                                                             MEXICAN                                           
                                              MARITAL_STATUS            3    COHABITING SEPARATED SINGLE                       
                                              EMPLOYEDYN                2    EMPLOYED NOT_EMPLOYED                             
                                              EDUCATION_C3              3    AT_MOST_HIGHSCHOOL_GED G_HIGHSCHOOL               
                                                                             N_HIGHSCHOOL_GED                                  
                                              N_HC                      2    NO YES                                            
                                                                               The SAS System

---------------------------------------------------------------------------- Imputation Number=5 ----------------------------------------------------------------------------

                                                                           The CAUSALMED Procedure

                                                                             Summary of Effects
 
                                                                                  Standard          Wald 95% 
                                                                      Estimate       Error      Confidence Limits           Z    Pr > |Z|

                                    Total Effect                      -0.00069     0.01618    -0.03240     0.03103      -0.04      0.9660
                                    Controlled Direct Effect (CDE)    0.001532     0.01568    -0.02919     0.03226       0.10      0.9221
                                    Natural Direct Effect (NDE)       0.001532     0.01568    -0.02919     0.03226       0.10      0.9221
                                    Natural Indirect Effect (NIE)     -0.00222    0.004137    -0.01033    0.005888      -0.54      0.5913
                                    Percentage Mediated                 322.42     7446.33      -14272       14917       0.04      0.9655
                                    Percentage Due to Interaction            0           .           .           .        .         .    
                                    Percentage Eliminated               322.42     7446.33      -14272       14917       0.04      0.9655
                                                                               The SAS System

---------------------------------------------------------------------------- Imputation Number=6 ----------------------------------------------------------------------------

                                                                           The CAUSALMED Procedure

                                                                             Model Information

                                                                   Data Set                    WORK.DB_IN
                                                                   Outcome Variable                   WAZ
                                                                   Treatment Variable            AGG_PHYS
                                                                   Mediator Variable         BIRTHWT_GA_Z
                                                                   Outcome Distribution            Normal
                                                                   Outcome Link Function         Identity
                                                                   Mediator Distribution           Normal
                                                                   Mediator Link Function        Identity


                                                                   Number of Observations Read         227
                                                                   Number of Observations Used         138


                                                                           Class Level Information
 
                                              Class                Levels    Values

                                              CENTERNUM                 4    CHICAGO MIAMI SAN DIEGO BRONX                     
                                              INCOME_C2                 2    <30 >30                                           
                                              LANG_PREF                 2    SPANISH ENGLISH                                   
                                              BKGRD1_C7NOMISS           7    BK_OTHER CUBAN C_AMERICAN DOMINICAN P_RICAN SOUTH 
                                                                             MEXICAN                                           
                                              MARITAL_STATUS            3    COHABITING SEPARATED SINGLE                       
                                              EMPLOYEDYN                2    EMPLOYED NOT_EMPLOYED                             
                                              EDUCATION_C3              3    AT_MOST_HIGHSCHOOL_GED G_HIGHSCHOOL               
                                                                             N_HIGHSCHOOL_GED                                  
                                              N_HC                      2    NO YES                                            
                                                                               The SAS System

---------------------------------------------------------------------------- Imputation Number=6 ----------------------------------------------------------------------------

                                                                           The CAUSALMED Procedure

                                                                             Summary of Effects
 
                                                                                  Standard          Wald 95% 
                                                                      Estimate       Error      Confidence Limits           Z    Pr > |Z|

                                    Total Effect                      -0.00237     0.01616    -0.03405     0.02930      -0.15      0.8832
                                    Controlled Direct Effect (CDE)    -0.00317     0.01563    -0.03380     0.02746      -0.20      0.8394
                                    Natural Direct Effect (NDE)       -0.00317     0.01563    -0.03380     0.02746      -0.20      0.8394
                                    Natural Indirect Effect (NIE)     0.000792    0.004126    -0.00729    0.008879       0.19      0.8478
                                    Percentage Mediated               -33.3497      318.97     -658.53      591.83      -0.10      0.9167
                                    Percentage Due to Interaction            0           .           .           .        .         .    
                                    Percentage Eliminated             -33.3497      318.97     -658.53      591.83      -0.10      0.9167
                                                                               The SAS System

---------------------------------------------------------------------------- Imputation Number=7 ----------------------------------------------------------------------------

                                                                           The CAUSALMED Procedure

                                                                             Model Information

                                                                   Data Set                    WORK.DB_IN
                                                                   Outcome Variable                   WAZ
                                                                   Treatment Variable            AGG_PHYS
                                                                   Mediator Variable         BIRTHWT_GA_Z
                                                                   Outcome Distribution            Normal
                                                                   Outcome Link Function         Identity
                                                                   Mediator Distribution           Normal
                                                                   Mediator Link Function        Identity


                                                                   Number of Observations Read         227
                                                                   Number of Observations Used         138


                                                                           Class Level Information
 
                                              Class                Levels    Values

                                              CENTERNUM                 4    CHICAGO MIAMI SAN DIEGO BRONX                     
                                              INCOME_C2                 2    <30 >30                                           
                                              LANG_PREF                 2    SPANISH ENGLISH                                   
                                              BKGRD1_C7NOMISS           7    BK_OTHER CUBAN C_AMERICAN DOMINICAN P_RICAN SOUTH 
                                                                             MEXICAN                                           
                                              MARITAL_STATUS            3    COHABITING SEPARATED SINGLE                       
                                              EMPLOYEDYN                2    EMPLOYED NOT_EMPLOYED                             
                                              EDUCATION_C3              3    AT_MOST_HIGHSCHOOL_GED G_HIGHSCHOOL               
                                                                             N_HIGHSCHOOL_GED                                  
                                              N_HC                      2    NO YES                                            
                                                                               The SAS System

---------------------------------------------------------------------------- Imputation Number=7 ----------------------------------------------------------------------------

                                                                           The CAUSALMED Procedure

                                                                             Summary of Effects
 
                                                                                  Standard          Wald 95% 
                                                                      Estimate       Error      Confidence Limits           Z    Pr > |Z|

                                    Total Effect                      -0.00307     0.01613    -0.03468     0.02854      -0.19      0.8491
                                    Controlled Direct Effect (CDE)    -0.00105     0.01553    -0.03149     0.02938      -0.07      0.9459
                                    Natural Direct Effect (NDE)       -0.00105     0.01553    -0.03149     0.02938      -0.07      0.9459
                                    Natural Indirect Effect (NIE)     -0.00202    0.004436    -0.01071    0.006679      -0.45      0.6496
                                    Percentage Mediated                65.6611      336.16     -593.19      724.52       0.20      0.8451
                                    Percentage Due to Interaction            0           .           .           .        .         .    
                                    Percentage Eliminated              65.6611      336.16     -593.19      724.52       0.20      0.8451
                                                                               The SAS System

---------------------------------------------------------------------------- Imputation Number=8 ----------------------------------------------------------------------------

                                                                           The CAUSALMED Procedure

                                                                             Model Information

                                                                   Data Set                    WORK.DB_IN
                                                                   Outcome Variable                   WAZ
                                                                   Treatment Variable            AGG_PHYS
                                                                   Mediator Variable         BIRTHWT_GA_Z
                                                                   Outcome Distribution            Normal
                                                                   Outcome Link Function         Identity
                                                                   Mediator Distribution           Normal
                                                                   Mediator Link Function        Identity


                                                                   Number of Observations Read         227
                                                                   Number of Observations Used         138


                                                                           Class Level Information
 
                                              Class                Levels    Values

                                              CENTERNUM                 4    CHICAGO MIAMI SAN DIEGO BRONX                     
                                              INCOME_C2                 2    <30 >30                                           
                                              LANG_PREF                 2    SPANISH ENGLISH                                   
                                              BKGRD1_C7NOMISS           7    BK_OTHER CUBAN C_AMERICAN DOMINICAN P_RICAN SOUTH 
                                                                             MEXICAN                                           
                                              MARITAL_STATUS            3    COHABITING SEPARATED SINGLE                       
                                              EMPLOYEDYN                2    EMPLOYED NOT_EMPLOYED                             
                                              EDUCATION_C3              3    AT_MOST_HIGHSCHOOL_GED G_HIGHSCHOOL               
                                                                             N_HIGHSCHOOL_GED                                  
                                              N_HC                      2    NO YES                                            
                                                                               The SAS System

---------------------------------------------------------------------------- Imputation Number=8 ----------------------------------------------------------------------------

                                                                           The CAUSALMED Procedure

                                                                             Summary of Effects
 
                                                                                  Standard          Wald 95% 
                                                                      Estimate       Error      Confidence Limits           Z    Pr > |Z|

                                    Total Effect                      -0.00122     0.01621    -0.03299     0.03055      -0.08      0.9400
                                    Controlled Direct Effect (CDE)    0.000420     0.01599    -0.03091     0.03175       0.03      0.9791
                                    Natural Direct Effect (NDE)       0.000420     0.01599    -0.03091     0.03175       0.03      0.9791
                                    Natural Indirect Effect (NIE)     -0.00164    0.002919    -0.00736    0.004082      -0.56      0.5745
                                    Percentage Mediated                 134.42     1762.94    -3320.89     3589.72       0.08      0.9392
                                    Percentage Due to Interaction            0           .           .           .        .         .    
                                    Percentage Eliminated               134.42     1762.94    -3320.89     3589.72       0.08      0.9392
                                                                               The SAS System

---------------------------------------------------------------------------- Imputation Number=9 ----------------------------------------------------------------------------

                                                                           The CAUSALMED Procedure

                                                                             Model Information

                                                                   Data Set                    WORK.DB_IN
                                                                   Outcome Variable                   WAZ
                                                                   Treatment Variable            AGG_PHYS
                                                                   Mediator Variable         BIRTHWT_GA_Z
                                                                   Outcome Distribution            Normal
                                                                   Outcome Link Function         Identity
                                                                   Mediator Distribution           Normal
                                                                   Mediator Link Function        Identity


                                                                   Number of Observations Read         227
                                                                   Number of Observations Used         138


                                                                           Class Level Information
 
                                              Class                Levels    Values

                                              CENTERNUM                 4    CHICAGO MIAMI SAN DIEGO BRONX                     
                                              INCOME_C2                 2    <30 >30                                           
                                              LANG_PREF                 2    SPANISH ENGLISH                                   
                                              BKGRD1_C7NOMISS           7    BK_OTHER CUBAN C_AMERICAN DOMINICAN P_RICAN SOUTH 
                                                                             MEXICAN                                           
                                              MARITAL_STATUS            3    COHABITING SEPARATED SINGLE                       
                                              EMPLOYEDYN                2    EMPLOYED NOT_EMPLOYED                             
                                              EDUCATION_C3              3    AT_MOST_HIGHSCHOOL_GED G_HIGHSCHOOL               
                                                                             N_HIGHSCHOOL_GED                                  
                                              N_HC                      2    NO YES                                            
                                                                               The SAS System

---------------------------------------------------------------------------- Imputation Number=9 ----------------------------------------------------------------------------

                                                                           The CAUSALMED Procedure

                                                                             Summary of Effects
 
                                                                                  Standard          Wald 95% 
                                                                      Estimate       Error      Confidence Limits           Z    Pr > |Z|

                                    Total Effect                      -0.00315     0.01624    -0.03499     0.02868      -0.19      0.8462
                                    Controlled Direct Effect (CDE)    -0.00085     0.01574    -0.03170     0.03000      -0.05      0.9571
                                    Natural Direct Effect (NDE)       -0.00085     0.01574    -0.03170     0.03000      -0.05      0.9571
                                    Natural Indirect Effect (NIE)     -0.00230    0.004147    -0.01043    0.005824      -0.56      0.5786
                                    Percentage Mediated                73.1162      367.36     -646.89      793.12       0.20      0.8422
                                    Percentage Due to Interaction            0           .           .           .        .         .    
                                    Percentage Eliminated              73.1162      367.36     -646.89      793.12       0.20      0.8422
                                                                               The SAS System

--------------------------------------------------------------------------- Imputation Number=10 ----------------------------------------------------------------------------

                                                                           The CAUSALMED Procedure

                                                                             Model Information

                                                                   Data Set                    WORK.DB_IN
                                                                   Outcome Variable                   WAZ
                                                                   Treatment Variable            AGG_PHYS
                                                                   Mediator Variable         BIRTHWT_GA_Z
                                                                   Outcome Distribution            Normal
                                                                   Outcome Link Function         Identity
                                                                   Mediator Distribution           Normal
                                                                   Mediator Link Function        Identity


                                                                   Number of Observations Read         227
                                                                   Number of Observations Used         138


                                                                           Class Level Information
 
                                              Class                Levels    Values

                                              CENTERNUM                 4    CHICAGO MIAMI SAN DIEGO BRONX                     
                                              INCOME_C2                 2    <30 >30                                           
                                              LANG_PREF                 2    SPANISH ENGLISH                                   
                                              BKGRD1_C7NOMISS           7    BK_OTHER CUBAN C_AMERICAN DOMINICAN P_RICAN SOUTH 
                                                                             MEXICAN                                           
                                              MARITAL_STATUS            3    COHABITING SEPARATED SINGLE                       
                                              EMPLOYEDYN                2    EMPLOYED NOT_EMPLOYED                             
                                              EDUCATION_C3              3    AT_MOST_HIGHSCHOOL_GED G_HIGHSCHOOL               
                                                                             N_HIGHSCHOOL_GED                                  
                                              N_HC                      2    NO YES                                            
                                                                               The SAS System

--------------------------------------------------------------------------- Imputation Number=10 ----------------------------------------------------------------------------

                                                                           The CAUSALMED Procedure

                                                                             Summary of Effects
 
                                                                                  Standard          Wald 95% 
                                                                      Estimate       Error      Confidence Limits           Z    Pr > |Z|

                                    Total Effect                      -0.00148     0.01628    -0.03339     0.03043      -0.09      0.9277
                                    Controlled Direct Effect (CDE)    0.000177     0.01597    -0.03113     0.03148       0.01      0.9911
                                    Natural Direct Effect (NDE)       0.000177     0.01597    -0.03113     0.03148       0.01      0.9911
                                    Natural Indirect Effect (NIE)     -0.00165    0.003302    -0.00813    0.004817      -0.50      0.6163
                                    Percentage Mediated                 112.01     1210.90    -2261.32     2485.33       0.09      0.9263
                                    Percentage Due to Interaction            0           .           .           .        .         .    
                                    Percentage Eliminated               112.01     1210.90    -2261.32     2485.33       0.09      0.9263
                                                                               The SAS System

------------------------------------------------------------------- Effect=Controlled Direct Effect (CDE) -------------------------------------------------------------------

                                                                           The MIANALYZE Procedure

                                                                             Model Information

                                                                Data Set                  WORK.DB_AGG_PHYS_0
                                                                Number of Imputations     10                


                                                                    Variance Information (10 Imputations)
 
                                                                                                       Relative       Fraction
                                             -----------------Variance-----------------                Increase        Missing       Relative
                                Parameter         Between         Within          Total       DF    in Variance    Information     Efficiency

                                Estimate      0.000002728       0.000251       0.000254    64523       0.011952       0.011841       0.998817


                                                                    Parameter Estimates (10 Imputations)
 
                                                                                                                                             t for H0:
           Parameter        Estimate      Std Error    95% Confidence Limits        DF        Minimum        Maximum         Theta0   Parameter=Theta0   Pr > |t|

           Estimate     -0.000056295       0.015939     -0.03130     0.031184    64523      -0.003167       0.002700              0              -0.00     0.9972
                                                                               The SAS System

-------------------------------------------------------------------- Effect=Natural Direct Effect (NDE) ---------------------------------------------------------------------

                                                                           The MIANALYZE Procedure

                                                                             Model Information

                                                                Data Set                  WORK.DB_AGG_PHYS_0
                                                                Number of Imputations     10                


                                                                    Variance Information (10 Imputations)
 
                                                                                                       Relative       Fraction
                                             -----------------Variance-----------------                Increase        Missing       Relative
                                Parameter         Between         Within          Total       DF    in Variance    Information     Efficiency

                                Estimate      0.000002728       0.000251       0.000254    64523       0.011952       0.011841       0.998817


                                                                    Parameter Estimates (10 Imputations)
 
                                                                                                                                             t for H0:
           Parameter        Estimate      Std Error    95% Confidence Limits        DF        Minimum        Maximum         Theta0   Parameter=Theta0   Pr > |t|

           Estimate     -0.000056295       0.015939     -0.03130     0.031184    64523      -0.003167       0.002700              0              -0.00     0.9972
                                                                               The SAS System

------------------------------------------------------------------- Effect=Natural Indirect Effect (NIE) --------------------------------------------------------------------

                                                                           The MIANALYZE Procedure

                                                                             Model Information

                                                                Data Set                  WORK.DB_AGG_PHYS_0
                                                                Number of Imputations     10                


                                                                    Variance Information (10 Imputations)
 
                                                                                                       Relative       Fraction
                                             -----------------Variance-----------------                Increase        Missing       Relative
                                Parameter         Between         Within          Total       DF    in Variance    Information     Efficiency

                                Estimate      0.000001027    0.000012554    0.000013683   1321.5       0.089949       0.083911       0.991679


                                                                    Parameter Estimates (10 Imputations)
 
                                                                                                                                             t for H0:
           Parameter        Estimate      Std Error    95% Confidence Limits        DF        Minimum        Maximum         Theta0   Parameter=Theta0   Pr > |t|

           Estimate        -0.001603       0.003699     -0.00886     0.005654   1321.5      -0.002715       0.000792              0              -0.43     0.6648
                                                                               The SAS System

----------------------------------------------------------------------- Effect=Percentage Eliminated ------------------------------------------------------------------------

                                                                           The MIANALYZE Procedure

                                                                             Model Information

                                                                Data Set                  WORK.DB_AGG_PHYS_0
                                                                Number of Imputations     10                


                                                                    Variance Information (10 Imputations)
 
                                                                                                       Relative       Fraction
                                             -----------------Variance-----------------                Increase        Missing       Relative
                                Parameter         Between         Within          Total       DF    in Variance    Information     Efficiency

                                Estimate         33492050   4.1372483E13   4.1372519E13   114E11    0.000000890    0.000000890       1.000000


                                                                    Parameter Estimates (10 Imputations)
 
                                                                                                                                             t for H0:
           Parameter        Estimate      Std Error    95% Confidence Limits        DF        Minimum        Maximum         Theta0   Parameter=Theta0   Pr > |t|

           Estimate      1940.420014        6432147      -1.26E7     12608718   114E11     -33.349670          18409              0               0.00     0.9998
                                                                               The SAS System

------------------------------------------------------------------------ Effect=Percentage Mediated -------------------------------------------------------------------------

                                                                           The MIANALYZE Procedure

                                                                             Model Information

                                                                Data Set                  WORK.DB_AGG_PHYS_0
                                                                Number of Imputations     10                


                                                                    Variance Information (10 Imputations)
 
                                                                                                       Relative       Fraction
                                             -----------------Variance-----------------                Increase        Missing       Relative
                                Parameter         Between         Within          Total       DF    in Variance    Information     Efficiency

                                Estimate         33492050   4.1372483E13   4.1372519E13   114E11    0.000000890    0.000000890       1.000000


                                                                    Parameter Estimates (10 Imputations)
 
                                                                                                                                             t for H0:
           Parameter        Estimate      Std Error    95% Confidence Limits        DF        Minimum        Maximum         Theta0   Parameter=Theta0   Pr > |t|

           Estimate      1940.420014        6432147      -1.26E7     12608718   114E11     -33.349670          18409              0               0.00     0.9998
                                                                               The SAS System

---------------------------------------------------------------------------- Effect=Total Effect ----------------------------------------------------------------------------

                                                                           The MIANALYZE Procedure

                                                                             Model Information

                                                                Data Set                  WORK.DB_AGG_PHYS_0
                                                                Number of Imputations     10                


                                                                    Variance Information (10 Imputations)
 
                                                                                                       Relative       Fraction
                                             -----------------Variance-----------------                Increase        Missing       Relative
                                Parameter         Between         Within          Total       DF    in Variance    Information     Efficiency

                                Estimate      0.000001037       0.000262       0.000263   479832       0.004350       0.004335       0.999567


                                                                    Parameter Estimates (10 Imputations)
 
                                                                                                                                             t for H0:
           Parameter        Estimate      Std Error    95% Confidence Limits        DF        Minimum        Maximum         Theta0   Parameter=Theta0   Pr > |t|

           Estimate        -0.001659       0.016231     -0.03347     0.030154   479832      -0.003150   -0.000014747              0              -0.10     0.9186
                                                                               The SAS System

---------------------------------------------------------------------------- Imputation Number=1 ----------------------------------------------------------------------------

                                                                           The CAUSALMED Procedure

                                                                             Model Information

                                                                   Data Set                    WORK.DB_IN
                                                                   Outcome Variable                   WAZ
                                                                   Treatment Variable              CESD10
                                                                   Mediator Variable         BIRTHWT_GA_Z
                                                                   Outcome Distribution            Normal
                                                                   Outcome Link Function         Identity
                                                                   Mediator Distribution           Normal
                                                                   Mediator Link Function        Identity


                                                                   Number of Observations Read         227
                                                                   Number of Observations Used         138


                                                                           Class Level Information
 
                                              Class                Levels    Values

                                              CENTERNUM                 4    CHICAGO MIAMI SAN DIEGO BRONX                     
                                              INCOME_C2                 2    <30 >30                                           
                                              LANG_PREF                 2    SPANISH ENGLISH                                   
                                              BKGRD1_C7NOMISS           7    BK_OTHER CUBAN C_AMERICAN DOMINICAN P_RICAN SOUTH 
                                                                             MEXICAN                                           
                                              MARITAL_STATUS            3    COHABITING SEPARATED SINGLE                       
                                              EMPLOYEDYN                2    EMPLOYED NOT_EMPLOYED                             
                                              EDUCATION_C3              3    AT_MOST_HIGHSCHOOL_GED G_HIGHSCHOOL               
                                                                             N_HIGHSCHOOL_GED                                  
                                              N_HC                      2    NO YES                                            
                                                                               The SAS System

---------------------------------------------------------------------------- Imputation Number=1 ----------------------------------------------------------------------------

                                                                           The CAUSALMED Procedure

                                                                             Summary of Effects
 
                                                                                  Standard          Wald 95% 
                                                                      Estimate       Error      Confidence Limits           Z    Pr > |Z|

                                    Total Effect                       0.03066     0.02473    -0.01782     0.07914       1.24      0.2151
                                    Controlled Direct Effect (CDE)     0.02850     0.02418    -0.01889     0.07589       1.18      0.2385
                                    Natural Direct Effect (NDE)        0.02850     0.02418    -0.01889     0.07589       1.18      0.2385
                                    Natural Indirect Effect (NIE)     0.002158    0.005345    -0.00832     0.01263       0.40      0.6864
                                    Percentage Mediated                 7.0378     17.1588    -26.5928     40.6683       0.41      0.6817
                                    Percentage Due to Interaction            0           .           .           .        .         .    
                                    Percentage Eliminated               7.0378     17.1588    -26.5928     40.6683       0.41      0.6817
                                                                               The SAS System

---------------------------------------------------------------------------- Imputation Number=2 ----------------------------------------------------------------------------

                                                                           The CAUSALMED Procedure

                                                                             Model Information

                                                                   Data Set                    WORK.DB_IN
                                                                   Outcome Variable                   WAZ
                                                                   Treatment Variable              CESD10
                                                                   Mediator Variable         BIRTHWT_GA_Z
                                                                   Outcome Distribution            Normal
                                                                   Outcome Link Function         Identity
                                                                   Mediator Distribution           Normal
                                                                   Mediator Link Function        Identity


                                                                   Number of Observations Read         227
                                                                   Number of Observations Used         138


                                                                           Class Level Information
 
                                              Class                Levels    Values

                                              CENTERNUM                 4    CHICAGO MIAMI SAN DIEGO BRONX                     
                                              INCOME_C2                 2    <30 >30                                           
                                              LANG_PREF                 2    SPANISH ENGLISH                                   
                                              BKGRD1_C7NOMISS           7    BK_OTHER CUBAN C_AMERICAN DOMINICAN P_RICAN SOUTH 
                                                                             MEXICAN                                           
                                              MARITAL_STATUS            3    COHABITING SEPARATED SINGLE                       
                                              EMPLOYEDYN                2    EMPLOYED NOT_EMPLOYED                             
                                              EDUCATION_C3              3    AT_MOST_HIGHSCHOOL_GED G_HIGHSCHOOL               
                                                                             N_HIGHSCHOOL_GED                                  
                                              N_HC                      2    NO YES                                            
                                                                               The SAS System

---------------------------------------------------------------------------- Imputation Number=2 ----------------------------------------------------------------------------

                                                                           The CAUSALMED Procedure

                                                                             Summary of Effects
 
                                                                                  Standard          Wald 95% 
                                                                      Estimate       Error      Confidence Limits           Z    Pr > |Z|

                                    Total Effect                       0.03450     0.02500    -0.01450     0.08351       1.38      0.1676
                                    Controlled Direct Effect (CDE)     0.03052     0.02478    -0.01805     0.07908       1.23      0.2181
                                    Natural Direct Effect (NDE)        0.03052     0.02478    -0.01805     0.07908       1.23      0.2181
                                    Natural Indirect Effect (NIE)     0.003984    0.004484    -0.00480     0.01277       0.89      0.3742
                                    Percentage Mediated                11.5486     14.4448    -16.7627     39.8599       0.80      0.4240
                                    Percentage Due to Interaction            0           .           .           .        .         .    
                                    Percentage Eliminated              11.5486     14.4448    -16.7627     39.8599       0.80      0.4240
                                                                               The SAS System

---------------------------------------------------------------------------- Imputation Number=3 ----------------------------------------------------------------------------

                                                                           The CAUSALMED Procedure

                                                                             Model Information

                                                                   Data Set                    WORK.DB_IN
                                                                   Outcome Variable                   WAZ
                                                                   Treatment Variable              CESD10
                                                                   Mediator Variable         BIRTHWT_GA_Z
                                                                   Outcome Distribution            Normal
                                                                   Outcome Link Function         Identity
                                                                   Mediator Distribution           Normal
                                                                   Mediator Link Function        Identity


                                                                   Number of Observations Read         227
                                                                   Number of Observations Used         138


                                                                           Class Level Information
 
                                              Class                Levels    Values

                                              CENTERNUM                 4    CHICAGO MIAMI SAN DIEGO BRONX                     
                                              INCOME_C2                 2    <30 >30                                           
                                              LANG_PREF                 2    SPANISH ENGLISH                                   
                                              BKGRD1_C7NOMISS           7    BK_OTHER CUBAN C_AMERICAN DOMINICAN P_RICAN SOUTH 
                                                                             MEXICAN                                           
                                              MARITAL_STATUS            3    COHABITING SEPARATED SINGLE                       
                                              EMPLOYEDYN                2    EMPLOYED NOT_EMPLOYED                             
                                              EDUCATION_C3              3    AT_MOST_HIGHSCHOOL_GED G_HIGHSCHOOL               
                                                                             N_HIGHSCHOOL_GED                                  
                                              N_HC                      2    NO YES                                            
                                                                               The SAS System

---------------------------------------------------------------------------- Imputation Number=3 ----------------------------------------------------------------------------

                                                                           The CAUSALMED Procedure

                                                                             Summary of Effects
 
                                                                                  Standard          Wald 95% 
                                                                      Estimate       Error      Confidence Limits           Z    Pr > |Z|

                                    Total Effect                       0.03267     0.02489    -0.01610     0.08144       1.31      0.1892
                                    Controlled Direct Effect (CDE)     0.02908     0.02474    -0.01942     0.07758       1.18      0.2399
                                    Natural Direct Effect (NDE)        0.02908     0.02474    -0.01942     0.07758       1.18      0.2399
                                    Natural Indirect Effect (NIE)     0.003591    0.004078    -0.00440     0.01158       0.88      0.3785
                                    Percentage Mediated                10.9916     14.1958    -16.8316     38.8149       0.77      0.4388
                                    Percentage Due to Interaction            0           .           .           .        .         .    
                                    Percentage Eliminated              10.9916     14.1958    -16.8316     38.8149       0.77      0.4388
                                                                               The SAS System

---------------------------------------------------------------------------- Imputation Number=4 ----------------------------------------------------------------------------

                                                                           The CAUSALMED Procedure

                                                                             Model Information

                                                                   Data Set                    WORK.DB_IN
                                                                   Outcome Variable                   WAZ
                                                                   Treatment Variable              CESD10
                                                                   Mediator Variable         BIRTHWT_GA_Z
                                                                   Outcome Distribution            Normal
                                                                   Outcome Link Function         Identity
                                                                   Mediator Distribution           Normal
                                                                   Mediator Link Function        Identity


                                                                   Number of Observations Read         227
                                                                   Number of Observations Used         138


                                                                           Class Level Information
 
                                              Class                Levels    Values

                                              CENTERNUM                 4    CHICAGO MIAMI SAN DIEGO BRONX                     
                                              INCOME_C2                 2    <30 >30                                           
                                              LANG_PREF                 2    SPANISH ENGLISH                                   
                                              BKGRD1_C7NOMISS           7    BK_OTHER CUBAN C_AMERICAN DOMINICAN P_RICAN SOUTH 
                                                                             MEXICAN                                           
                                              MARITAL_STATUS            3    COHABITING SEPARATED SINGLE                       
                                              EMPLOYEDYN                2    EMPLOYED NOT_EMPLOYED                             
                                              EDUCATION_C3              3    AT_MOST_HIGHSCHOOL_GED G_HIGHSCHOOL               
                                                                             N_HIGHSCHOOL_GED                                  
                                              N_HC                      2    NO YES                                            
                                                                               The SAS System

---------------------------------------------------------------------------- Imputation Number=4 ----------------------------------------------------------------------------

                                                                           The CAUSALMED Procedure

                                                                             Summary of Effects
 
                                                                                  Standard          Wald 95% 
                                                                      Estimate       Error      Confidence Limits           Z    Pr > |Z|

                                    Total Effect                       0.02887     0.02501    -0.02014     0.07788       1.15      0.2482
                                    Controlled Direct Effect (CDE)     0.02381     0.02475    -0.02469     0.07232       0.96      0.3359
                                    Natural Direct Effect (NDE)        0.02381     0.02475    -0.02469     0.07232       0.96      0.3359
                                    Natural Indirect Effect (NIE)     0.005060    0.004978    -0.00470     0.01482       1.02      0.3094
                                    Percentage Mediated                17.5233     21.1782    -23.9853     59.0319       0.83      0.4080
                                    Percentage Due to Interaction            0           .           .           .        .         .    
                                    Percentage Eliminated              17.5233     21.1782    -23.9853     59.0319       0.83      0.4080
                                                                               The SAS System

---------------------------------------------------------------------------- Imputation Number=5 ----------------------------------------------------------------------------

                                                                           The CAUSALMED Procedure

                                                                             Model Information

                                                                   Data Set                    WORK.DB_IN
                                                                   Outcome Variable                   WAZ
                                                                   Treatment Variable              CESD10
                                                                   Mediator Variable         BIRTHWT_GA_Z
                                                                   Outcome Distribution            Normal
                                                                   Outcome Link Function         Identity
                                                                   Mediator Distribution           Normal
                                                                   Mediator Link Function        Identity


                                                                   Number of Observations Read         227
                                                                   Number of Observations Used         138


                                                                           Class Level Information
 
                                              Class                Levels    Values

                                              CENTERNUM                 4    CHICAGO MIAMI SAN DIEGO BRONX                     
                                              INCOME_C2                 2    <30 >30                                           
                                              LANG_PREF                 2    SPANISH ENGLISH                                   
                                              BKGRD1_C7NOMISS           7    BK_OTHER CUBAN C_AMERICAN DOMINICAN P_RICAN SOUTH 
                                                                             MEXICAN                                           
                                              MARITAL_STATUS            3    COHABITING SEPARATED SINGLE                       
                                              EMPLOYEDYN                2    EMPLOYED NOT_EMPLOYED                             
                                              EDUCATION_C3              3    AT_MOST_HIGHSCHOOL_GED G_HIGHSCHOOL               
                                                                             N_HIGHSCHOOL_GED                                  
                                              N_HC                      2    NO YES                                            
                                                                               The SAS System

---------------------------------------------------------------------------- Imputation Number=5 ----------------------------------------------------------------------------

                                                                           The CAUSALMED Procedure

                                                                             Summary of Effects
 
                                                                                  Standard          Wald 95% 
                                                                      Estimate       Error      Confidence Limits           Z    Pr > |Z|

                                    Total Effect                       0.03183     0.02482    -0.01681     0.08046       1.28      0.1996
                                    Controlled Direct Effect (CDE)     0.02591     0.02409    -0.02131     0.07314       1.08      0.2821
                                    Natural Direct Effect (NDE)        0.02591     0.02409    -0.02131     0.07314       1.08      0.2821
                                    Natural Indirect Effect (NIE)     0.005912    0.006539    -0.00690     0.01873       0.90      0.3659
                                    Percentage Mediated                18.5760     22.1087    -24.7563     61.9083       0.84      0.4008
                                    Percentage Due to Interaction            0           .           .           .        .         .    
                                    Percentage Eliminated              18.5760     22.1087    -24.7563     61.9083       0.84      0.4008
                                                                               The SAS System

---------------------------------------------------------------------------- Imputation Number=6 ----------------------------------------------------------------------------

                                                                           The CAUSALMED Procedure

                                                                             Model Information

                                                                   Data Set                    WORK.DB_IN
                                                                   Outcome Variable                   WAZ
                                                                   Treatment Variable              CESD10
                                                                   Mediator Variable         BIRTHWT_GA_Z
                                                                   Outcome Distribution            Normal
                                                                   Outcome Link Function         Identity
                                                                   Mediator Distribution           Normal
                                                                   Mediator Link Function        Identity


                                                                   Number of Observations Read         227
                                                                   Number of Observations Used         138


                                                                           Class Level Information
 
                                              Class                Levels    Values

                                              CENTERNUM                 4    CHICAGO MIAMI SAN DIEGO BRONX                     
                                              INCOME_C2                 2    <30 >30                                           
                                              LANG_PREF                 2    SPANISH ENGLISH                                   
                                              BKGRD1_C7NOMISS           7    BK_OTHER CUBAN C_AMERICAN DOMINICAN P_RICAN SOUTH 
                                                                             MEXICAN                                           
                                              MARITAL_STATUS            3    COHABITING SEPARATED SINGLE                       
                                              EMPLOYEDYN                2    EMPLOYED NOT_EMPLOYED                             
                                              EDUCATION_C3              3    AT_MOST_HIGHSCHOOL_GED G_HIGHSCHOOL               
                                                                             N_HIGHSCHOOL_GED                                  
                                              N_HC                      2    NO YES                                            
                                                                               The SAS System

---------------------------------------------------------------------------- Imputation Number=6 ----------------------------------------------------------------------------

                                                                           The CAUSALMED Procedure

                                                                             Summary of Effects
 
                                                                                  Standard          Wald 95% 
                                                                      Estimate       Error      Confidence Limits           Z    Pr > |Z|

                                    Total Effect                       0.02890     0.02514    -0.02038     0.07818       1.15      0.2504
                                    Controlled Direct Effect (CDE)     0.01934     0.02451    -0.02869     0.06738       0.79      0.4299
                                    Natural Direct Effect (NDE)        0.01934     0.02451    -0.02869     0.06738       0.79      0.4299
                                    Natural Indirect Effect (NIE)     0.009555    0.007112    -0.00439     0.02349       1.34      0.1791
                                    Percentage Mediated                33.0615     33.2870    -32.1798     98.3029       0.99      0.3206
                                    Percentage Due to Interaction            0           .           .           .        .         .    
                                    Percentage Eliminated              33.0615     33.2870    -32.1798     98.3029       0.99      0.3206
                                                                               The SAS System

---------------------------------------------------------------------------- Imputation Number=7 ----------------------------------------------------------------------------

                                                                           The CAUSALMED Procedure

                                                                             Model Information

                                                                   Data Set                    WORK.DB_IN
                                                                   Outcome Variable                   WAZ
                                                                   Treatment Variable              CESD10
                                                                   Mediator Variable         BIRTHWT_GA_Z
                                                                   Outcome Distribution            Normal
                                                                   Outcome Link Function         Identity
                                                                   Mediator Distribution           Normal
                                                                   Mediator Link Function        Identity


                                                                   Number of Observations Read         227
                                                                   Number of Observations Used         138


                                                                           Class Level Information
 
                                              Class                Levels    Values

                                              CENTERNUM                 4    CHICAGO MIAMI SAN DIEGO BRONX                     
                                              INCOME_C2                 2    <30 >30                                           
                                              LANG_PREF                 2    SPANISH ENGLISH                                   
                                              BKGRD1_C7NOMISS           7    BK_OTHER CUBAN C_AMERICAN DOMINICAN P_RICAN SOUTH 
                                                                             MEXICAN                                           
                                              MARITAL_STATUS            3    COHABITING SEPARATED SINGLE                       
                                              EMPLOYEDYN                2    EMPLOYED NOT_EMPLOYED                             
                                              EDUCATION_C3              3    AT_MOST_HIGHSCHOOL_GED G_HIGHSCHOOL               
                                                                             N_HIGHSCHOOL_GED                                  
                                              N_HC                      2    NO YES                                            
                                                                               The SAS System

---------------------------------------------------------------------------- Imputation Number=7 ----------------------------------------------------------------------------

                                                                           The CAUSALMED Procedure

                                                                             Summary of Effects
 
                                                                                  Standard          Wald 95% 
                                                                      Estimate       Error      Confidence Limits           Z    Pr > |Z|

                                    Total Effect                       0.03126     0.02495    -0.01763     0.08015       1.25      0.2102
                                    Controlled Direct Effect (CDE)     0.02284     0.02414    -0.02447     0.07014       0.95      0.3440
                                    Natural Direct Effect (NDE)        0.02284     0.02414    -0.02447     0.07014       0.95      0.3440
                                    Natural Indirect Effect (NIE)     0.008423    0.007253    -0.00579     0.02264       1.16      0.2456
                                    Percentage Mediated                26.9432     27.3112    -26.5857     80.4721       0.99      0.3239
                                    Percentage Due to Interaction            0           .           .           .        .         .    
                                    Percentage Eliminated              26.9432     27.3112    -26.5857     80.4721       0.99      0.3239
                                                                               The SAS System

---------------------------------------------------------------------------- Imputation Number=8 ----------------------------------------------------------------------------

                                                                           The CAUSALMED Procedure

                                                                             Model Information

                                                                   Data Set                    WORK.DB_IN
                                                                   Outcome Variable                   WAZ
                                                                   Treatment Variable              CESD10
                                                                   Mediator Variable         BIRTHWT_GA_Z
                                                                   Outcome Distribution            Normal
                                                                   Outcome Link Function         Identity
                                                                   Mediator Distribution           Normal
                                                                   Mediator Link Function        Identity


                                                                   Number of Observations Read         227
                                                                   Number of Observations Used         138


                                                                           Class Level Information
 
                                              Class                Levels    Values

                                              CENTERNUM                 4    CHICAGO MIAMI SAN DIEGO BRONX                     
                                              INCOME_C2                 2    <30 >30                                           
                                              LANG_PREF                 2    SPANISH ENGLISH                                   
                                              BKGRD1_C7NOMISS           7    BK_OTHER CUBAN C_AMERICAN DOMINICAN P_RICAN SOUTH 
                                                                             MEXICAN                                           
                                              MARITAL_STATUS            3    COHABITING SEPARATED SINGLE                       
                                              EMPLOYEDYN                2    EMPLOYED NOT_EMPLOYED                             
                                              EDUCATION_C3              3    AT_MOST_HIGHSCHOOL_GED G_HIGHSCHOOL               
                                                                             N_HIGHSCHOOL_GED                                  
                                              N_HC                      2    NO YES                                            
                                                                               The SAS System

---------------------------------------------------------------------------- Imputation Number=8 ----------------------------------------------------------------------------

                                                                           The CAUSALMED Procedure

                                                                             Summary of Effects
 
                                                                                  Standard          Wald 95% 
                                                                      Estimate       Error      Confidence Limits           Z    Pr > |Z|

                                    Total Effect                       0.03412     0.02479    -0.01446     0.08271       1.38      0.1686
                                    Controlled Direct Effect (CDE)     0.02740     0.02463    -0.02087     0.07567       1.11      0.2659
                                    Natural Direct Effect (NDE)        0.02740     0.02463    -0.02087     0.07567       1.11      0.2659
                                    Natural Indirect Effect (NIE)     0.006723    0.005388    -0.00384     0.01728       1.25      0.2121
                                    Percentage Mediated                19.7022     19.7908    -19.0870     58.4914       1.00      0.3195
                                    Percentage Due to Interaction            0           .           .           .        .         .    
                                    Percentage Eliminated              19.7022     19.7908    -19.0870     58.4914       1.00      0.3195
                                                                               The SAS System

---------------------------------------------------------------------------- Imputation Number=9 ----------------------------------------------------------------------------

                                                                           The CAUSALMED Procedure

                                                                             Model Information

                                                                   Data Set                    WORK.DB_IN
                                                                   Outcome Variable                   WAZ
                                                                   Treatment Variable              CESD10
                                                                   Mediator Variable         BIRTHWT_GA_Z
                                                                   Outcome Distribution            Normal
                                                                   Outcome Link Function         Identity
                                                                   Mediator Distribution           Normal
                                                                   Mediator Link Function        Identity


                                                                   Number of Observations Read         227
                                                                   Number of Observations Used         138


                                                                           Class Level Information
 
                                              Class                Levels    Values

                                              CENTERNUM                 4    CHICAGO MIAMI SAN DIEGO BRONX                     
                                              INCOME_C2                 2    <30 >30                                           
                                              LANG_PREF                 2    SPANISH ENGLISH                                   
                                              BKGRD1_C7NOMISS           7    BK_OTHER CUBAN C_AMERICAN DOMINICAN P_RICAN SOUTH 
                                                                             MEXICAN                                           
                                              MARITAL_STATUS            3    COHABITING SEPARATED SINGLE                       
                                              EMPLOYEDYN                2    EMPLOYED NOT_EMPLOYED                             
                                              EDUCATION_C3              3    AT_MOST_HIGHSCHOOL_GED G_HIGHSCHOOL               
                                                                             N_HIGHSCHOOL_GED                                  
                                              N_HC                      2    NO YES                                            
                                                                               The SAS System

---------------------------------------------------------------------------- Imputation Number=9 ----------------------------------------------------------------------------

                                                                           The CAUSALMED Procedure

                                                                             Summary of Effects
 
                                                                                  Standard          Wald 95% 
                                                                      Estimate       Error      Confidence Limits           Z    Pr > |Z|

                                    Total Effect                       0.02938     0.02528    -0.02017     0.07892       1.16      0.2452
                                    Controlled Direct Effect (CDE)     0.02702     0.02448    -0.02097     0.07500       1.10      0.2698
                                    Natural Direct Effect (NDE)        0.02702     0.02448    -0.02097     0.07500       1.10      0.2698
                                    Natural Indirect Effect (NIE)     0.002360    0.006393    -0.01017     0.01489       0.37      0.7120
                                    Percentage Mediated                 8.0324     21.1273    -33.3764     49.4412       0.38      0.7038
                                    Percentage Due to Interaction            0           .           .           .        .         .    
                                    Percentage Eliminated               8.0324     21.1273    -33.3764     49.4412       0.38      0.7038
                                                                               The SAS System

--------------------------------------------------------------------------- Imputation Number=10 ----------------------------------------------------------------------------

                                                                           The CAUSALMED Procedure

                                                                             Model Information

                                                                   Data Set                    WORK.DB_IN
                                                                   Outcome Variable                   WAZ
                                                                   Treatment Variable              CESD10
                                                                   Mediator Variable         BIRTHWT_GA_Z
                                                                   Outcome Distribution            Normal
                                                                   Outcome Link Function         Identity
                                                                   Mediator Distribution           Normal
                                                                   Mediator Link Function        Identity


                                                                   Number of Observations Read         227
                                                                   Number of Observations Used         138


                                                                           Class Level Information
 
                                              Class                Levels    Values

                                              CENTERNUM                 4    CHICAGO MIAMI SAN DIEGO BRONX                     
                                              INCOME_C2                 2    <30 >30                                           
                                              LANG_PREF                 2    SPANISH ENGLISH                                   
                                              BKGRD1_C7NOMISS           7    BK_OTHER CUBAN C_AMERICAN DOMINICAN P_RICAN SOUTH 
                                                                             MEXICAN                                           
                                              MARITAL_STATUS            3    COHABITING SEPARATED SINGLE                       
                                              EMPLOYEDYN                2    EMPLOYED NOT_EMPLOYED                             
                                              EDUCATION_C3              3    AT_MOST_HIGHSCHOOL_GED G_HIGHSCHOOL               
                                                                             N_HIGHSCHOOL_GED                                  
                                              N_HC                      2    NO YES                                            
                                                                               The SAS System

--------------------------------------------------------------------------- Imputation Number=10 ----------------------------------------------------------------------------

                                                                           The CAUSALMED Procedure

                                                                             Summary of Effects
 
                                                                                  Standard          Wald 95% 
                                                                      Estimate       Error      Confidence Limits           Z    Pr > |Z|

                                    Total Effect                       0.03341     0.02502    -0.01563     0.08246       1.34      0.1818
                                    Controlled Direct Effect (CDE)     0.02911     0.02459    -0.01910     0.07731       1.18      0.2366
                                    Natural Direct Effect (NDE)        0.02911     0.02459    -0.01910     0.07731       1.18      0.2366
                                    Natural Indirect Effect (NIE)     0.004306    0.005282    -0.00605     0.01466       0.82      0.4150
                                    Percentage Mediated                12.8873     16.9185    -20.2725     46.0470       0.76      0.4462
                                    Percentage Due to Interaction            0           .           .           .        .         .    
                                    Percentage Eliminated              12.8873     16.9185    -20.2725     46.0470       0.76      0.4462
                                                                               The SAS System

------------------------------------------------------------------- Effect=Controlled Direct Effect (CDE) -------------------------------------------------------------------

                                                                           The MIANALYZE Procedure

                                                                             Model Information

                                                                 Data Set                  WORK.DB_CESD10_0
                                                                 Number of Imputations     10              


                                                                    Variance Information (10 Imputations)
 
                                                                                                       Relative       Fraction
                                             -----------------Variance-----------------                Increase        Missing       Relative
                                Parameter         Between         Within          Total       DF    in Variance    Information     Efficiency

                                Estimate      0.000011846       0.000600       0.000613    19906       0.021725       0.021362       0.997868


                                                                    Parameter Estimates (10 Imputations)
 
                                                                                                                                             t for H0:
           Parameter        Estimate      Std Error    95% Confidence Limits        DF        Minimum        Maximum         Theta0   Parameter=Theta0   Pr > |t|

           Estimate         0.026353       0.024755     -0.02217     0.074876    19906       0.019345       0.030516              0               1.06     0.2871
                                                                               The SAS System

-------------------------------------------------------------------- Effect=Natural Direct Effect (NDE) ---------------------------------------------------------------------

                                                                           The MIANALYZE Procedure

                                                                             Model Information

                                                                 Data Set                  WORK.DB_CESD10_0
                                                                 Number of Imputations     10              


                                                                    Variance Information (10 Imputations)
 
                                                                                                       Relative       Fraction
                                             -----------------Variance-----------------                Increase        Missing       Relative
                                Parameter         Between         Within          Total       DF    in Variance    Information     Efficiency

                                Estimate      0.000011846       0.000600       0.000613    19906       0.021725       0.021362       0.997868


                                                                    Parameter Estimates (10 Imputations)
 
                                                                                                                                             t for H0:
           Parameter        Estimate      Std Error    95% Confidence Limits        DF        Minimum        Maximum         Theta0   Parameter=Theta0   Pr > |t|

           Estimate         0.026353       0.024755     -0.02217     0.074876    19906       0.019345       0.030516              0               1.06     0.2871
                                                                               The SAS System

------------------------------------------------------------------- Effect=Natural Indirect Effect (NIE) --------------------------------------------------------------------

                                                                           The MIANALYZE Procedure

                                                                             Model Information

                                                                 Data Set                  WORK.DB_CESD10_0
                                                                 Number of Imputations     10              


                                                                    Variance Information (10 Imputations)
 
                                                                                                       Relative       Fraction
                                             -----------------Variance-----------------                Increase        Missing       Relative
                                Parameter         Between         Within          Total       DF    in Variance    Information     Efficiency

                                Estimate      0.000006043    0.000033383    0.000040030   326.43       0.199107       0.171109       0.983177


                                                                    Parameter Estimates (10 Imputations)
 
                                                                                                                                             t for H0:
           Parameter        Estimate      Std Error    95% Confidence Limits        DF        Minimum        Maximum         Theta0   Parameter=Theta0   Pr > |t|

           Estimate         0.005207       0.006327     -0.00724     0.017654   326.43       0.002158       0.009555              0               0.82     0.4111
                                                                               The SAS System

----------------------------------------------------------------------- Effect=Percentage Eliminated ------------------------------------------------------------------------

                                                                           The MIANALYZE Procedure

                                                                             Model Information

                                                                 Data Set                  WORK.DB_CESD10_0
                                                                 Number of Imputations     10              


                                                                    Variance Information (10 Imputations)
 
                                                                                                       Relative       Fraction
                                             -----------------Variance-----------------                Increase        Missing       Relative
                                Parameter         Between         Within          Total       DF    in Variance    Information     Efficiency

                                Estimate        69.770114     462.010941     538.758066   443.51       0.166115       0.146293       0.985582


                                                                    Parameter Estimates (10 Imputations)
 
                                                                                                                                             t for H0:
           Parameter        Estimate      Std Error    95% Confidence Limits        DF        Minimum        Maximum         Theta0   Parameter=Theta0   Pr > |t|

           Estimate        16.630397      23.211163     -28.9871     62.24793   443.51       7.037753      33.061549              0               0.72     0.4741
                                                                               The SAS System

------------------------------------------------------------------------ Effect=Percentage Mediated -------------------------------------------------------------------------

                                                                           The MIANALYZE Procedure

                                                                             Model Information

                                                                 Data Set                  WORK.DB_CESD10_0
                                                                 Number of Imputations     10              


                                                                    Variance Information (10 Imputations)
 
                                                                                                       Relative       Fraction
                                             -----------------Variance-----------------                Increase        Missing       Relative
                                Parameter         Between         Within          Total       DF    in Variance    Information     Efficiency

                                Estimate        69.770114     462.010941     538.758066   443.51       0.166115       0.146293       0.985582


                                                                    Parameter Estimates (10 Imputations)
 
                                                                                                                                             t for H0:
           Parameter        Estimate      Std Error    95% Confidence Limits        DF        Minimum        Maximum         Theta0   Parameter=Theta0   Pr > |t|

           Estimate        16.630397      23.211163     -28.9871     62.24793   443.51       7.037753      33.061549              0               0.72     0.4741
                                                                               The SAS System

---------------------------------------------------------------------------- Effect=Total Effect ----------------------------------------------------------------------------

                                                                           The MIANALYZE Procedure

                                                                             Model Information

                                                                 Data Set                  WORK.DB_CESD10_0
                                                                 Number of Imputations     10              


                                                                    Variance Information (10 Imputations)
 
                                                                                                       Relative       Fraction
                                             -----------------Variance-----------------                Increase        Missing       Relative
                                Parameter         Between         Within          Total       DF    in Variance    Information     Efficiency

                                Estimate      0.000004436       0.000623       0.000628   149097       0.007830       0.007783       0.999222


                                                                    Parameter Estimates (10 Imputations)
 
                                                                                                                                             t for H0:
           Parameter        Estimate      Std Error    95% Confidence Limits        DF        Minimum        Maximum         Theta0   Parameter=Theta0   Pr > |t|

           Estimate         0.031560       0.025060     -0.01756     0.080678   149097       0.028874       0.034501              0               1.26     0.2079
                                                                               The SAS System

---------------------------------------------------------------------------- Imputation Number=1 ----------------------------------------------------------------------------

                                                                           The CAUSALMED Procedure

                                                                             Model Information

                                                                   Data Set                    WORK.DB_IN
                                                                   Outcome Variable                   WAZ
                                                                   Treatment Variable              STAI10
                                                                   Mediator Variable         BIRTHWT_GA_Z
                                                                   Outcome Distribution            Normal
                                                                   Outcome Link Function         Identity
                                                                   Mediator Distribution           Normal
                                                                   Mediator Link Function        Identity


                                                                   Number of Observations Read         227
                                                                   Number of Observations Used         138


                                                                           Class Level Information
 
                                              Class                Levels    Values

                                              CENTERNUM                 4    CHICAGO MIAMI SAN DIEGO BRONX                     
                                              INCOME_C2                 2    <30 >30                                           
                                              LANG_PREF                 2    SPANISH ENGLISH                                   
                                              BKGRD1_C7NOMISS           7    BK_OTHER CUBAN C_AMERICAN DOMINICAN P_RICAN SOUTH 
                                                                             MEXICAN                                           
                                              MARITAL_STATUS            3    COHABITING SEPARATED SINGLE                       
                                              EMPLOYEDYN                2    EMPLOYED NOT_EMPLOYED                             
                                              EDUCATION_C3              3    AT_MOST_HIGHSCHOOL_GED G_HIGHSCHOOL               
                                                                             N_HIGHSCHOOL_GED                                  
                                              N_HC                      2    NO YES                                            
                                                                               The SAS System

---------------------------------------------------------------------------- Imputation Number=1 ----------------------------------------------------------------------------

                                                                           The CAUSALMED Procedure

                                                                             Summary of Effects
 
                                                                                  Standard          Wald 95% 
                                                                      Estimate       Error      Confidence Limits           Z    Pr > |Z|

                                    Total Effect                      -0.00964     0.02456    -0.05777     0.03850      -0.39      0.6947
                                    Controlled Direct Effect (CDE)    -0.00394     0.02410    -0.05117     0.04329      -0.16      0.8700
                                    Natural Direct Effect (NDE)       -0.00394     0.02410    -0.05117     0.04329      -0.16      0.8700
                                    Natural Indirect Effect (NIE)     -0.00569    0.005692    -0.01685    0.005461      -1.00      0.3170
                                    Percentage Mediated                59.0870      150.54     -235.97      354.14       0.39      0.6947
                                    Percentage Due to Interaction            0           .           .           .        .         .    
                                    Percentage Eliminated              59.0870      150.54     -235.97      354.14       0.39      0.6947
                                                                               The SAS System

---------------------------------------------------------------------------- Imputation Number=2 ----------------------------------------------------------------------------

                                                                           The CAUSALMED Procedure

                                                                             Model Information

                                                                   Data Set                    WORK.DB_IN
                                                                   Outcome Variable                   WAZ
                                                                   Treatment Variable              STAI10
                                                                   Mediator Variable         BIRTHWT_GA_Z
                                                                   Outcome Distribution            Normal
                                                                   Outcome Link Function         Identity
                                                                   Mediator Distribution           Normal
                                                                   Mediator Link Function        Identity


                                                                   Number of Observations Read         227
                                                                   Number of Observations Used         138


                                                                           Class Level Information
 
                                              Class                Levels    Values

                                              CENTERNUM                 4    CHICAGO MIAMI SAN DIEGO BRONX                     
                                              INCOME_C2                 2    <30 >30                                           
                                              LANG_PREF                 2    SPANISH ENGLISH                                   
                                              BKGRD1_C7NOMISS           7    BK_OTHER CUBAN C_AMERICAN DOMINICAN P_RICAN SOUTH 
                                                                             MEXICAN                                           
                                              MARITAL_STATUS            3    COHABITING SEPARATED SINGLE                       
                                              EMPLOYEDYN                2    EMPLOYED NOT_EMPLOYED                             
                                              EDUCATION_C3              3    AT_MOST_HIGHSCHOOL_GED G_HIGHSCHOOL               
                                                                             N_HIGHSCHOOL_GED                                  
                                              N_HC                      2    NO YES                                            
                                                                               The SAS System

---------------------------------------------------------------------------- Imputation Number=2 ----------------------------------------------------------------------------

                                                                           The CAUSALMED Procedure

                                                                             Summary of Effects
 
                                                                                  Standard          Wald 95% 
                                                                      Estimate       Error      Confidence Limits           Z    Pr > |Z|

                                    Total Effect                      -0.00939     0.02457    -0.05755     0.03878      -0.38      0.7025
                                    Controlled Direct Effect (CDE)    -0.00459     0.02440    -0.05241     0.04323      -0.19      0.8509
                                    Natural Direct Effect (NDE)       -0.00459     0.02440    -0.05241     0.04323      -0.19      0.8509
                                    Natural Indirect Effect (NIE)     -0.00480    0.004647    -0.01391    0.004310      -1.03      0.3018
                                    Percentage Mediated                51.1215      136.44     -216.29      318.53       0.37      0.7079
                                    Percentage Due to Interaction            0           .           .           .        .         .    
                                    Percentage Eliminated              51.1215      136.44     -216.29      318.53       0.37      0.7079
                                                                               The SAS System

---------------------------------------------------------------------------- Imputation Number=3 ----------------------------------------------------------------------------

                                                                           The CAUSALMED Procedure

                                                                             Model Information

                                                                   Data Set                    WORK.DB_IN
                                                                   Outcome Variable                   WAZ
                                                                   Treatment Variable              STAI10
                                                                   Mediator Variable         BIRTHWT_GA_Z
                                                                   Outcome Distribution            Normal
                                                                   Outcome Link Function         Identity
                                                                   Mediator Distribution           Normal
                                                                   Mediator Link Function        Identity


                                                                   Number of Observations Read         227
                                                                   Number of Observations Used         138


                                                                           Class Level Information
 
                                              Class                Levels    Values

                                              CENTERNUM                 4    CHICAGO MIAMI SAN DIEGO BRONX                     
                                              INCOME_C2                 2    <30 >30                                           
                                              LANG_PREF                 2    SPANISH ENGLISH                                   
                                              BKGRD1_C7NOMISS           7    BK_OTHER CUBAN C_AMERICAN DOMINICAN P_RICAN SOUTH 
                                                                             MEXICAN                                           
                                              MARITAL_STATUS            3    COHABITING SEPARATED SINGLE                       
                                              EMPLOYEDYN                2    EMPLOYED NOT_EMPLOYED                             
                                              EDUCATION_C3              3    AT_MOST_HIGHSCHOOL_GED G_HIGHSCHOOL               
                                                                             N_HIGHSCHOOL_GED                                  
                                              N_HC                      2    NO YES                                            
                                                                               The SAS System

---------------------------------------------------------------------------- Imputation Number=3 ----------------------------------------------------------------------------

                                                                           The CAUSALMED Procedure

                                                                             Summary of Effects
 
                                                                                  Standard          Wald 95% 
                                                                      Estimate       Error      Confidence Limits           Z    Pr > |Z|

                                    Total Effect                      -0.00882     0.02438    -0.05659     0.03896      -0.36      0.7176
                                    Controlled Direct Effect (CDE)    -0.00447     0.02429    -0.05207     0.04314      -0.18      0.8541
                                    Natural Direct Effect (NDE)       -0.00447     0.02429    -0.05207     0.04314      -0.18      0.8541
                                    Natural Indirect Effect (NIE)     -0.00435    0.004288    -0.01276    0.004055      -1.01      0.3104
                                    Percentage Mediated                49.3424      139.79     -224.63      323.32       0.35      0.7241
                                    Percentage Due to Interaction            0           .           .           .        .         .    
                                    Percentage Eliminated              49.3424      139.79     -224.63      323.32       0.35      0.7241
                                                                               The SAS System

---------------------------------------------------------------------------- Imputation Number=4 ----------------------------------------------------------------------------

                                                                           The CAUSALMED Procedure

                                                                             Model Information

                                                                   Data Set                    WORK.DB_IN
                                                                   Outcome Variable                   WAZ
                                                                   Treatment Variable              STAI10
                                                                   Mediator Variable         BIRTHWT_GA_Z
                                                                   Outcome Distribution            Normal
                                                                   Outcome Link Function         Identity
                                                                   Mediator Distribution           Normal
                                                                   Mediator Link Function        Identity


                                                                   Number of Observations Read         227
                                                                   Number of Observations Used         138


                                                                           Class Level Information
 
                                              Class                Levels    Values

                                              CENTERNUM                 4    CHICAGO MIAMI SAN DIEGO BRONX                     
                                              INCOME_C2                 2    <30 >30                                           
                                              LANG_PREF                 2    SPANISH ENGLISH                                   
                                              BKGRD1_C7NOMISS           7    BK_OTHER CUBAN C_AMERICAN DOMINICAN P_RICAN SOUTH 
                                                                             MEXICAN                                           
                                              MARITAL_STATUS            3    COHABITING SEPARATED SINGLE                       
                                              EMPLOYEDYN                2    EMPLOYED NOT_EMPLOYED                             
                                              EDUCATION_C3              3    AT_MOST_HIGHSCHOOL_GED G_HIGHSCHOOL               
                                                                             N_HIGHSCHOOL_GED                                  
                                              N_HC                      2    NO YES                                            
                                                                               The SAS System

---------------------------------------------------------------------------- Imputation Number=4 ----------------------------------------------------------------------------

                                                                           The CAUSALMED Procedure

                                                                             Summary of Effects
 
                                                                                  Standard          Wald 95% 
                                                                      Estimate       Error      Confidence Limits           Z    Pr > |Z|

                                    Total Effect                      -0.00464     0.02463    -0.05292     0.04364      -0.19      0.8507
                                    Controlled Direct Effect (CDE)    0.001879     0.02446    -0.04607     0.04983       0.08      0.9388
                                    Natural Direct Effect (NDE)       0.001879     0.02446    -0.04607     0.04983       0.08      0.9388
                                    Natural Indirect Effect (NIE)     -0.00652    0.005307    -0.01692    0.003886      -1.23      0.2195
                                    Percentage Mediated                 140.52      739.21    -1308.31     1589.34       0.19      0.8492
                                    Percentage Due to Interaction            0           .           .           .        .         .    
                                    Percentage Eliminated               140.52      739.21    -1308.31     1589.34       0.19      0.8492
                                                                               The SAS System

---------------------------------------------------------------------------- Imputation Number=5 ----------------------------------------------------------------------------

                                                                           The CAUSALMED Procedure

                                                                             Model Information

                                                                   Data Set                    WORK.DB_IN
                                                                   Outcome Variable                   WAZ
                                                                   Treatment Variable              STAI10
                                                                   Mediator Variable         BIRTHWT_GA_Z
                                                                   Outcome Distribution            Normal
                                                                   Outcome Link Function         Identity
                                                                   Mediator Distribution           Normal
                                                                   Mediator Link Function        Identity


                                                                   Number of Observations Read         227
                                                                   Number of Observations Used         138


                                                                           Class Level Information
 
                                              Class                Levels    Values

                                              CENTERNUM                 4    CHICAGO MIAMI SAN DIEGO BRONX                     
                                              INCOME_C2                 2    <30 >30                                           
                                              LANG_PREF                 2    SPANISH ENGLISH                                   
                                              BKGRD1_C7NOMISS           7    BK_OTHER CUBAN C_AMERICAN DOMINICAN P_RICAN SOUTH 
                                                                             MEXICAN                                           
                                              MARITAL_STATUS            3    COHABITING SEPARATED SINGLE                       
                                              EMPLOYEDYN                2    EMPLOYED NOT_EMPLOYED                             
                                              EDUCATION_C3              3    AT_MOST_HIGHSCHOOL_GED G_HIGHSCHOOL               
                                                                             N_HIGHSCHOOL_GED                                  
                                              N_HC                      2    NO YES                                            
                                                                               The SAS System

---------------------------------------------------------------------------- Imputation Number=5 ----------------------------------------------------------------------------

                                                                           The CAUSALMED Procedure

                                                                             Summary of Effects
 
                                                                                  Standard          Wald 95% 
                                                                      Estimate       Error      Confidence Limits           Z    Pr > |Z|

                                    Total Effect                      -0.00774     0.02476    -0.05627     0.04079      -0.31      0.7546
                                    Controlled Direct Effect (CDE)    0.001866     0.02417    -0.04550     0.04923       0.08      0.9385
                                    Natural Direct Effect (NDE)       0.001866     0.02417    -0.04550     0.04923       0.08      0.9385
                                    Natural Indirect Effect (NIE)     -0.00960    0.006980    -0.02329    0.004076      -1.38      0.1688
                                    Percentage Mediated                 124.11      386.91     -634.22      882.44       0.32      0.7484
                                    Percentage Due to Interaction            0           .           .           .        .         .    
                                    Percentage Eliminated               124.11      386.91     -634.22      882.44       0.32      0.7484
                                                                               The SAS System

---------------------------------------------------------------------------- Imputation Number=6 ----------------------------------------------------------------------------

                                                                           The CAUSALMED Procedure

                                                                             Model Information

                                                                   Data Set                    WORK.DB_IN
                                                                   Outcome Variable                   WAZ
                                                                   Treatment Variable              STAI10
                                                                   Mediator Variable         BIRTHWT_GA_Z
                                                                   Outcome Distribution            Normal
                                                                   Outcome Link Function         Identity
                                                                   Mediator Distribution           Normal
                                                                   Mediator Link Function        Identity


                                                                   Number of Observations Read         227
                                                                   Number of Observations Used         138


                                                                           Class Level Information
 
                                              Class                Levels    Values

                                              CENTERNUM                 4    CHICAGO MIAMI SAN DIEGO BRONX                     
                                              INCOME_C2                 2    <30 >30                                           
                                              LANG_PREF                 2    SPANISH ENGLISH                                   
                                              BKGRD1_C7NOMISS           7    BK_OTHER CUBAN C_AMERICAN DOMINICAN P_RICAN SOUTH 
                                                                             MEXICAN                                           
                                              MARITAL_STATUS            3    COHABITING SEPARATED SINGLE                       
                                              EMPLOYEDYN                2    EMPLOYED NOT_EMPLOYED                             
                                              EDUCATION_C3              3    AT_MOST_HIGHSCHOOL_GED G_HIGHSCHOOL               
                                                                             N_HIGHSCHOOL_GED                                  
                                              N_HC                      2    NO YES                                            
                                                                               The SAS System

---------------------------------------------------------------------------- Imputation Number=6 ----------------------------------------------------------------------------

                                                                           The CAUSALMED Procedure

                                                                             Summary of Effects
 
                                                                                  Standard          Wald 95% 
                                                                      Estimate       Error      Confidence Limits           Z    Pr > |Z|

                                    Total Effect                      -0.00979     0.02481    -0.05841     0.03883      -0.39      0.6932
                                    Controlled Direct Effect (CDE)    0.005666     0.02450    -0.04236     0.05369       0.23      0.8171
                                    Natural Direct Effect (NDE)       0.005666     0.02450    -0.04236     0.05369       0.23      0.8171
                                    Natural Indirect Effect (NIE)     -0.01545    0.008055    -0.03124    0.000334      -1.92      0.0550
                                    Percentage Mediated                 157.88      392.05     -610.53      926.29       0.40      0.6872
                                    Percentage Due to Interaction            0           .           .           .        .         .    
                                    Percentage Eliminated               157.88      392.05     -610.53      926.29       0.40      0.6872
                                                                               The SAS System

---------------------------------------------------------------------------- Imputation Number=7 ----------------------------------------------------------------------------

                                                                           The CAUSALMED Procedure

                                                                             Model Information

                                                                   Data Set                    WORK.DB_IN
                                                                   Outcome Variable                   WAZ
                                                                   Treatment Variable              STAI10
                                                                   Mediator Variable         BIRTHWT_GA_Z
                                                                   Outcome Distribution            Normal
                                                                   Outcome Link Function         Identity
                                                                   Mediator Distribution           Normal
                                                                   Mediator Link Function        Identity


                                                                   Number of Observations Read         227
                                                                   Number of Observations Used         138


                                                                           Class Level Information
 
                                              Class                Levels    Values

                                              CENTERNUM                 4    CHICAGO MIAMI SAN DIEGO BRONX                     
                                              INCOME_C2                 2    <30 >30                                           
                                              LANG_PREF                 2    SPANISH ENGLISH                                   
                                              BKGRD1_C7NOMISS           7    BK_OTHER CUBAN C_AMERICAN DOMINICAN P_RICAN SOUTH 
                                                                             MEXICAN                                           
                                              MARITAL_STATUS            3    COHABITING SEPARATED SINGLE                       
                                              EMPLOYEDYN                2    EMPLOYED NOT_EMPLOYED                             
                                              EDUCATION_C3              3    AT_MOST_HIGHSCHOOL_GED G_HIGHSCHOOL               
                                                                             N_HIGHSCHOOL_GED                                  
                                              N_HC                      2    NO YES                                            
                                                                               The SAS System

---------------------------------------------------------------------------- Imputation Number=7 ----------------------------------------------------------------------------

                                                                           The CAUSALMED Procedure

                                                                             Summary of Effects
 
                                                                                  Standard          Wald 95% 
                                                                      Estimate       Error      Confidence Limits           Z    Pr > |Z|

                                    Total Effect                      -0.00981     0.02480    -0.05840     0.03879      -0.40      0.6925
                                    Controlled Direct Effect (CDE)    0.003650     0.02420    -0.04378     0.05108       0.15      0.8801
                                    Natural Direct Effect (NDE)       0.003650     0.02420    -0.04378     0.05108       0.15      0.8801
                                    Natural Indirect Effect (NIE)     -0.01346    0.007874    -0.02889    0.001977      -1.71      0.0875
                                    Percentage Mediated                 137.23      337.38     -524.02      798.47       0.41      0.6842
                                    Percentage Due to Interaction            0           .           .           .        .         .    
                                    Percentage Eliminated               137.23      337.38     -524.02      798.47       0.41      0.6842
                                                                               The SAS System

---------------------------------------------------------------------------- Imputation Number=8 ----------------------------------------------------------------------------

                                                                           The CAUSALMED Procedure

                                                                             Model Information

                                                                   Data Set                    WORK.DB_IN
                                                                   Outcome Variable                   WAZ
                                                                   Treatment Variable              STAI10
                                                                   Mediator Variable         BIRTHWT_GA_Z
                                                                   Outcome Distribution            Normal
                                                                   Outcome Link Function         Identity
                                                                   Mediator Distribution           Normal
                                                                   Mediator Link Function        Identity


                                                                   Number of Observations Read         227
                                                                   Number of Observations Used         138


                                                                           Class Level Information
 
                                              Class                Levels    Values

                                              CENTERNUM                 4    CHICAGO MIAMI SAN DIEGO BRONX                     
                                              INCOME_C2                 2    <30 >30                                           
                                              LANG_PREF                 2    SPANISH ENGLISH                                   
                                              BKGRD1_C7NOMISS           7    BK_OTHER CUBAN C_AMERICAN DOMINICAN P_RICAN SOUTH 
                                                                             MEXICAN                                           
                                              MARITAL_STATUS            3    COHABITING SEPARATED SINGLE                       
                                              EMPLOYEDYN                2    EMPLOYED NOT_EMPLOYED                             
                                              EDUCATION_C3              3    AT_MOST_HIGHSCHOOL_GED G_HIGHSCHOOL               
                                                                             N_HIGHSCHOOL_GED                                  
                                              N_HC                      2    NO YES                                            
                                                                               The SAS System

---------------------------------------------------------------------------- Imputation Number=8 ----------------------------------------------------------------------------

                                                                           The CAUSALMED Procedure

                                                                             Summary of Effects
 
                                                                                  Standard          Wald 95% 
                                                                      Estimate       Error      Confidence Limits           Z    Pr > |Z|

                                    Total Effect                      -0.00752     0.02485    -0.05623     0.04118      -0.30      0.7621
                                    Controlled Direct Effect (CDE)    0.000601     0.02479    -0.04798     0.04919       0.02      0.9807
                                    Natural Direct Effect (NDE)       0.000601     0.02479    -0.04798     0.04919       0.02      0.9807
                                    Natural Indirect Effect (NIE)     -0.00812    0.005831    -0.01955    0.003303      -1.39      0.1635
                                    Percentage Mediated                 107.98      355.15     -588.09      804.06       0.30      0.7611
                                    Percentage Due to Interaction            0           .           .           .        .         .    
                                    Percentage Eliminated               107.98      355.15     -588.09      804.06       0.30      0.7611
                                                                               The SAS System

---------------------------------------------------------------------------- Imputation Number=9 ----------------------------------------------------------------------------

                                                                           The CAUSALMED Procedure

                                                                             Model Information

                                                                   Data Set                    WORK.DB_IN
                                                                   Outcome Variable                   WAZ
                                                                   Treatment Variable              STAI10
                                                                   Mediator Variable         BIRTHWT_GA_Z
                                                                   Outcome Distribution            Normal
                                                                   Outcome Link Function         Identity
                                                                   Mediator Distribution           Normal
                                                                   Mediator Link Function        Identity


                                                                   Number of Observations Read         227
                                                                   Number of Observations Used         138


                                                                           Class Level Information
 
                                              Class                Levels    Values

                                              CENTERNUM                 4    CHICAGO MIAMI SAN DIEGO BRONX                     
                                              INCOME_C2                 2    <30 >30                                           
                                              LANG_PREF                 2    SPANISH ENGLISH                                   
                                              BKGRD1_C7NOMISS           7    BK_OTHER CUBAN C_AMERICAN DOMINICAN P_RICAN SOUTH 
                                                                             MEXICAN                                           
                                              MARITAL_STATUS            3    COHABITING SEPARATED SINGLE                       
                                              EMPLOYEDYN                2    EMPLOYED NOT_EMPLOYED                             
                                              EDUCATION_C3              3    AT_MOST_HIGHSCHOOL_GED G_HIGHSCHOOL               
                                                                             N_HIGHSCHOOL_GED                                  
                                              N_HC                      2    NO YES                                            
                                                                               The SAS System

---------------------------------------------------------------------------- Imputation Number=9 ----------------------------------------------------------------------------

                                                                           The CAUSALMED Procedure

                                                                             Summary of Effects
 
                                                                                  Standard          Wald 95% 
                                                                      Estimate       Error      Confidence Limits           Z    Pr > |Z|

                                    Total Effect                      -0.01061     0.02487    -0.05936     0.03813      -0.43      0.6695
                                    Controlled Direct Effect (CDE)    -0.00539     0.02414    -0.05270     0.04192      -0.22      0.8233
                                    Natural Direct Effect (NDE)       -0.00539     0.02414    -0.05270     0.04192      -0.22      0.8233
                                    Natural Indirect Effect (NIE)     -0.00523    0.006474    -0.01792    0.007464      -0.81      0.4196
                                    Percentage Mediated                49.2273      116.70     -179.50      277.96       0.42      0.6732
                                    Percentage Due to Interaction            0           .           .           .        .         .    
                                    Percentage Eliminated              49.2273      116.70     -179.50      277.96       0.42      0.6732
                                                                               The SAS System

--------------------------------------------------------------------------- Imputation Number=10 ----------------------------------------------------------------------------

                                                                           The CAUSALMED Procedure

                                                                             Model Information

                                                                   Data Set                    WORK.DB_IN
                                                                   Outcome Variable                   WAZ
                                                                   Treatment Variable              STAI10
                                                                   Mediator Variable         BIRTHWT_GA_Z
                                                                   Outcome Distribution            Normal
                                                                   Outcome Link Function         Identity
                                                                   Mediator Distribution           Normal
                                                                   Mediator Link Function        Identity


                                                                   Number of Observations Read         227
                                                                   Number of Observations Used         138


                                                                           Class Level Information
 
                                              Class                Levels    Values

                                              CENTERNUM                 4    CHICAGO MIAMI SAN DIEGO BRONX                     
                                              INCOME_C2                 2    <30 >30                                           
                                              LANG_PREF                 2    SPANISH ENGLISH                                   
                                              BKGRD1_C7NOMISS           7    BK_OTHER CUBAN C_AMERICAN DOMINICAN P_RICAN SOUTH 
                                                                             MEXICAN                                           
                                              MARITAL_STATUS            3    COHABITING SEPARATED SINGLE                       
                                              EMPLOYEDYN                2    EMPLOYED NOT_EMPLOYED                             
                                              EDUCATION_C3              3    AT_MOST_HIGHSCHOOL_GED G_HIGHSCHOOL               
                                                                             N_HIGHSCHOOL_GED                                  
                                              N_HC                      2    NO YES                                            
                                                                               The SAS System

--------------------------------------------------------------------------- Imputation Number=10 ----------------------------------------------------------------------------

                                                                           The CAUSALMED Procedure

                                                                             Summary of Effects
 
                                                                                  Standard          Wald 95% 
                                                                      Estimate       Error      Confidence Limits           Z    Pr > |Z|

                                    Total Effect                      -0.01408     0.02471    -0.06250     0.03434      -0.57      0.5688
                                    Controlled Direct Effect (CDE)    -0.00782     0.02436    -0.05556     0.03992      -0.32      0.7483
                                    Natural Direct Effect (NDE)       -0.00782     0.02436    -0.05556     0.03992      -0.32      0.7483
                                    Natural Indirect Effect (NIE)     -0.00626    0.005562    -0.01716    0.004642      -1.13      0.2604
                                    Percentage Mediated                44.4662     81.0829     -114.45      203.39       0.55      0.5834
                                    Percentage Due to Interaction            0           .           .           .        .         .    
                                    Percentage Eliminated              44.4662     81.0829     -114.45      203.39       0.55      0.5834
                                                                               The SAS System

------------------------------------------------------------------- Effect=Controlled Direct Effect (CDE) -------------------------------------------------------------------

                                                                           The MIANALYZE Procedure

                                                                             Model Information

                                                                 Data Set                  WORK.DB_STAI10_0
                                                                 Number of Imputations     10              


                                                                    Variance Information (10 Imputations)
 
                                                                                                       Relative       Fraction
                                             -----------------Variance-----------------                Increase        Missing       Relative
                                Parameter         Between         Within          Total       DF    in Variance    Information     Efficiency

                                Estimate      0.000020418       0.000592       0.000615   6746.5       0.037909       0.036810       0.996333


                                                                    Parameter Estimates (10 Imputations)
 
                                                                                                                                             t for H0:
           Parameter        Estimate      Std Error    95% Confidence Limits        DF        Minimum        Maximum         Theta0   Parameter=Theta0   Pr > |t|

           Estimate        -0.001254       0.024798     -0.04987     0.047357   6746.5      -0.007817       0.005666              0              -0.05     0.9597
                                                                               The SAS System

-------------------------------------------------------------------- Effect=Natural Direct Effect (NDE) ---------------------------------------------------------------------

                                                                           The MIANALYZE Procedure

                                                                             Model Information

                                                                 Data Set                  WORK.DB_STAI10_0
                                                                 Number of Imputations     10              


                                                                    Variance Information (10 Imputations)
 
                                                                                                       Relative       Fraction
                                             -----------------Variance-----------------                Increase        Missing       Relative
                                Parameter         Between         Within          Total       DF    in Variance    Information     Efficiency

                                Estimate      0.000020418       0.000592       0.000615   6746.5       0.037909       0.036810       0.996333


                                                                    Parameter Estimates (10 Imputations)
 
                                                                                                                                             t for H0:
           Parameter        Estimate      Std Error    95% Confidence Limits        DF        Minimum        Maximum         Theta0   Parameter=Theta0   Pr > |t|

           Estimate        -0.001254       0.024798     -0.04987     0.047357   6746.5      -0.007817       0.005666              0              -0.05     0.9597
                                                                               The SAS System

------------------------------------------------------------------- Effect=Natural Indirect Effect (NIE) --------------------------------------------------------------------

                                                                           The MIANALYZE Procedure

                                                                             Model Information

                                                                 Data Set                  WORK.DB_STAI10_0
                                                                 Number of Imputations     10              


                                                                    Variance Information (10 Imputations)
 
                                                                                                       Relative       Fraction
                                             -----------------Variance-----------------                Increase        Missing       Relative
                                Parameter         Between         Within          Total       DF    in Variance    Information     Efficiency

                                Estimate      0.000014412    0.000038301    0.000054154   105.02       0.413916       0.305840       0.970324


                                                                    Parameter Estimates (10 Imputations)
 
                                                                                                                                             t for H0:
           Parameter        Estimate      Std Error    95% Confidence Limits        DF        Minimum        Maximum         Theta0   Parameter=Theta0   Pr > |t|

           Estimate        -0.007948       0.007359     -0.02254     0.006643   105.02      -0.015454      -0.004350              0              -1.08     0.2826
                                                                               The SAS System

----------------------------------------------------------------------- Effect=Percentage Eliminated ------------------------------------------------------------------------

                                                                           The MIANALYZE Procedure

                                                                             Model Information

                                                                 Data Set                  WORK.DB_STAI10_0
                                                                 Number of Imputations     10              


                                                                    Variance Information (10 Imputations)
 
                                                                                                       Relative       Fraction
                                             -----------------Variance-----------------                Increase        Missing       Relative
                                Parameter         Between         Within          Total       DF    in Variance    Information     Efficiency

                                Estimate      2076.552511         117080         119364    24577       0.019510       0.019216       0.998082


                                                                    Parameter Estimates (10 Imputations)
 
                                                                                                                                             t for H0:
           Parameter        Estimate      Std Error    95% Confidence Limits        DF        Minimum        Maximum         Theta0   Parameter=Theta0   Pr > |t|

           Estimate        92.096168     345.491627     -585.088     769.2807    24577      44.466203     157.881433              0               0.27     0.7898
                                                                               The SAS System

------------------------------------------------------------------------ Effect=Percentage Mediated -------------------------------------------------------------------------

                                                                           The MIANALYZE Procedure

                                                                             Model Information

                                                                 Data Set                  WORK.DB_STAI10_0
                                                                 Number of Imputations     10              


                                                                    Variance Information (10 Imputations)
 
                                                                                                       Relative       Fraction
                                             -----------------Variance-----------------                Increase        Missing       Relative
                                Parameter         Between         Within          Total       DF    in Variance    Information     Efficiency

                                Estimate      2076.552511         117080         119364    24577       0.019510       0.019216       0.998082


                                                                    Parameter Estimates (10 Imputations)
 
                                                                                                                                             t for H0:
           Parameter        Estimate      Std Error    95% Confidence Limits        DF        Minimum        Maximum         Theta0   Parameter=Theta0   Pr > |t|

           Estimate        92.096168     345.491627     -585.088     769.2807    24577      44.466203     157.881433              0               0.27     0.7898
                                                                               The SAS System

---------------------------------------------------------------------------- Effect=Total Effect ----------------------------------------------------------------------------

                                                                           The MIANALYZE Procedure

                                                                             Model Information

                                                                 Data Set                  WORK.DB_STAI10_0
                                                                 Number of Imputations     10              


                                                                    Variance Information (10 Imputations)
 
                                                                                                       Relative       Fraction
                                             -----------------Variance-----------------                Increase        Missing       Relative
                                Parameter         Between         Within          Total       DF    in Variance    Information     Efficiency

                                Estimate      0.000005848       0.000610       0.000616    82588       0.010549       0.010463       0.998955


                                                                    Parameter Estimates (10 Imputations)
 
                                                                                                                                             t for H0:
           Parameter        Estimate      Std Error    95% Confidence Limits        DF        Minimum        Maximum         Theta0   Parameter=Theta0   Pr > |t|

           Estimate        -0.009203       0.024824     -0.05786     0.039452    82588      -0.014077      -0.004637              0              -0.37     0.7108
                                                                               The SAS System

---------------------------------------------------------------------------- Imputation Number=1 ----------------------------------------------------------------------------

                                                                           The CAUSALMED Procedure

                                                                             Model Information

                                                               Data Set                            WORK.DB_IN
                                                               Outcome Variable                           WAZ
                                                               Treatment Variable        cigarette_use_former
                                                               Mediator Variable                 BIRTHWT_GA_Z
                                                               Outcome Distribution                    Normal
                                                               Outcome Link Function                 Identity
                                                               Mediator Distribution                   Normal
                                                               Mediator Link Function                Identity


                                                                   Number of Observations Read         227
                                                                   Number of Observations Used         138


                                                                           Class Level Information
 
                                              Class                Levels    Values

                                              CENTERNUM                 4    CHICAGO MIAMI SAN DIEGO BRONX                     
                                              INCOME_C2                 2    <30 >30                                           
                                              LANG_PREF                 2    SPANISH ENGLISH                                   
                                              BKGRD1_C7NOMISS           7    BK_OTHER CUBAN C_AMERICAN DOMINICAN P_RICAN SOUTH 
                                                                             MEXICAN                                           
                                              MARITAL_STATUS            3    COHABITING SEPARATED SINGLE                       
                                              EMPLOYEDYN                2    EMPLOYED NOT_EMPLOYED                             
                                              EDUCATION_C3              3    AT_MOST_HIGHSCHOOL_GED G_HIGHSCHOOL               
                                                                             N_HIGHSCHOOL_GED                                  
                                              N_HC                      2    NO YES                                            
                                                                               The SAS System

---------------------------------------------------------------------------- Imputation Number=1 ----------------------------------------------------------------------------

                                                                           The CAUSALMED Procedure

                                                                             Summary of Effects
 
                                                                                  Standard          Wald 95% 
                                                                      Estimate       Error      Confidence Limits           Z    Pr > |Z|

                                    Total Effect                       -0.2294      0.3373     -0.8904      0.4316      -0.68      0.4964
                                    Controlled Direct Effect (CDE)     -0.2135      0.3295     -0.8594      0.4324      -0.65      0.5171
                                    Natural Direct Effect (NDE)        -0.2135      0.3295     -0.8594      0.4324      -0.65      0.5171
                                    Natural Indirect Effect (NIE)     -0.01591     0.07224     -0.1575      0.1257      -0.22      0.8257
                                    Percentage Mediated                 6.9360     30.9717    -53.7674     67.6395       0.22      0.8228
                                    Percentage Due to Interaction            0           .           .           .        .         .    
                                    Percentage Eliminated               6.9360     30.9717    -53.7674     67.6395       0.22      0.8228
                                                                               The SAS System

---------------------------------------------------------------------------- Imputation Number=2 ----------------------------------------------------------------------------

                                                                           The CAUSALMED Procedure

                                                                             Model Information

                                                               Data Set                            WORK.DB_IN
                                                               Outcome Variable                           WAZ
                                                               Treatment Variable        cigarette_use_former
                                                               Mediator Variable                 BIRTHWT_GA_Z
                                                               Outcome Distribution                    Normal
                                                               Outcome Link Function                 Identity
                                                               Mediator Distribution                   Normal
                                                               Mediator Link Function                Identity


                                                                   Number of Observations Read         227
                                                                   Number of Observations Used         138


                                                                           Class Level Information
 
                                              Class                Levels    Values

                                              CENTERNUM                 4    CHICAGO MIAMI SAN DIEGO BRONX                     
                                              INCOME_C2                 2    <30 >30                                           
                                              LANG_PREF                 2    SPANISH ENGLISH                                   
                                              BKGRD1_C7NOMISS           7    BK_OTHER CUBAN C_AMERICAN DOMINICAN P_RICAN SOUTH 
                                                                             MEXICAN                                           
                                              MARITAL_STATUS            3    COHABITING SEPARATED SINGLE                       
                                              EMPLOYEDYN                2    EMPLOYED NOT_EMPLOYED                             
                                              EDUCATION_C3              3    AT_MOST_HIGHSCHOOL_GED G_HIGHSCHOOL               
                                                                             N_HIGHSCHOOL_GED                                  
                                              N_HC                      2    NO YES                                            
                                                                               The SAS System

---------------------------------------------------------------------------- Imputation Number=2 ----------------------------------------------------------------------------

                                                                           The CAUSALMED Procedure

                                                                             Summary of Effects
 
                                                                                  Standard          Wald 95% 
                                                                      Estimate       Error      Confidence Limits           Z    Pr > |Z|

                                    Total Effect                       -0.2216      0.3382     -0.8845      0.4414      -0.66      0.5124
                                    Controlled Direct Effect (CDE)     -0.2132      0.3340     -0.8678      0.4415      -0.64      0.5233
                                    Natural Direct Effect (NDE)        -0.2132      0.3340     -0.8678      0.4415      -0.64      0.5233
                                    Natural Indirect Effect (NIE)     -0.00838     0.05364     -0.1135     0.09675      -0.16      0.8759
                                    Percentage Mediated                 3.7807     23.9869    -43.2327     50.7941       0.16      0.8748
                                    Percentage Due to Interaction            0           .           .           .        .         .    
                                    Percentage Eliminated               3.7807     23.9869    -43.2327     50.7941       0.16      0.8748
                                                                               The SAS System

---------------------------------------------------------------------------- Imputation Number=3 ----------------------------------------------------------------------------

                                                                           The CAUSALMED Procedure

                                                                             Model Information

                                                               Data Set                            WORK.DB_IN
                                                               Outcome Variable                           WAZ
                                                               Treatment Variable        cigarette_use_former
                                                               Mediator Variable                 BIRTHWT_GA_Z
                                                               Outcome Distribution                    Normal
                                                               Outcome Link Function                 Identity
                                                               Mediator Distribution                   Normal
                                                               Mediator Link Function                Identity


                                                                   Number of Observations Read         227
                                                                   Number of Observations Used         138


                                                                           Class Level Information
 
                                              Class                Levels    Values

                                              CENTERNUM                 4    CHICAGO MIAMI SAN DIEGO BRONX                     
                                              INCOME_C2                 2    <30 >30                                           
                                              LANG_PREF                 2    SPANISH ENGLISH                                   
                                              BKGRD1_C7NOMISS           7    BK_OTHER CUBAN C_AMERICAN DOMINICAN P_RICAN SOUTH 
                                                                             MEXICAN                                           
                                              MARITAL_STATUS            3    COHABITING SEPARATED SINGLE                       
                                              EMPLOYEDYN                2    EMPLOYED NOT_EMPLOYED                             
                                              EDUCATION_C3              3    AT_MOST_HIGHSCHOOL_GED G_HIGHSCHOOL               
                                                                             N_HIGHSCHOOL_GED                                  
                                              N_HC                      2    NO YES                                            
                                                                               The SAS System

---------------------------------------------------------------------------- Imputation Number=3 ----------------------------------------------------------------------------

                                                                           The CAUSALMED Procedure

                                                                             Summary of Effects
 
                                                                                  Standard          Wald 95% 
                                                                      Estimate       Error      Confidence Limits           Z    Pr > |Z|

                                    Total Effect                       -0.2232      0.3384     -0.8866      0.4401      -0.66      0.5095
                                    Controlled Direct Effect (CDE)     -0.2165      0.3352     -0.8736      0.4405      -0.65      0.5183
                                    Natural Direct Effect (NDE)        -0.2165      0.3352     -0.8736      0.4405      -0.65      0.5183
                                    Natural Indirect Effect (NIE)     -0.00670     0.04695    -0.09872     0.08532      -0.14      0.8865
                                    Percentage Mediated                 3.0011     20.8978    -37.9578     43.9601       0.14      0.8858
                                    Percentage Due to Interaction            0           .           .           .        .         .    
                                    Percentage Eliminated               3.0011     20.8978    -37.9578     43.9601       0.14      0.8858
                                                                               The SAS System

---------------------------------------------------------------------------- Imputation Number=4 ----------------------------------------------------------------------------

                                                                           The CAUSALMED Procedure

                                                                             Model Information

                                                               Data Set                            WORK.DB_IN
                                                               Outcome Variable                           WAZ
                                                               Treatment Variable        cigarette_use_former
                                                               Mediator Variable                 BIRTHWT_GA_Z
                                                               Outcome Distribution                    Normal
                                                               Outcome Link Function                 Identity
                                                               Mediator Distribution                   Normal
                                                               Mediator Link Function                Identity


                                                                   Number of Observations Read         227
                                                                   Number of Observations Used         138


                                                                           Class Level Information
 
                                              Class                Levels    Values

                                              CENTERNUM                 4    CHICAGO MIAMI SAN DIEGO BRONX                     
                                              INCOME_C2                 2    <30 >30                                           
                                              LANG_PREF                 2    SPANISH ENGLISH                                   
                                              BKGRD1_C7NOMISS           7    BK_OTHER CUBAN C_AMERICAN DOMINICAN P_RICAN SOUTH 
                                                                             MEXICAN                                           
                                              MARITAL_STATUS            3    COHABITING SEPARATED SINGLE                       
                                              EMPLOYEDYN                2    EMPLOYED NOT_EMPLOYED                             
                                              EDUCATION_C3              3    AT_MOST_HIGHSCHOOL_GED G_HIGHSCHOOL               
                                                                             N_HIGHSCHOOL_GED                                  
                                              N_HC                      2    NO YES                                            
                                                                               The SAS System

---------------------------------------------------------------------------- Imputation Number=4 ----------------------------------------------------------------------------

                                                                           The CAUSALMED Procedure

                                                                             Summary of Effects
 
                                                                                  Standard          Wald 95% 
                                                                      Estimate       Error      Confidence Limits           Z    Pr > |Z|

                                    Total Effect                       -0.2259      0.3379     -0.8882      0.4363      -0.67      0.5037
                                    Controlled Direct Effect (CDE)     -0.2240      0.3328     -0.8762      0.4282      -0.67      0.5009
                                    Natural Direct Effect (NDE)        -0.2240      0.3328     -0.8762      0.4282      -0.67      0.5009
                                    Natural Indirect Effect (NIE)     -0.00197     0.05858     -0.1168      0.1128      -0.03      0.9731
                                    Percentage Mediated                 0.8739     25.7355    -49.5667     51.3146       0.03      0.9729
                                    Percentage Due to Interaction            0           .           .           .        .         .    
                                    Percentage Eliminated               0.8739     25.7355    -49.5667     51.3146       0.03      0.9729
                                                                               The SAS System

---------------------------------------------------------------------------- Imputation Number=5 ----------------------------------------------------------------------------

                                                                           The CAUSALMED Procedure

                                                                             Model Information

                                                               Data Set                            WORK.DB_IN
                                                               Outcome Variable                           WAZ
                                                               Treatment Variable        cigarette_use_former
                                                               Mediator Variable                 BIRTHWT_GA_Z
                                                               Outcome Distribution                    Normal
                                                               Outcome Link Function                 Identity
                                                               Mediator Distribution                   Normal
                                                               Mediator Link Function                Identity


                                                                   Number of Observations Read         227
                                                                   Number of Observations Used         138


                                                                           Class Level Information
 
                                              Class                Levels    Values

                                              CENTERNUM                 4    CHICAGO MIAMI SAN DIEGO BRONX                     
                                              INCOME_C2                 2    <30 >30                                           
                                              LANG_PREF                 2    SPANISH ENGLISH                                   
                                              BKGRD1_C7NOMISS           7    BK_OTHER CUBAN C_AMERICAN DOMINICAN P_RICAN SOUTH 
                                                                             MEXICAN                                           
                                              MARITAL_STATUS            3    COHABITING SEPARATED SINGLE                       
                                              EMPLOYEDYN                2    EMPLOYED NOT_EMPLOYED                             
                                              EDUCATION_C3              3    AT_MOST_HIGHSCHOOL_GED G_HIGHSCHOOL               
                                                                             N_HIGHSCHOOL_GED                                  
                                              N_HC                      2    NO YES                                            
                                                                               The SAS System

---------------------------------------------------------------------------- Imputation Number=5 ----------------------------------------------------------------------------

                                                                           The CAUSALMED Procedure

                                                                             Summary of Effects
 
                                                                                  Standard          Wald 95% 
                                                                      Estimate       Error      Confidence Limits           Z    Pr > |Z|

                                    Total Effect                       -0.2358      0.3375     -0.8973      0.4257      -0.70      0.4848
                                    Controlled Direct Effect (CDE)     -0.2310      0.3266     -0.8711      0.4092      -0.71      0.4795
                                    Natural Direct Effect (NDE)        -0.2310      0.3266     -0.8711      0.4092      -0.71      0.4795
                                    Natural Indirect Effect (NIE)     -0.00484     0.08496     -0.1714      0.1617      -0.06      0.9546
                                    Percentage Mediated                 2.0519     35.4079    -67.3462     71.4501       0.06      0.9538
                                    Percentage Due to Interaction            0           .           .           .        .         .    
                                    Percentage Eliminated               2.0519     35.4079    -67.3462     71.4501       0.06      0.9538
                                                                               The SAS System

---------------------------------------------------------------------------- Imputation Number=6 ----------------------------------------------------------------------------

                                                                           The CAUSALMED Procedure

                                                                             Model Information

                                                               Data Set                            WORK.DB_IN
                                                               Outcome Variable                           WAZ
                                                               Treatment Variable        cigarette_use_former
                                                               Mediator Variable                 BIRTHWT_GA_Z
                                                               Outcome Distribution                    Normal
                                                               Outcome Link Function                 Identity
                                                               Mediator Distribution                   Normal
                                                               Mediator Link Function                Identity


                                                                   Number of Observations Read         227
                                                                   Number of Observations Used         138


                                                                           Class Level Information
 
                                              Class                Levels    Values

                                              CENTERNUM                 4    CHICAGO MIAMI SAN DIEGO BRONX                     
                                              INCOME_C2                 2    <30 >30                                           
                                              LANG_PREF                 2    SPANISH ENGLISH                                   
                                              BKGRD1_C7NOMISS           7    BK_OTHER CUBAN C_AMERICAN DOMINICAN P_RICAN SOUTH 
                                                                             MEXICAN                                           
                                              MARITAL_STATUS            3    COHABITING SEPARATED SINGLE                       
                                              EMPLOYEDYN                2    EMPLOYED NOT_EMPLOYED                             
                                              EDUCATION_C3              3    AT_MOST_HIGHSCHOOL_GED G_HIGHSCHOOL               
                                                                             N_HIGHSCHOOL_GED                                  
                                              N_HC                      2    NO YES                                            
                                                                               The SAS System

---------------------------------------------------------------------------- Imputation Number=6 ----------------------------------------------------------------------------

                                                                           The CAUSALMED Procedure

                                                                             Summary of Effects
 
                                                                                  Standard          Wald 95% 
                                                                      Estimate       Error      Confidence Limits           Z    Pr > |Z|

                                    Total Effect                       -0.2279      0.3382     -0.8907      0.4349      -0.67      0.5004
                                    Controlled Direct Effect (CDE)     -0.2103      0.3271     -0.8513      0.4307      -0.64      0.5202
                                    Natural Direct Effect (NDE)        -0.2103      0.3271     -0.8513      0.4307      -0.64      0.5202
                                    Natural Indirect Effect (NIE)     -0.01758     0.08637     -0.1869      0.1517      -0.20      0.8387
                                    Percentage Mediated                 7.7159     36.6973    -64.2095     79.6412       0.21      0.8335
                                    Percentage Due to Interaction            0           .           .           .        .         .    
                                    Percentage Eliminated               7.7159     36.6973    -64.2095     79.6412       0.21      0.8335
                                                                               The SAS System

---------------------------------------------------------------------------- Imputation Number=7 ----------------------------------------------------------------------------

                                                                           The CAUSALMED Procedure

                                                                             Model Information

                                                               Data Set                            WORK.DB_IN
                                                               Outcome Variable                           WAZ
                                                               Treatment Variable        cigarette_use_former
                                                               Mediator Variable                 BIRTHWT_GA_Z
                                                               Outcome Distribution                    Normal
                                                               Outcome Link Function                 Identity
                                                               Mediator Distribution                   Normal
                                                               Mediator Link Function                Identity


                                                                   Number of Observations Read         227
                                                                   Number of Observations Used         138


                                                                           Class Level Information
 
                                              Class                Levels    Values

                                              CENTERNUM                 4    CHICAGO MIAMI SAN DIEGO BRONX                     
                                              INCOME_C2                 2    <30 >30                                           
                                              LANG_PREF                 2    SPANISH ENGLISH                                   
                                              BKGRD1_C7NOMISS           7    BK_OTHER CUBAN C_AMERICAN DOMINICAN P_RICAN SOUTH 
                                                                             MEXICAN                                           
                                              MARITAL_STATUS            3    COHABITING SEPARATED SINGLE                       
                                              EMPLOYEDYN                2    EMPLOYED NOT_EMPLOYED                             
                                              EDUCATION_C3              3    AT_MOST_HIGHSCHOOL_GED G_HIGHSCHOOL               
                                                                             N_HIGHSCHOOL_GED                                  
                                              N_HC                      2    NO YES                                            
                                                                               The SAS System

---------------------------------------------------------------------------- Imputation Number=7 ----------------------------------------------------------------------------

                                                                           The CAUSALMED Procedure

                                                                             Summary of Effects
 
                                                                                  Standard          Wald 95% 
                                                                      Estimate       Error      Confidence Limits           Z    Pr > |Z|

                                    Total Effect                       -0.2204      0.3385     -0.8838      0.4431      -0.65      0.5151
                                    Controlled Direct Effect (CDE)     -0.1962      0.3258     -0.8347      0.4423      -0.60      0.5470
                                    Natural Direct Effect (NDE)        -0.1962      0.3258     -0.8347      0.4423      -0.60      0.5470
                                    Natural Indirect Effect (NIE)     -0.02413     0.09251     -0.2055      0.1572      -0.26      0.7942
                                    Percentage Mediated                10.9526     40.7675    -68.9501     90.8554       0.27      0.7882
                                    Percentage Due to Interaction            0           .           .           .        .         .    
                                    Percentage Eliminated              10.9526     40.7675    -68.9501     90.8554       0.27      0.7882
                                                                               The SAS System

---------------------------------------------------------------------------- Imputation Number=8 ----------------------------------------------------------------------------

                                                                           The CAUSALMED Procedure

                                                                             Model Information

                                                               Data Set                            WORK.DB_IN
                                                               Outcome Variable                           WAZ
                                                               Treatment Variable        cigarette_use_former
                                                               Mediator Variable                 BIRTHWT_GA_Z
                                                               Outcome Distribution                    Normal
                                                               Outcome Link Function                 Identity
                                                               Mediator Distribution                   Normal
                                                               Mediator Link Function                Identity


                                                                   Number of Observations Read         227
                                                                   Number of Observations Used         138


                                                                           Class Level Information
 
                                              Class                Levels    Values

                                              CENTERNUM                 4    CHICAGO MIAMI SAN DIEGO BRONX                     
                                              INCOME_C2                 2    <30 >30                                           
                                              LANG_PREF                 2    SPANISH ENGLISH                                   
                                              BKGRD1_C7NOMISS           7    BK_OTHER CUBAN C_AMERICAN DOMINICAN P_RICAN SOUTH 
                                                                             MEXICAN                                           
                                              MARITAL_STATUS            3    COHABITING SEPARATED SINGLE                       
                                              EMPLOYEDYN                2    EMPLOYED NOT_EMPLOYED                             
                                              EDUCATION_C3              3    AT_MOST_HIGHSCHOOL_GED G_HIGHSCHOOL               
                                                                             N_HIGHSCHOOL_GED                                  
                                              N_HC                      2    NO YES                                            
                                                                               The SAS System

---------------------------------------------------------------------------- Imputation Number=8 ----------------------------------------------------------------------------

                                                                           The CAUSALMED Procedure

                                                                             Summary of Effects
 
                                                                                  Standard          Wald 95% 
                                                                      Estimate       Error      Confidence Limits           Z    Pr > |Z|

                                    Total Effect                       -0.2256      0.3383     -0.8887      0.4375      -0.67      0.5048
                                    Controlled Direct Effect (CDE)     -0.2088      0.3333     -0.8620      0.4445      -0.63      0.5311
                                    Natural Direct Effect (NDE)        -0.2088      0.3333     -0.8620      0.4445      -0.63      0.5311
                                    Natural Indirect Effect (NIE)     -0.01687     0.05919     -0.1329     0.09915      -0.28      0.7757
                                    Percentage Mediated                 7.4759     26.7021    -44.8592     59.8111       0.28      0.7795
                                    Percentage Due to Interaction            0           .           .           .        .         .    
                                    Percentage Eliminated               7.4759     26.7021    -44.8592     59.8111       0.28      0.7795
                                                                               The SAS System

---------------------------------------------------------------------------- Imputation Number=9 ----------------------------------------------------------------------------

                                                                           The CAUSALMED Procedure

                                                                             Model Information

                                                               Data Set                            WORK.DB_IN
                                                               Outcome Variable                           WAZ
                                                               Treatment Variable        cigarette_use_former
                                                               Mediator Variable                 BIRTHWT_GA_Z
                                                               Outcome Distribution                    Normal
                                                               Outcome Link Function                 Identity
                                                               Mediator Distribution                   Normal
                                                               Mediator Link Function                Identity


                                                                   Number of Observations Read         227
                                                                   Number of Observations Used         138


                                                                           Class Level Information
 
                                              Class                Levels    Values

                                              CENTERNUM                 4    CHICAGO MIAMI SAN DIEGO BRONX                     
                                              INCOME_C2                 2    <30 >30                                           
                                              LANG_PREF                 2    SPANISH ENGLISH                                   
                                              BKGRD1_C7NOMISS           7    BK_OTHER CUBAN C_AMERICAN DOMINICAN P_RICAN SOUTH 
                                                                             MEXICAN                                           
                                              MARITAL_STATUS            3    COHABITING SEPARATED SINGLE                       
                                              EMPLOYEDYN                2    EMPLOYED NOT_EMPLOYED                             
                                              EDUCATION_C3              3    AT_MOST_HIGHSCHOOL_GED G_HIGHSCHOOL               
                                                                             N_HIGHSCHOOL_GED                                  
                                              N_HC                      2    NO YES                                            
                                                                               The SAS System

---------------------------------------------------------------------------- Imputation Number=9 ----------------------------------------------------------------------------

                                                                           The CAUSALMED Procedure

                                                                             Summary of Effects
 
                                                                                  Standard          Wald 95% 
                                                                      Estimate       Error      Confidence Limits           Z    Pr > |Z|

                                    Total Effect                       -0.2243      0.3401     -0.8908      0.4422      -0.66      0.5095
                                    Controlled Direct Effect (CDE)     -0.2205      0.3292     -0.8657      0.4247      -0.67      0.5029
                                    Natural Direct Effect (NDE)        -0.2205      0.3292     -0.8657      0.4247      -0.67      0.5029
                                    Natural Indirect Effect (NIE)     -0.00379     0.08537     -0.1711      0.1635      -0.04      0.9646
                                    Percentage Mediated                 1.6893     37.5007    -71.8108     75.1894       0.05      0.9641
                                    Percentage Due to Interaction            0           .           .           .        .         .    
                                    Percentage Eliminated               1.6893     37.5007    -71.8108     75.1894       0.05      0.9641
                                                                               The SAS System

--------------------------------------------------------------------------- Imputation Number=10 ----------------------------------------------------------------------------

                                                                           The CAUSALMED Procedure

                                                                             Model Information

                                                               Data Set                            WORK.DB_IN
                                                               Outcome Variable                           WAZ
                                                               Treatment Variable        cigarette_use_former
                                                               Mediator Variable                 BIRTHWT_GA_Z
                                                               Outcome Distribution                    Normal
                                                               Outcome Link Function                 Identity
                                                               Mediator Distribution                   Normal
                                                               Mediator Link Function                Identity


                                                                   Number of Observations Read         227
                                                                   Number of Observations Used         138


                                                                           Class Level Information
 
                                              Class                Levels    Values

                                              CENTERNUM                 4    CHICAGO MIAMI SAN DIEGO BRONX                     
                                              INCOME_C2                 2    <30 >30                                           
                                              LANG_PREF                 2    SPANISH ENGLISH                                   
                                              BKGRD1_C7NOMISS           7    BK_OTHER CUBAN C_AMERICAN DOMINICAN P_RICAN SOUTH 
                                                                             MEXICAN                                           
                                              MARITAL_STATUS            3    COHABITING SEPARATED SINGLE                       
                                              EMPLOYEDYN                2    EMPLOYED NOT_EMPLOYED                             
                                              EDUCATION_C3              3    AT_MOST_HIGHSCHOOL_GED G_HIGHSCHOOL               
                                                                             N_HIGHSCHOOL_GED                                  
                                              N_HC                      2    NO YES                                            
                                                                               The SAS System

--------------------------------------------------------------------------- Imputation Number=10 ----------------------------------------------------------------------------

                                                                           The CAUSALMED Procedure

                                                                             Summary of Effects
 
                                                                                  Standard          Wald 95% 
                                                                      Estimate       Error      Confidence Limits           Z    Pr > |Z|

                                    Total Effect                       -0.2282      0.3391     -0.8928      0.4365      -0.67      0.5011
                                    Controlled Direct Effect (CDE)     -0.2275      0.3324     -0.8790      0.4240      -0.68      0.4937
                                    Natural Direct Effect (NDE)        -0.2275      0.3324     -0.8790      0.4240      -0.68      0.4937
                                    Natural Indirect Effect (NIE)     -0.00067     0.06724     -0.1325      0.1311      -0.01      0.9920
                                    Percentage Mediated                 0.2945     29.3867    -57.3024     57.8914       0.01      0.9920
                                    Percentage Due to Interaction            0           .           .           .        .         .    
                                    Percentage Eliminated               0.2945     29.3867    -57.3024     57.8914       0.01      0.9920
                                                                               The SAS System

------------------------------------------------------------------- Effect=Controlled Direct Effect (CDE) -------------------------------------------------------------------

                                                                           The MIANALYZE Procedure

                                                                             Model Information

                                                          Data Set                  WORK.DB_CIGARETTE_USE_FORMER_0
                                                          Number of Imputations     10                            


                                                                    Variance Information (10 Imputations)
 
                                                                                                       Relative       Fraction
                                             -----------------Variance-----------------                Increase        Missing       Relative
                                Parameter         Between         Within          Total       DF    in Variance    Information     Efficiency

                                Estimate         0.000103       0.109296       0.109410   8.34E6       0.001040       0.001039       0.999896


                                                                    Parameter Estimates (10 Imputations)
 
                                                                                                                                             t for H0:
           Parameter        Estimate      Std Error    95% Confidence Limits        DF        Minimum        Maximum         Theta0   Parameter=Theta0   Pr > |t|

           Estimate        -0.216138       0.330772     -0.86444     0.432162   8.34E6      -0.230957      -0.196220              0              -0.65     0.5135
                                                                               The SAS System

-------------------------------------------------------------------- Effect=Natural Direct Effect (NDE) ---------------------------------------------------------------------

                                                                           The MIANALYZE Procedure

                                                                             Model Information

                                                          Data Set                  WORK.DB_CIGARETTE_USE_FORMER_0
                                                          Number of Imputations     10                            


                                                                    Variance Information (10 Imputations)
 
                                                                                                       Relative       Fraction
                                             -----------------Variance-----------------                Increase        Missing       Relative
                                Parameter         Between         Within          Total       DF    in Variance    Information     Efficiency

                                Estimate         0.000103       0.109296       0.109410   8.34E6       0.001040       0.001039       0.999896


                                                                    Parameter Estimates (10 Imputations)
 
                                                                                                                                             t for H0:
           Parameter        Estimate      Std Error    95% Confidence Limits        DF        Minimum        Maximum         Theta0   Parameter=Theta0   Pr > |t|

           Estimate        -0.216138       0.330772     -0.86444     0.432162   8.34E6      -0.230957      -0.196220              0              -0.65     0.5135
                                                                               The SAS System

------------------------------------------------------------------- Effect=Natural Indirect Effect (NIE) --------------------------------------------------------------------

                                                                           The MIANALYZE Procedure

                                                                             Model Information

                                                          Data Set                  WORK.DB_CIGARETTE_USE_FORMER_0
                                                          Number of Imputations     10                            


                                                                    Variance Information (10 Imputations)
 
                                                                                                       Relative       Fraction
                                             -----------------Variance-----------------                Increase        Missing       Relative
                                Parameter         Between         Within          Total       DF    in Variance    Information     Efficiency

                                Estimate      0.000063277       0.005228       0.005298    52139       0.013313       0.013176       0.998684


                                                                    Parameter Estimates (10 Imputations)
 
                                                                                                                                             t for H0:
           Parameter        Estimate      Std Error    95% Confidence Limits        DF        Minimum        Maximum         Theta0   Parameter=Theta0   Pr > |t|

           Estimate        -0.010085       0.072786     -0.15275     0.132577    52139      -0.024135      -0.000672              0              -0.14     0.8898
                                                                               The SAS System

----------------------------------------------------------------------- Effect=Percentage Eliminated ------------------------------------------------------------------------

                                                                           The MIANALYZE Procedure

                                                                             Model Information

                                                          Data Set                  WORK.DB_CIGARETTE_USE_FORMER_0
                                                          Number of Imputations     10                            


                                                                    Variance Information (10 Imputations)
 
                                                                                                       Relative       Fraction
                                             -----------------Variance-----------------                Increase        Missing       Relative
                                Parameter         Between         Within          Total       DF    in Variance    Information     Efficiency

                                Estimate        12.694990     987.893130    1001.857619    46324       0.014136       0.013981       0.998604


                                                                    Parameter Estimates (10 Imputations)
 
                                                                                                                                             t for H0:
           Parameter        Estimate      Std Error    95% Confidence Limits        DF        Minimum        Maximum         Theta0   Parameter=Theta0   Pr > |t|

           Estimate         4.477196      31.652135     -57.5615     66.51586    46324       0.294518      10.952620              0               0.14     0.8875
                                                                               The SAS System

------------------------------------------------------------------------ Effect=Percentage Mediated -------------------------------------------------------------------------

                                                                           The MIANALYZE Procedure

                                                                             Model Information

                                                          Data Set                  WORK.DB_CIGARETTE_USE_FORMER_0
                                                          Number of Imputations     10                            


                                                                    Variance Information (10 Imputations)
 
                                                                                                       Relative       Fraction
                                             -----------------Variance-----------------                Increase        Missing       Relative
                                Parameter         Between         Within          Total       DF    in Variance    Information     Efficiency

                                Estimate        12.694990     987.893130    1001.857619    46324       0.014136       0.013981       0.998604


                                                                    Parameter Estimates (10 Imputations)
 
                                                                                                                                             t for H0:
           Parameter        Estimate      Std Error    95% Confidence Limits        DF        Minimum        Maximum         Theta0   Parameter=Theta0   Pr > |t|

           Estimate         4.477196      31.652135     -57.5615     66.51586    46324       0.294518      10.952620              0               0.14     0.8875
                                                                               The SAS System

---------------------------------------------------------------------------- Effect=Total Effect ----------------------------------------------------------------------------

                                                                           The MIANALYZE Procedure

                                                                             Model Information

                                                          Data Set                  WORK.DB_CIGARETTE_USE_FORMER_0
                                                          Number of Imputations     10                            


                                                                    Variance Information (10 Imputations)
 
                                                                                                       Relative       Fraction
                                             -----------------Variance-----------------                Increase        Missing       Relative
                                Parameter         Between         Within          Total       DF    in Variance    Information     Efficiency

                                Estimate      0.000019724       0.114478       0.114500   2.51E8       0.000190       0.000189       0.999981


                                                                    Parameter Estimates (10 Imputations)
 
                                                                                                                                             t for H0:
           Parameter        Estimate      Std Error    95% Confidence Limits        DF        Minimum        Maximum         Theta0   Parameter=Theta0   Pr > |t|

           Estimate        -0.226223       0.338378     -0.88943     0.436986   2.51E8      -0.235795      -0.220354              0              -0.67     0.5038
                                                                               The SAS System

---------------------------------------------------------------------------- Imputation Number=1 ----------------------------------------------------------------------------

                                                                           The CAUSALMED Procedure

                                                                              Model Information

                                                               Data Set                             WORK.DB_IN
                                                               Outcome Variable                            WAZ
                                                               Treatment Variable        cigarette_use_current
                                                               Mediator Variable                  BIRTHWT_GA_Z
                                                               Outcome Distribution                     Normal
                                                               Outcome Link Function                  Identity
                                                               Mediator Distribution                    Normal
                                                               Mediator Link Function                 Identity


                                                                   Number of Observations Read         227
                                                                   Number of Observations Used         138


                                                                           Class Level Information
 
                                              Class                Levels    Values

                                              CENTERNUM                 4    CHICAGO MIAMI SAN DIEGO BRONX                     
                                              INCOME_C2                 2    <30 >30                                           
                                              LANG_PREF                 2    SPANISH ENGLISH                                   
                                              BKGRD1_C7NOMISS           7    BK_OTHER CUBAN C_AMERICAN DOMINICAN P_RICAN SOUTH 
                                                                             MEXICAN                                           
                                              MARITAL_STATUS            3    COHABITING SEPARATED SINGLE                       
                                              EMPLOYEDYN                2    EMPLOYED NOT_EMPLOYED                             
                                              EDUCATION_C3              3    AT_MOST_HIGHSCHOOL_GED G_HIGHSCHOOL               
                                                                             N_HIGHSCHOOL_GED                                  
                                              N_HC                      2    NO YES                                            
                                                                               The SAS System

---------------------------------------------------------------------------- Imputation Number=1 ----------------------------------------------------------------------------

                                                                           The CAUSALMED Procedure

                                                                             Summary of Effects
 
                                                                                  Standard          Wald 95% 
                                                                      Estimate       Error      Confidence Limits           Z    Pr > |Z|

                                    Total Effect                       -0.2065      0.3565     -0.9053      0.4922      -0.58      0.5623
                                    Controlled Direct Effect (CDE)     -0.1454      0.3491     -0.8296      0.5388      -0.42      0.6771
                                    Natural Direct Effect (NDE)        -0.1454      0.3491     -0.8296      0.5388      -0.42      0.6771
                                    Natural Indirect Effect (NIE)     -0.06115     0.07972     -0.2174     0.09510      -0.77      0.4431
                                    Percentage Mediated                29.6062     57.4254    -82.9455      142.16       0.52      0.6062
                                    Percentage Due to Interaction            0           .           .           .        .         .    
                                    Percentage Eliminated              29.6062     57.4254    -82.9455      142.16       0.52      0.6062
                                                                               The SAS System

---------------------------------------------------------------------------- Imputation Number=2 ----------------------------------------------------------------------------

                                                                           The CAUSALMED Procedure

                                                                              Model Information

                                                               Data Set                             WORK.DB_IN
                                                               Outcome Variable                            WAZ
                                                               Treatment Variable        cigarette_use_current
                                                               Mediator Variable                  BIRTHWT_GA_Z
                                                               Outcome Distribution                     Normal
                                                               Outcome Link Function                  Identity
                                                               Mediator Distribution                    Normal
                                                               Mediator Link Function                 Identity


                                                                   Number of Observations Read         227
                                                                   Number of Observations Used         138


                                                                           Class Level Information
 
                                              Class                Levels    Values

                                              CENTERNUM                 4    CHICAGO MIAMI SAN DIEGO BRONX                     
                                              INCOME_C2                 2    <30 >30                                           
                                              LANG_PREF                 2    SPANISH ENGLISH                                   
                                              BKGRD1_C7NOMISS           7    BK_OTHER CUBAN C_AMERICAN DOMINICAN P_RICAN SOUTH 
                                                                             MEXICAN                                           
                                              MARITAL_STATUS            3    COHABITING SEPARATED SINGLE                       
                                              EMPLOYEDYN                2    EMPLOYED NOT_EMPLOYED                             
                                              EDUCATION_C3              3    AT_MOST_HIGHSCHOOL_GED G_HIGHSCHOOL               
                                                                             N_HIGHSCHOOL_GED                                  
                                              N_HC                      2    NO YES                                            
                                                                               The SAS System

---------------------------------------------------------------------------- Imputation Number=2 ----------------------------------------------------------------------------

                                                                           The CAUSALMED Procedure

                                                                             Summary of Effects
 
                                                                                  Standard          Wald 95% 
                                                                      Estimate       Error      Confidence Limits           Z    Pr > |Z|

                                    Total Effect                       -0.1872      0.3580     -0.8889      0.5145      -0.52      0.6010
                                    Controlled Direct Effect (CDE)     -0.1191      0.3554     -0.8156      0.5774      -0.34      0.7375
                                    Natural Direct Effect (NDE)        -0.1191      0.3554     -0.8156      0.5774      -0.34      0.7375
                                    Natural Indirect Effect (NIE)     -0.06814     0.06719     -0.1998     0.06356      -1.01      0.3106
                                    Percentage Mediated                36.3919     73.9336     -108.52      181.30       0.49      0.6226
                                    Percentage Due to Interaction            0           .           .           .        .         .    
                                    Percentage Eliminated              36.3919     73.9336     -108.52      181.30       0.49      0.6226
                                                                               The SAS System

---------------------------------------------------------------------------- Imputation Number=3 ----------------------------------------------------------------------------

                                                                           The CAUSALMED Procedure

                                                                              Model Information

                                                               Data Set                             WORK.DB_IN
                                                               Outcome Variable                            WAZ
                                                               Treatment Variable        cigarette_use_current
                                                               Mediator Variable                  BIRTHWT_GA_Z
                                                               Outcome Distribution                     Normal
                                                               Outcome Link Function                  Identity
                                                               Mediator Distribution                    Normal
                                                               Mediator Link Function                 Identity


                                                                   Number of Observations Read         227
                                                                   Number of Observations Used         138


                                                                           Class Level Information
 
                                              Class                Levels    Values

                                              CENTERNUM                 4    CHICAGO MIAMI SAN DIEGO BRONX                     
                                              INCOME_C2                 2    <30 >30                                           
                                              LANG_PREF                 2    SPANISH ENGLISH                                   
                                              BKGRD1_C7NOMISS           7    BK_OTHER CUBAN C_AMERICAN DOMINICAN P_RICAN SOUTH 
                                                                             MEXICAN                                           
                                              MARITAL_STATUS            3    COHABITING SEPARATED SINGLE                       
                                              EMPLOYEDYN                2    EMPLOYED NOT_EMPLOYED                             
                                              EDUCATION_C3              3    AT_MOST_HIGHSCHOOL_GED G_HIGHSCHOOL               
                                                                             N_HIGHSCHOOL_GED                                  
                                              N_HC                      2    NO YES                                            
                                                                               The SAS System

---------------------------------------------------------------------------- Imputation Number=3 ----------------------------------------------------------------------------

                                                                           The CAUSALMED Procedure

                                                                             Summary of Effects
 
                                                                                  Standard          Wald 95% 
                                                                      Estimate       Error      Confidence Limits           Z    Pr > |Z|

                                    Total Effect                       -0.2015      0.3577     -0.9027      0.4996      -0.56      0.5732
                                    Controlled Direct Effect (CDE)     -0.1478      0.3558     -0.8452      0.5495      -0.42      0.6778
                                    Natural Direct Effect (NDE)        -0.1478      0.3558     -0.8452      0.5495      -0.42      0.6778
                                    Natural Indirect Effect (NIE)     -0.05370     0.05931     -0.1699     0.06254      -0.91      0.3652
                                    Percentage Mediated                26.6481     52.7530    -76.7458      130.04       0.51      0.6135
                                    Percentage Due to Interaction            0           .           .           .        .         .    
                                    Percentage Eliminated              26.6481     52.7530    -76.7458      130.04       0.51      0.6135
                                                                               The SAS System

---------------------------------------------------------------------------- Imputation Number=4 ----------------------------------------------------------------------------

                                                                           The CAUSALMED Procedure

                                                                              Model Information

                                                               Data Set                             WORK.DB_IN
                                                               Outcome Variable                            WAZ
                                                               Treatment Variable        cigarette_use_current
                                                               Mediator Variable                  BIRTHWT_GA_Z
                                                               Outcome Distribution                     Normal
                                                               Outcome Link Function                  Identity
                                                               Mediator Distribution                    Normal
                                                               Mediator Link Function                 Identity


                                                                   Number of Observations Read         227
                                                                   Number of Observations Used         138


                                                                           Class Level Information
 
                                              Class                Levels    Values

                                              CENTERNUM                 4    CHICAGO MIAMI SAN DIEGO BRONX                     
                                              INCOME_C2                 2    <30 >30                                           
                                              LANG_PREF                 2    SPANISH ENGLISH                                   
                                              BKGRD1_C7NOMISS           7    BK_OTHER CUBAN C_AMERICAN DOMINICAN P_RICAN SOUTH 
                                                                             MEXICAN                                           
                                              MARITAL_STATUS            3    COHABITING SEPARATED SINGLE                       
                                              EMPLOYEDYN                2    EMPLOYED NOT_EMPLOYED                             
                                              EDUCATION_C3              3    AT_MOST_HIGHSCHOOL_GED G_HIGHSCHOOL               
                                                                             N_HIGHSCHOOL_GED                                  
                                              N_HC                      2    NO YES                                            
                                                                               The SAS System

---------------------------------------------------------------------------- Imputation Number=4 ----------------------------------------------------------------------------

                                                                           The CAUSALMED Procedure

                                                                             Summary of Effects
 
                                                                                  Standard          Wald 95% 
                                                                      Estimate       Error      Confidence Limits           Z    Pr > |Z|

                                    Total Effect                       -0.1969      0.3585     -0.8995      0.5058      -0.55      0.5829
                                    Controlled Direct Effect (CDE)     -0.1354      0.3543     -0.8298      0.5591      -0.38      0.7025
                                    Natural Direct Effect (NDE)        -0.1354      0.3543     -0.8298      0.5591      -0.38      0.7025
                                    Natural Indirect Effect (NIE)     -0.06153     0.06891     -0.1966     0.07352      -0.89      0.3719
                                    Percentage Mediated                31.2533     61.9715    -90.2086      152.72       0.50      0.6140
                                    Percentage Due to Interaction            0           .           .           .        .         .    
                                    Percentage Eliminated              31.2533     61.9715    -90.2086      152.72       0.50      0.6140
                                                                               The SAS System

---------------------------------------------------------------------------- Imputation Number=5 ----------------------------------------------------------------------------

                                                                           The CAUSALMED Procedure

                                                                              Model Information

                                                               Data Set                             WORK.DB_IN
                                                               Outcome Variable                            WAZ
                                                               Treatment Variable        cigarette_use_current
                                                               Mediator Variable                  BIRTHWT_GA_Z
                                                               Outcome Distribution                     Normal
                                                               Outcome Link Function                  Identity
                                                               Mediator Distribution                    Normal
                                                               Mediator Link Function                 Identity


                                                                   Number of Observations Read         227
                                                                   Number of Observations Used         138


                                                                           Class Level Information
 
                                              Class                Levels    Values

                                              CENTERNUM                 4    CHICAGO MIAMI SAN DIEGO BRONX                     
                                              INCOME_C2                 2    <30 >30                                           
                                              LANG_PREF                 2    SPANISH ENGLISH                                   
                                              BKGRD1_C7NOMISS           7    BK_OTHER CUBAN C_AMERICAN DOMINICAN P_RICAN SOUTH 
                                                                             MEXICAN                                           
                                              MARITAL_STATUS            3    COHABITING SEPARATED SINGLE                       
                                              EMPLOYEDYN                2    EMPLOYED NOT_EMPLOYED                             
                                              EDUCATION_C3              3    AT_MOST_HIGHSCHOOL_GED G_HIGHSCHOOL               
                                                                             N_HIGHSCHOOL_GED                                  
                                              N_HC                      2    NO YES                                            
                                                                               The SAS System

---------------------------------------------------------------------------- Imputation Number=5 ----------------------------------------------------------------------------

                                                                           The CAUSALMED Procedure

                                                                             Summary of Effects
 
                                                                                  Standard          Wald 95% 
                                                                      Estimate       Error      Confidence Limits           Z    Pr > |Z|

                                    Total Effect                       -0.2020      0.3569     -0.9015      0.4975      -0.57      0.5714
                                    Controlled Direct Effect (CDE)     -0.1012      0.3470     -0.7813      0.5789      -0.29      0.7705
                                    Natural Direct Effect (NDE)        -0.1012      0.3470     -0.7813      0.5789      -0.29      0.7705
                                    Natural Indirect Effect (NIE)      -0.1008     0.09570     -0.2883     0.08680      -1.05      0.2923
                                    Percentage Mediated                49.8911     89.6796     -125.88      225.66       0.56      0.5780
                                    Percentage Due to Interaction            0           .           .           .        .         .    
                                    Percentage Eliminated              49.8911     89.6796     -125.88      225.66       0.56      0.5780
                                                                               The SAS System

---------------------------------------------------------------------------- Imputation Number=6 ----------------------------------------------------------------------------

                                                                           The CAUSALMED Procedure

                                                                              Model Information

                                                               Data Set                             WORK.DB_IN
                                                               Outcome Variable                            WAZ
                                                               Treatment Variable        cigarette_use_current
                                                               Mediator Variable                  BIRTHWT_GA_Z
                                                               Outcome Distribution                     Normal
                                                               Outcome Link Function                  Identity
                                                               Mediator Distribution                    Normal
                                                               Mediator Link Function                 Identity


                                                                   Number of Observations Read         227
                                                                   Number of Observations Used         138


                                                                           Class Level Information
 
                                              Class                Levels    Values

                                              CENTERNUM                 4    CHICAGO MIAMI SAN DIEGO BRONX                     
                                              INCOME_C2                 2    <30 >30                                           
                                              LANG_PREF                 2    SPANISH ENGLISH                                   
                                              BKGRD1_C7NOMISS           7    BK_OTHER CUBAN C_AMERICAN DOMINICAN P_RICAN SOUTH 
                                                                             MEXICAN                                           
                                              MARITAL_STATUS            3    COHABITING SEPARATED SINGLE                       
                                              EMPLOYEDYN                2    EMPLOYED NOT_EMPLOYED                             
                                              EDUCATION_C3              3    AT_MOST_HIGHSCHOOL_GED G_HIGHSCHOOL               
                                                                             N_HIGHSCHOOL_GED                                  
                                              N_HC                      2    NO YES                                            
                                                                               The SAS System

---------------------------------------------------------------------------- Imputation Number=6 ----------------------------------------------------------------------------

                                                                           The CAUSALMED Procedure

                                                                             Summary of Effects
 
                                                                                  Standard          Wald 95% 
                                                                      Estimate       Error      Confidence Limits           Z    Pr > |Z|

                                    Total Effect                       -0.2135      0.3568     -0.9128      0.4859      -0.60      0.5497
                                    Controlled Direct Effect (CDE)     -0.1398      0.3458     -0.8177      0.5380      -0.40      0.6860
                                    Natural Direct Effect (NDE)        -0.1398      0.3458     -0.8177      0.5380      -0.40      0.6860
                                    Natural Indirect Effect (NIE)     -0.07365     0.09399     -0.2579      0.1106      -0.78      0.4333
                                    Percentage Mediated                34.5025     63.3428    -89.6472      158.65       0.54      0.5860
                                    Percentage Due to Interaction            0           .           .           .        .         .    
                                    Percentage Eliminated              34.5025     63.3428    -89.6472      158.65       0.54      0.5860
                                                                               The SAS System

---------------------------------------------------------------------------- Imputation Number=7 ----------------------------------------------------------------------------

                                                                           The CAUSALMED Procedure

                                                                              Model Information

                                                               Data Set                             WORK.DB_IN
                                                               Outcome Variable                            WAZ
                                                               Treatment Variable        cigarette_use_current
                                                               Mediator Variable                  BIRTHWT_GA_Z
                                                               Outcome Distribution                     Normal
                                                               Outcome Link Function                  Identity
                                                               Mediator Distribution                    Normal
                                                               Mediator Link Function                 Identity


                                                                   Number of Observations Read         227
                                                                   Number of Observations Used         138


                                                                           Class Level Information
 
                                              Class                Levels    Values

                                              CENTERNUM                 4    CHICAGO MIAMI SAN DIEGO BRONX                     
                                              INCOME_C2                 2    <30 >30                                           
                                              LANG_PREF                 2    SPANISH ENGLISH                                   
                                              BKGRD1_C7NOMISS           7    BK_OTHER CUBAN C_AMERICAN DOMINICAN P_RICAN SOUTH 
                                                                             MEXICAN                                           
                                              MARITAL_STATUS            3    COHABITING SEPARATED SINGLE                       
                                              EMPLOYEDYN                2    EMPLOYED NOT_EMPLOYED                             
                                              EDUCATION_C3              3    AT_MOST_HIGHSCHOOL_GED G_HIGHSCHOOL               
                                                                             N_HIGHSCHOOL_GED                                  
                                              N_HC                      2    NO YES                                            
                                                                               The SAS System

---------------------------------------------------------------------------- Imputation Number=7 ----------------------------------------------------------------------------

                                                                           The CAUSALMED Procedure

                                                                             Summary of Effects
 
                                                                                  Standard          Wald 95% 
                                                                      Estimate       Error      Confidence Limits           Z    Pr > |Z|

                                    Total Effect                       -0.2004      0.3586     -0.9032      0.5023      -0.56      0.5762
                                    Controlled Direct Effect (CDE)     -0.1054      0.3462     -0.7839      0.5731      -0.30      0.7608
                                    Natural Direct Effect (NDE)        -0.1054      0.3462     -0.7839      0.5731      -0.30      0.7608
                                    Natural Indirect Effect (NIE)     -0.09505      0.1018     -0.2946      0.1045      -0.93      0.3504
                                    Percentage Mediated                47.4213     86.7294     -122.57      217.41       0.55      0.5845
                                    Percentage Due to Interaction            0           .           .           .        .         .    
                                    Percentage Eliminated              47.4213     86.7294     -122.57      217.41       0.55      0.5845
                                                                               The SAS System

---------------------------------------------------------------------------- Imputation Number=8 ----------------------------------------------------------------------------

                                                                           The CAUSALMED Procedure

                                                                              Model Information

                                                               Data Set                             WORK.DB_IN
                                                               Outcome Variable                            WAZ
                                                               Treatment Variable        cigarette_use_current
                                                               Mediator Variable                  BIRTHWT_GA_Z
                                                               Outcome Distribution                     Normal
                                                               Outcome Link Function                  Identity
                                                               Mediator Distribution                    Normal
                                                               Mediator Link Function                 Identity


                                                                   Number of Observations Read         227
                                                                   Number of Observations Used         138


                                                                           Class Level Information
 
                                              Class                Levels    Values

                                              CENTERNUM                 4    CHICAGO MIAMI SAN DIEGO BRONX                     
                                              INCOME_C2                 2    <30 >30                                           
                                              LANG_PREF                 2    SPANISH ENGLISH                                   
                                              BKGRD1_C7NOMISS           7    BK_OTHER CUBAN C_AMERICAN DOMINICAN P_RICAN SOUTH 
                                                                             MEXICAN                                           
                                              MARITAL_STATUS            3    COHABITING SEPARATED SINGLE                       
                                              EMPLOYEDYN                2    EMPLOYED NOT_EMPLOYED                             
                                              EDUCATION_C3              3    AT_MOST_HIGHSCHOOL_GED G_HIGHSCHOOL               
                                                                             N_HIGHSCHOOL_GED                                  
                                              N_HC                      2    NO YES                                            
                                                                               The SAS System

---------------------------------------------------------------------------- Imputation Number=8 ----------------------------------------------------------------------------

                                                                           The CAUSALMED Procedure

                                                                             Summary of Effects
 
                                                                                  Standard          Wald 95% 
                                                                      Estimate       Error      Confidence Limits           Z    Pr > |Z|

                                    Total Effect                       -0.2144      0.3579     -0.9159      0.4871      -0.60      0.5491
                                    Controlled Direct Effect (CDE)     -0.1583      0.3535     -0.8512      0.5346      -0.45      0.6544
                                    Natural Direct Effect (NDE)        -0.1583      0.3535     -0.8512      0.5346      -0.45      0.6544
                                    Natural Indirect Effect (NIE)     -0.05614     0.06771     -0.1888     0.07657      -0.83      0.4070
                                    Percentage Mediated                26.1844     49.6934    -71.2130      123.58       0.53      0.5983
                                    Percentage Due to Interaction            0           .           .           .        .         .    
                                    Percentage Eliminated              26.1844     49.6934    -71.2130      123.58       0.53      0.5983
                                                                               The SAS System

---------------------------------------------------------------------------- Imputation Number=9 ----------------------------------------------------------------------------

                                                                           The CAUSALMED Procedure

                                                                              Model Information

                                                               Data Set                             WORK.DB_IN
                                                               Outcome Variable                            WAZ
                                                               Treatment Variable        cigarette_use_current
                                                               Mediator Variable                  BIRTHWT_GA_Z
                                                               Outcome Distribution                     Normal
                                                               Outcome Link Function                  Identity
                                                               Mediator Distribution                    Normal
                                                               Mediator Link Function                 Identity


                                                                   Number of Observations Read         227
                                                                   Number of Observations Used         138


                                                                           Class Level Information
 
                                              Class                Levels    Values

                                              CENTERNUM                 4    CHICAGO MIAMI SAN DIEGO BRONX                     
                                              INCOME_C2                 2    <30 >30                                           
                                              LANG_PREF                 2    SPANISH ENGLISH                                   
                                              BKGRD1_C7NOMISS           7    BK_OTHER CUBAN C_AMERICAN DOMINICAN P_RICAN SOUTH 
                                                                             MEXICAN                                           
                                              MARITAL_STATUS            3    COHABITING SEPARATED SINGLE                       
                                              EMPLOYEDYN                2    EMPLOYED NOT_EMPLOYED                             
                                              EDUCATION_C3              3    AT_MOST_HIGHSCHOOL_GED G_HIGHSCHOOL               
                                                                             N_HIGHSCHOOL_GED                                  
                                              N_HC                      2    NO YES                                            
                                                                               The SAS System

---------------------------------------------------------------------------- Imputation Number=9 ----------------------------------------------------------------------------

                                                                           The CAUSALMED Procedure

                                                                             Summary of Effects
 
                                                                                  Standard          Wald 95% 
                                                                      Estimate       Error      Confidence Limits           Z    Pr > |Z|

                                    Total Effect                       -0.2036      0.3594     -0.9080      0.5008      -0.57      0.5710
                                    Controlled Direct Effect (CDE)    -0.09745      0.3496     -0.7827      0.5878      -0.28      0.7804
                                    Natural Direct Effect (NDE)       -0.09745      0.3496     -0.7827      0.5878      -0.28      0.7804
                                    Natural Indirect Effect (NIE)      -0.1062     0.09671     -0.2957     0.08339      -1.10      0.2723
                                    Percentage Mediated                52.1369     93.1546     -130.44      234.72       0.56      0.5757
                                    Percentage Due to Interaction            0           .           .           .        .         .    
                                    Percentage Eliminated              52.1369     93.1546     -130.44      234.72       0.56      0.5757
                                                                               The SAS System

--------------------------------------------------------------------------- Imputation Number=10 ----------------------------------------------------------------------------

                                                                           The CAUSALMED Procedure

                                                                              Model Information

                                                               Data Set                             WORK.DB_IN
                                                               Outcome Variable                            WAZ
                                                               Treatment Variable        cigarette_use_current
                                                               Mediator Variable                  BIRTHWT_GA_Z
                                                               Outcome Distribution                     Normal
                                                               Outcome Link Function                  Identity
                                                               Mediator Distribution                    Normal
                                                               Mediator Link Function                 Identity


                                                                   Number of Observations Read         227
                                                                   Number of Observations Used         138


                                                                           Class Level Information
 
                                              Class                Levels    Values

                                              CENTERNUM                 4    CHICAGO MIAMI SAN DIEGO BRONX                     
                                              INCOME_C2                 2    <30 >30                                           
                                              LANG_PREF                 2    SPANISH ENGLISH                                   
                                              BKGRD1_C7NOMISS           7    BK_OTHER CUBAN C_AMERICAN DOMINICAN P_RICAN SOUTH 
                                                                             MEXICAN                                           
                                              MARITAL_STATUS            3    COHABITING SEPARATED SINGLE                       
                                              EMPLOYEDYN                2    EMPLOYED NOT_EMPLOYED                             
                                              EDUCATION_C3              3    AT_MOST_HIGHSCHOOL_GED G_HIGHSCHOOL               
                                                                             N_HIGHSCHOOL_GED                                  
                                              N_HC                      2    NO YES                                            
                                                                               The SAS System

--------------------------------------------------------------------------- Imputation Number=10 ----------------------------------------------------------------------------

                                                                           The CAUSALMED Procedure

                                                                             Summary of Effects
 
                                                                                  Standard          Wald 95% 
                                                                      Estimate       Error      Confidence Limits           Z    Pr > |Z|

                                    Total Effect                       -0.1949      0.3586     -0.8978      0.5079      -0.54      0.5867
                                    Controlled Direct Effect (CDE)     -0.1190      0.3529     -0.8107      0.5728      -0.34      0.7361
                                    Natural Direct Effect (NDE)        -0.1190      0.3529     -0.8107      0.5728      -0.34      0.7361
                                    Natural Indirect Effect (NIE)     -0.07597     0.07796     -0.2288     0.07683      -0.97      0.3298
                                    Percentage Mediated                38.9729     75.5143     -109.03      186.98       0.52      0.6058
                                    Percentage Due to Interaction            0           .           .           .        .         .    
                                    Percentage Eliminated              38.9729     75.5143     -109.03      186.98       0.52      0.6058
                                                                               The SAS System

------------------------------------------------------------------- Effect=Controlled Direct Effect (CDE) -------------------------------------------------------------------

                                                                           The MIANALYZE Procedure

                                                                              Model Information

                                                          Data Set                  WORK.DB_CIGARETTE_USE_CURRENT_0
                                                          Number of Imputations     10                             


                                                                    Variance Information (10 Imputations)
 
                                                                                                       Relative       Fraction
                                             -----------------Variance-----------------                Increase        Missing       Relative
                                Parameter         Between         Within          Total       DF    in Variance    Information     Efficiency

                                Estimate         0.000457       0.123194       0.123697   544324       0.004083       0.004070       0.999593


                                                                    Parameter Estimates (10 Imputations)
 
                                                                                                                                             t for H0:
           Parameter        Estimate      Std Error    95% Confidence Limits        DF        Minimum        Maximum         Theta0   Parameter=Theta0   Pr > |t|

           Estimate        -0.126877       0.351706     -0.81621     0.562455   544324      -0.158266      -0.097454              0              -0.36     0.7183
                                                                               The SAS System

-------------------------------------------------------------------- Effect=Natural Direct Effect (NDE) ---------------------------------------------------------------------

                                                                           The MIANALYZE Procedure

                                                                              Model Information

                                                          Data Set                  WORK.DB_CIGARETTE_USE_CURRENT_0
                                                          Number of Imputations     10                             


                                                                    Variance Information (10 Imputations)
 
                                                                                                       Relative       Fraction
                                             -----------------Variance-----------------                Increase        Missing       Relative
                                Parameter         Between         Within          Total       DF    in Variance    Information     Efficiency

                                Estimate         0.000457       0.123194       0.123697   544324       0.004083       0.004070       0.999593


                                                                    Parameter Estimates (10 Imputations)
 
                                                                                                                                             t for H0:
           Parameter        Estimate      Std Error    95% Confidence Limits        DF        Minimum        Maximum         Theta0   Parameter=Theta0   Pr > |t|

           Estimate        -0.126877       0.351706     -0.81621     0.562455   544324      -0.158266      -0.097454              0              -0.36     0.7183
                                                                               The SAS System

------------------------------------------------------------------- Effect=Natural Indirect Effect (NIE) --------------------------------------------------------------------

                                                                           The MIANALYZE Procedure

                                                                              Model Information

                                                          Data Set                  WORK.DB_CIGARETTE_USE_CURRENT_0
                                                          Number of Imputations     10                             


                                                                    Variance Information (10 Imputations)
 
                                                                                                       Relative       Fraction
                                             -----------------Variance-----------------                Increase        Missing       Relative
                                Parameter         Between         Within          Total       DF    in Variance    Information     Efficiency

                                Estimate         0.000363       0.006751       0.007150   2882.2       0.059188       0.056535       0.994378


                                                                    Parameter Estimates (10 Imputations)
 
                                                                                                                                             t for H0:
           Parameter        Estimate      Std Error    95% Confidence Limits        DF        Minimum        Maximum         Theta0   Parameter=Theta0   Pr > |t|

           Estimate        -0.075227       0.084558     -0.24103     0.090573   2882.2      -0.106156      -0.053704              0              -0.89     0.3737
                                                                               The SAS System

----------------------------------------------------------------------- Effect=Percentage Eliminated ------------------------------------------------------------------------

                                                                           The MIANALYZE Procedure

                                                                              Model Information

                                                          Data Set                  WORK.DB_CIGARETTE_USE_CURRENT_0
                                                          Number of Imputations     10                             


                                                                    Variance Information (10 Imputations)
 
                                                                                                       Relative       Fraction
                                             -----------------Variance-----------------                Increase        Missing       Relative
                                Parameter         Between         Within          Total       DF    in Variance    Information     Efficiency

                                Estimate        91.704293    5181.354580    5282.229303    24678       0.019469       0.019176       0.998086


                                                                    Parameter Estimates (10 Imputations)
 
                                                                                                                                             t for H0:
           Parameter        Estimate      Std Error    95% Confidence Limits        DF        Minimum        Maximum         Theta0   Parameter=Theta0   Pr > |t|

           Estimate        37.300855      72.678947     -105.154     179.7560    24678      26.184351      52.136930              0               0.51     0.6078
                                                                               The SAS System

------------------------------------------------------------------------ Effect=Percentage Mediated -------------------------------------------------------------------------

                                                                           The MIANALYZE Procedure

                                                                              Model Information

                                                          Data Set                  WORK.DB_CIGARETTE_USE_CURRENT_0
                                                          Number of Imputations     10                             


                                                                    Variance Information (10 Imputations)
 
                                                                                                       Relative       Fraction
                                             -----------------Variance-----------------                Increase        Missing       Relative
                                Parameter         Between         Within          Total       DF    in Variance    Information     Efficiency

                                Estimate        91.704293    5181.354580    5282.229303    24678       0.019469       0.019176       0.998086


                                                                    Parameter Estimates (10 Imputations)
 
                                                                                                                                             t for H0:
           Parameter        Estimate      Std Error    95% Confidence Limits        DF        Minimum        Maximum         Theta0   Parameter=Theta0   Pr > |t|

           Estimate        37.300855      72.678947     -105.154     179.7560    24678      26.184351      52.136930              0               0.51     0.6078
                                                                               The SAS System

---------------------------------------------------------------------------- Effect=Total Effect ----------------------------------------------------------------------------

                                                                           The MIANALYZE Procedure

                                                                              Model Information

                                                          Data Set                  WORK.DB_CIGARETTE_USE_CURRENT_0
                                                          Number of Imputations     10                             


                                                                    Variance Information (10 Imputations)
 
                                                                                                       Relative       Fraction
                                             -----------------Variance-----------------                Increase        Missing       Relative
                                Parameter         Between         Within          Total       DF    in Variance    Information     Efficiency

                                Estimate      0.000067290       0.128088       0.128162    2.7E7       0.000578       0.000578       0.999942


                                                                    Parameter Estimates (10 Imputations)
 
                                                                                                                                             t for H0:
           Parameter        Estimate      Std Error    95% Confidence Limits        DF        Minimum        Maximum         Theta0   Parameter=Theta0   Pr > |t|

           Estimate        -0.202105       0.357997     -0.90377     0.499557    2.7E7      -0.214407      -0.187226              0              -0.56     0.5724
                                                                               The SAS System

---------------------------------------------------------------------------- Imputation Number=1 ----------------------------------------------------------------------------

                                                                           The CAUSALMED Procedure

                                                                             Model Information

                                                                   Data Set                    WORK.DB_IN
                                                                   Outcome Variable                   WAZ
                                                                   Treatment Variable             HEI2010
                                                                   Mediator Variable         BIRTHWT_GA_Z
                                                                   Outcome Distribution            Normal
                                                                   Outcome Link Function         Identity
                                                                   Mediator Distribution           Normal
                                                                   Mediator Link Function        Identity


                                                                   Number of Observations Read         227
                                                                   Number of Observations Used         138


                                                                           Class Level Information
 
                                              Class                Levels    Values

                                              CENTERNUM                 4    CHICAGO MIAMI SAN DIEGO BRONX                     
                                              INCOME_C2                 2    <30 >30                                           
                                              LANG_PREF                 2    SPANISH ENGLISH                                   
                                              BKGRD1_C7NOMISS           7    BK_OTHER CUBAN C_AMERICAN DOMINICAN P_RICAN SOUTH 
                                                                             MEXICAN                                           
                                              MARITAL_STATUS            3    COHABITING SEPARATED SINGLE                       
                                              EMPLOYEDYN                2    EMPLOYED NOT_EMPLOYED                             
                                              EDUCATION_C3              3    AT_MOST_HIGHSCHOOL_GED G_HIGHSCHOOL               
                                                                             N_HIGHSCHOOL_GED                                  
                                              N_HC                      2    NO YES                                            
                                                                               The SAS System

---------------------------------------------------------------------------- Imputation Number=1 ----------------------------------------------------------------------------

                                                                           The CAUSALMED Procedure

                                                                             Summary of Effects
 
                                                                                  Standard          Wald 95% 
                                                                      Estimate       Error      Confidence Limits           Z    Pr > |Z|

                                    Total Effect                      0.005223    0.007443    -0.00937     0.01981       0.70      0.4829
                                    Controlled Direct Effect (CDE)    0.003736    0.007295    -0.01056     0.01803       0.51      0.6085
                                    Natural Direct Effect (NDE)       0.003736    0.007295    -0.01056     0.01803       0.51      0.6085
                                    Natural Indirect Effect (NIE)     0.001487    0.001691    -0.00183    0.004800       0.88      0.3793
                                    Percentage Mediated                28.4645     46.5522    -62.7760      119.71       0.61      0.5409
                                    Percentage Due to Interaction            0           .           .           .        .         .    
                                    Percentage Eliminated              28.4645     46.5522    -62.7760      119.71       0.61      0.5409
                                                                               The SAS System

---------------------------------------------------------------------------- Imputation Number=2 ----------------------------------------------------------------------------

                                                                           The CAUSALMED Procedure

                                                                             Model Information

                                                                   Data Set                    WORK.DB_IN
                                                                   Outcome Variable                   WAZ
                                                                   Treatment Variable             HEI2010
                                                                   Mediator Variable         BIRTHWT_GA_Z
                                                                   Outcome Distribution            Normal
                                                                   Outcome Link Function         Identity
                                                                   Mediator Distribution           Normal
                                                                   Mediator Link Function        Identity


                                                                   Number of Observations Read         227
                                                                   Number of Observations Used         138


                                                                           Class Level Information
 
                                              Class                Levels    Values

                                              CENTERNUM                 4    CHICAGO MIAMI SAN DIEGO BRONX                     
                                              INCOME_C2                 2    <30 >30                                           
                                              LANG_PREF                 2    SPANISH ENGLISH                                   
                                              BKGRD1_C7NOMISS           7    BK_OTHER CUBAN C_AMERICAN DOMINICAN P_RICAN SOUTH 
                                                                             MEXICAN                                           
                                              MARITAL_STATUS            3    COHABITING SEPARATED SINGLE                       
                                              EMPLOYEDYN                2    EMPLOYED NOT_EMPLOYED                             
                                              EDUCATION_C3              3    AT_MOST_HIGHSCHOOL_GED G_HIGHSCHOOL               
                                                                             N_HIGHSCHOOL_GED                                  
                                              N_HC                      2    NO YES                                            
                                                                               The SAS System

---------------------------------------------------------------------------- Imputation Number=2 ----------------------------------------------------------------------------

                                                                           The CAUSALMED Procedure

                                                                             Summary of Effects
 
                                                                                  Standard          Wald 95% 
                                                                      Estimate       Error      Confidence Limits           Z    Pr > |Z|

                                    Total Effect                      0.005179    0.007461    -0.00945     0.01980       0.69      0.4876
                                    Controlled Direct Effect (CDE)    0.003446    0.007425    -0.01111     0.01800       0.46      0.6425
                                    Natural Direct Effect (NDE)       0.003446    0.007425    -0.01111     0.01800       0.46      0.6425
                                    Natural Indirect Effect (NIE)     0.001732    0.001496    -0.00120    0.004665       1.16      0.2470
                                    Percentage Mediated                33.4515     53.0190    -70.4639      137.37       0.63      0.5281
                                    Percentage Due to Interaction            0           .           .           .        .         .    
                                    Percentage Eliminated              33.4515     53.0190    -70.4639      137.37       0.63      0.5281
                                                                               The SAS System

---------------------------------------------------------------------------- Imputation Number=3 ----------------------------------------------------------------------------

                                                                           The CAUSALMED Procedure

                                                                             Model Information

                                                                   Data Set                    WORK.DB_IN
                                                                   Outcome Variable                   WAZ
                                                                   Treatment Variable             HEI2010
                                                                   Mediator Variable         BIRTHWT_GA_Z
                                                                   Outcome Distribution            Normal
                                                                   Outcome Link Function         Identity
                                                                   Mediator Distribution           Normal
                                                                   Mediator Link Function        Identity


                                                                   Number of Observations Read         227
                                                                   Number of Observations Used         138


                                                                           Class Level Information
 
                                              Class                Levels    Values

                                              CENTERNUM                 4    CHICAGO MIAMI SAN DIEGO BRONX                     
                                              INCOME_C2                 2    <30 >30                                           
                                              LANG_PREF                 2    SPANISH ENGLISH                                   
                                              BKGRD1_C7NOMISS           7    BK_OTHER CUBAN C_AMERICAN DOMINICAN P_RICAN SOUTH 
                                                                             MEXICAN                                           
                                              MARITAL_STATUS            3    COHABITING SEPARATED SINGLE                       
                                              EMPLOYEDYN                2    EMPLOYED NOT_EMPLOYED                             
                                              EDUCATION_C3              3    AT_MOST_HIGHSCHOOL_GED G_HIGHSCHOOL               
                                                                             N_HIGHSCHOOL_GED                                  
                                              N_HC                      2    NO YES                                            
                                                                               The SAS System

---------------------------------------------------------------------------- Imputation Number=3 ----------------------------------------------------------------------------

                                                                           The CAUSALMED Procedure

                                                                             Summary of Effects
 
                                                                                  Standard          Wald 95% 
                                                                      Estimate       Error      Confidence Limits           Z    Pr > |Z|

                                    Total Effect                      0.005012    0.007471    -0.00963     0.01965       0.67      0.5023
                                    Controlled Direct Effect (CDE)    0.003934    0.007428    -0.01062     0.01849       0.53      0.5964
                                    Natural Direct Effect (NDE)       0.003934    0.007428    -0.01062     0.01849       0.53      0.5964
                                    Natural Indirect Effect (NIE)     0.001078    0.001224    -0.00132    0.003477       0.88      0.3785
                                    Percentage Mediated                21.5081     37.9706    -52.9129     95.9291       0.57      0.5711
                                    Percentage Due to Interaction            0           .           .           .        .         .    
                                    Percentage Eliminated              21.5081     37.9706    -52.9129     95.9291       0.57      0.5711
                                                                               The SAS System

---------------------------------------------------------------------------- Imputation Number=4 ----------------------------------------------------------------------------

                                                                           The CAUSALMED Procedure

                                                                             Model Information

                                                                   Data Set                    WORK.DB_IN
                                                                   Outcome Variable                   WAZ
                                                                   Treatment Variable             HEI2010
                                                                   Mediator Variable         BIRTHWT_GA_Z
                                                                   Outcome Distribution            Normal
                                                                   Outcome Link Function         Identity
                                                                   Mediator Distribution           Normal
                                                                   Mediator Link Function        Identity


                                                                   Number of Observations Read         227
                                                                   Number of Observations Used         138


                                                                           Class Level Information
 
                                              Class                Levels    Values

                                              CENTERNUM                 4    CHICAGO MIAMI SAN DIEGO BRONX                     
                                              INCOME_C2                 2    <30 >30                                           
                                              LANG_PREF                 2    SPANISH ENGLISH                                   
                                              BKGRD1_C7NOMISS           7    BK_OTHER CUBAN C_AMERICAN DOMINICAN P_RICAN SOUTH 
                                                                             MEXICAN                                           
                                              MARITAL_STATUS            3    COHABITING SEPARATED SINGLE                       
                                              EMPLOYEDYN                2    EMPLOYED NOT_EMPLOYED                             
                                              EDUCATION_C3              3    AT_MOST_HIGHSCHOOL_GED G_HIGHSCHOOL               
                                                                             N_HIGHSCHOOL_GED                                  
                                              N_HC                      2    NO YES                                            
                                                                               The SAS System

---------------------------------------------------------------------------- Imputation Number=4 ----------------------------------------------------------------------------

                                                                           The CAUSALMED Procedure

                                                                             Summary of Effects
 
                                                                                  Standard          Wald 95% 
                                                                      Estimate       Error      Confidence Limits           Z    Pr > |Z|

                                    Total Effect                      0.004929    0.007472    -0.00972     0.01958       0.66      0.5095
                                    Controlled Direct Effect (CDE)    0.003051    0.007415    -0.01148     0.01758       0.41      0.6807
                                    Natural Direct Effect (NDE)       0.003051    0.007415    -0.01148     0.01758       0.41      0.6807
                                    Natural Indirect Effect (NIE)     0.001878    0.001582    -0.00122    0.004979       1.19      0.2352
                                    Percentage Mediated                38.0985     61.9639    -83.3485      159.55       0.61      0.5387
                                    Percentage Due to Interaction            0           .           .           .        .         .    
                                    Percentage Eliminated              38.0985     61.9639    -83.3485      159.55       0.61      0.5387
                                                                               The SAS System

---------------------------------------------------------------------------- Imputation Number=5 ----------------------------------------------------------------------------

                                                                           The CAUSALMED Procedure

                                                                             Model Information

                                                                   Data Set                    WORK.DB_IN
                                                                   Outcome Variable                   WAZ
                                                                   Treatment Variable             HEI2010
                                                                   Mediator Variable         BIRTHWT_GA_Z
                                                                   Outcome Distribution            Normal
                                                                   Outcome Link Function         Identity
                                                                   Mediator Distribution           Normal
                                                                   Mediator Link Function        Identity


                                                                   Number of Observations Read         227
                                                                   Number of Observations Used         138


                                                                           Class Level Information
 
                                              Class                Levels    Values

                                              CENTERNUM                 4    CHICAGO MIAMI SAN DIEGO BRONX                     
                                              INCOME_C2                 2    <30 >30                                           
                                              LANG_PREF                 2    SPANISH ENGLISH                                   
                                              BKGRD1_C7NOMISS           7    BK_OTHER CUBAN C_AMERICAN DOMINICAN P_RICAN SOUTH 
                                                                             MEXICAN                                           
                                              MARITAL_STATUS            3    COHABITING SEPARATED SINGLE                       
                                              EMPLOYEDYN                2    EMPLOYED NOT_EMPLOYED                             
                                              EDUCATION_C3              3    AT_MOST_HIGHSCHOOL_GED G_HIGHSCHOOL               
                                                                             N_HIGHSCHOOL_GED                                  
                                              N_HC                      2    NO YES                                            
                                                                               The SAS System

---------------------------------------------------------------------------- Imputation Number=5 ----------------------------------------------------------------------------

                                                                           The CAUSALMED Procedure

                                                                             Summary of Effects
 
                                                                                  Standard          Wald 95% 
                                                                      Estimate       Error      Confidence Limits           Z    Pr > |Z|

                                    Total Effect                      0.005245    0.007433    -0.00932     0.01981       0.71      0.4805
                                    Controlled Direct Effect (CDE)    0.002610    0.007245    -0.01159     0.01681       0.36      0.7187
                                    Natural Direct Effect (NDE)       0.002610    0.007245    -0.01159     0.01681       0.36      0.7187
                                    Natural Indirect Effect (NIE)     0.002635    0.002060    -0.00140    0.006673       1.28      0.2009
                                    Percentage Mediated                50.2394     73.0368    -92.9102      193.39       0.69      0.4915
                                    Percentage Due to Interaction            0           .           .           .        .         .    
                                    Percentage Eliminated              50.2394     73.0368    -92.9102      193.39       0.69      0.4915
                                                                               The SAS System

---------------------------------------------------------------------------- Imputation Number=6 ----------------------------------------------------------------------------

                                                                           The CAUSALMED Procedure

                                                                             Model Information

                                                                   Data Set                    WORK.DB_IN
                                                                   Outcome Variable                   WAZ
                                                                   Treatment Variable             HEI2010
                                                                   Mediator Variable         BIRTHWT_GA_Z
                                                                   Outcome Distribution            Normal
                                                                   Outcome Link Function         Identity
                                                                   Mediator Distribution           Normal
                                                                   Mediator Link Function        Identity


                                                                   Number of Observations Read         227
                                                                   Number of Observations Used         138


                                                                           Class Level Information
 
                                              Class                Levels    Values

                                              CENTERNUM                 4    CHICAGO MIAMI SAN DIEGO BRONX                     
                                              INCOME_C2                 2    <30 >30                                           
                                              LANG_PREF                 2    SPANISH ENGLISH                                   
                                              BKGRD1_C7NOMISS           7    BK_OTHER CUBAN C_AMERICAN DOMINICAN P_RICAN SOUTH 
                                                                             MEXICAN                                           
                                              MARITAL_STATUS            3    COHABITING SEPARATED SINGLE                       
                                              EMPLOYEDYN                2    EMPLOYED NOT_EMPLOYED                             
                                              EDUCATION_C3              3    AT_MOST_HIGHSCHOOL_GED G_HIGHSCHOOL               
                                                                             N_HIGHSCHOOL_GED                                  
                                              N_HC                      2    NO YES                                            
                                                                               The SAS System

---------------------------------------------------------------------------- Imputation Number=6 ----------------------------------------------------------------------------

                                                                           The CAUSALMED Procedure

                                                                             Summary of Effects
 
                                                                                  Standard          Wald 95% 
                                                                      Estimate       Error      Confidence Limits           Z    Pr > |Z|

                                    Total Effect                      0.005232    0.007458    -0.00939     0.01985       0.70      0.4830
                                    Controlled Direct Effect (CDE)    0.002847    0.007253    -0.01137     0.01706       0.39      0.6946
                                    Natural Direct Effect (NDE)       0.002847    0.007253    -0.01137     0.01706       0.39      0.6946
                                    Natural Indirect Effect (NIE)     0.002384    0.002051    -0.00163    0.006404       1.16      0.2449
                                    Percentage Mediated                45.5753     67.4832    -86.6893      177.84       0.68      0.4994
                                    Percentage Due to Interaction            0           .           .           .        .         .    
                                    Percentage Eliminated              45.5753     67.4832    -86.6893      177.84       0.68      0.4994
                                                                               The SAS System

---------------------------------------------------------------------------- Imputation Number=7 ----------------------------------------------------------------------------

                                                                           The CAUSALMED Procedure

                                                                             Model Information

                                                                   Data Set                    WORK.DB_IN
                                                                   Outcome Variable                   WAZ
                                                                   Treatment Variable             HEI2010
                                                                   Mediator Variable         BIRTHWT_GA_Z
                                                                   Outcome Distribution            Normal
                                                                   Outcome Link Function         Identity
                                                                   Mediator Distribution           Normal
                                                                   Mediator Link Function        Identity


                                                                   Number of Observations Read         227
                                                                   Number of Observations Used         138


                                                                           Class Level Information
 
                                              Class                Levels    Values

                                              CENTERNUM                 4    CHICAGO MIAMI SAN DIEGO BRONX                     
                                              INCOME_C2                 2    <30 >30                                           
                                              LANG_PREF                 2    SPANISH ENGLISH                                   
                                              BKGRD1_C7NOMISS           7    BK_OTHER CUBAN C_AMERICAN DOMINICAN P_RICAN SOUTH 
                                                                             MEXICAN                                           
                                              MARITAL_STATUS            3    COHABITING SEPARATED SINGLE                       
                                              EMPLOYEDYN                2    EMPLOYED NOT_EMPLOYED                             
                                              EDUCATION_C3              3    AT_MOST_HIGHSCHOOL_GED G_HIGHSCHOOL               
                                                                             N_HIGHSCHOOL_GED                                  
                                              N_HC                      2    NO YES                                            
                                                                               The SAS System

---------------------------------------------------------------------------- Imputation Number=7 ----------------------------------------------------------------------------

                                                                           The CAUSALMED Procedure

                                                                             Summary of Effects
 
                                                                                  Standard          Wald 95% 
                                                                      Estimate       Error      Confidence Limits           Z    Pr > |Z|

                                    Total Effect                      0.005039    0.007487    -0.00963     0.01971       0.67      0.5009
                                    Controlled Direct Effect (CDE)    0.002805    0.007234    -0.01137     0.01698       0.39      0.6982
                                    Natural Direct Effect (NDE)       0.002805    0.007234    -0.01137     0.01698       0.39      0.6982
                                    Natural Indirect Effect (NIE)     0.002234    0.002148    -0.00198    0.006443       1.04      0.2982
                                    Percentage Mediated                44.3339     68.5669    -90.0547      178.72       0.65      0.5179
                                    Percentage Due to Interaction            0           .           .           .        .         .    
                                    Percentage Eliminated              44.3339     68.5669    -90.0547      178.72       0.65      0.5179
                                                                               The SAS System

---------------------------------------------------------------------------- Imputation Number=8 ----------------------------------------------------------------------------

                                                                           The CAUSALMED Procedure

                                                                             Model Information

                                                                   Data Set                    WORK.DB_IN
                                                                   Outcome Variable                   WAZ
                                                                   Treatment Variable             HEI2010
                                                                   Mediator Variable         BIRTHWT_GA_Z
                                                                   Outcome Distribution            Normal
                                                                   Outcome Link Function         Identity
                                                                   Mediator Distribution           Normal
                                                                   Mediator Link Function        Identity


                                                                   Number of Observations Read         227
                                                                   Number of Observations Used         138


                                                                           Class Level Information
 
                                              Class                Levels    Values

                                              CENTERNUM                 4    CHICAGO MIAMI SAN DIEGO BRONX                     
                                              INCOME_C2                 2    <30 >30                                           
                                              LANG_PREF                 2    SPANISH ENGLISH                                   
                                              BKGRD1_C7NOMISS           7    BK_OTHER CUBAN C_AMERICAN DOMINICAN P_RICAN SOUTH 
                                                                             MEXICAN                                           
                                              MARITAL_STATUS            3    COHABITING SEPARATED SINGLE                       
                                              EMPLOYEDYN                2    EMPLOYED NOT_EMPLOYED                             
                                              EDUCATION_C3              3    AT_MOST_HIGHSCHOOL_GED G_HIGHSCHOOL               
                                                                             N_HIGHSCHOOL_GED                                  
                                              N_HC                      2    NO YES                                            
                                                                               The SAS System

---------------------------------------------------------------------------- Imputation Number=8 ----------------------------------------------------------------------------

                                                                           The CAUSALMED Procedure

                                                                             Summary of Effects
 
                                                                                  Standard          Wald 95% 
                                                                      Estimate       Error      Confidence Limits           Z    Pr > |Z|

                                    Total Effect                      0.005269    0.007478    -0.00939     0.01993       0.70      0.4811
                                    Controlled Direct Effect (CDE)    0.003739    0.007402    -0.01077     0.01825       0.51      0.6135
                                    Natural Direct Effect (NDE)       0.003739    0.007402    -0.01077     0.01825       0.51      0.6135
                                    Natural Indirect Effect (NIE)     0.001530    0.001492    -0.00139    0.004455       1.03      0.3052
                                    Percentage Mediated                29.0435     46.3705    -61.8409      119.93       0.63      0.5311
                                    Percentage Due to Interaction            0           .           .           .        .         .    
                                    Percentage Eliminated              29.0435     46.3705    -61.8409      119.93       0.63      0.5311
                                                                               The SAS System

---------------------------------------------------------------------------- Imputation Number=9 ----------------------------------------------------------------------------

                                                                           The CAUSALMED Procedure

                                                                             Model Information

                                                                   Data Set                    WORK.DB_IN
                                                                   Outcome Variable                   WAZ
                                                                   Treatment Variable             HEI2010
                                                                   Mediator Variable         BIRTHWT_GA_Z
                                                                   Outcome Distribution            Normal
                                                                   Outcome Link Function         Identity
                                                                   Mediator Distribution           Normal
                                                                   Mediator Link Function        Identity


                                                                   Number of Observations Read         227
                                                                   Number of Observations Used         138


                                                                           Class Level Information
 
                                              Class                Levels    Values

                                              CENTERNUM                 4    CHICAGO MIAMI SAN DIEGO BRONX                     
                                              INCOME_C2                 2    <30 >30                                           
                                              LANG_PREF                 2    SPANISH ENGLISH                                   
                                              BKGRD1_C7NOMISS           7    BK_OTHER CUBAN C_AMERICAN DOMINICAN P_RICAN SOUTH 
                                                                             MEXICAN                                           
                                              MARITAL_STATUS            3    COHABITING SEPARATED SINGLE                       
                                              EMPLOYEDYN                2    EMPLOYED NOT_EMPLOYED                             
                                              EDUCATION_C3              3    AT_MOST_HIGHSCHOOL_GED G_HIGHSCHOOL               
                                                                             N_HIGHSCHOOL_GED                                  
                                              N_HC                      2    NO YES                                            
                                                                               The SAS System

---------------------------------------------------------------------------- Imputation Number=9 ----------------------------------------------------------------------------

                                                                           The CAUSALMED Procedure

                                                                             Summary of Effects
 
                                                                                  Standard          Wald 95% 
                                                                      Estimate       Error      Confidence Limits           Z    Pr > |Z|

                                    Total Effect                      0.005385    0.007493    -0.00930     0.02007       0.72      0.4723
                                    Controlled Direct Effect (CDE)    0.002411    0.007318    -0.01193     0.01675       0.33      0.7418
                                    Natural Direct Effect (NDE)       0.002411    0.007318    -0.01193     0.01675       0.33      0.7418
                                    Natural Indirect Effect (NIE)     0.002974    0.002119    -0.00118    0.007127       1.40      0.1605
                                    Percentage Mediated                55.2255     78.1334    -97.9132      208.36       0.71      0.4797
                                    Percentage Due to Interaction            0           .           .           .        .         .    
                                    Percentage Eliminated              55.2255     78.1334    -97.9132      208.36       0.71      0.4797
                                                                               The SAS System

--------------------------------------------------------------------------- Imputation Number=10 ----------------------------------------------------------------------------

                                                                           The CAUSALMED Procedure

                                                                             Model Information

                                                                   Data Set                    WORK.DB_IN
                                                                   Outcome Variable                   WAZ
                                                                   Treatment Variable             HEI2010
                                                                   Mediator Variable         BIRTHWT_GA_Z
                                                                   Outcome Distribution            Normal
                                                                   Outcome Link Function         Identity
                                                                   Mediator Distribution           Normal
                                                                   Mediator Link Function        Identity


                                                                   Number of Observations Read         227
                                                                   Number of Observations Used         138


                                                                           Class Level Information
 
                                              Class                Levels    Values

                                              CENTERNUM                 4    CHICAGO MIAMI SAN DIEGO BRONX                     
                                              INCOME_C2                 2    <30 >30                                           
                                              LANG_PREF                 2    SPANISH ENGLISH                                   
                                              BKGRD1_C7NOMISS           7    BK_OTHER CUBAN C_AMERICAN DOMINICAN P_RICAN SOUTH 
                                                                             MEXICAN                                           
                                              MARITAL_STATUS            3    COHABITING SEPARATED SINGLE                       
                                              EMPLOYEDYN                2    EMPLOYED NOT_EMPLOYED                             
                                              EDUCATION_C3              3    AT_MOST_HIGHSCHOOL_GED G_HIGHSCHOOL               
                                                                             N_HIGHSCHOOL_GED                                  
                                              N_HC                      2    NO YES                                            
                                                                               The SAS System

--------------------------------------------------------------------------- Imputation Number=10 ----------------------------------------------------------------------------

                                                                           The CAUSALMED Procedure

                                                                             Summary of Effects
 
                                                                                  Standard          Wald 95% 
                                                                      Estimate       Error      Confidence Limits           Z    Pr > |Z|

                                    Total Effect                      0.005018    0.007476    -0.00964     0.01967       0.67      0.5021
                                    Controlled Direct Effect (CDE)    0.002825    0.007386    -0.01165     0.01730       0.38      0.7021
                                    Natural Direct Effect (NDE)       0.002825    0.007386    -0.01165     0.01730       0.38      0.7021
                                    Natural Indirect Effect (NIE)     0.002193    0.001746    -0.00123    0.005615       1.26      0.2092
                                    Percentage Mediated                43.6982     68.4634    -90.4877      177.88       0.64      0.5233
                                    Percentage Due to Interaction            0           .           .           .        .         .    
                                    Percentage Eliminated              43.6982     68.4634    -90.4877      177.88       0.64      0.5233
                                                                               The SAS System

------------------------------------------------------------------- Effect=Controlled Direct Effect (CDE) -------------------------------------------------------------------

                                                                           The MIANALYZE Procedure

                                                                              Model Information

                                                                 Data Set                  WORK.DB_HEI2010_0
                                                                 Number of Imputations     10               


                                                                    Variance Information (10 Imputations)
 
                                                                                                       Relative       Fraction
                                             -----------------Variance-----------------                Increase        Missing       Relative
                                Parameter         Between         Within          Total       DF    in Variance    Information     Efficiency

                                Estimate      0.000000284    0.000053883    0.000054195   271119       0.005795       0.005769       0.999423


                                                                    Parameter Estimates (10 Imputations)
 
                                                                                                                                             t for H0:
           Parameter        Estimate      Std Error    95% Confidence Limits        DF        Minimum        Maximum         Theta0   Parameter=Theta0   Pr > |t|

           Estimate         0.003140       0.007362     -0.01129     0.017569   271119       0.002411       0.003934              0               0.43     0.6697
                                                                               The SAS System

-------------------------------------------------------------------- Effect=Natural Direct Effect (NDE) ---------------------------------------------------------------------

                                                                           The MIANALYZE Procedure

                                                                              Model Information

                                                                 Data Set                  WORK.DB_HEI2010_0
                                                                 Number of Imputations     10               


                                                                    Variance Information (10 Imputations)
 
                                                                                                       Relative       Fraction
                                             -----------------Variance-----------------                Increase        Missing       Relative
                                Parameter         Between         Within          Total       DF    in Variance    Information     Efficiency

                                Estimate      0.000000284    0.000053883    0.000054195   271119       0.005795       0.005769       0.999423


                                                                    Parameter Estimates (10 Imputations)
 
                                                                                                                                             t for H0:
           Parameter        Estimate      Std Error    95% Confidence Limits        DF        Minimum        Maximum         Theta0   Parameter=Theta0   Pr > |t|

           Estimate         0.003140       0.007362     -0.01129     0.017569   271119       0.002411       0.003934              0               0.43     0.6697
                                                                               The SAS System

------------------------------------------------------------------- Effect=Natural Indirect Effect (NIE) --------------------------------------------------------------------

                                                                           The MIANALYZE Procedure

                                                                              Model Information

                                                                 Data Set                  WORK.DB_HEI2010_0
                                                                 Number of Imputations     10               


                                                                    Variance Information (10 Imputations)
 
                                                                                                       Relative       Fraction
                                             -----------------Variance-----------------                Increase        Missing       Relative
                                Parameter         Between         Within          Total       DF    in Variance    Information     Efficiency

                                Estimate      0.000000335    0.000003193    0.000003561   842.64       0.115259       0.105468       0.989563


                                                                    Parameter Estimates (10 Imputations)
 
                                                                                                                                             t for H0:
           Parameter        Estimate      Std Error    95% Confidence Limits        DF        Minimum        Maximum         Theta0   Parameter=Theta0   Pr > |t|

           Estimate         0.002013       0.001887     -0.00169     0.005716   842.64       0.001078       0.002974              0               1.07     0.2865
                                                                               The SAS System

----------------------------------------------------------------------- Effect=Percentage Eliminated ------------------------------------------------------------------------

                                                                           The MIANALYZE Procedure

                                                                              Model Information

                                                                 Data Set                  WORK.DB_HEI2010_0
                                                                 Number of Imputations     10               


                                                                    Variance Information (10 Imputations)
 
                                                                                                       Relative       Fraction
                                             -----------------Variance-----------------                Increase        Missing       Relative
                                Parameter         Between         Within          Total       DF    in Variance    Information     Efficiency

                                Estimate       114.558727    3779.147708    3905.162307   8643.3       0.033345       0.032493       0.996761


                                                                    Parameter Estimates (10 Imputations)
 
                                                                                                                                             t for H0:
           Parameter        Estimate      Std Error    95% Confidence Limits        DF        Minimum        Maximum         Theta0   Parameter=Theta0   Pr > |t|

           Estimate        38.963855      62.491298     -83.5340     161.4617   8643.3      21.508128      55.225512              0               0.62     0.5330
                                                                               The SAS System

------------------------------------------------------------------------ Effect=Percentage Mediated -------------------------------------------------------------------------

                                                                           The MIANALYZE Procedure

                                                                              Model Information

                                                                 Data Set                  WORK.DB_HEI2010_0
                                                                 Number of Imputations     10               


                                                                    Variance Information (10 Imputations)
 
                                                                                                       Relative       Fraction
                                             -----------------Variance-----------------                Increase        Missing       Relative
                                Parameter         Between         Within          Total       DF    in Variance    Information     Efficiency

                                Estimate       114.558727    3779.147708    3905.162307   8643.3       0.033345       0.032493       0.996761


                                                                    Parameter Estimates (10 Imputations)
 
                                                                                                                                             t for H0:
           Parameter        Estimate      Std Error    95% Confidence Limits        DF        Minimum        Maximum         Theta0   Parameter=Theta0   Pr > |t|

           Estimate        38.963855      62.491298     -83.5340     161.4617   8643.3      21.508128      55.225512              0               0.62     0.5330
                                                                               The SAS System

---------------------------------------------------------------------------- Effect=Total Effect ----------------------------------------------------------------------------

                                                                           The MIANALYZE Procedure

                                                                              Model Information

                                                                 Data Set                  WORK.DB_HEI2010_0
                                                                 Number of Imputations     10               


                                                                    Variance Information (10 Imputations)
 
                                                                                                       Relative       Fraction
                                             -----------------Variance-----------------                Increase        Missing       Relative
                                Parameter         Between         Within          Total       DF    in Variance    Information     Efficiency

                                Estimate     2.0958883E-8    0.000055759    0.000055782   5.27E7       0.000413       0.000413       0.999959


                                                                    Parameter Estimates (10 Imputations)
 
                                                                                                                                             t for H0:
           Parameter        Estimate      Std Error    95% Confidence Limits        DF        Minimum        Maximum         Theta0   Parameter=Theta0   Pr > |t|

           Estimate         0.005153       0.007469     -0.00949     0.019791   5.27E7       0.004929       0.005385              0               0.69     0.4902
                                                                               The SAS System

---------------------------------------------------------------------------- Imputation Number=1 ----------------------------------------------------------------------------

                                                                           The CAUSALMED Procedure

                                                                             Model Information

                                                                Data Set                          WORK.DB_IN
                                                                Outcome Variable                         WAZ
                                                                Treatment Variable        alcohol_use_former
                                                                Mediator Variable               BIRTHWT_GA_Z
                                                                Outcome Distribution                  Normal
                                                                Outcome Link Function               Identity
                                                                Mediator Distribution                 Normal
                                                                Mediator Link Function              Identity


                                                                   Number of Observations Read         227
                                                                   Number of Observations Used         138


                                                                           Class Level Information
 
                                              Class                Levels    Values

                                              CENTERNUM                 4    CHICAGO MIAMI SAN DIEGO BRONX                     
                                              INCOME_C2                 2    <30 >30                                           
                                              LANG_PREF                 2    SPANISH ENGLISH                                   
                                              BKGRD1_C7NOMISS           7    BK_OTHER CUBAN C_AMERICAN DOMINICAN P_RICAN SOUTH 
                                                                             MEXICAN                                           
                                              MARITAL_STATUS            3    COHABITING SEPARATED SINGLE                       
                                              EMPLOYEDYN                2    EMPLOYED NOT_EMPLOYED                             
                                              EDUCATION_C3              3    AT_MOST_HIGHSCHOOL_GED G_HIGHSCHOOL               
                                                                             N_HIGHSCHOOL_GED                                  
                                              N_HC                      2    NO YES                                            
                                                                               The SAS System

---------------------------------------------------------------------------- Imputation Number=1 ----------------------------------------------------------------------------

                                                                           The CAUSALMED Procedure

                                                                             Summary of Effects
 
                                                                                  Standard          Wald 95% 
                                                                      Estimate       Error      Confidence Limits           Z    Pr > |Z|

                                    Total Effect                       -0.3871      0.2636     -0.9038      0.1296      -1.47      0.1420
                                    Controlled Direct Effect (CDE)     -0.4360      0.2582     -0.9421     0.07015      -1.69      0.0913
                                    Natural Direct Effect (NDE)        -0.4360      0.2582     -0.9421     0.07015      -1.69      0.0913
                                    Natural Indirect Effect (NIE)      0.04889     0.05939    -0.06752      0.1653       0.82      0.4104
                                    Percentage Mediated               -12.6289     19.0448    -49.9559     24.6982      -0.66      0.5073
                                    Percentage Due to Interaction            0           .           .           .        .         .    
                                    Percentage Eliminated             -12.6289     19.0448    -49.9559     24.6982      -0.66      0.5073
                                                                               The SAS System

---------------------------------------------------------------------------- Imputation Number=2 ----------------------------------------------------------------------------

                                                                           The CAUSALMED Procedure

                                                                             Model Information

                                                                Data Set                          WORK.DB_IN
                                                                Outcome Variable                         WAZ
                                                                Treatment Variable        alcohol_use_former
                                                                Mediator Variable               BIRTHWT_GA_Z
                                                                Outcome Distribution                  Normal
                                                                Outcome Link Function               Identity
                                                                Mediator Distribution                 Normal
                                                                Mediator Link Function              Identity


                                                                   Number of Observations Read         227
                                                                   Number of Observations Used         138


                                                                           Class Level Information
 
                                              Class                Levels    Values

                                              CENTERNUM                 4    CHICAGO MIAMI SAN DIEGO BRONX                     
                                              INCOME_C2                 2    <30 >30                                           
                                              LANG_PREF                 2    SPANISH ENGLISH                                   
                                              BKGRD1_C7NOMISS           7    BK_OTHER CUBAN C_AMERICAN DOMINICAN P_RICAN SOUTH 
                                                                             MEXICAN                                           
                                              MARITAL_STATUS            3    COHABITING SEPARATED SINGLE                       
                                              EMPLOYEDYN                2    EMPLOYED NOT_EMPLOYED                             
                                              EDUCATION_C3              3    AT_MOST_HIGHSCHOOL_GED G_HIGHSCHOOL               
                                                                             N_HIGHSCHOOL_GED                                  
                                              N_HC                      2    NO YES                                            
                                                                               The SAS System

---------------------------------------------------------------------------- Imputation Number=2 ----------------------------------------------------------------------------

                                                                           The CAUSALMED Procedure

                                                                             Summary of Effects
 
                                                                                  Standard          Wald 95% 
                                                                      Estimate       Error      Confidence Limits           Z    Pr > |Z|

                                    Total Effect                       -0.4115      0.2646     -0.9301      0.1070      -1.56      0.1199
                                    Controlled Direct Effect (CDE)     -0.4389      0.2617     -0.9517     0.07399      -1.68      0.0935
                                    Natural Direct Effect (NDE)        -0.4389      0.2617     -0.9517     0.07399      -1.68      0.0935
                                    Natural Indirect Effect (NIE)      0.02734     0.04427    -0.05943      0.1141       0.62      0.5369
                                    Percentage Mediated                -6.6424     12.1518    -30.4594     17.1747      -0.55      0.5846
                                    Percentage Due to Interaction            0           .           .           .        .         .    
                                    Percentage Eliminated              -6.6424     12.1518    -30.4594     17.1747      -0.55      0.5846
                                                                               The SAS System

---------------------------------------------------------------------------- Imputation Number=3 ----------------------------------------------------------------------------

                                                                           The CAUSALMED Procedure

                                                                             Model Information

                                                                Data Set                          WORK.DB_IN
                                                                Outcome Variable                         WAZ
                                                                Treatment Variable        alcohol_use_former
                                                                Mediator Variable               BIRTHWT_GA_Z
                                                                Outcome Distribution                  Normal
                                                                Outcome Link Function               Identity
                                                                Mediator Distribution                 Normal
                                                                Mediator Link Function              Identity


                                                                   Number of Observations Read         227
                                                                   Number of Observations Used         138


                                                                           Class Level Information
 
                                              Class                Levels    Values

                                              CENTERNUM                 4    CHICAGO MIAMI SAN DIEGO BRONX                     
                                              INCOME_C2                 2    <30 >30                                           
                                              LANG_PREF                 2    SPANISH ENGLISH                                   
                                              BKGRD1_C7NOMISS           7    BK_OTHER CUBAN C_AMERICAN DOMINICAN P_RICAN SOUTH 
                                                                             MEXICAN                                           
                                              MARITAL_STATUS            3    COHABITING SEPARATED SINGLE                       
                                              EMPLOYEDYN                2    EMPLOYED NOT_EMPLOYED                             
                                              EDUCATION_C3              3    AT_MOST_HIGHSCHOOL_GED G_HIGHSCHOOL               
                                                                             N_HIGHSCHOOL_GED                                  
                                              N_HC                      2    NO YES                                            
                                                                               The SAS System

---------------------------------------------------------------------------- Imputation Number=3 ----------------------------------------------------------------------------

                                                                           The CAUSALMED Procedure

                                                                             Summary of Effects
 
                                                                                  Standard          Wald 95% 
                                                                      Estimate       Error      Confidence Limits           Z    Pr > |Z|

                                    Total Effect                       -0.4071      0.2662     -0.9287      0.1146      -1.53      0.1262
                                    Controlled Direct Effect (CDE)     -0.4516      0.2650     -0.9710     0.06774      -1.70      0.0883
                                    Natural Direct Effect (NDE)        -0.4516      0.2650     -0.9710     0.06774      -1.70      0.0883
                                    Natural Indirect Effect (NIE)      0.04457     0.04574    -0.04508      0.1342       0.97      0.3298
                                    Percentage Mediated               -10.9500     13.9790    -38.3483     16.4482      -0.78      0.4334
                                    Percentage Due to Interaction            0           .           .           .        .         .    
                                    Percentage Eliminated             -10.9500     13.9790    -38.3483     16.4482      -0.78      0.4334
                                                                               The SAS System

---------------------------------------------------------------------------- Imputation Number=4 ----------------------------------------------------------------------------

                                                                           The CAUSALMED Procedure

                                                                             Model Information

                                                                Data Set                          WORK.DB_IN
                                                                Outcome Variable                         WAZ
                                                                Treatment Variable        alcohol_use_former
                                                                Mediator Variable               BIRTHWT_GA_Z
                                                                Outcome Distribution                  Normal
                                                                Outcome Link Function               Identity
                                                                Mediator Distribution                 Normal
                                                                Mediator Link Function              Identity


                                                                   Number of Observations Read         227
                                                                   Number of Observations Used         138


                                                                           Class Level Information
 
                                              Class                Levels    Values

                                              CENTERNUM                 4    CHICAGO MIAMI SAN DIEGO BRONX                     
                                              INCOME_C2                 2    <30 >30                                           
                                              LANG_PREF                 2    SPANISH ENGLISH                                   
                                              BKGRD1_C7NOMISS           7    BK_OTHER CUBAN C_AMERICAN DOMINICAN P_RICAN SOUTH 
                                                                             MEXICAN                                           
                                              MARITAL_STATUS            3    COHABITING SEPARATED SINGLE                       
                                              EMPLOYEDYN                2    EMPLOYED NOT_EMPLOYED                             
                                              EDUCATION_C3              3    AT_MOST_HIGHSCHOOL_GED G_HIGHSCHOOL               
                                                                             N_HIGHSCHOOL_GED                                  
                                              N_HC                      2    NO YES                                            
                                                                               The SAS System

---------------------------------------------------------------------------- Imputation Number=4 ----------------------------------------------------------------------------

                                                                           The CAUSALMED Procedure

                                                                             Summary of Effects
 
                                                                                  Standard          Wald 95% 
                                                                      Estimate       Error      Confidence Limits           Z    Pr > |Z|

                                    Total Effect                       -0.3915      0.2649     -0.9108      0.1278      -1.48      0.1395
                                    Controlled Direct Effect (CDE)     -0.4613      0.2631     -0.9770     0.05439      -1.75      0.0796
                                    Natural Direct Effect (NDE)        -0.4613      0.2631     -0.9770     0.05439      -1.75      0.0796
                                    Natural Indirect Effect (NIE)      0.06981     0.05700    -0.04192      0.1815       1.22      0.2207
                                    Percentage Mediated               -17.8318     20.1682    -57.3608     21.6973      -0.88      0.3766
                                    Percentage Due to Interaction            0           .           .           .        .         .    
                                    Percentage Eliminated             -17.8318     20.1682    -57.3608     21.6973      -0.88      0.3766
                                                                               The SAS System

---------------------------------------------------------------------------- Imputation Number=5 ----------------------------------------------------------------------------

                                                                           The CAUSALMED Procedure

                                                                             Model Information

                                                                Data Set                          WORK.DB_IN
                                                                Outcome Variable                         WAZ
                                                                Treatment Variable        alcohol_use_former
                                                                Mediator Variable               BIRTHWT_GA_Z
                                                                Outcome Distribution                  Normal
                                                                Outcome Link Function               Identity
                                                                Mediator Distribution                 Normal
                                                                Mediator Link Function              Identity


                                                                   Number of Observations Read         227
                                                                   Number of Observations Used         138


                                                                           Class Level Information
 
                                              Class                Levels    Values

                                              CENTERNUM                 4    CHICAGO MIAMI SAN DIEGO BRONX                     
                                              INCOME_C2                 2    <30 >30                                           
                                              LANG_PREF                 2    SPANISH ENGLISH                                   
                                              BKGRD1_C7NOMISS           7    BK_OTHER CUBAN C_AMERICAN DOMINICAN P_RICAN SOUTH 
                                                                             MEXICAN                                           
                                              MARITAL_STATUS            3    COHABITING SEPARATED SINGLE                       
                                              EMPLOYEDYN                2    EMPLOYED NOT_EMPLOYED                             
                                              EDUCATION_C3              3    AT_MOST_HIGHSCHOOL_GED G_HIGHSCHOOL               
                                                                             N_HIGHSCHOOL_GED                                  
                                              N_HC                      2    NO YES                                            
                                                                               The SAS System

---------------------------------------------------------------------------- Imputation Number=5 ----------------------------------------------------------------------------

                                                                           The CAUSALMED Procedure

                                                                             Summary of Effects
 
                                                                                  Standard          Wald 95% 
                                                                      Estimate       Error      Confidence Limits           Z    Pr > |Z|

                                    Total Effect                       -0.4067      0.2646     -0.9254      0.1120      -1.54      0.1244
                                    Controlled Direct Effect (CDE)     -0.4831      0.2573     -0.9874     0.02130      -1.88      0.0605
                                    Natural Direct Effect (NDE)        -0.4831      0.2573     -0.9874     0.02130      -1.88      0.0605
                                    Natural Indirect Effect (NIE)      0.07639     0.07115    -0.06306      0.2158       1.07      0.2830
                                    Percentage Mediated               -18.7834     23.5852    -65.0095     27.4427      -0.80      0.4258
                                    Percentage Due to Interaction            0           .           .           .        .         .    
                                    Percentage Eliminated             -18.7834     23.5852    -65.0095     27.4427      -0.80      0.4258
                                                                               The SAS System

---------------------------------------------------------------------------- Imputation Number=6 ----------------------------------------------------------------------------

                                                                           The CAUSALMED Procedure

                                                                             Model Information

                                                                Data Set                          WORK.DB_IN
                                                                Outcome Variable                         WAZ
                                                                Treatment Variable        alcohol_use_former
                                                                Mediator Variable               BIRTHWT_GA_Z
                                                                Outcome Distribution                  Normal
                                                                Outcome Link Function               Identity
                                                                Mediator Distribution                 Normal
                                                                Mediator Link Function              Identity


                                                                   Number of Observations Read         227
                                                                   Number of Observations Used         138


                                                                           Class Level Information
 
                                              Class                Levels    Values

                                              CENTERNUM                 4    CHICAGO MIAMI SAN DIEGO BRONX                     
                                              INCOME_C2                 2    <30 >30                                           
                                              LANG_PREF                 2    SPANISH ENGLISH                                   
                                              BKGRD1_C7NOMISS           7    BK_OTHER CUBAN C_AMERICAN DOMINICAN P_RICAN SOUTH 
                                                                             MEXICAN                                           
                                              MARITAL_STATUS            3    COHABITING SEPARATED SINGLE                       
                                              EMPLOYEDYN                2    EMPLOYED NOT_EMPLOYED                             
                                              EDUCATION_C3              3    AT_MOST_HIGHSCHOOL_GED G_HIGHSCHOOL               
                                                                             N_HIGHSCHOOL_GED                                  
                                              N_HC                      2    NO YES                                            
                                                                               The SAS System

---------------------------------------------------------------------------- Imputation Number=6 ----------------------------------------------------------------------------

                                                                           The CAUSALMED Procedure

                                                                             Summary of Effects
 
                                                                                  Standard          Wald 95% 
                                                                      Estimate       Error      Confidence Limits           Z    Pr > |Z|

                                    Total Effect                       -0.3907      0.2656     -0.9113      0.1299      -1.47      0.1413
                                    Controlled Direct Effect (CDE)     -0.5409      0.2614     -1.0532    -0.02856      -2.07      0.0385
                                    Natural Direct Effect (NDE)        -0.5409      0.2614     -1.0532    -0.02856      -2.07      0.0385
                                    Natural Indirect Effect (NIE)       0.1502     0.08328    -0.01303      0.3134       1.80      0.0713
                                    Percentage Mediated               -38.4440     36.9917     -110.95     34.0584      -1.04      0.2987
                                    Percentage Due to Interaction            0           .           .           .        .         .    
                                    Percentage Eliminated             -38.4440     36.9917     -110.95     34.0584      -1.04      0.2987
                                                                               The SAS System

---------------------------------------------------------------------------- Imputation Number=7 ----------------------------------------------------------------------------

                                                                           The CAUSALMED Procedure

                                                                             Model Information

                                                                Data Set                          WORK.DB_IN
                                                                Outcome Variable                         WAZ
                                                                Treatment Variable        alcohol_use_former
                                                                Mediator Variable               BIRTHWT_GA_Z
                                                                Outcome Distribution                  Normal
                                                                Outcome Link Function               Identity
                                                                Mediator Distribution                 Normal
                                                                Mediator Link Function              Identity


                                                                   Number of Observations Read         227
                                                                   Number of Observations Used         138


                                                                           Class Level Information
 
                                              Class                Levels    Values

                                              CENTERNUM                 4    CHICAGO MIAMI SAN DIEGO BRONX                     
                                              INCOME_C2                 2    <30 >30                                           
                                              LANG_PREF                 2    SPANISH ENGLISH                                   
                                              BKGRD1_C7NOMISS           7    BK_OTHER CUBAN C_AMERICAN DOMINICAN P_RICAN SOUTH 
                                                                             MEXICAN                                           
                                              MARITAL_STATUS            3    COHABITING SEPARATED SINGLE                       
                                              EMPLOYEDYN                2    EMPLOYED NOT_EMPLOYED                             
                                              EDUCATION_C3              3    AT_MOST_HIGHSCHOOL_GED G_HIGHSCHOOL               
                                                                             N_HIGHSCHOOL_GED                                  
                                              N_HC                      2    NO YES                                            
                                                                               The SAS System

---------------------------------------------------------------------------- Imputation Number=7 ----------------------------------------------------------------------------

                                                                           The CAUSALMED Procedure

                                                                             Summary of Effects
 
                                                                                  Standard          Wald 95% 
                                                                      Estimate       Error      Confidence Limits           Z    Pr > |Z|

                                    Total Effect                       -0.4013      0.2654     -0.9215      0.1189      -1.51      0.1306
                                    Controlled Direct Effect (CDE)     -0.5123      0.2575     -1.0171    -0.00749      -1.99      0.0467
                                    Natural Direct Effect (NDE)        -0.5123      0.2575     -1.0171    -0.00749      -1.99      0.0467
                                    Natural Indirect Effect (NIE)       0.1110     0.07964    -0.04510      0.2671       1.39      0.1634
                                    Percentage Mediated               -27.6616     30.1395    -86.7340     31.4109      -0.92      0.3587
                                    Percentage Due to Interaction            0           .           .           .        .         .    
                                    Percentage Eliminated             -27.6616     30.1395    -86.7340     31.4109      -0.92      0.3587
                                                                               The SAS System

---------------------------------------------------------------------------- Imputation Number=8 ----------------------------------------------------------------------------

                                                                           The CAUSALMED Procedure

                                                                             Model Information

                                                                Data Set                          WORK.DB_IN
                                                                Outcome Variable                         WAZ
                                                                Treatment Variable        alcohol_use_former
                                                                Mediator Variable               BIRTHWT_GA_Z
                                                                Outcome Distribution                  Normal
                                                                Outcome Link Function               Identity
                                                                Mediator Distribution                 Normal
                                                                Mediator Link Function              Identity


                                                                   Number of Observations Read         227
                                                                   Number of Observations Used         138


                                                                           Class Level Information
 
                                              Class                Levels    Values

                                              CENTERNUM                 4    CHICAGO MIAMI SAN DIEGO BRONX                     
                                              INCOME_C2                 2    <30 >30                                           
                                              LANG_PREF                 2    SPANISH ENGLISH                                   
                                              BKGRD1_C7NOMISS           7    BK_OTHER CUBAN C_AMERICAN DOMINICAN P_RICAN SOUTH 
                                                                             MEXICAN                                           
                                              MARITAL_STATUS            3    COHABITING SEPARATED SINGLE                       
                                              EMPLOYEDYN                2    EMPLOYED NOT_EMPLOYED                             
                                              EDUCATION_C3              3    AT_MOST_HIGHSCHOOL_GED G_HIGHSCHOOL               
                                                                             N_HIGHSCHOOL_GED                                  
                                              N_HC                      2    NO YES                                            
                                                                               The SAS System

---------------------------------------------------------------------------- Imputation Number=8 ----------------------------------------------------------------------------

                                                                           The CAUSALMED Procedure

                                                                             Summary of Effects
 
                                                                                  Standard          Wald 95% 
                                                                      Estimate       Error      Confidence Limits           Z    Pr > |Z|

                                    Total Effect                       -0.4063      0.2653     -0.9264      0.1138      -1.53      0.1257
                                    Controlled Direct Effect (CDE)     -0.4478      0.2621     -0.9615     0.06589      -1.71      0.0875
                                    Natural Direct Effect (NDE)        -0.4478      0.2621     -0.9615     0.06589      -1.71      0.0875
                                    Natural Indirect Effect (NIE)      0.04152     0.05018    -0.05683      0.1399       0.83      0.4080
                                    Percentage Mediated               -10.2182     14.9409    -39.5018     19.0654      -0.68      0.4940
                                    Percentage Due to Interaction            0           .           .           .        .         .    
                                    Percentage Eliminated             -10.2182     14.9409    -39.5018     19.0654      -0.68      0.4940
                                                                               The SAS System

---------------------------------------------------------------------------- Imputation Number=9 ----------------------------------------------------------------------------

                                                                           The CAUSALMED Procedure

                                                                             Model Information

                                                                Data Set                          WORK.DB_IN
                                                                Outcome Variable                         WAZ
                                                                Treatment Variable        alcohol_use_former
                                                                Mediator Variable               BIRTHWT_GA_Z
                                                                Outcome Distribution                  Normal
                                                                Outcome Link Function               Identity
                                                                Mediator Distribution                 Normal
                                                                Mediator Link Function              Identity


                                                                   Number of Observations Read         227
                                                                   Number of Observations Used         138


                                                                           Class Level Information
 
                                              Class                Levels    Values

                                              CENTERNUM                 4    CHICAGO MIAMI SAN DIEGO BRONX                     
                                              INCOME_C2                 2    <30 >30                                           
                                              LANG_PREF                 2    SPANISH ENGLISH                                   
                                              BKGRD1_C7NOMISS           7    BK_OTHER CUBAN C_AMERICAN DOMINICAN P_RICAN SOUTH 
                                                                             MEXICAN                                           
                                              MARITAL_STATUS            3    COHABITING SEPARATED SINGLE                       
                                              EMPLOYEDYN                2    EMPLOYED NOT_EMPLOYED                             
                                              EDUCATION_C3              3    AT_MOST_HIGHSCHOOL_GED G_HIGHSCHOOL               
                                                                             N_HIGHSCHOOL_GED                                  
                                              N_HC                      2    NO YES                                            
                                                                               The SAS System

---------------------------------------------------------------------------- Imputation Number=9 ----------------------------------------------------------------------------

                                                                           The CAUSALMED Procedure

                                                                             Summary of Effects
 
                                                                                  Standard          Wald 95% 
                                                                      Estimate       Error      Confidence Limits           Z    Pr > |Z|

                                    Total Effect                       -0.3980      0.2673     -0.9219      0.1258      -1.49      0.1364
                                    Controlled Direct Effect (CDE)     -0.4272      0.2589     -0.9347     0.08022      -1.65      0.0989
                                    Natural Direct Effect (NDE)        -0.4272      0.2589     -0.9347     0.08022      -1.65      0.0989
                                    Natural Indirect Effect (NIE)      0.02919     0.06777     -0.1036      0.1620       0.43      0.6666
                                    Percentage Mediated                -7.3345     18.8639    -44.3071     29.6381      -0.39      0.6974
                                    Percentage Due to Interaction            0           .           .           .        .         .    
                                    Percentage Eliminated              -7.3345     18.8639    -44.3071     29.6381      -0.39      0.6974
                                                                               The SAS System

--------------------------------------------------------------------------- Imputation Number=10 ----------------------------------------------------------------------------

                                                                           The CAUSALMED Procedure

                                                                             Model Information

                                                                Data Set                          WORK.DB_IN
                                                                Outcome Variable                         WAZ
                                                                Treatment Variable        alcohol_use_former
                                                                Mediator Variable               BIRTHWT_GA_Z
                                                                Outcome Distribution                  Normal
                                                                Outcome Link Function               Identity
                                                                Mediator Distribution                 Normal
                                                                Mediator Link Function              Identity


                                                                   Number of Observations Read         227
                                                                   Number of Observations Used         138


                                                                           Class Level Information
 
                                              Class                Levels    Values

                                              CENTERNUM                 4    CHICAGO MIAMI SAN DIEGO BRONX                     
                                              INCOME_C2                 2    <30 >30                                           
                                              LANG_PREF                 2    SPANISH ENGLISH                                   
                                              BKGRD1_C7NOMISS           7    BK_OTHER CUBAN C_AMERICAN DOMINICAN P_RICAN SOUTH 
                                                                             MEXICAN                                           
                                              MARITAL_STATUS            3    COHABITING SEPARATED SINGLE                       
                                              EMPLOYEDYN                2    EMPLOYED NOT_EMPLOYED                             
                                              EDUCATION_C3              3    AT_MOST_HIGHSCHOOL_GED G_HIGHSCHOOL               
                                                                             N_HIGHSCHOOL_GED                                  
                                              N_HC                      2    NO YES                                            
                                                                               The SAS System

--------------------------------------------------------------------------- Imputation Number=10 ----------------------------------------------------------------------------

                                                                           The CAUSALMED Procedure

                                                                             Summary of Effects
 
                                                                                  Standard          Wald 95% 
                                                                      Estimate       Error      Confidence Limits           Z    Pr > |Z|

                                    Total Effect                       -0.4056      0.2658     -0.9264      0.1153      -1.53      0.1270
                                    Controlled Direct Effect (CDE)     -0.4763      0.2622     -0.9902     0.03754      -1.82      0.0693
                                    Natural Direct Effect (NDE)        -0.4763      0.2622     -0.9902     0.03754      -1.82      0.0693
                                    Natural Indirect Effect (NIE)      0.07074     0.06052    -0.04788      0.1894       1.17      0.2425
                                    Percentage Mediated               -17.4420     20.3024    -57.2340     22.3501      -0.86      0.3903
                                    Percentage Due to Interaction            0           .           .           .        .         .    
                                    Percentage Eliminated             -17.4420     20.3024    -57.2340     22.3501      -0.86      0.3903
                                                                               The SAS System

------------------------------------------------------------------- Effect=Controlled Direct Effect (CDE) -------------------------------------------------------------------

                                                                           The MIANALYZE Procedure

                                                                             Model Information

                                                           Data Set                  WORK.DB_ALCOHOL_USE_FORMER_0
                                                           Number of Imputations     10                          


                                                                    Variance Information (10 Imputations)
 
                                                                                                       Relative       Fraction
                                             -----------------Variance-----------------                Increase        Missing       Relative
                                Parameter         Between         Within          Total       DF    in Variance    Information     Efficiency

                                Estimate         0.001314       0.067995       0.069440    20785       0.021251       0.020903       0.997914


                                                                    Parameter Estimates (10 Imputations)
 
                                                                                                                                             t for H0:
           Parameter        Estimate      Std Error    95% Confidence Limits        DF        Minimum        Maximum         Theta0   Parameter=Theta0   Pr > |t|

           Estimate        -0.467537       0.263514     -0.98404     0.048971    20785      -0.540892      -0.427230              0              -1.77     0.0760
                                                                               The SAS System

-------------------------------------------------------------------- Effect=Natural Direct Effect (NDE) ---------------------------------------------------------------------

                                                                           The MIANALYZE Procedure

                                                                             Model Information

                                                           Data Set                  WORK.DB_ALCOHOL_USE_FORMER_0
                                                           Number of Imputations     10                          


                                                                    Variance Information (10 Imputations)
 
                                                                                                       Relative       Fraction
                                             -----------------Variance-----------------                Increase        Missing       Relative
                                Parameter         Between         Within          Total       DF    in Variance    Information     Efficiency

                                Estimate         0.001314       0.067995       0.069440    20785       0.021251       0.020903       0.997914


                                                                    Parameter Estimates (10 Imputations)
 
                                                                                                                                             t for H0:
           Parameter        Estimate      Std Error    95% Confidence Limits        DF        Minimum        Maximum         Theta0   Parameter=Theta0   Pr > |t|

           Estimate        -0.467537       0.263514     -0.98404     0.048971    20785      -0.540892      -0.427230              0              -1.77     0.0760
                                                                               The SAS System

------------------------------------------------------------------- Effect=Natural Indirect Effect (NIE) --------------------------------------------------------------------

                                                                           The MIANALYZE Procedure

                                                                             Model Information

                                                           Data Set                  WORK.DB_ALCOHOL_USE_FORMER_0
                                                           Number of Imputations     10                          


                                                                    Variance Information (10 Imputations)
 
                                                                                                       Relative       Fraction
                                             -----------------Variance-----------------                Increase        Missing       Relative
                                Parameter         Between         Within          Total       DF    in Variance    Information     Efficiency

                                Estimate         0.001495       0.003994       0.005638   105.87       0.411571       0.304584       0.970442


                                                                    Parameter Estimates (10 Imputations)
 
                                                                                                                                             t for H0:
           Parameter        Estimate      Std Error    95% Confidence Limits        DF        Minimum        Maximum         Theta0   Parameter=Theta0   Pr > |t|

           Estimate         0.066964       0.075089     -0.08191     0.215838   105.87       0.027336       0.150198              0               0.89     0.3745
                                                                               The SAS System

----------------------------------------------------------------------- Effect=Percentage Eliminated ------------------------------------------------------------------------

                                                                           The MIANALYZE Procedure

                                                                             Model Information

                                                           Data Set                  WORK.DB_ALCOHOL_USE_FORMER_0
                                                           Number of Imputations     10                          


                                                                    Variance Information (10 Imputations)
 
                                                                                                       Relative       Fraction
                                             -----------------Variance-----------------                Increase        Missing       Relative
                                Parameter         Between         Within          Total       DF    in Variance    Information     Efficiency

                                Estimate        97.728916     493.684233     601.186041   281.47       0.217754       0.184590       0.981876


                                                                    Parameter Estimates (10 Imputations)
 
                                                                                                                                             t for H0:
           Parameter        Estimate      Std Error    95% Confidence Limits        DF        Minimum        Maximum         Theta0   Parameter=Theta0   Pr > |t|

           Estimate       -16.793677      24.519095     -65.0577     31.47040   281.47     -38.444016      -6.642364              0              -0.68     0.4940
                                                                               The SAS System

------------------------------------------------------------------------ Effect=Percentage Mediated -------------------------------------------------------------------------

                                                                           The MIANALYZE Procedure

                                                                             Model Information

                                                           Data Set                  WORK.DB_ALCOHOL_USE_FORMER_0
                                                           Number of Imputations     10                          


                                                                    Variance Information (10 Imputations)
 
                                                                                                       Relative       Fraction
                                             -----------------Variance-----------------                Increase        Missing       Relative
                                Parameter         Between         Within          Total       DF    in Variance    Information     Efficiency

                                Estimate        97.728916     493.684233     601.186041   281.47       0.217754       0.184590       0.981876


                                                                    Parameter Estimates (10 Imputations)
 
                                                                                                                                             t for H0:
           Parameter        Estimate      Std Error    95% Confidence Limits        DF        Minimum        Maximum         Theta0   Parameter=Theta0   Pr > |t|

           Estimate       -16.793677      24.519095     -65.0577     31.47040   281.47     -38.444016      -6.642364              0              -0.68     0.4940
                                                                               The SAS System

---------------------------------------------------------------------------- Effect=Total Effect ----------------------------------------------------------------------------

                                                                           The MIANALYZE Procedure

                                                                             Model Information

                                                           Data Set                  WORK.DB_ALCOHOL_USE_FORMER_0
                                                           Number of Imputations     10                          


                                                                    Variance Information (10 Imputations)
 
                                                                                                       Relative       Fraction
                                             -----------------Variance-----------------                Increase        Missing       Relative
                                Parameter         Between         Within          Total       DF    in Variance    Information     Efficiency

                                Estimate      0.000069563       0.070404       0.070480   7.64E6       0.001087       0.001086       0.999891


                                                                    Parameter Estimates (10 Imputations)
 
                                                                                                                                             t for H0:
           Parameter        Estimate      Std Error    95% Confidence Limits        DF        Minimum        Maximum         Theta0   Parameter=Theta0   Pr > |t|

           Estimate        -0.400573       0.265481     -0.92091     0.119760   7.64E6      -0.411538      -0.387102              0              -1.51     0.1313
                                                                               The SAS System

---------------------------------------------------------------------------- Imputation Number=1 ----------------------------------------------------------------------------

                                                                           The CAUSALMED Procedure

                                                                              Model Information

                                                                Data Set                           WORK.DB_IN
                                                                Outcome Variable                          WAZ
                                                                Treatment Variable        alcohol_use_current
                                                                Mediator Variable                BIRTHWT_GA_Z
                                                                Outcome Distribution                   Normal
                                                                Outcome Link Function                Identity
                                                                Mediator Distribution                  Normal
                                                                Mediator Link Function               Identity


                                                                   Number of Observations Read         227
                                                                   Number of Observations Used         138


                                                                           Class Level Information
 
                                              Class                Levels    Values

                                              CENTERNUM                 4    CHICAGO MIAMI SAN DIEGO BRONX                     
                                              INCOME_C2                 2    <30 >30                                           
                                              LANG_PREF                 2    SPANISH ENGLISH                                   
                                              BKGRD1_C7NOMISS           7    BK_OTHER CUBAN C_AMERICAN DOMINICAN P_RICAN SOUTH 
                                                                             MEXICAN                                           
                                              MARITAL_STATUS            3    COHABITING SEPARATED SINGLE                       
                                              EMPLOYEDYN                2    EMPLOYED NOT_EMPLOYED                             
                                              EDUCATION_C3              3    AT_MOST_HIGHSCHOOL_GED G_HIGHSCHOOL               
                                                                             N_HIGHSCHOOL_GED                                  
                                              N_HC                      2    NO YES                                            
                                                                               The SAS System

---------------------------------------------------------------------------- Imputation Number=1 ----------------------------------------------------------------------------

                                                                           The CAUSALMED Procedure

                                                                             Summary of Effects
 
                                                                                  Standard          Wald 95% 
                                                                      Estimate       Error      Confidence Limits           Z    Pr > |Z|

                                    Total Effect                       -0.1753      0.2497     -0.6648      0.3142      -0.70      0.4827
                                    Controlled Direct Effect (CDE)     -0.2310      0.2449     -0.7111      0.2491      -0.94      0.3457
                                    Natural Direct Effect (NDE)        -0.2310      0.2449     -0.7111      0.2491      -0.94      0.3457
                                    Natural Indirect Effect (NIE)      0.05568     0.05754    -0.05710      0.1685       0.97      0.3332
                                    Percentage Mediated               -31.7621     60.9237     -151.17     87.6460      -0.52      0.6021
                                    Percentage Due to Interaction            0           .           .           .        .         .    
                                    Percentage Eliminated             -31.7621     60.9237     -151.17     87.6460      -0.52      0.6021
                                                                               The SAS System

---------------------------------------------------------------------------- Imputation Number=2 ----------------------------------------------------------------------------

                                                                           The CAUSALMED Procedure

                                                                              Model Information

                                                                Data Set                           WORK.DB_IN
                                                                Outcome Variable                          WAZ
                                                                Treatment Variable        alcohol_use_current
                                                                Mediator Variable                BIRTHWT_GA_Z
                                                                Outcome Distribution                   Normal
                                                                Outcome Link Function                Identity
                                                                Mediator Distribution                  Normal
                                                                Mediator Link Function               Identity


                                                                   Number of Observations Read         227
                                                                   Number of Observations Used         138


                                                                           Class Level Information
 
                                              Class                Levels    Values

                                              CENTERNUM                 4    CHICAGO MIAMI SAN DIEGO BRONX                     
                                              INCOME_C2                 2    <30 >30                                           
                                              LANG_PREF                 2    SPANISH ENGLISH                                   
                                              BKGRD1_C7NOMISS           7    BK_OTHER CUBAN C_AMERICAN DOMINICAN P_RICAN SOUTH 
                                                                             MEXICAN                                           
                                              MARITAL_STATUS            3    COHABITING SEPARATED SINGLE                       
                                              EMPLOYEDYN                2    EMPLOYED NOT_EMPLOYED                             
                                              EDUCATION_C3              3    AT_MOST_HIGHSCHOOL_GED G_HIGHSCHOOL               
                                                                             N_HIGHSCHOOL_GED                                  
                                              N_HC                      2    NO YES                                            
                                                                               The SAS System

---------------------------------------------------------------------------- Imputation Number=2 ----------------------------------------------------------------------------

                                                                           The CAUSALMED Procedure

                                                                             Summary of Effects
 
                                                                                  Standard          Wald 95% 
                                                                      Estimate       Error      Confidence Limits           Z    Pr > |Z|

                                    Total Effect                       -0.1935      0.2506     -0.6847      0.2977      -0.77      0.4400
                                    Controlled Direct Effect (CDE)     -0.2156      0.2477     -0.7011      0.2700      -0.87      0.3843
                                    Natural Direct Effect (NDE)        -0.2156      0.2477     -0.7011      0.2700      -0.87      0.3843
                                    Natural Indirect Effect (NIE)      0.02203     0.04130    -0.05892      0.1030       0.53      0.5938
                                    Percentage Mediated               -11.3835     27.7160    -65.7059     42.9389      -0.41      0.6813
                                    Percentage Due to Interaction            0           .           .           .        .         .    
                                    Percentage Eliminated             -11.3835     27.7160    -65.7059     42.9389      -0.41      0.6813
                                                                               The SAS System

---------------------------------------------------------------------------- Imputation Number=3 ----------------------------------------------------------------------------

                                                                           The CAUSALMED Procedure

                                                                              Model Information

                                                                Data Set                           WORK.DB_IN
                                                                Outcome Variable                          WAZ
                                                                Treatment Variable        alcohol_use_current
                                                                Mediator Variable                BIRTHWT_GA_Z
                                                                Outcome Distribution                   Normal
                                                                Outcome Link Function                Identity
                                                                Mediator Distribution                  Normal
                                                                Mediator Link Function               Identity


                                                                   Number of Observations Read         227
                                                                   Number of Observations Used         138


                                                                           Class Level Information
 
                                              Class                Levels    Values

                                              CENTERNUM                 4    CHICAGO MIAMI SAN DIEGO BRONX                     
                                              INCOME_C2                 2    <30 >30                                           
                                              LANG_PREF                 2    SPANISH ENGLISH                                   
                                              BKGRD1_C7NOMISS           7    BK_OTHER CUBAN C_AMERICAN DOMINICAN P_RICAN SOUTH 
                                                                             MEXICAN                                           
                                              MARITAL_STATUS            3    COHABITING SEPARATED SINGLE                       
                                              EMPLOYEDYN                2    EMPLOYED NOT_EMPLOYED                             
                                              EDUCATION_C3              3    AT_MOST_HIGHSCHOOL_GED G_HIGHSCHOOL               
                                                                             N_HIGHSCHOOL_GED                                  
                                              N_HC                      2    NO YES                                            
                                                                               The SAS System

---------------------------------------------------------------------------- Imputation Number=3 ----------------------------------------------------------------------------

                                                                           The CAUSALMED Procedure

                                                                             Summary of Effects
 
                                                                                  Standard          Wald 95% 
                                                                      Estimate       Error      Confidence Limits           Z    Pr > |Z|

                                    Total Effect                       -0.1815      0.2505     -0.6725      0.3094      -0.72      0.4686
                                    Controlled Direct Effect (CDE)     -0.2187      0.2491     -0.7070      0.2696      -0.88      0.3800
                                    Natural Direct Effect (NDE)        -0.2187      0.2491     -0.7070      0.2696      -0.88      0.3800
                                    Natural Indirect Effect (NIE)      0.03715     0.04138    -0.04395      0.1182       0.90      0.3693
                                    Percentage Mediated               -20.4626     38.2800    -95.4899     54.5648      -0.53      0.5930
                                    Percentage Due to Interaction            0           .           .           .        .         .    
                                    Percentage Eliminated             -20.4626     38.2800    -95.4899     54.5648      -0.53      0.5930
                                                                               The SAS System

---------------------------------------------------------------------------- Imputation Number=4 ----------------------------------------------------------------------------

                                                                           The CAUSALMED Procedure

                                                                              Model Information

                                                                Data Set                           WORK.DB_IN
                                                                Outcome Variable                          WAZ
                                                                Treatment Variable        alcohol_use_current
                                                                Mediator Variable                BIRTHWT_GA_Z
                                                                Outcome Distribution                   Normal
                                                                Outcome Link Function                Identity
                                                                Mediator Distribution                  Normal
                                                                Mediator Link Function               Identity


                                                                   Number of Observations Read         227
                                                                   Number of Observations Used         138


                                                                           Class Level Information
 
                                              Class                Levels    Values

                                              CENTERNUM                 4    CHICAGO MIAMI SAN DIEGO BRONX                     
                                              INCOME_C2                 2    <30 >30                                           
                                              LANG_PREF                 2    SPANISH ENGLISH                                   
                                              BKGRD1_C7NOMISS           7    BK_OTHER CUBAN C_AMERICAN DOMINICAN P_RICAN SOUTH 
                                                                             MEXICAN                                           
                                              MARITAL_STATUS            3    COHABITING SEPARATED SINGLE                       
                                              EMPLOYEDYN                2    EMPLOYED NOT_EMPLOYED                             
                                              EDUCATION_C3              3    AT_MOST_HIGHSCHOOL_GED G_HIGHSCHOOL               
                                                                             N_HIGHSCHOOL_GED                                  
                                              N_HC                      2    NO YES                                            
                                                                               The SAS System

---------------------------------------------------------------------------- Imputation Number=4 ----------------------------------------------------------------------------

                                                                           The CAUSALMED Procedure

                                                                             Summary of Effects
 
                                                                                  Standard          Wald 95% 
                                                                      Estimate       Error      Confidence Limits           Z    Pr > |Z|

                                    Total Effect                       -0.1796      0.2499     -0.6695      0.3102      -0.72      0.4723
                                    Controlled Direct Effect (CDE)     -0.2392      0.2478     -0.7249      0.2466      -0.97      0.3345
                                    Natural Direct Effect (NDE)        -0.2392      0.2478     -0.7249      0.2466      -0.97      0.3345
                                    Natural Indirect Effect (NIE)      0.05955     0.05203    -0.04242      0.1615       1.14      0.2524
                                    Percentage Mediated               -33.1506     57.9011     -146.63     80.3335      -0.57      0.5670
                                    Percentage Due to Interaction            0           .           .           .        .         .    
                                    Percentage Eliminated             -33.1506     57.9011     -146.63     80.3335      -0.57      0.5670
                                                                               The SAS System

---------------------------------------------------------------------------- Imputation Number=5 ----------------------------------------------------------------------------

                                                                           The CAUSALMED Procedure

                                                                              Model Information

                                                                Data Set                           WORK.DB_IN
                                                                Outcome Variable                          WAZ
                                                                Treatment Variable        alcohol_use_current
                                                                Mediator Variable                BIRTHWT_GA_Z
                                                                Outcome Distribution                   Normal
                                                                Outcome Link Function                Identity
                                                                Mediator Distribution                  Normal
                                                                Mediator Link Function               Identity


                                                                   Number of Observations Read         227
                                                                   Number of Observations Used         138


                                                                           Class Level Information
 
                                              Class                Levels    Values

                                              CENTERNUM                 4    CHICAGO MIAMI SAN DIEGO BRONX                     
                                              INCOME_C2                 2    <30 >30                                           
                                              LANG_PREF                 2    SPANISH ENGLISH                                   
                                              BKGRD1_C7NOMISS           7    BK_OTHER CUBAN C_AMERICAN DOMINICAN P_RICAN SOUTH 
                                                                             MEXICAN                                           
                                              MARITAL_STATUS            3    COHABITING SEPARATED SINGLE                       
                                              EMPLOYEDYN                2    EMPLOYED NOT_EMPLOYED                             
                                              EDUCATION_C3              3    AT_MOST_HIGHSCHOOL_GED G_HIGHSCHOOL               
                                                                             N_HIGHSCHOOL_GED                                  
                                              N_HC                      2    NO YES                                            
                                                                               The SAS System

---------------------------------------------------------------------------- Imputation Number=5 ----------------------------------------------------------------------------

                                                                           The CAUSALMED Procedure

                                                                             Summary of Effects
 
                                                                                  Standard          Wald 95% 
                                                                      Estimate       Error      Confidence Limits           Z    Pr > |Z|

                                    Total Effect                       -0.1852      0.2495     -0.6742      0.3039      -0.74      0.4580
                                    Controlled Direct Effect (CDE)     -0.2687      0.2430     -0.7450      0.2076      -1.11      0.2689
                                    Natural Direct Effect (NDE)        -0.2687      0.2430     -0.7450      0.2076      -1.11      0.2689
                                    Natural Indirect Effect (NIE)      0.08352     0.06849    -0.05073      0.2178       1.22      0.2227
                                    Percentage Mediated               -45.1016     78.0949     -198.16      107.96      -0.58      0.5636
                                    Percentage Due to Interaction            0           .           .           .        .         .    
                                    Percentage Eliminated             -45.1016     78.0949     -198.16      107.96      -0.58      0.5636
                                                                               The SAS System

---------------------------------------------------------------------------- Imputation Number=6 ----------------------------------------------------------------------------

                                                                           The CAUSALMED Procedure

                                                                              Model Information

                                                                Data Set                           WORK.DB_IN
                                                                Outcome Variable                          WAZ
                                                                Treatment Variable        alcohol_use_current
                                                                Mediator Variable                BIRTHWT_GA_Z
                                                                Outcome Distribution                   Normal
                                                                Outcome Link Function                Identity
                                                                Mediator Distribution                  Normal
                                                                Mediator Link Function               Identity


                                                                   Number of Observations Read         227
                                                                   Number of Observations Used         138


                                                                           Class Level Information
 
                                              Class                Levels    Values

                                              CENTERNUM                 4    CHICAGO MIAMI SAN DIEGO BRONX                     
                                              INCOME_C2                 2    <30 >30                                           
                                              LANG_PREF                 2    SPANISH ENGLISH                                   
                                              BKGRD1_C7NOMISS           7    BK_OTHER CUBAN C_AMERICAN DOMINICAN P_RICAN SOUTH 
                                                                             MEXICAN                                           
                                              MARITAL_STATUS            3    COHABITING SEPARATED SINGLE                       
                                              EMPLOYEDYN                2    EMPLOYED NOT_EMPLOYED                             
                                              EDUCATION_C3              3    AT_MOST_HIGHSCHOOL_GED G_HIGHSCHOOL               
                                                                             N_HIGHSCHOOL_GED                                  
                                              N_HC                      2    NO YES                                            
                                                                               The SAS System

---------------------------------------------------------------------------- Imputation Number=6 ----------------------------------------------------------------------------

                                                                           The CAUSALMED Procedure

                                                                             Summary of Effects
 
                                                                                  Standard          Wald 95% 
                                                                      Estimate       Error      Confidence Limits           Z    Pr > |Z|

                                    Total Effect                       -0.1605      0.2501     -0.6508      0.3298      -0.64      0.5211
                                    Controlled Direct Effect (CDE)     -0.3195      0.2473     -0.8042      0.1652      -1.29      0.1963
                                    Natural Direct Effect (NDE)        -0.3195      0.2473     -0.8042      0.1652      -1.29      0.1963
                                    Natural Indirect Effect (NIE)       0.1590     0.08186    -0.00145      0.3194       1.94      0.0521
                                    Percentage Mediated               -99.0609      171.94     -436.05      237.93      -0.58      0.5645
                                    Percentage Due to Interaction            0           .           .           .        .         .    
                                    Percentage Eliminated             -99.0609      171.94     -436.05      237.93      -0.58      0.5645
                                                                               The SAS System

---------------------------------------------------------------------------- Imputation Number=7 ----------------------------------------------------------------------------

                                                                           The CAUSALMED Procedure

                                                                              Model Information

                                                                Data Set                           WORK.DB_IN
                                                                Outcome Variable                          WAZ
                                                                Treatment Variable        alcohol_use_current
                                                                Mediator Variable                BIRTHWT_GA_Z
                                                                Outcome Distribution                   Normal
                                                                Outcome Link Function                Identity
                                                                Mediator Distribution                  Normal
                                                                Mediator Link Function               Identity


                                                                   Number of Observations Read         227
                                                                   Number of Observations Used         138


                                                                           Class Level Information
 
                                              Class                Levels    Values

                                              CENTERNUM                 4    CHICAGO MIAMI SAN DIEGO BRONX                     
                                              INCOME_C2                 2    <30 >30                                           
                                              LANG_PREF                 2    SPANISH ENGLISH                                   
                                              BKGRD1_C7NOMISS           7    BK_OTHER CUBAN C_AMERICAN DOMINICAN P_RICAN SOUTH 
                                                                             MEXICAN                                           
                                              MARITAL_STATUS            3    COHABITING SEPARATED SINGLE                       
                                              EMPLOYEDYN                2    EMPLOYED NOT_EMPLOYED                             
                                              EDUCATION_C3              3    AT_MOST_HIGHSCHOOL_GED G_HIGHSCHOOL               
                                                                             N_HIGHSCHOOL_GED                                  
                                              N_HC                      2    NO YES                                            
                                                                               The SAS System

---------------------------------------------------------------------------- Imputation Number=7 ----------------------------------------------------------------------------

                                                                           The CAUSALMED Procedure

                                                                             Summary of Effects
 
                                                                                  Standard          Wald 95% 
                                                                      Estimate       Error      Confidence Limits           Z    Pr > |Z|

                                    Total Effect                       -0.1796      0.2505     -0.6705      0.3113      -0.72      0.4732
                                    Controlled Direct Effect (CDE)     -0.3100      0.2442     -0.7886      0.1685      -1.27      0.2041
                                    Natural Direct Effect (NDE)        -0.3100      0.2442     -0.7886      0.1685      -1.27      0.2041
                                    Natural Indirect Effect (NIE)       0.1304     0.07870    -0.02384      0.2847       1.66      0.0975
                                    Percentage Mediated               -72.6000      119.42     -306.66      161.46      -0.61      0.5432
                                    Percentage Due to Interaction            0           .           .           .        .         .    
                                    Percentage Eliminated             -72.6000      119.42     -306.66      161.46      -0.61      0.5432
                                                                               The SAS System

---------------------------------------------------------------------------- Imputation Number=8 ----------------------------------------------------------------------------

                                                                           The CAUSALMED Procedure

                                                                              Model Information

                                                                Data Set                           WORK.DB_IN
                                                                Outcome Variable                          WAZ
                                                                Treatment Variable        alcohol_use_current
                                                                Mediator Variable                BIRTHWT_GA_Z
                                                                Outcome Distribution                   Normal
                                                                Outcome Link Function                Identity
                                                                Mediator Distribution                  Normal
                                                                Mediator Link Function               Identity


                                                                   Number of Observations Read         227
                                                                   Number of Observations Used         138


                                                                           Class Level Information
 
                                              Class                Levels    Values

                                              CENTERNUM                 4    CHICAGO MIAMI SAN DIEGO BRONX                     
                                              INCOME_C2                 2    <30 >30                                           
                                              LANG_PREF                 2    SPANISH ENGLISH                                   
                                              BKGRD1_C7NOMISS           7    BK_OTHER CUBAN C_AMERICAN DOMINICAN P_RICAN SOUTH 
                                                                             MEXICAN                                           
                                              MARITAL_STATUS            3    COHABITING SEPARATED SINGLE                       
                                              EMPLOYEDYN                2    EMPLOYED NOT_EMPLOYED                             
                                              EDUCATION_C3              3    AT_MOST_HIGHSCHOOL_GED G_HIGHSCHOOL               
                                                                             N_HIGHSCHOOL_GED                                  
                                              N_HC                      2    NO YES                                            
                                                                               The SAS System

---------------------------------------------------------------------------- Imputation Number=8 ----------------------------------------------------------------------------

                                                                           The CAUSALMED Procedure

                                                                             Summary of Effects
 
                                                                                  Standard          Wald 95% 
                                                                      Estimate       Error      Confidence Limits           Z    Pr > |Z|

                                    Total Effect                       -0.1952      0.2502     -0.6855      0.2951      -0.78      0.4352
                                    Controlled Direct Effect (CDE)     -0.2248      0.2468     -0.7085      0.2589      -0.91      0.3623
                                    Natural Direct Effect (NDE)        -0.2248      0.2468     -0.7085      0.2589      -0.91      0.3623
                                    Natural Indirect Effect (NIE)      0.02961     0.04566    -0.05988      0.1191       0.65      0.5166
                                    Percentage Mediated               -15.1677     32.7760    -79.4075     49.0722      -0.46      0.6435
                                    Percentage Due to Interaction            0           .           .           .        .         .    
                                    Percentage Eliminated             -15.1677     32.7760    -79.4075     49.0722      -0.46      0.6435
                                                                               The SAS System

---------------------------------------------------------------------------- Imputation Number=9 ----------------------------------------------------------------------------

                                                                           The CAUSALMED Procedure

                                                                              Model Information

                                                                Data Set                           WORK.DB_IN
                                                                Outcome Variable                          WAZ
                                                                Treatment Variable        alcohol_use_current
                                                                Mediator Variable                BIRTHWT_GA_Z
                                                                Outcome Distribution                   Normal
                                                                Outcome Link Function                Identity
                                                                Mediator Distribution                  Normal
                                                                Mediator Link Function               Identity


                                                                   Number of Observations Read         227
                                                                   Number of Observations Used         138


                                                                           Class Level Information
 
                                              Class                Levels    Values

                                              CENTERNUM                 4    CHICAGO MIAMI SAN DIEGO BRONX                     
                                              INCOME_C2                 2    <30 >30                                           
                                              LANG_PREF                 2    SPANISH ENGLISH                                   
                                              BKGRD1_C7NOMISS           7    BK_OTHER CUBAN C_AMERICAN DOMINICAN P_RICAN SOUTH 
                                                                             MEXICAN                                           
                                              MARITAL_STATUS            3    COHABITING SEPARATED SINGLE                       
                                              EMPLOYEDYN                2    EMPLOYED NOT_EMPLOYED                             
                                              EDUCATION_C3              3    AT_MOST_HIGHSCHOOL_GED G_HIGHSCHOOL               
                                                                             N_HIGHSCHOOL_GED                                  
                                              N_HC                      2    NO YES                                            
                                                                               The SAS System

---------------------------------------------------------------------------- Imputation Number=9 ----------------------------------------------------------------------------

                                                                           The CAUSALMED Procedure

                                                                             Summary of Effects
 
                                                                                  Standard          Wald 95% 
                                                                      Estimate       Error      Confidence Limits           Z    Pr > |Z|

                                    Total Effect                       -0.1697      0.2513     -0.6621      0.3228      -0.68      0.4996
                                    Controlled Direct Effect (CDE)     -0.2298      0.2440     -0.7081      0.2485      -0.94      0.3464
                                    Natural Direct Effect (NDE)        -0.2298      0.2440     -0.7081      0.2485      -0.94      0.3464
                                    Natural Indirect Effect (NIE)      0.06013     0.06609    -0.06941      0.1897       0.91      0.3629
                                    Percentage Mediated               -35.4406     72.4746     -177.49      106.61      -0.49      0.6248
                                    Percentage Due to Interaction            0           .           .           .        .         .    
                                    Percentage Eliminated             -35.4406     72.4746     -177.49      106.61      -0.49      0.6248
                                                                               The SAS System

--------------------------------------------------------------------------- Imputation Number=10 ----------------------------------------------------------------------------

                                                                           The CAUSALMED Procedure

                                                                              Model Information

                                                                Data Set                           WORK.DB_IN
                                                                Outcome Variable                          WAZ
                                                                Treatment Variable        alcohol_use_current
                                                                Mediator Variable                BIRTHWT_GA_Z
                                                                Outcome Distribution                   Normal
                                                                Outcome Link Function                Identity
                                                                Mediator Distribution                  Normal
                                                                Mediator Link Function               Identity


                                                                   Number of Observations Read         227
                                                                   Number of Observations Used         138


                                                                           Class Level Information
 
                                              Class                Levels    Values

                                              CENTERNUM                 4    CHICAGO MIAMI SAN DIEGO BRONX                     
                                              INCOME_C2                 2    <30 >30                                           
                                              LANG_PREF                 2    SPANISH ENGLISH                                   
                                              BKGRD1_C7NOMISS           7    BK_OTHER CUBAN C_AMERICAN DOMINICAN P_RICAN SOUTH 
                                                                             MEXICAN                                           
                                              MARITAL_STATUS            3    COHABITING SEPARATED SINGLE                       
                                              EMPLOYEDYN                2    EMPLOYED NOT_EMPLOYED                             
                                              EDUCATION_C3              3    AT_MOST_HIGHSCHOOL_GED G_HIGHSCHOOL               
                                                                             N_HIGHSCHOOL_GED                                  
                                              N_HC                      2    NO YES                                            
                                                                               The SAS System

--------------------------------------------------------------------------- Imputation Number=10 ----------------------------------------------------------------------------

                                                                           The CAUSALMED Procedure

                                                                             Summary of Effects
 
                                                                                  Standard          Wald 95% 
                                                                      Estimate       Error      Confidence Limits           Z    Pr > |Z|

                                    Total Effect                       -0.1734      0.2507     -0.6647      0.3180      -0.69      0.4892
                                    Controlled Direct Effect (CDE)     -0.2485      0.2477     -0.7341      0.2370      -1.00      0.3158
                                    Natural Direct Effect (NDE)        -0.2485      0.2477     -0.7341      0.2370      -1.00      0.3158
                                    Natural Indirect Effect (NIE)      0.07515     0.05891    -0.04031      0.1906       1.28      0.2021
                                    Percentage Mediated               -43.3531     76.1461     -192.60      105.89      -0.57      0.5691
                                    Percentage Due to Interaction            0           .           .           .        .         .    
                                    Percentage Eliminated             -43.3531     76.1461     -192.60      105.89      -0.57      0.5691
                                                                               The SAS System

------------------------------------------------------------------- Effect=Controlled Direct Effect (CDE) -------------------------------------------------------------------

                                                                           The MIANALYZE Procedure

                                                                              Model Information

                                                           Data Set                  WORK.DB_ALCOHOL_USE_CURRENT_0
                                                           Number of Imputations     10                           


                                                                    Variance Information (10 Imputations)
 
                                                                                                       Relative       Fraction
                                             -----------------Variance-----------------                Increase        Missing       Relative
                                Parameter         Between         Within          Total       DF    in Variance    Information     Efficiency

                                Estimate         0.001386       0.060650       0.062174    14972       0.025134       0.024648       0.997541


                                                                    Parameter Estimates (10 Imputations)
 
                                                                                                                                             t for H0:
           Parameter        Estimate      Std Error    95% Confidence Limits        DF        Minimum        Maximum         Theta0   Parameter=Theta0   Pr > |t|

           Estimate        -0.250577       0.249347     -0.73933     0.238174    14972      -0.319499      -0.215550              0              -1.00     0.3149
                                                                               The SAS System

-------------------------------------------------------------------- Effect=Natural Direct Effect (NDE) ---------------------------------------------------------------------

                                                                           The MIANALYZE Procedure

                                                                              Model Information

                                                           Data Set                  WORK.DB_ALCOHOL_USE_CURRENT_0
                                                           Number of Imputations     10                           


                                                                    Variance Information (10 Imputations)
 
                                                                                                       Relative       Fraction
                                             -----------------Variance-----------------                Increase        Missing       Relative
                                Parameter         Between         Within          Total       DF    in Variance    Information     Efficiency

                                Estimate         0.001386       0.060650       0.062174    14972       0.025134       0.024648       0.997541


                                                                    Parameter Estimates (10 Imputations)
 
                                                                                                                                             t for H0:
           Parameter        Estimate      Std Error    95% Confidence Limits        DF        Minimum        Maximum         Theta0   Parameter=Theta0   Pr > |t|

           Estimate        -0.250577       0.249347     -0.73933     0.238174    14972      -0.319499      -0.215550              0              -1.00     0.3149
                                                                               The SAS System

------------------------------------------------------------------- Effect=Natural Indirect Effect (NIE) --------------------------------------------------------------------

                                                                           The MIANALYZE Procedure

                                                                              Model Information

                                                           Data Set                  WORK.DB_ALCOHOL_USE_CURRENT_0
                                                           Number of Imputations     10                           


                                                                    Variance Information (10 Imputations)
 
                                                                                                       Relative       Fraction
                                             -----------------Variance-----------------                Increase        Missing       Relative
                                Parameter         Between         Within          Total       DF    in Variance    Information     Efficiency

                                Estimate         0.001910       0.003695       0.005795   68.493       0.568607       0.380326       0.963361


                                                                    Parameter Estimates (10 Imputations)
 
                                                                                                                                             t for H0:
           Parameter        Estimate      Std Error    95% Confidence Limits        DF        Minimum        Maximum         Theta0   Parameter=Theta0   Pr > |t|

           Estimate         0.071223       0.076127     -0.08067     0.223112   68.493       0.022029       0.158996              0               0.94     0.3528
                                                                               The SAS System

----------------------------------------------------------------------- Effect=Percentage Eliminated ------------------------------------------------------------------------

                                                                           The MIANALYZE Procedure

                                                                              Model Information

                                                           Data Set                  WORK.DB_ALCOHOL_USE_CURRENT_0
                                                           Number of Imputations     10                           


                                                                    Variance Information (10 Imputations)
 
                                                                                                       Relative       Fraction
                                             -----------------Variance-----------------                Increase        Missing       Relative
                                Parameter         Between         Within          Total       DF    in Variance    Information     Efficiency

                                Estimate       726.161207    7134.511492    7933.288819   887.76       0.111960       0.102706       0.989834


                                                                    Parameter Estimates (10 Imputations)
 
                                                                                                                                             t for H0:
           Parameter        Estimate      Std Error    95% Confidence Limits        DF        Minimum        Maximum         Theta0   Parameter=Theta0   Pr > |t|

           Estimate       -40.748268      89.069012     -215.559     134.0621   887.76     -99.060930     -11.383487              0              -0.46     0.6474
                                                                               The SAS System

------------------------------------------------------------------------ Effect=Percentage Mediated -------------------------------------------------------------------------

                                                                           The MIANALYZE Procedure

                                                                              Model Information

                                                           Data Set                  WORK.DB_ALCOHOL_USE_CURRENT_0
                                                           Number of Imputations     10                           


                                                                    Variance Information (10 Imputations)
 
                                                                                                       Relative       Fraction
                                             -----------------Variance-----------------                Increase        Missing       Relative
                                Parameter         Between         Within          Total       DF    in Variance    Information     Efficiency

                                Estimate       726.161207    7134.511492    7933.288819   887.76       0.111960       0.102706       0.989834


                                                                    Parameter Estimates (10 Imputations)
 
                                                                                                                                             t for H0:
           Parameter        Estimate      Std Error    95% Confidence Limits        DF        Minimum        Maximum         Theta0   Parameter=Theta0   Pr > |t|

           Estimate       -40.748268      89.069012     -215.559     134.0621   887.76     -99.060930     -11.383487              0              -0.46     0.6474
                                                                               The SAS System

---------------------------------------------------------------------------- Effect=Total Effect ----------------------------------------------------------------------------

                                                                           The MIANALYZE Procedure

                                                                              Model Information

                                                           Data Set                  WORK.DB_ALCOHOL_USE_CURRENT_0
                                                           Number of Imputations     10                           


                                                                    Variance Information (10 Imputations)
 
                                                                                                       Relative       Fraction
                                             -----------------Variance-----------------                Increase        Missing       Relative
                                Parameter         Between         Within          Total       DF    in Variance    Information     Efficiency

                                Estimate         0.000110       0.062651       0.062772   2.41E6       0.001938       0.001935       0.999807


                                                                    Parameter Estimates (10 Imputations)
 
                                                                                                                                             t for H0:
           Parameter        Estimate      Std Error    95% Confidence Limits        DF        Minimum        Maximum         Theta0   Parameter=Theta0   Pr > |t|

           Estimate        -0.179354       0.250544     -0.67041     0.311703   2.41E6      -0.195226      -0.160503              0              -0.72     0.4741
                                                                               The SAS System

---------------------------------------------------------------------------- Imputation Number=1 ----------------------------------------------------------------------------

                                                                           The CAUSALMED Procedure

                                                                             Model Information

                                                                   Data Set                    WORK.DB_IN
                                                                   Outcome Variable                   WAZ
                                                                   Treatment Variable            PCT_MVPA
                                                                   Mediator Variable         BIRTHWT_GA_Z
                                                                   Outcome Distribution            Normal
                                                                   Outcome Link Function         Identity
                                                                   Mediator Distribution           Normal
                                                                   Mediator Link Function        Identity


                                                                   Number of Observations Read         227
                                                                   Number of Observations Used         138


                                                                           Class Level Information
 
                                              Class                Levels    Values

                                              CENTERNUM                 4    CHICAGO MIAMI SAN DIEGO BRONX                     
                                              INCOME_C2                 2    <30 >30                                           
                                              LANG_PREF                 2    SPANISH ENGLISH                                   
                                              BKGRD1_C7NOMISS           7    BK_OTHER CUBAN C_AMERICAN DOMINICAN P_RICAN SOUTH 
                                                                             MEXICAN                                           
                                              MARITAL_STATUS            3    COHABITING SEPARATED SINGLE                       
                                              EMPLOYEDYN                2    EMPLOYED NOT_EMPLOYED                             
                                              EDUCATION_C3              3    AT_MOST_HIGHSCHOOL_GED G_HIGHSCHOOL               
                                                                             N_HIGHSCHOOL_GED                                  
                                              N_HC                      2    NO YES                                            
                                                                               The SAS System

---------------------------------------------------------------------------- Imputation Number=1 ----------------------------------------------------------------------------

                                                                           The CAUSALMED Procedure

                                                                             Summary of Effects
 
                                                                                  Standard          Wald 95% 
                                                                      Estimate       Error      Confidence Limits           Z    Pr > |Z|

                                    Total Effect                       0.03359     0.06321    -0.09030      0.1575       0.53      0.5952
                                    Controlled Direct Effect (CDE)    0.009888     0.06244     -0.1125      0.1323       0.16      0.8742
                                    Natural Direct Effect (NDE)       0.009888     0.06244     -0.1125      0.1323       0.16      0.8742
                                    Natural Indirect Effect (NIE)      0.02370     0.01635    -0.00834     0.05574       1.45      0.1472
                                    Percentage Mediated                70.5593      133.14     -190.39      331.51       0.53      0.5961
                                    Percentage Due to Interaction            0           .           .           .        .         .    
                                    Percentage Eliminated              70.5593      133.14     -190.39      331.51       0.53      0.5961
                                                                               The SAS System

---------------------------------------------------------------------------- Imputation Number=2 ----------------------------------------------------------------------------

                                                                           The CAUSALMED Procedure

                                                                             Model Information

                                                                   Data Set                    WORK.DB_IN
                                                                   Outcome Variable                   WAZ
                                                                   Treatment Variable            PCT_MVPA
                                                                   Mediator Variable         BIRTHWT_GA_Z
                                                                   Outcome Distribution            Normal
                                                                   Outcome Link Function         Identity
                                                                   Mediator Distribution           Normal
                                                                   Mediator Link Function        Identity


                                                                   Number of Observations Read         227
                                                                   Number of Observations Used         138


                                                                           Class Level Information
 
                                              Class                Levels    Values

                                              CENTERNUM                 4    CHICAGO MIAMI SAN DIEGO BRONX                     
                                              INCOME_C2                 2    <30 >30                                           
                                              LANG_PREF                 2    SPANISH ENGLISH                                   
                                              BKGRD1_C7NOMISS           7    BK_OTHER CUBAN C_AMERICAN DOMINICAN P_RICAN SOUTH 
                                                                             MEXICAN                                           
                                              MARITAL_STATUS            3    COHABITING SEPARATED SINGLE                       
                                              EMPLOYEDYN                2    EMPLOYED NOT_EMPLOYED                             
                                              EDUCATION_C3              3    AT_MOST_HIGHSCHOOL_GED G_HIGHSCHOOL               
                                                                             N_HIGHSCHOOL_GED                                  
                                              N_HC                      2    NO YES                                            
                                                                               The SAS System

---------------------------------------------------------------------------- Imputation Number=2 ----------------------------------------------------------------------------

                                                                           The CAUSALMED Procedure

                                                                             Summary of Effects
 
                                                                                  Standard          Wald 95% 
                                                                      Estimate       Error      Confidence Limits           Z    Pr > |Z|

                                    Total Effect                       0.02855     0.06328    -0.09548      0.1526       0.45      0.6519
                                    Controlled Direct Effect (CDE)     0.01167     0.06313     -0.1121      0.1354       0.18      0.8533
                                    Natural Direct Effect (NDE)        0.01167     0.06313     -0.1121      0.1354       0.18      0.8533
                                    Natural Indirect Effect (NIE)      0.01687     0.01344    -0.00946     0.04321       1.26      0.2092
                                    Percentage Mediated                59.1107      133.92     -203.37      321.59       0.44      0.6589
                                    Percentage Due to Interaction            0           .           .           .        .         .    
                                    Percentage Eliminated              59.1107      133.92     -203.37      321.59       0.44      0.6589
                                                                               The SAS System

---------------------------------------------------------------------------- Imputation Number=3 ----------------------------------------------------------------------------

                                                                           The CAUSALMED Procedure

                                                                             Model Information

                                                                   Data Set                    WORK.DB_IN
                                                                   Outcome Variable                   WAZ
                                                                   Treatment Variable            PCT_MVPA
                                                                   Mediator Variable         BIRTHWT_GA_Z
                                                                   Outcome Distribution            Normal
                                                                   Outcome Link Function         Identity
                                                                   Mediator Distribution           Normal
                                                                   Mediator Link Function        Identity


                                                                   Number of Observations Read         227
                                                                   Number of Observations Used         138


                                                                           Class Level Information
 
                                              Class                Levels    Values

                                              CENTERNUM                 4    CHICAGO MIAMI SAN DIEGO BRONX                     
                                              INCOME_C2                 2    <30 >30                                           
                                              LANG_PREF                 2    SPANISH ENGLISH                                   
                                              BKGRD1_C7NOMISS           7    BK_OTHER CUBAN C_AMERICAN DOMINICAN P_RICAN SOUTH 
                                                                             MEXICAN                                           
                                              MARITAL_STATUS            3    COHABITING SEPARATED SINGLE                       
                                              EMPLOYEDYN                2    EMPLOYED NOT_EMPLOYED                             
                                              EDUCATION_C3              3    AT_MOST_HIGHSCHOOL_GED G_HIGHSCHOOL               
                                                                             N_HIGHSCHOOL_GED                                  
                                              N_HC                      2    NO YES                                            
                                                                               The SAS System

---------------------------------------------------------------------------- Imputation Number=3 ----------------------------------------------------------------------------

                                                                           The CAUSALMED Procedure

                                                                             Summary of Effects
 
                                                                                  Standard          Wald 95% 
                                                                      Estimate       Error      Confidence Limits           Z    Pr > |Z|

                                    Total Effect                       0.03386     0.06318    -0.08998      0.1577       0.54      0.5920
                                    Controlled Direct Effect (CDE)     0.02203     0.06299     -0.1014      0.1455       0.35      0.7266
                                    Natural Direct Effect (NDE)        0.02203     0.06299     -0.1014      0.1455       0.35      0.7266
                                    Natural Indirect Effect (NIE)      0.01183     0.01133    -0.01037     0.03404       1.04      0.2963
                                    Percentage Mediated                34.9448     70.0513     -102.35      172.24       0.50      0.6179
                                    Percentage Due to Interaction            0           .           .           .        .         .    
                                    Percentage Eliminated              34.9448     70.0513     -102.35      172.24       0.50      0.6179
                                                                               The SAS System

---------------------------------------------------------------------------- Imputation Number=4 ----------------------------------------------------------------------------

                                                                           The CAUSALMED Procedure

                                                                             Model Information

                                                                   Data Set                    WORK.DB_IN
                                                                   Outcome Variable                   WAZ
                                                                   Treatment Variable            PCT_MVPA
                                                                   Mediator Variable         BIRTHWT_GA_Z
                                                                   Outcome Distribution            Normal
                                                                   Outcome Link Function         Identity
                                                                   Mediator Distribution           Normal
                                                                   Mediator Link Function        Identity


                                                                   Number of Observations Read         227
                                                                   Number of Observations Used         138


                                                                           Class Level Information
 
                                              Class                Levels    Values

                                              CENTERNUM                 4    CHICAGO MIAMI SAN DIEGO BRONX                     
                                              INCOME_C2                 2    <30 >30                                           
                                              LANG_PREF                 2    SPANISH ENGLISH                                   
                                              BKGRD1_C7NOMISS           7    BK_OTHER CUBAN C_AMERICAN DOMINICAN P_RICAN SOUTH 
                                                                             MEXICAN                                           
                                              MARITAL_STATUS            3    COHABITING SEPARATED SINGLE                       
                                              EMPLOYEDYN                2    EMPLOYED NOT_EMPLOYED                             
                                              EDUCATION_C3              3    AT_MOST_HIGHSCHOOL_GED G_HIGHSCHOOL               
                                                                             N_HIGHSCHOOL_GED                                  
                                              N_HC                      2    NO YES                                            
                                                                               The SAS System

---------------------------------------------------------------------------- Imputation Number=4 ----------------------------------------------------------------------------

                                                                           The CAUSALMED Procedure

                                                                             Summary of Effects
 
                                                                                  Standard          Wald 95% 
                                                                      Estimate       Error      Confidence Limits           Z    Pr > |Z|

                                    Total Effect                       0.03084     0.06311    -0.09285      0.1545       0.49      0.6250
                                    Controlled Direct Effect (CDE)     0.01015     0.06296     -0.1132      0.1335       0.16      0.8719
                                    Natural Direct Effect (NDE)        0.01015     0.06296     -0.1132      0.1335       0.16      0.8719
                                    Natural Indirect Effect (NIE)      0.02069     0.01483    -0.00837     0.04975       1.40      0.1629
                                    Percentage Mediated                67.0773      139.50     -206.34      340.49       0.48      0.6306
                                    Percentage Due to Interaction            0           .           .           .        .         .    
                                    Percentage Eliminated              67.0773      139.50     -206.34      340.49       0.48      0.6306
                                                                               The SAS System

---------------------------------------------------------------------------- Imputation Number=5 ----------------------------------------------------------------------------

                                                                           The CAUSALMED Procedure

                                                                             Model Information

                                                                   Data Set                    WORK.DB_IN
                                                                   Outcome Variable                   WAZ
                                                                   Treatment Variable            PCT_MVPA
                                                                   Mediator Variable         BIRTHWT_GA_Z
                                                                   Outcome Distribution            Normal
                                                                   Outcome Link Function         Identity
                                                                   Mediator Distribution           Normal
                                                                   Mediator Link Function        Identity


                                                                   Number of Observations Read         227
                                                                   Number of Observations Used         138


                                                                           Class Level Information
 
                                              Class                Levels    Values

                                              CENTERNUM                 4    CHICAGO MIAMI SAN DIEGO BRONX                     
                                              INCOME_C2                 2    <30 >30                                           
                                              LANG_PREF                 2    SPANISH ENGLISH                                   
                                              BKGRD1_C7NOMISS           7    BK_OTHER CUBAN C_AMERICAN DOMINICAN P_RICAN SOUTH 
                                                                             MEXICAN                                           
                                              MARITAL_STATUS            3    COHABITING SEPARATED SINGLE                       
                                              EMPLOYEDYN                2    EMPLOYED NOT_EMPLOYED                             
                                              EDUCATION_C3              3    AT_MOST_HIGHSCHOOL_GED G_HIGHSCHOOL               
                                                                             N_HIGHSCHOOL_GED                                  
                                              N_HC                      2    NO YES                                            
                                                                               The SAS System

---------------------------------------------------------------------------- Imputation Number=5 ----------------------------------------------------------------------------

                                                                           The CAUSALMED Procedure

                                                                             Summary of Effects
 
                                                                                  Standard          Wald 95% 
                                                                      Estimate       Error      Confidence Limits           Z    Pr > |Z|

                                    Total Effect                       0.03433     0.06310    -0.08935      0.1580       0.54      0.5864
                                    Controlled Direct Effect (CDE)    -0.00244     0.06225     -0.1244      0.1196      -0.04      0.9687
                                    Natural Direct Effect (NDE)       -0.00244     0.06225     -0.1244      0.1196      -0.04      0.9687
                                    Natural Indirect Effect (NIE)      0.03677     0.01993    -0.00229     0.07583       1.85      0.0650
                                    Percentage Mediated                 107.12      193.79     -272.70      486.94       0.55      0.5804
                                    Percentage Due to Interaction            0           .           .           .        .         .    
                                    Percentage Eliminated               107.12      193.79     -272.70      486.94       0.55      0.5804
                                                                               The SAS System

---------------------------------------------------------------------------- Imputation Number=6 ----------------------------------------------------------------------------

                                                                           The CAUSALMED Procedure

                                                                             Model Information

                                                                   Data Set                    WORK.DB_IN
                                                                   Outcome Variable                   WAZ
                                                                   Treatment Variable            PCT_MVPA
                                                                   Mediator Variable         BIRTHWT_GA_Z
                                                                   Outcome Distribution            Normal
                                                                   Outcome Link Function         Identity
                                                                   Mediator Distribution           Normal
                                                                   Mediator Link Function        Identity


                                                                   Number of Observations Read         227
                                                                   Number of Observations Used         138


                                                                           Class Level Information
 
                                              Class                Levels    Values

                                              CENTERNUM                 4    CHICAGO MIAMI SAN DIEGO BRONX                     
                                              INCOME_C2                 2    <30 >30                                           
                                              LANG_PREF                 2    SPANISH ENGLISH                                   
                                              BKGRD1_C7NOMISS           7    BK_OTHER CUBAN C_AMERICAN DOMINICAN P_RICAN SOUTH 
                                                                             MEXICAN                                           
                                              MARITAL_STATUS            3    COHABITING SEPARATED SINGLE                       
                                              EMPLOYEDYN                2    EMPLOYED NOT_EMPLOYED                             
                                              EDUCATION_C3              3    AT_MOST_HIGHSCHOOL_GED G_HIGHSCHOOL               
                                                                             N_HIGHSCHOOL_GED                                  
                                              N_HC                      2    NO YES                                            
                                                                               The SAS System

---------------------------------------------------------------------------- Imputation Number=6 ----------------------------------------------------------------------------

                                                                           The CAUSALMED Procedure

                                                                             Summary of Effects
 
                                                                                  Standard          Wald 95% 
                                                                      Estimate       Error      Confidence Limits           Z    Pr > |Z|

                                    Total Effect                       0.03530     0.06311    -0.08838      0.1590       0.56      0.5759
                                    Controlled Direct Effect (CDE)    -0.00109     0.06214     -0.1229      0.1207      -0.02      0.9860
                                    Natural Direct Effect (NDE)       -0.00109     0.06214     -0.1229      0.1207      -0.02      0.9860
                                    Natural Indirect Effect (NIE)      0.03639     0.01992    -0.00265     0.07543       1.83      0.0677
                                    Percentage Mediated                 103.08      181.26     -252.19      458.35       0.57      0.5696
                                    Percentage Due to Interaction            0           .           .           .        .         .    
                                    Percentage Eliminated               103.08      181.26     -252.19      458.35       0.57      0.5696
                                                                               The SAS System

---------------------------------------------------------------------------- Imputation Number=7 ----------------------------------------------------------------------------

                                                                           The CAUSALMED Procedure

                                                                             Model Information

                                                                   Data Set                    WORK.DB_IN
                                                                   Outcome Variable                   WAZ
                                                                   Treatment Variable            PCT_MVPA
                                                                   Mediator Variable         BIRTHWT_GA_Z
                                                                   Outcome Distribution            Normal
                                                                   Outcome Link Function         Identity
                                                                   Mediator Distribution           Normal
                                                                   Mediator Link Function        Identity


                                                                   Number of Observations Read         227
                                                                   Number of Observations Used         138


                                                                           Class Level Information
 
                                              Class                Levels    Values

                                              CENTERNUM                 4    CHICAGO MIAMI SAN DIEGO BRONX                     
                                              INCOME_C2                 2    <30 >30                                           
                                              LANG_PREF                 2    SPANISH ENGLISH                                   
                                              BKGRD1_C7NOMISS           7    BK_OTHER CUBAN C_AMERICAN DOMINICAN P_RICAN SOUTH 
                                                                             MEXICAN                                           
                                              MARITAL_STATUS            3    COHABITING SEPARATED SINGLE                       
                                              EMPLOYEDYN                2    EMPLOYED NOT_EMPLOYED                             
                                              EDUCATION_C3              3    AT_MOST_HIGHSCHOOL_GED G_HIGHSCHOOL               
                                                                             N_HIGHSCHOOL_GED                                  
                                              N_HC                      2    NO YES                                            
                                                                               The SAS System

---------------------------------------------------------------------------- Imputation Number=7 ----------------------------------------------------------------------------

                                                                           The CAUSALMED Procedure

                                                                             Summary of Effects
 
                                                                                  Standard          Wald 95% 
                                                                      Estimate       Error      Confidence Limits           Z    Pr > |Z|

                                    Total Effect                       0.03558     0.06313    -0.08816      0.1593       0.56      0.5731
                                    Controlled Direct Effect (CDE)    -0.00618     0.06203     -0.1278      0.1154      -0.10      0.9206
                                    Natural Direct Effect (NDE)       -0.00618     0.06203     -0.1278      0.1154      -0.10      0.9206
                                    Natural Indirect Effect (NIE)      0.04176     0.02130    0.000023     0.08350       1.96      0.0499
                                    Percentage Mediated                 117.38      203.66     -281.78      516.54       0.58      0.5644
                                    Percentage Due to Interaction            0           .           .           .        .         .    
                                    Percentage Eliminated               117.38      203.66     -281.78      516.54       0.58      0.5644
                                                                               The SAS System

---------------------------------------------------------------------------- Imputation Number=8 ----------------------------------------------------------------------------

                                                                           The CAUSALMED Procedure

                                                                             Model Information

                                                                   Data Set                    WORK.DB_IN
                                                                   Outcome Variable                   WAZ
                                                                   Treatment Variable            PCT_MVPA
                                                                   Mediator Variable         BIRTHWT_GA_Z
                                                                   Outcome Distribution            Normal
                                                                   Outcome Link Function         Identity
                                                                   Mediator Distribution           Normal
                                                                   Mediator Link Function        Identity


                                                                   Number of Observations Read         227
                                                                   Number of Observations Used         138


                                                                           Class Level Information
 
                                              Class                Levels    Values

                                              CENTERNUM                 4    CHICAGO MIAMI SAN DIEGO BRONX                     
                                              INCOME_C2                 2    <30 >30                                           
                                              LANG_PREF                 2    SPANISH ENGLISH                                   
                                              BKGRD1_C7NOMISS           7    BK_OTHER CUBAN C_AMERICAN DOMINICAN P_RICAN SOUTH 
                                                                             MEXICAN                                           
                                              MARITAL_STATUS            3    COHABITING SEPARATED SINGLE                       
                                              EMPLOYEDYN                2    EMPLOYED NOT_EMPLOYED                             
                                              EDUCATION_C3              3    AT_MOST_HIGHSCHOOL_GED G_HIGHSCHOOL               
                                                                             N_HIGHSCHOOL_GED                                  
                                              N_HC                      2    NO YES                                            
                                                                               The SAS System

---------------------------------------------------------------------------- Imputation Number=8 ----------------------------------------------------------------------------

                                                                           The CAUSALMED Procedure

                                                                             Summary of Effects
 
                                                                                  Standard          Wald 95% 
                                                                      Estimate       Error      Confidence Limits           Z    Pr > |Z|

                                    Total Effect                       0.03141     0.06327    -0.09260      0.1554       0.50      0.6196
                                    Controlled Direct Effect (CDE)     0.01182     0.06303     -0.1117      0.1354       0.19      0.8512
                                    Natural Direct Effect (NDE)        0.01182     0.06303     -0.1117      0.1354       0.19      0.8512
                                    Natural Indirect Effect (NIE)      0.01958     0.01449    -0.00882     0.04798       1.35      0.1766
                                    Percentage Mediated                62.3487      128.01     -188.54      313.24       0.49      0.6262
                                    Percentage Due to Interaction            0           .           .           .        .         .    
                                    Percentage Eliminated              62.3487      128.01     -188.54      313.24       0.49      0.6262
                                                                               The SAS System

---------------------------------------------------------------------------- Imputation Number=9 ----------------------------------------------------------------------------

                                                                           The CAUSALMED Procedure

                                                                             Model Information

                                                                   Data Set                    WORK.DB_IN
                                                                   Outcome Variable                   WAZ
                                                                   Treatment Variable            PCT_MVPA
                                                                   Mediator Variable         BIRTHWT_GA_Z
                                                                   Outcome Distribution            Normal
                                                                   Outcome Link Function         Identity
                                                                   Mediator Distribution           Normal
                                                                   Mediator Link Function        Identity


                                                                   Number of Observations Read         227
                                                                   Number of Observations Used         138


                                                                           Class Level Information
 
                                              Class                Levels    Values

                                              CENTERNUM                 4    CHICAGO MIAMI SAN DIEGO BRONX                     
                                              INCOME_C2                 2    <30 >30                                           
                                              LANG_PREF                 2    SPANISH ENGLISH                                   
                                              BKGRD1_C7NOMISS           7    BK_OTHER CUBAN C_AMERICAN DOMINICAN P_RICAN SOUTH 
                                                                             MEXICAN                                           
                                              MARITAL_STATUS            3    COHABITING SEPARATED SINGLE                       
                                              EMPLOYEDYN                2    EMPLOYED NOT_EMPLOYED                             
                                              EDUCATION_C3              3    AT_MOST_HIGHSCHOOL_GED G_HIGHSCHOOL               
                                                                             N_HIGHSCHOOL_GED                                  
                                              N_HC                      2    NO YES                                            
                                                                               The SAS System

---------------------------------------------------------------------------- Imputation Number=9 ----------------------------------------------------------------------------

                                                                           The CAUSALMED Procedure

                                                                             Summary of Effects
 
                                                                                  Standard          Wald 95% 
                                                                      Estimate       Error      Confidence Limits           Z    Pr > |Z|

                                    Total Effect                       0.03602     0.06362    -0.08868      0.1607       0.57      0.5713
                                    Controlled Direct Effect (CDE)    0.003859     0.06248     -0.1186      0.1263       0.06      0.9508
                                    Natural Direct Effect (NDE)       0.003859     0.06248     -0.1186      0.1263       0.06      0.9508
                                    Natural Indirect Effect (NIE)      0.03216     0.01914    -0.00536     0.06968       1.68      0.0930
                                    Percentage Mediated                89.2874      155.52     -215.53      394.11       0.57      0.5659
                                    Percentage Due to Interaction            0           .           .           .        .         .    
                                    Percentage Eliminated              89.2874      155.52     -215.53      394.11       0.57      0.5659
                                                                               The SAS System

--------------------------------------------------------------------------- Imputation Number=10 ----------------------------------------------------------------------------

                                                                           The CAUSALMED Procedure

                                                                             Model Information

                                                                   Data Set                    WORK.DB_IN
                                                                   Outcome Variable                   WAZ
                                                                   Treatment Variable            PCT_MVPA
                                                                   Mediator Variable         BIRTHWT_GA_Z
                                                                   Outcome Distribution            Normal
                                                                   Outcome Link Function         Identity
                                                                   Mediator Distribution           Normal
                                                                   Mediator Link Function        Identity


                                                                   Number of Observations Read         227
                                                                   Number of Observations Used         138


                                                                           Class Level Information
 
                                              Class                Levels    Values

                                              CENTERNUM                 4    CHICAGO MIAMI SAN DIEGO BRONX                     
                                              INCOME_C2                 2    <30 >30                                           
                                              LANG_PREF                 2    SPANISH ENGLISH                                   
                                              BKGRD1_C7NOMISS           7    BK_OTHER CUBAN C_AMERICAN DOMINICAN P_RICAN SOUTH 
                                                                             MEXICAN                                           
                                              MARITAL_STATUS            3    COHABITING SEPARATED SINGLE                       
                                              EMPLOYEDYN                2    EMPLOYED NOT_EMPLOYED                             
                                              EDUCATION_C3              3    AT_MOST_HIGHSCHOOL_GED G_HIGHSCHOOL               
                                                                             N_HIGHSCHOOL_GED                                  
                                              N_HC                      2    NO YES                                            
                                                                               The SAS System

--------------------------------------------------------------------------- Imputation Number=10 ----------------------------------------------------------------------------

                                                                           The CAUSALMED Procedure

                                                                             Summary of Effects
 
                                                                                  Standard          Wald 95% 
                                                                      Estimate       Error      Confidence Limits           Z    Pr > |Z|

                                    Total Effect                       0.03290     0.06346    -0.09149      0.1573       0.52      0.6042
                                    Controlled Direct Effect (CDE)    0.009815     0.06296     -0.1136      0.1332       0.16      0.8761
                                    Natural Direct Effect (NDE)       0.009815     0.06296     -0.1136      0.1332       0.16      0.8761
                                    Natural Indirect Effect (NIE)      0.02308     0.01590    -0.00807     0.05424       1.45      0.1465
                                    Percentage Mediated                70.1658      136.39     -197.16      337.49       0.51      0.6069
                                    Percentage Due to Interaction            0           .           .           .        .         .    
                                    Percentage Eliminated              70.1658      136.39     -197.16      337.49       0.51      0.6069
                                                                               The SAS System

------------------------------------------------------------------- Effect=Controlled Direct Effect (CDE) -------------------------------------------------------------------

                                                                           The MIANALYZE Procedure

                                                                             Model Information

                                                                Data Set                  WORK.DB_PCT_MVPA_0
                                                                Number of Imputations     10                


                                                                    Variance Information (10 Imputations)
 
                                                                                                       Relative       Fraction
                                             -----------------Variance-----------------                Increase        Missing       Relative
                                Parameter         Between         Within          Total       DF    in Variance    Information     Efficiency

                                Estimate      0.000070596       0.003924       0.004002    23899       0.019790       0.019488       0.998055


                                                                    Parameter Estimates (10 Imputations)
 
                                                                                                                                             t for H0:
           Parameter        Estimate      Std Error    95% Confidence Limits        DF        Minimum        Maximum         Theta0   Parameter=Theta0   Pr > |t|

           Estimate         0.006953       0.063258     -0.11704     0.130943    23899      -0.006183       0.022027              0               0.11     0.9125
                                                                               The SAS System

-------------------------------------------------------------------- Effect=Natural Direct Effect (NDE) ---------------------------------------------------------------------

                                                                           The MIANALYZE Procedure

                                                                             Model Information

                                                                Data Set                  WORK.DB_PCT_MVPA_0
                                                                Number of Imputations     10                


                                                                    Variance Information (10 Imputations)
 
                                                                                                       Relative       Fraction
                                             -----------------Variance-----------------                Increase        Missing       Relative
                                Parameter         Between         Within          Total       DF    in Variance    Information     Efficiency

                                Estimate      0.000070596       0.003924       0.004002    23899       0.019790       0.019488       0.998055


                                                                    Parameter Estimates (10 Imputations)
 
                                                                                                                                             t for H0:
           Parameter        Estimate      Std Error    95% Confidence Limits        DF        Minimum        Maximum         Theta0   Parameter=Theta0   Pr > |t|

           Estimate         0.006953       0.063258     -0.11704     0.130943    23899      -0.006183       0.022027              0               0.11     0.9125
                                                                               The SAS System

------------------------------------------------------------------- Effect=Natural Indirect Effect (NIE) --------------------------------------------------------------------

                                                                           The MIANALYZE Procedure

                                                                             Model Information

                                                                Data Set                  WORK.DB_PCT_MVPA_0
                                                                Number of Imputations     10                


                                                                    Variance Information (10 Imputations)
 
                                                                                                       Relative       Fraction
                                             -----------------Variance-----------------                Increase        Missing       Relative
                                Parameter         Between         Within          Total       DF    in Variance    Information     Efficiency

                                Estimate      0.000097426       0.000287       0.000394   121.91       0.373075       0.283369       0.972444


                                                                    Parameter Estimates (10 Imputations)
 
                                                                                                                                             t for H0:
           Parameter        Estimate      Std Error    95% Confidence Limits        DF        Minimum        Maximum         Theta0   Parameter=Theta0   Pr > |t|

           Estimate         0.026285       0.019860     -0.01303     0.065600   121.91       0.011832       0.041762              0               1.32     0.1882
                                                                               The SAS System

----------------------------------------------------------------------- Effect=Percentage Eliminated ------------------------------------------------------------------------

                                                                           The MIANALYZE Procedure

                                                                             Model Information

                                                                Data Set                  WORK.DB_PCT_MVPA_0
                                                                Number of Imputations     10                


                                                                    Variance Information (10 Imputations)
 
                                                                                                       Relative       Fraction
                                             -----------------Variance-----------------                Increase        Missing       Relative
                                Parameter         Between         Within          Total       DF    in Variance    Information     Efficiency

                                Estimate       649.598234          23109          23824    10004       0.030921       0.030188       0.996990


                                                                    Parameter Estimates (10 Imputations)
 
                                                                                                                                             t for H0:
           Parameter        Estimate      Std Error    95% Confidence Limits        DF        Minimum        Maximum         Theta0   Parameter=Theta0   Pr > |t|

           Estimate        78.107081     154.349045     -224.448     380.6623    10004      34.944837     117.377641              0               0.51     0.6128
                                                                               The SAS System

------------------------------------------------------------------------ Effect=Percentage Mediated -------------------------------------------------------------------------

                                                                           The MIANALYZE Procedure

                                                                             Model Information

                                                                Data Set                  WORK.DB_PCT_MVPA_0
                                                                Number of Imputations     10                


                                                                    Variance Information (10 Imputations)
 
                                                                                                       Relative       Fraction
                                             -----------------Variance-----------------                Increase        Missing       Relative
                                Parameter         Between         Within          Total       DF    in Variance    Information     Efficiency

                                Estimate       649.598234          23109          23824    10004       0.030921       0.030188       0.996990


                                                                    Parameter Estimates (10 Imputations)
 
                                                                                                                                             t for H0:
           Parameter        Estimate      Std Error    95% Confidence Limits        DF        Minimum        Maximum         Theta0   Parameter=Theta0   Pr > |t|

           Estimate        78.107081     154.349045     -224.448     380.6623    10004      34.944837     117.377641              0               0.51     0.6128
                                                                               The SAS System

---------------------------------------------------------------------------- Effect=Total Effect ----------------------------------------------------------------------------

                                                                           The MIANALYZE Procedure

                                                                             Model Information

                                                                Data Set                  WORK.DB_PCT_MVPA_0
                                                                Number of Imputations     10                


                                                                    Variance Information (10 Imputations)
 
                                                                                                       Relative       Fraction
                                             -----------------Variance-----------------                Increase        Missing       Relative
                                Parameter         Between         Within          Total       DF    in Variance    Information     Efficiency

                                Estimate      0.000005599       0.004000       0.004007   3.81E6       0.001539       0.001538       0.999846


                                                                    Parameter Estimates (10 Imputations)
 
                                                                                                                                             t for H0:
           Parameter        Estimate      Std Error    95% Confidence Limits        DF        Minimum        Maximum         Theta0   Parameter=Theta0   Pr > |t|

           Estimate         0.033237       0.063297     -0.09082     0.157297   3.81E6       0.028547       0.036019              0               0.53     0.5995
                                                                               The SAS System

---------------------------------------------------------------------------- Imputation Number=1 ----------------------------------------------------------------------------

                                                                           The CAUSALMED Procedure

                                                                             Model Information

                                                                   Data Set                    WORK.DB_IN
                                                                   Outcome Variable                   WAZ
                                                                   Treatment Variable              SLPDUR
                                                                   Mediator Variable         BIRTHWT_GA_Z
                                                                   Outcome Distribution            Normal
                                                                   Outcome Link Function         Identity
                                                                   Mediator Distribution           Normal
                                                                   Mediator Link Function        Identity


                                                                   Number of Observations Read         227
                                                                   Number of Observations Used         138


                                                                           Class Level Information
 
                                              Class                Levels    Values

                                              CENTERNUM                 4    CHICAGO MIAMI SAN DIEGO BRONX                     
                                              INCOME_C2                 2    <30 >30                                           
                                              LANG_PREF                 2    SPANISH ENGLISH                                   
                                              BKGRD1_C7NOMISS           7    BK_OTHER CUBAN C_AMERICAN DOMINICAN P_RICAN SOUTH 
                                                                             MEXICAN                                           
                                              MARITAL_STATUS            3    COHABITING SEPARATED SINGLE                       
                                              EMPLOYEDYN                2    EMPLOYED NOT_EMPLOYED                             
                                              EDUCATION_C3              3    AT_MOST_HIGHSCHOOL_GED G_HIGHSCHOOL               
                                                                             N_HIGHSCHOOL_GED                                  
                                              N_HC                      2    NO YES                                            
                                                                               The SAS System

---------------------------------------------------------------------------- Imputation Number=1 ----------------------------------------------------------------------------

                                                                           The CAUSALMED Procedure

                                                                             Summary of Effects
 
                                                                                  Standard          Wald 95% 
                                                                      Estimate       Error      Confidence Limits           Z    Pr > |Z|

                                    Total Effect                        0.1293     0.06538    0.001178      0.2575       1.98      0.0479
                                    Controlled Direct Effect (CDE)      0.1035     0.06466    -0.02321      0.2303       1.60      0.1094
                                    Natural Direct Effect (NDE)         0.1035     0.06466    -0.02321      0.2303       1.60      0.1094
                                    Natural Indirect Effect (NIE)      0.02580     0.01720    -0.00791     0.05950       1.50      0.1336
                                    Percentage Mediated                19.9475     15.2347     -9.9119     49.8069       1.31      0.1904
                                    Percentage Due to Interaction            0           .           .           .        .         .    
                                    Percentage Eliminated              19.9475     15.2347     -9.9119     49.8069       1.31      0.1904
                                                                               The SAS System

---------------------------------------------------------------------------- Imputation Number=2 ----------------------------------------------------------------------------

                                                                           The CAUSALMED Procedure

                                                                             Model Information

                                                                   Data Set                    WORK.DB_IN
                                                                   Outcome Variable                   WAZ
                                                                   Treatment Variable              SLPDUR
                                                                   Mediator Variable         BIRTHWT_GA_Z
                                                                   Outcome Distribution            Normal
                                                                   Outcome Link Function         Identity
                                                                   Mediator Distribution           Normal
                                                                   Mediator Link Function        Identity


                                                                   Number of Observations Read         227
                                                                   Number of Observations Used         138


                                                                           Class Level Information
 
                                              Class                Levels    Values

                                              CENTERNUM                 4    CHICAGO MIAMI SAN DIEGO BRONX                     
                                              INCOME_C2                 2    <30 >30                                           
                                              LANG_PREF                 2    SPANISH ENGLISH                                   
                                              BKGRD1_C7NOMISS           7    BK_OTHER CUBAN C_AMERICAN DOMINICAN P_RICAN SOUTH 
                                                                             MEXICAN                                           
                                              MARITAL_STATUS            3    COHABITING SEPARATED SINGLE                       
                                              EMPLOYEDYN                2    EMPLOYED NOT_EMPLOYED                             
                                              EDUCATION_C3              3    AT_MOST_HIGHSCHOOL_GED G_HIGHSCHOOL               
                                                                             N_HIGHSCHOOL_GED                                  
                                              N_HC                      2    NO YES                                            
                                                                               The SAS System

---------------------------------------------------------------------------- Imputation Number=2 ----------------------------------------------------------------------------

                                                                           The CAUSALMED Procedure

                                                                             Summary of Effects
 
                                                                                  Standard          Wald 95% 
                                                                      Estimate       Error      Confidence Limits           Z    Pr > |Z|

                                    Total Effect                        0.1175     0.06617    -0.01223      0.2471       1.78      0.0759
                                    Controlled Direct Effect (CDE)      0.1049     0.06568    -0.02377      0.2337       1.60      0.1100
                                    Natural Direct Effect (NDE)         0.1049     0.06568    -0.02377      0.2337       1.60      0.1100
                                    Natural Indirect Effect (NIE)      0.01251     0.01239    -0.01178     0.03680       1.01      0.3129
                                    Percentage Mediated                10.6482     11.4210    -11.7366     33.0330       0.93      0.3512
                                    Percentage Due to Interaction            0           .           .           .        .         .    
                                    Percentage Eliminated              10.6482     11.4210    -11.7366     33.0330       0.93      0.3512
                                                                               The SAS System

---------------------------------------------------------------------------- Imputation Number=3 ----------------------------------------------------------------------------

                                                                           The CAUSALMED Procedure

                                                                             Model Information

                                                                   Data Set                    WORK.DB_IN
                                                                   Outcome Variable                   WAZ
                                                                   Treatment Variable              SLPDUR
                                                                   Mediator Variable         BIRTHWT_GA_Z
                                                                   Outcome Distribution            Normal
                                                                   Outcome Link Function         Identity
                                                                   Mediator Distribution           Normal
                                                                   Mediator Link Function        Identity


                                                                   Number of Observations Read         227
                                                                   Number of Observations Used         138


                                                                           Class Level Information
 
                                              Class                Levels    Values

                                              CENTERNUM                 4    CHICAGO MIAMI SAN DIEGO BRONX                     
                                              INCOME_C2                 2    <30 >30                                           
                                              LANG_PREF                 2    SPANISH ENGLISH                                   
                                              BKGRD1_C7NOMISS           7    BK_OTHER CUBAN C_AMERICAN DOMINICAN P_RICAN SOUTH 
                                                                             MEXICAN                                           
                                              MARITAL_STATUS            3    COHABITING SEPARATED SINGLE                       
                                              EMPLOYEDYN                2    EMPLOYED NOT_EMPLOYED                             
                                              EDUCATION_C3              3    AT_MOST_HIGHSCHOOL_GED G_HIGHSCHOOL               
                                                                             N_HIGHSCHOOL_GED                                  
                                              N_HC                      2    NO YES                                            
                                                                               The SAS System

---------------------------------------------------------------------------- Imputation Number=3 ----------------------------------------------------------------------------

                                                                           The CAUSALMED Procedure

                                                                             Summary of Effects
 
                                                                                  Standard          Wald 95% 
                                                                      Estimate       Error      Confidence Limits           Z    Pr > |Z|

                                    Total Effect                        0.1146     0.06590    -0.01459      0.2437       1.74      0.0821
                                    Controlled Direct Effect (CDE)     0.09913     0.06595    -0.03012      0.2284       1.50      0.1328
                                    Natural Direct Effect (NDE)        0.09913     0.06595    -0.03012      0.2284       1.50      0.1328
                                    Natural Indirect Effect (NIE)      0.01545     0.01310    -0.01024     0.04113       1.18      0.2385
                                    Percentage Mediated                13.4803     13.1868    -12.3655     39.3260       1.02      0.3067
                                    Percentage Due to Interaction            0           .           .           .        .         .    
                                    Percentage Eliminated              13.4803     13.1868    -12.3655     39.3260       1.02      0.3067
                                                                               The SAS System

---------------------------------------------------------------------------- Imputation Number=4 ----------------------------------------------------------------------------

                                                                           The CAUSALMED Procedure

                                                                             Model Information

                                                                   Data Set                    WORK.DB_IN
                                                                   Outcome Variable                   WAZ
                                                                   Treatment Variable              SLPDUR
                                                                   Mediator Variable         BIRTHWT_GA_Z
                                                                   Outcome Distribution            Normal
                                                                   Outcome Link Function         Identity
                                                                   Mediator Distribution           Normal
                                                                   Mediator Link Function        Identity


                                                                   Number of Observations Read         227
                                                                   Number of Observations Used         138


                                                                           Class Level Information
 
                                              Class                Levels    Values

                                              CENTERNUM                 4    CHICAGO MIAMI SAN DIEGO BRONX                     
                                              INCOME_C2                 2    <30 >30                                           
                                              LANG_PREF                 2    SPANISH ENGLISH                                   
                                              BKGRD1_C7NOMISS           7    BK_OTHER CUBAN C_AMERICAN DOMINICAN P_RICAN SOUTH 
                                                                             MEXICAN                                           
                                              MARITAL_STATUS            3    COHABITING SEPARATED SINGLE                       
                                              EMPLOYEDYN                2    EMPLOYED NOT_EMPLOYED                             
                                              EDUCATION_C3              3    AT_MOST_HIGHSCHOOL_GED G_HIGHSCHOOL               
                                                                             N_HIGHSCHOOL_GED                                  
                                              N_HC                      2    NO YES                                            
                                                                               The SAS System

---------------------------------------------------------------------------- Imputation Number=4 ----------------------------------------------------------------------------

                                                                           The CAUSALMED Procedure

                                                                             Summary of Effects
 
                                                                                  Standard          Wald 95% 
                                                                      Estimate       Error      Confidence Limits           Z    Pr > |Z|

                                    Total Effect                        0.1297     0.06600    0.000320      0.2590       1.96      0.0494
                                    Controlled Direct Effect (CDE)      0.1111     0.06562    -0.01753      0.2397       1.69      0.0905
                                    Natural Direct Effect (NDE)         0.1111     0.06562    -0.01753      0.2397       1.69      0.0905
                                    Natural Indirect Effect (NIE)      0.01860     0.01455    -0.00993     0.04712       1.28      0.2013
                                    Percentage Mediated                14.3430     12.5267    -10.2089     38.8949       1.14      0.2522
                                    Percentage Due to Interaction            0           .           .           .        .         .    
                                    Percentage Eliminated              14.3430     12.5267    -10.2089     38.8949       1.14      0.2522
                                                                               The SAS System

---------------------------------------------------------------------------- Imputation Number=5 ----------------------------------------------------------------------------

                                                                           The CAUSALMED Procedure

                                                                             Model Information

                                                                   Data Set                    WORK.DB_IN
                                                                   Outcome Variable                   WAZ
                                                                   Treatment Variable              SLPDUR
                                                                   Mediator Variable         BIRTHWT_GA_Z
                                                                   Outcome Distribution            Normal
                                                                   Outcome Link Function         Identity
                                                                   Mediator Distribution           Normal
                                                                   Mediator Link Function        Identity


                                                                   Number of Observations Read         227
                                                                   Number of Observations Used         138


                                                                           Class Level Information
 
                                              Class                Levels    Values

                                              CENTERNUM                 4    CHICAGO MIAMI SAN DIEGO BRONX                     
                                              INCOME_C2                 2    <30 >30                                           
                                              LANG_PREF                 2    SPANISH ENGLISH                                   
                                              BKGRD1_C7NOMISS           7    BK_OTHER CUBAN C_AMERICAN DOMINICAN P_RICAN SOUTH 
                                                                             MEXICAN                                           
                                              MARITAL_STATUS            3    COHABITING SEPARATED SINGLE                       
                                              EMPLOYEDYN                2    EMPLOYED NOT_EMPLOYED                             
                                              EDUCATION_C3              3    AT_MOST_HIGHSCHOOL_GED G_HIGHSCHOOL               
                                                                             N_HIGHSCHOOL_GED                                  
                                              N_HC                      2    NO YES                                            
                                                                               The SAS System

---------------------------------------------------------------------------- Imputation Number=5 ----------------------------------------------------------------------------

                                                                           The CAUSALMED Procedure

                                                                             Summary of Effects
 
                                                                                  Standard          Wald 95% 
                                                                      Estimate       Error      Confidence Limits           Z    Pr > |Z|

                                    Total Effect                        0.1292     0.06661    -0.00139      0.2597       1.94      0.0525
                                    Controlled Direct Effect (CDE)      0.1055     0.06493    -0.02173      0.2328       1.63      0.1041
                                    Natural Direct Effect (NDE)         0.1055     0.06493    -0.02173      0.2328       1.63      0.1041
                                    Natural Indirect Effect (NIE)      0.02363     0.01847    -0.01256     0.05983       1.28      0.2006
                                    Percentage Mediated                18.2966     15.2231    -11.5401     48.1332       1.20      0.2294
                                    Percentage Due to Interaction            0           .           .           .        .         .    
                                    Percentage Eliminated              18.2966     15.2231    -11.5401     48.1332       1.20      0.2294
                                                                               The SAS System

---------------------------------------------------------------------------- Imputation Number=6 ----------------------------------------------------------------------------

                                                                           The CAUSALMED Procedure

                                                                             Model Information

                                                                   Data Set                    WORK.DB_IN
                                                                   Outcome Variable                   WAZ
                                                                   Treatment Variable              SLPDUR
                                                                   Mediator Variable         BIRTHWT_GA_Z
                                                                   Outcome Distribution            Normal
                                                                   Outcome Link Function         Identity
                                                                   Mediator Distribution           Normal
                                                                   Mediator Link Function        Identity


                                                                   Number of Observations Read         227
                                                                   Number of Observations Used         138


                                                                           Class Level Information
 
                                              Class                Levels    Values

                                              CENTERNUM                 4    CHICAGO MIAMI SAN DIEGO BRONX                     
                                              INCOME_C2                 2    <30 >30                                           
                                              LANG_PREF                 2    SPANISH ENGLISH                                   
                                              BKGRD1_C7NOMISS           7    BK_OTHER CUBAN C_AMERICAN DOMINICAN P_RICAN SOUTH 
                                                                             MEXICAN                                           
                                              MARITAL_STATUS            3    COHABITING SEPARATED SINGLE                       
                                              EMPLOYEDYN                2    EMPLOYED NOT_EMPLOYED                             
                                              EDUCATION_C3              3    AT_MOST_HIGHSCHOOL_GED G_HIGHSCHOOL               
                                                                             N_HIGHSCHOOL_GED                                  
                                              N_HC                      2    NO YES                                            
                                                                               The SAS System

---------------------------------------------------------------------------- Imputation Number=6 ----------------------------------------------------------------------------

                                                                           The CAUSALMED Procedure

                                                                             Summary of Effects
 
                                                                                  Standard          Wald 95% 
                                                                      Estimate       Error      Confidence Limits           Z    Pr > |Z|

                                    Total Effect                        0.1245     0.06583    -0.00455      0.2535       1.89      0.0586
                                    Controlled Direct Effect (CDE)     0.09049     0.06459    -0.03611      0.2171       1.40      0.1612
                                    Natural Direct Effect (NDE)        0.09049     0.06459    -0.03611      0.2171       1.40      0.1612
                                    Natural Indirect Effect (NIE)      0.03398     0.02005    -0.00531     0.07327       1.69      0.0901
                                    Percentage Mediated                27.2981     19.2001    -10.3334     64.9296       1.42      0.1551
                                    Percentage Due to Interaction            0           .           .           .        .         .    
                                    Percentage Eliminated              27.2981     19.2001    -10.3334     64.9296       1.42      0.1551
                                                                               The SAS System

---------------------------------------------------------------------------- Imputation Number=7 ----------------------------------------------------------------------------

                                                                           The CAUSALMED Procedure

                                                                             Model Information

                                                                   Data Set                    WORK.DB_IN
                                                                   Outcome Variable                   WAZ
                                                                   Treatment Variable              SLPDUR
                                                                   Mediator Variable         BIRTHWT_GA_Z
                                                                   Outcome Distribution            Normal
                                                                   Outcome Link Function         Identity
                                                                   Mediator Distribution           Normal
                                                                   Mediator Link Function        Identity


                                                                   Number of Observations Read         227
                                                                   Number of Observations Used         138


                                                                           Class Level Information
 
                                              Class                Levels    Values

                                              CENTERNUM                 4    CHICAGO MIAMI SAN DIEGO BRONX                     
                                              INCOME_C2                 2    <30 >30                                           
                                              LANG_PREF                 2    SPANISH ENGLISH                                   
                                              BKGRD1_C7NOMISS           7    BK_OTHER CUBAN C_AMERICAN DOMINICAN P_RICAN SOUTH 
                                                                             MEXICAN                                           
                                              MARITAL_STATUS            3    COHABITING SEPARATED SINGLE                       
                                              EMPLOYEDYN                2    EMPLOYED NOT_EMPLOYED                             
                                              EDUCATION_C3              3    AT_MOST_HIGHSCHOOL_GED G_HIGHSCHOOL               
                                                                             N_HIGHSCHOOL_GED                                  
                                              N_HC                      2    NO YES                                            
                                                                               The SAS System

---------------------------------------------------------------------------- Imputation Number=7 ----------------------------------------------------------------------------

                                                                           The CAUSALMED Procedure

                                                                             Summary of Effects
 
                                                                                  Standard          Wald 95% 
                                                                      Estimate       Error      Confidence Limits           Z    Pr > |Z|

                                    Total Effect                        0.1148     0.06516    -0.01287      0.2425       1.76      0.0780
                                    Controlled Direct Effect (CDE)     0.07952     0.06358    -0.04511      0.2041       1.25      0.2111
                                    Natural Direct Effect (NDE)        0.07952     0.06358    -0.04511      0.2041       1.25      0.2111
                                    Natural Indirect Effect (NIE)      0.03532     0.02069    -0.00522     0.07587       1.71      0.0877
                                    Percentage Mediated                30.7572     21.9545    -12.2729     73.7872       1.40      0.1612
                                    Percentage Due to Interaction            0           .           .           .        .         .    
                                    Percentage Eliminated              30.7572     21.9545    -12.2729     73.7872       1.40      0.1612
                                                                               The SAS System

---------------------------------------------------------------------------- Imputation Number=8 ----------------------------------------------------------------------------

                                                                           The CAUSALMED Procedure

                                                                             Model Information

                                                                   Data Set                    WORK.DB_IN
                                                                   Outcome Variable                   WAZ
                                                                   Treatment Variable              SLPDUR
                                                                   Mediator Variable         BIRTHWT_GA_Z
                                                                   Outcome Distribution            Normal
                                                                   Outcome Link Function         Identity
                                                                   Mediator Distribution           Normal
                                                                   Mediator Link Function        Identity


                                                                   Number of Observations Read         227
                                                                   Number of Observations Used         138


                                                                           Class Level Information
 
                                              Class                Levels    Values

                                              CENTERNUM                 4    CHICAGO MIAMI SAN DIEGO BRONX                     
                                              INCOME_C2                 2    <30 >30                                           
                                              LANG_PREF                 2    SPANISH ENGLISH                                   
                                              BKGRD1_C7NOMISS           7    BK_OTHER CUBAN C_AMERICAN DOMINICAN P_RICAN SOUTH 
                                                                             MEXICAN                                           
                                              MARITAL_STATUS            3    COHABITING SEPARATED SINGLE                       
                                              EMPLOYEDYN                2    EMPLOYED NOT_EMPLOYED                             
                                              EDUCATION_C3              3    AT_MOST_HIGHSCHOOL_GED G_HIGHSCHOOL               
                                                                             N_HIGHSCHOOL_GED                                  
                                              N_HC                      2    NO YES                                            
                                                                               The SAS System

---------------------------------------------------------------------------- Imputation Number=8 ----------------------------------------------------------------------------

                                                                           The CAUSALMED Procedure

                                                                             Summary of Effects
 
                                                                                  Standard          Wald 95% 
                                                                      Estimate       Error      Confidence Limits           Z    Pr > |Z|

                                    Total Effect                        0.1119     0.06657    -0.01854      0.2424       1.68      0.0927
                                    Controlled Direct Effect (CDE)     0.09305     0.06620    -0.03669      0.2228       1.41      0.1598
                                    Natural Direct Effect (NDE)        0.09305     0.06620    -0.03669      0.2228       1.41      0.1598
                                    Natural Indirect Effect (NIE)      0.01888     0.01472    -0.00996     0.04773       1.28      0.1994
                                    Percentage Mediated                16.8713     15.4168    -13.3451     47.0877       1.09      0.2738
                                    Percentage Due to Interaction            0           .           .           .        .         .    
                                    Percentage Eliminated              16.8713     15.4168    -13.3451     47.0877       1.09      0.2738
                                                                               The SAS System

---------------------------------------------------------------------------- Imputation Number=9 ----------------------------------------------------------------------------

                                                                           The CAUSALMED Procedure

                                                                             Model Information

                                                                   Data Set                    WORK.DB_IN
                                                                   Outcome Variable                   WAZ
                                                                   Treatment Variable              SLPDUR
                                                                   Mediator Variable         BIRTHWT_GA_Z
                                                                   Outcome Distribution            Normal
                                                                   Outcome Link Function         Identity
                                                                   Mediator Distribution           Normal
                                                                   Mediator Link Function        Identity


                                                                   Number of Observations Read         227
                                                                   Number of Observations Used         138


                                                                           Class Level Information
 
                                              Class                Levels    Values

                                              CENTERNUM                 4    CHICAGO MIAMI SAN DIEGO BRONX                     
                                              INCOME_C2                 2    <30 >30                                           
                                              LANG_PREF                 2    SPANISH ENGLISH                                   
                                              BKGRD1_C7NOMISS           7    BK_OTHER CUBAN C_AMERICAN DOMINICAN P_RICAN SOUTH 
                                                                             MEXICAN                                           
                                              MARITAL_STATUS            3    COHABITING SEPARATED SINGLE                       
                                              EMPLOYEDYN                2    EMPLOYED NOT_EMPLOYED                             
                                              EDUCATION_C3              3    AT_MOST_HIGHSCHOOL_GED G_HIGHSCHOOL               
                                                                             N_HIGHSCHOOL_GED                                  
                                              N_HC                      2    NO YES                                            
                                                                               The SAS System

---------------------------------------------------------------------------- Imputation Number=9 ----------------------------------------------------------------------------

                                                                           The CAUSALMED Procedure

                                                                             Summary of Effects
 
                                                                                  Standard          Wald 95% 
                                                                      Estimate       Error      Confidence Limits           Z    Pr > |Z|

                                    Total Effect                        0.1033     0.06689    -0.02782      0.2344       1.54      0.1226
                                    Controlled Direct Effect (CDE)     0.08422     0.06505    -0.04327      0.2117       1.29      0.1954
                                    Natural Direct Effect (NDE)        0.08422     0.06505    -0.04327      0.2117       1.29      0.1954
                                    Natural Indirect Effect (NIE)      0.01905     0.01792    -0.01606     0.05417       1.06      0.2876
                                    Percentage Mediated                18.4481     18.6073    -18.0216     54.9177       0.99      0.3215
                                    Percentage Due to Interaction            0           .           .           .        .         .    
                                    Percentage Eliminated              18.4481     18.6073    -18.0216     54.9177       0.99      0.3215
                                                                               The SAS System

--------------------------------------------------------------------------- Imputation Number=10 ----------------------------------------------------------------------------

                                                                           The CAUSALMED Procedure

                                                                             Model Information

                                                                   Data Set                    WORK.DB_IN
                                                                   Outcome Variable                   WAZ
                                                                   Treatment Variable              SLPDUR
                                                                   Mediator Variable         BIRTHWT_GA_Z
                                                                   Outcome Distribution            Normal
                                                                   Outcome Link Function         Identity
                                                                   Mediator Distribution           Normal
                                                                   Mediator Link Function        Identity


                                                                   Number of Observations Read         227
                                                                   Number of Observations Used         138


                                                                           Class Level Information
 
                                              Class                Levels    Values

                                              CENTERNUM                 4    CHICAGO MIAMI SAN DIEGO BRONX                     
                                              INCOME_C2                 2    <30 >30                                           
                                              LANG_PREF                 2    SPANISH ENGLISH                                   
                                              BKGRD1_C7NOMISS           7    BK_OTHER CUBAN C_AMERICAN DOMINICAN P_RICAN SOUTH 
                                                                             MEXICAN                                           
                                              MARITAL_STATUS            3    COHABITING SEPARATED SINGLE                       
                                              EMPLOYEDYN                2    EMPLOYED NOT_EMPLOYED                             
                                              EDUCATION_C3              3    AT_MOST_HIGHSCHOOL_GED G_HIGHSCHOOL               
                                                                             N_HIGHSCHOOL_GED                                  
                                              N_HC                      2    NO YES                                            
                                                                               The SAS System

--------------------------------------------------------------------------- Imputation Number=10 ----------------------------------------------------------------------------

                                                                           The CAUSALMED Procedure

                                                                             Summary of Effects
 
                                                                                  Standard          Wald 95% 
                                                                      Estimate       Error      Confidence Limits           Z    Pr > |Z|

                                    Total Effect                        0.1154     0.06634    -0.01466      0.2454       1.74      0.0820
                                    Controlled Direct Effect (CDE)     0.09695     0.06548    -0.03139      0.2253       1.48      0.1387
                                    Natural Direct Effect (NDE)        0.09695     0.06548    -0.03139      0.2253       1.48      0.1387
                                    Natural Indirect Effect (NIE)      0.01842     0.01527    -0.01151     0.04834       1.21      0.2277
                                    Percentage Mediated                15.9651     14.7614    -12.9667     44.8969       1.08      0.2795
                                    Percentage Due to Interaction            0           .           .           .        .         .    
                                    Percentage Eliminated              15.9651     14.7614    -12.9667     44.8969       1.08      0.2795
                                                                               The SAS System

------------------------------------------------------------------- Effect=Controlled Direct Effect (CDE) -------------------------------------------------------------------

                                                                           The MIANALYZE Procedure

                                                                             Model Information

                                                                 Data Set                  WORK.DB_SLPDUR_0
                                                                 Number of Imputations     10              


                                                                    Variance Information (10 Imputations)
 
                                                                                                       Relative       Fraction
                                             -----------------Variance-----------------                Increase        Missing       Relative
                                Parameter         Between         Within          Total       DF    in Variance    Information     Efficiency

                                Estimate         0.000101       0.004248       0.004359    13885       0.026125       0.025600       0.997447


                                                                    Parameter Estimates (10 Imputations)
 
                                                                                                                                             t for H0:
           Parameter        Estimate      Std Error    95% Confidence Limits        DF        Minimum        Maximum         Theta0   Parameter=Theta0   Pr > |t|

           Estimate         0.096845       0.066024     -0.03257     0.226261    13885       0.079518       0.111077              0               1.47     0.1424
                                                                               The SAS System

-------------------------------------------------------------------- Effect=Natural Direct Effect (NDE) ---------------------------------------------------------------------

                                                                           The MIANALYZE Procedure

                                                                             Model Information

                                                                 Data Set                  WORK.DB_SLPDUR_0
                                                                 Number of Imputations     10              


                                                                    Variance Information (10 Imputations)
 
                                                                                                       Relative       Fraction
                                             -----------------Variance-----------------                Increase        Missing       Relative
                                Parameter         Between         Within          Total       DF    in Variance    Information     Efficiency

                                Estimate         0.000101       0.004248       0.004359    13885       0.026125       0.025600       0.997447


                                                                    Parameter Estimates (10 Imputations)
 
                                                                                                                                             t for H0:
           Parameter        Estimate      Std Error    95% Confidence Limits        DF        Minimum        Maximum         Theta0   Parameter=Theta0   Pr > |t|

           Estimate         0.096845       0.066024     -0.03257     0.226261    13885       0.079518       0.111077              0               1.47     0.1424
                                                                               The SAS System

------------------------------------------------------------------- Effect=Natural Indirect Effect (NIE) --------------------------------------------------------------------

                                                                           The MIANALYZE Procedure

                                                                             Model Information

                                                                 Data Set                  WORK.DB_SLPDUR_0
                                                                 Number of Imputations     10              


                                                                    Variance Information (10 Imputations)
 
                                                                                                       Relative       Fraction
                                             -----------------Variance-----------------                Increase        Missing       Relative
                                Parameter         Between         Within          Total       DF    in Variance    Information     Efficiency

                                Estimate      0.000057068       0.000277       0.000340   264.34       0.226269       0.190619       0.981295


                                                                    Parameter Estimates (10 Imputations)
 
                                                                                                                                             t for H0:
           Parameter        Estimate      Std Error    95% Confidence Limits        DF        Minimum        Maximum         Theta0   Parameter=Theta0   Pr > |t|

           Estimate         0.022164       0.018445     -0.01415     0.058481   264.34       0.012507       0.035321              0               1.20     0.2306
                                                                               The SAS System

----------------------------------------------------------------------- Effect=Percentage Eliminated ------------------------------------------------------------------------

                                                                           The MIANALYZE Procedure

                                                                             Model Information

                                                                 Data Set                  WORK.DB_SLPDUR_0
                                                                 Number of Imputations     10              


                                                                    Variance Information (10 Imputations)
 
                                                                                                       Relative       Fraction
                                             -----------------Variance-----------------                Increase        Missing       Relative
                                Parameter         Between         Within          Total       DF    in Variance    Information     Efficiency

                                Estimate        38.097924     257.754246     299.661962   460.17       0.162588       0.143564       0.985847


                                                                    Parameter Estimates (10 Imputations)
 
                                                                                                                                             t for H0:
           Parameter        Estimate      Std Error    95% Confidence Limits        DF        Minimum        Maximum         Theta0   Parameter=Theta0   Pr > |t|

           Estimate        18.605525      17.310747     -15.4124     52.62344   460.17      10.648182      30.757188              0               1.07     0.2830
                                                                               The SAS System

------------------------------------------------------------------------ Effect=Percentage Mediated -------------------------------------------------------------------------

                                                                           The MIANALYZE Procedure

                                                                             Model Information

                                                                 Data Set                  WORK.DB_SLPDUR_0
                                                                 Number of Imputations     10              


                                                                    Variance Information (10 Imputations)
 
                                                                                                       Relative       Fraction
                                             -----------------Variance-----------------                Increase        Missing       Relative
                                Parameter         Between         Within          Total       DF    in Variance    Information     Efficiency

                                Estimate        38.097924     257.754246     299.661962   460.17       0.162588       0.143564       0.985847


                                                                    Parameter Estimates (10 Imputations)
 
                                                                                                                                             t for H0:
           Parameter        Estimate      Std Error    95% Confidence Limits        DF        Minimum        Maximum         Theta0   Parameter=Theta0   Pr > |t|

           Estimate        18.605525      17.310747     -15.4124     52.62344   460.17      10.648182      30.757188              0               1.07     0.2830
                                                                               The SAS System

---------------------------------------------------------------------------- Effect=Total Effect ----------------------------------------------------------------------------

                                                                           The MIANALYZE Procedure

                                                                             Model Information

                                                                 Data Set                  WORK.DB_SLPDUR_0
                                                                 Number of Imputations     10              


                                                                    Variance Information (10 Imputations)
 
                                                                                                       Relative       Fraction
                                             -----------------Variance-----------------                Increase        Missing       Relative
                                Parameter         Between         Within          Total       DF    in Variance    Information     Efficiency

                                Estimate      0.000078181       0.004367       0.004453    24136       0.019691       0.019392       0.998065


                                                                    Parameter Estimates (10 Imputations)
 
                                                                                                                                             t for H0:
           Parameter        Estimate      Std Error    95% Confidence Limits        DF        Minimum        Maximum         Theta0   Parameter=Theta0   Pr > |t|

           Estimate         0.119009       0.066734     -0.01179     0.249812    24136       0.103270       0.129676              0               1.78     0.0745
                                                                               The SAS System

  Obs  variable                   Estimate   LCLMean   UCLMean  Eff       est_ci                 label

    1  YRSUS_C3_L10              -0.745501   -1.3769   -0.1141  Direct    -0.75 (-1.377,-0.114)  ^S={indent=2mm} <10 years                                                
    2  YRSUS_C3_L10               0.001848   -0.1603    0.1640  Indirect  0.00 (-0.160,0.164)    ^S={indent=2mm} <10 years                                                
    3  YRSUS_C3_L10              -0.743653   -1.3838   -0.1035  Total     -0.74 (-1.384,-0.103)  ^S={indent=2mm} <10 years                                                
    4  YRSUS_C3_G10              -0.607462   -1.2167   0.00182  Direct    -0.61 (-1.217,0.002)   ^S={indent=2mm} >=10 years                                               
    5  YRSUS_C3_G10               0.059611   -0.0846    0.2038  Indirect  0.06 (-0.085,0.204)    ^S={indent=2mm} >=10 years                                               
    6  YRSUS_C3_G10              -0.547850   -1.1684    0.0727  Total     -0.55 (-1.168,0.073)   ^S={indent=2mm} >=10 years                                               
    7  BMI                        0.149360    0.0772    0.2215  Direct    0.15 (0.077,0.222)     ^S={indent=2mm} Body Mass Index (BMI)                                    
    8  BMI                       -0.009205   -0.0281   0.00971  Indirect  -0.01 (-0.028,0.010)   ^S={indent=2mm} Body Mass Index (BMI)                                    
    9  BMI                        0.140155    0.0672    0.2131  Total     0.14 (0.067,0.213)     ^S={indent=2mm} Body Mass Index (BMI)                                    
   10  ANTA10A                   -0.044952   -0.0804  -0.00954  Direct    -0.04 (-0.080,-0.010)  ^S={indent=2mm} Waist circumference (cm)                                 
   11  ANTA10A                    0.007297  -0.00334    0.0179  Indirect  0.01 (-0.003,0.018)    ^S={indent=2mm} Waist circumference (cm)                                 
   12  ANTA10A                   -0.037655   -0.0730  -0.00228  Total     -0.04 (-0.073,-0.002)  ^S={indent=2mm} Waist circumference (cm)                                 
   13  HEIGHT                     0.066828    0.0335    0.1002  Direct    0.07 (0.033,0.100)     {\b Anthropometry \b0 \line \li250   Height (cm)}                        
   14  HEIGHT                    -0.001622  -0.00931   0.00606  Indirect  -0.00 (-0.009,0.006)   {\b Anthropometry \b0 \line \li250   Height (cm)}                        
   15  HEIGHT                     0.065206    0.0311    0.0993  Total     0.07 (0.031,0.099)     {\b Anthropometry \b0 \line \li250   Height (cm)}                        
   16  AGG_MENT                   0.005168   -0.0152    0.0255  Direct    0.01 (-0.015,0.026)    {\b SF-12v2 Health Survey \b0 \line \li250   Mental health summary score}
   17  AGG_MENT                  -0.003427  -0.00907   0.00222  Indirect  -0.00 (-0.009,0.002)   {\b SF-12v2 Health Survey \b0 \line \li250   Mental health summary score}
   18  AGG_MENT                   0.001742   -0.0189    0.0224  Total     0.00 (-0.019,0.022)    {\b SF-12v2 Health Survey \b0 \line \li250   Mental health summary score}
   19  AGG_PHYS               -0.000056295   -0.0313    0.0312  Direct    -0.00 (-0.031,0.031)   ^S={indent=2mm} Physical health summary score                            
   20  AGG_PHYS                  -0.001603  -0.00886   0.00565  Indirect  -0.00 (-0.009,0.006)   ^S={indent=2mm} Physical health summary score                            
   21  AGG_PHYS                  -0.001659   -0.0335    0.0302  Total     -0.00 (-0.033,0.030)   ^S={indent=2mm} Physical health summary score                            
   22  CESD10                     0.026353   -0.0222    0.0749  Direct    0.03 (-0.022,0.075)    {\b Mental health \b0 \line \li250   Depression score (CESD-10)}         
   23  CESD10                     0.005207  -0.00724    0.0177  Indirect  0.01 (-0.007,0.018)    {\b Mental health \b0 \line \li250   Depression score (CESD-10)}         
   24  CESD10                     0.031560   -0.0176    0.0807  Total     0.03 (-0.018,0.081)    {\b Mental health \b0 \line \li250   Depression score (CESD-10)}         
   25  STAI10                    -0.001254   -0.0499    0.0474  Direct    -0.00 (-0.050,0.047)   ^S={indent=2mm} Anxiety score (STAI-10)                                  
   26  STAI10                    -0.007948   -0.0225   0.00664  Indirect  -0.01 (-0.023,0.007)   ^S={indent=2mm} Anxiety score (STAI-10)                                  

  Obs  model    probt    pv    std    stderr     order

    1             .       1      .       .      12.100
    2             .       1      .       .      12.100
    3             .       1      .       .      12.100
    4             .       1      .       .      12.200
    5             .       1      .       .      12.200
    6             .       1      .       .      12.200
    7             .       1      .       .       0.036
    8             .       1      .       .       0.036
    9             .       1      .       .       0.036
   10             .       1      .       .       0.035
   11             .       1      .       .       0.035
   12             .       1      .       .       0.035
   13             .       1      .       .       0.034
   14             .       1      .       .       0.034
   15             .       1      .       .       0.034
   16             .       1      .       .       0.030
   17             .       1      .       .       0.030
   18             .       1      .       .       0.030
   19             .       1      .       .       0.031
   20             .       1      .       .       0.031
   21             .       1      .       .       0.031
   22             .       1      .       .       0.032
   23             .       1      .       .       0.032
   24             .       1      .       .       0.032
   25             .       1      .       .       0.033
   26             .       1      .       .       0.033
                                                                               The SAS System

 Obs variable                  Estimate  LCLMean  UCLMean Eff      est_ci               label                                               model probt pv std stderr  order

  27 STAI10                   -0.009203  -0.0579   0.0395 Total    -0.01 (-0.058,0.039) ^S={indent=2mm} Anxiety score (STAI-10)                     .    1   .    .    0.033
  28 CIGARETTE_USE_FORMER     -0.216138  -0.8644   0.4322 Direct   -0.22 (-0.864,0.432) ^S={indent=2mm} Former                                      .    1   .    .    0.014
  29 CIGARETTE_USE_FORMER     -0.010085  -0.1527   0.1326 Indirect -0.01 (-0.153,0.133) ^S={indent=2mm} Former                                      .    1   .    .    0.014
  30 CIGARETTE_USE_FORMER     -0.226223  -0.8894   0.4370 Total    -0.23 (-0.889,0.437) ^S={indent=2mm} Former                                      .    1   .    .    0.014
  31 CIGARETTE_USE_CURRENT    -0.126877  -0.8162   0.5625 Direct   -0.13 (-0.816,0.562) ^S={indent=2mm} Current                                     .    1   .    .    0.015
  32 CIGARETTE_USE_CURRENT    -0.075227  -0.2410   0.0906 Indirect -0.08 (-0.241,0.091) ^S={indent=2mm} Current                                     .    1   .    .    0.015
  33 CIGARETTE_USE_CURRENT    -0.202105  -0.9038   0.4996 Total    -0.20 (-0.904,0.500) ^S={indent=2mm} Current                                     .    1   .    .    0.015
  34 HEI2010                   0.003140  -0.0113   0.0176 Direct   0.00 (-0.011,0.018)  {\b Healthy Eating Index (HEI-2010) \b0}                    .    1   .    .    0.016
  35 HEI2010                   0.002013 -0.00169  0.00572 Indirect 0.00 (-0.002,0.006)  {\b Healthy Eating Index (HEI-2010) \b0}                    .    1   .    .    0.016
  36 HEI2010                   0.005153 -0.00949   0.0198 Total    0.01 (-0.009,0.020)  {\b Healthy Eating Index (HEI-2010) \b0}                    .    1   .    .    0.016
  37 ALCOHOL_USE_FORMER       -0.467537  -0.9840   0.0490 Direct   -0.47 (-0.984,0.049) ^S={indent=2mm} Former                                      .    1   .    .    0.011
  38 ALCOHOL_USE_FORMER        0.066964  -0.0819   0.2158 Indirect 0.07 (-0.082,0.216)  ^S={indent=2mm} Former                                      .    1   .    .    0.011
  39 ALCOHOL_USE_FORMER       -0.400573  -0.9209   0.1198 Total    -0.40 (-0.921,0.120) ^S={indent=2mm} Former                                      .    1   .    .    0.011
  40 ALCOHOL_USE_CURRENT      -0.250577  -0.7393   0.2382 Direct   -0.25 (-0.739,0.238) ^S={indent=2mm} Current                                     .    1   .    .    0.012
  41 ALCOHOL_USE_CURRENT       0.071223  -0.0807   0.2231 Indirect 0.07 (-0.081,0.223)  ^S={indent=2mm} Current                                     .    1   .    .    0.012
  42 ALCOHOL_USE_CURRENT      -0.179354  -0.6704   0.3117 Total    -0.18 (-0.670,0.312) ^S={indent=2mm} Current                                     .    1   .    .    0.012
  43 PCT_MVPA                  0.006953  -0.1170   0.1309 Direct   0.01 (-0.117,0.131)  {\b % Time in MVPA \b0}                                     .    1   .    .    0.017
  44 PCT_MVPA                  0.026285  -0.0130   0.0656 Indirect 0.03 (-0.013,0.066)  {\b % Time in MVPA \b0}                                     .    1   .    .    0.017
  45 PCT_MVPA                  0.033237  -0.0908   0.1573 Total    0.03 (-0.091,0.157)  {\b % Time in MVPA \b0}                                     .    1   .    .    0.017
  46 SLPDUR                    0.096845  -0.0326   0.2263 Direct   0.10 (-0.033,0.226)  {\b Sleeping duration (hrs/day) \b0}                        .    1   .    .    0.018
  47 SLPDUR                    0.022164  -0.0142   0.0585 Indirect 0.02 (-0.014,0.058)  {\b Sleeping duration (hrs/day) \b0}                        .    1   .    .    0.018
  48 SLPDUR                    0.119009  -0.0118   0.2498 Total    0.12 (-0.012,0.250)  {\b Sleeping duration (hrs/day) \b0}                        .    1   .    .    0.018
  49 CIGARETTE_USE_NEVER      98.000000        .        . Direct   Ref.                 {\b Smoking status \b0 \line \li250   Never}                .    5  99    .    0.013
  50 ALCOHOL_USE_NEVER        98.000000        .        . Direct   Ref.                 {\b Alcohol use \b0 \line \li250   Never}                   .    5  99    .    0.010
  51 YRSUS_C3_US_BORN         99.000000        .        . Direct   Ref.                 {\b Years in the U.S. \b0 \line \li250   U.S.-born}         .    5  99    .   12.000
