                                                                               The SAS System

                      Data Set Name        OUTPUT.HC338351_FLOR_06MAY25                                                      Observations          291 
                      Member Type          DATA                                                                              Variables             256 
                      Engine               V9                                                                                Indexes               0   
                      Created              05/06/2025 17:59:10                                                               Observation Length    2024
                      Last Modified        05/06/2025 17:59:10                                                               Deleted Observations  0   
                      Protection                                                                                             Compressed            NO  
                      Data Set Type                                                                                          Sorted                YES 
                      Label                MS #1560 Analysis File (ONLY FLOR participants) created in HC338351 on 06MAY25                              
                      Data Representation  WINDOWS_32                                                                                                  
                      Encoding             wlatin1  Western (Windows)                                                                                  


                                                                      Engine/Host Dependent Information

                                Data Set Page Size          163840                                                                           
                                Number of Data Set Pages    4                                                                                
                                First Data Page             1                                                                                
                                Max Obs per Page            80                                                                               
                                Obs in First Data Page      63                                                                               
                                Number of Data Set Repairs  0                                                                                
                                ExtendObsCounter            YES                                                                              
                                Filename                    J:\HCHS\STATISTICS\GRAS\QAngarita\FLOR\MS1560\data\hc338351_flor_06may25.sas7bdat
                                Release Created             9.0401M8                                                                         
                                Host Created                W32_WIN+PRO                                                                      
                                Owner Name                  CSCC\acquijanoa                                                                  
                                File Size                   800KB                                                                            
                                File Size (bytes)           819200                                                                           


                                                                 Alphabetic List of Variables and Attributes
 
  # Variable                Type Len Format    Informat Label

 28 ABDOMINAL_OBESITY_NCEP  Num    8                    Abdominal Obesity (waist circ) - NCEP                                                                               
 96 ABDOMINAL_OBESITY_      Num    8                    Abdominal Obesity (waist circ) - NCEP                                                                               
    NCEP_V2                                                                                                                                                                 
 45 ACCULT_MESA             Num    8                    Acculturation Score - MESA                                                                                          
108 ACCULT_MESA_V2          Num    8                    Acculturation Score - MESA, Visit 2                                                                                 
 80 ACTICALYN               Num    8                    Actical data available (1=Yes,0=No)                                                                                 
 79 ADHERENTYN              Num    8                    Participant has at least 3 adherent (>=10 hrs) days (1=Yes,0=No)                                                    
  8 AGE                     Num    8                    Age                                                                                                                 
  9 AGEGROUP_C2             Num    8                    1(18-44),2(45+)                                                                                                     
 42 AGEGROUP_C6             Num    8                    6-level Age Sub-groups                                                                                              
 91 AGEGROUP_C6_V2          Num    8                    6-level grouped age of participant at Visit 2                                                                       
133 AGEGRP_CHILD_C4         Num    8                    Children’s age in 4 levels                                                                                          
129 AGE_CHILD_CLINDATE      Num    8                    Child's age in years using CLINDATE                                                                                 
130 AGE_CHILD_CLINDATE_MO   Num    8                    Child's age in months using CLINDATE                                                                                
128 AGE_CHILD_ENROLL        Num    8                    Child's age in years at SOL FLOR enrollment                                                                         
127 AGE_MOM_FLOR            Num    8                    Mother's age in years using CLINDATE                                                                                
 90 AGE_V2                  Num    8                    Age at visit 2 (yrs)                                                                                                
 11 AGG_MENT                Num    8                    Aggregate mental health score norm-based transformed                                                                
 10 AGG_PHYS                Num    8                    Aggregate physical health score norm-based transformed                                                              
120 ANT10A                  Num    8 BEST12.            waist                                                                                                               
 76 ANTA10A                 Num    8                    Waist Girth (cm) (ANTA10A)                                                                                          
166 BABY1YN                 Num    8                    First live birth after V1                                                                                           
169 BIRTHWT_C3              Num    8                    Birth weight baby 1 (< 2.5kg, 2.5-4.0kg, >4.0kg)                                                                    
165 BIRTHWT_GA_PCT          Num    8 BEST12.   BEST32.  Birth weight for gestational age percentile                                                                         
                                                                               The SAS System

                                                                 Alphabetic List of Variables and Attributes
 
  # Variable                Type Len Format    Informat Label

164 BIRTHWT_GA_Z            Num    8 BEST12.   BEST32.  Birth weight for gestational age Z-score                                                                            
256 BIRTH_ORDER             Num    8                    Birth Order                                                                                                         
 47 BKGRD1_C7               Num    8                    7-level re-classification of Hispanic/Latino Background                                                             
162 BKGRD1_C7NOMISS         Num    8                    7-Level Re-classification of Hispanic/Latino Background (Combining Missing with Mixed/Other)                        
 13 BMI                     Num    8                    BMI (kg/m2)                                                                                                         
 30 BMIGRP_C4               Num    8                    4-level grouped Body Mass Index - WHO                                                                               
 46 BMIGRP_C6               Num    8                    6-level grouped Body Mass Index - WHO                                                                               
137 BMIPCT                  Num    8                    Body Mass Index for age Percentiles - CDC (Child)                                                                   
139 BMIPCT_C3               Num    8                    BMI percentile in 3 levels                                                                                          
136 BMIZ                    Num    8                    Body Mass Index for age Z-Score - CDC (Child)                                                                       
158 BMI_GE30YN              Num    8                    BMI >=30 (obese)                                                                                                    
 86 BMI_V2                  Num    8                    Body Mass Index (kg/m2) at Visit 2                                                                                  
134 BORN_AFTERV2            Num    8                    Baby born after mom’s visit 2                                                                                       
  7 CENTER                  Char   1                    Center                                                                                                              
 48 CENTERNUM               Num    8                    Participant's Field Center - numeric                                                                                
 57 CESD10                  Num    8                    10-item CESD10                                                                                                      
104 CESD10_V2               Num    8                    10-item CES-D summary score at Visit 2                                                                              
131 CHILD_HEIGHT            Num    8                    Height (cm)                                                                                                         
132 CHILD_WEIGHT            Num    8                    Weight (kg)                                                                                                         
 31 CIGARETTE_USE           Num    8                    Cigarette Use (1-Never,2=Former,3=Current)                                                                          
105 CIGARETTE_USE_V2        Num    8                    Cigarette Use at Visit 2(1-Never,2=Former,3=Current)                                                                
 15 CLINDATE                Num    8 MMDDYY10.          Date of Clinic Visit                                                                                                
123 CLINDATE_FLOR           Num    8 MMDDYY10.          SOL FLOR Clinic Date                                                                                                
 88 CLINDATE_V2             Num    8 MMDDYY10.          Visit 2 clinic date                                                                                                 
 84 CONSENT_V2              Num    8                    Consent in HCHS/SOL Visit 2, based on ICT1, CHK4A1 and CHK31A                                                       
 52 CURRENT_SMOKER          Num    8                    Current Smoker (from CIGARETTE_USE)                                                                                 
101 CURRENT_SMOKER_V2       Num    8                    Current smoker at Visit 2                                                                                           
167 DAYSV1BIRTH             Num    8                    Time between Visit 1 and baby’s birth (days)                                                                        
160 DBP_GE80YN              Num    8                    Diastolic blood pressure >= 80 mm Hg                                                                                
140 DEMB1                   Num    8                    Child sex                                                                                                           
141 DEMB7                   Num    8 BEST12.            Total income                                                                                                        
142 DEMB8                   Num    8 BEST12.            Income < $30,000                                                                                                    
143 DEMB9                   Num    8 BEST12.            Income > $30,000                                                                                                    
144 DEMB10                  Num    8 BEST12.            People supported on income                                                                                          
145 DEMB11                  Num    8 BEST12.            Marital status                                                                                                      
148 DEMB13                  Num    8 BEST12.            Current employment status                                                                                           
149 DEMB14                  Num    8 BEST12.            Number full-time jobs                                                                                               
151 DEMB15                  Num    8 BEST12.            Number part-time jobs                                                                                               
153 DEMB16                  Num    8 BEST12.            Usual work schedule                                                                                                 
146 DEMB12A                 Num    8 BEST12.            Homemaker                                                                                                           
147 DEMB12B                 Num    8 BEST12.            Student                                                                                                             
150 DEMB14A                 Num    8 BEST12.            Average weekly full-time hours                                                                                      
152 DEMB15A                 Num    8 BEST12.            Average weekly part-time hours                                                                                      
 33 DIABETES1               Num    8                    3-level grouped Diabetes ver.1                                                                                      
 34 DIABETES2               Num    8                    3-level grouped Diabetes - ADA Guidelines plus scanned anti-diabetics medication                                    
 37 DIABETES3               Num    8                    3-level grouped Diabetes - ADA Guidelines plus self-reported diabetes diagnosis                                     
 53 DIABETES2_INDICATOR     Num    8                    Diabetes Indicator - ADA                                                                                            
 93 DIABETES3_V2            Num    8                    3-level grouped Diabetes Definition 3 (Lab criteria ADA Guidelines plus self-reported diabetes diagnosis) by Visit 2
 38 DIABETES_C4             Num    8                    4-level grouped diabetes (none/pre/treated/untreated)                                                               
 35 DIABETES_LAB            Num    8                    3-level grouped Diabetes - Lab                                                                                      
 87 DIABETES_LAB_V2         Num    8                    3-level grouped Diabetes - Lab criteria ADA Guidelines, at Visit 2                                                  
 36 DIABETES_SELF           Num    8                    Diabetes - self report only                                                                                         
 92 DIABETES_SELF_V2        Num    8                    Self-reported having diabetes diagnosis by Visit 2, V1-AFU-V2 cumulative, excluding gestational diabetes            
                                                                               The SAS System

                                                                 Alphabetic List of Variables and Attributes
 
  # Variable                Type Len Format    Informat Label

 39 DIAB_DIAG               Num    8                    Diabetes Diagnosis time                                                                                             
 97 DM3_AWARE_V2            Num    8                    Diabetes awareness in Diabetes Definition 3 classification by Visit 2                                               
 98 DM3_CONTROL_V2          Num    8                    Diabetes controlled in Diabetes Definition 3 classification at Visit 2                                              
 40 DM_AWARE                Num    8                    Diabetes awareness at baseline                                                                                      
 41 DM_CONTROL              Num    8                    Diabetes controlled: DM Classified at Baseline and A1C < 7%                                                         
 70 ECEA2                   Num    8                    Yearly Household Income Low/High (ECEA2)                                                                            
 71 ECEA3                   Num    8                    Low Income Range (ECEA3)                                                                                            
 72 ECEA4                   Num    8                    High Income Range (ECEA4)                                                                                           
 73 ECEA5                   Num    8                    Number people supported by household income (ECEA5)                                                                 
 54 EDUCATION_C2            Num    8                    Education Status (2 levels)                                                                                         
 55 EDUCATION_C3            Num    8                    Education Status (3 levels)                                                                                         
102 EDUCATION_C3_V2         Num    8                    Education Status at Visit 2(3 levels)                                                                               
 23 EMPLOYED                Num    8                    Employment Status (includes retirees)                                                                               
163 EMPLOYEDYN              Num    8                    Employment Status (1-yes, 0-no)                                                                                     
106 EMPLOYED_V2             Num    8                    Visit 2 4-level employment status                                                                                   
157 FGLUCOSE_GE100YN        Num    8                    Fasting glucose >=100 mg/dL                                                                                         
154 FLOR_DYAD               Num    8                    FLOR participant                                                                                                    
 14 GENDER                  Char   1                    Gender (F=Female, M=Male)                                                                                           
 49 GENDERNUM               Num    8                    Gender (0=Female, 1=Male)                                                                                           
 83 GENDER_V2               Char   1                    Gender (M or F)                                                                                                     
138 HAZ                     Num    8                    Height for age Z-Score - CDC (Child)                                                                                
  6 HEI2010                 Num    8                    HEI total score, 0-100                                                                                              
  2 HEIGHT                  Num    8                    Height (corrected)                                                                                                  
161 HIGHBPYN                Num    8                    Systolic blood pressure >= 120 (mm Hg) or diastolic blood pressure >= 80 (mm Hg)                                    
 26 HIGH_TRIG               Num    8                    High Triglycerides (>=150 mg/dL)                                                                                    
 94 HIGH_TRIG_V2            Num    8                    High Triglycerides(>=150 mg/dL)                                                                                     
 50 HOMA_IR                 Num    8                    HOMA index of Insulin Resistance                                                                                    
100 HOMA_IR_V2              Num    8                    HOMA index of Insulin Resistance                                                                                    
 77 HRS_DAY                 Num    8                    hrs/day (average) monitor was worn                                                                                  
 32 HYPERTENSION            Num    8                    Hypertension (BP>=140/90 and Med Use)                                                                               
  1 ID                      Char   8                    HCHS Participant ID                                                                                                 
121 ID_CHILD                Char   8                    Child ID                                                                                                            
122 ID_DAD                  Char   8                    Father Participant ID                                                                                               
 21 INCOME                  Num    8                    Yearly Household Income (ECEA3 and ECEA4)                                                                           
 56 INCOME_C3               Num    8                    3-level grouped yearly household income                                                                             
 22 INCOME_C5               Num    8                    Yearly Household Income (collapsed categories)                                                                      
 85 INCOME_C3_V2            Num    8                    3-level grouped yearly household income at Visit 2                                                                  
 29 INSULIN_FAST            Num    8                    Insulin, fasting (calibrated, converted to mU/L)                                                                    
 99 INSULIN_FAST_V2         Num    8                    Fasting Insulin, (mU/L)                                                                                             
 62 LABA67                  Num    8                    Triglycerides (mg/dL) (LABA67)                                                                                      
 60 LABA68                  Num    8                    HDL-cholesterol (mg/dL) (LABA68)                                                                                    
 61 LABA70                  Num    8                    Glucose, fasting (mg/dL) (LABA70)                                                                                   
112 LABA67_v2               Num    8 BEST12.            Triglycerides (mg/dL)                                                                                               
113 LABA68_v2               Num    8 BEST12.            HDL-cholesterol (mg/dL)                                                                                             
114 LABA70_v2               Num    8 BEST12.            Glucose, fasting (mg/dL)                                                                                            
 24 LANG_PREF               Num    8                    Language preference - (1=Span, 2=Eng)                                                                               
103 LANG_PREF_V2            Num    8                    Language preference at Visit 2 - (1=Span,2=Eng)                                                                     
170 LGA                     Num    8                    Large for gestational age (> 90th pctl), baby 1                                                                     
 27 LOW_HDL                 Num    8                    Low HDL (<40 mg/dl (male), <50 mg/dL (females))                                                                     
 95 LOW_HDL_V2              Num    8                    Low HDL (<40 mg/dl (male), <50 mg/dL (females)                                                                      
 20 MARITAL_STATUS          Num    8                    Marital Status (collapsed categories)                                                                               
 17 MED_ANTIDIAB            Num    8                    Antidiabetics                                                                                                       
 18 MED_ANTIHYPERT          Num    8                    Antihypertensives                                                                                                   
                                                                               The SAS System

                                                                 Alphabetic List of Variables and Attributes
 
  # Variable                Type Len Format    Informat Label

 16 MED_LLD                 Num    8                    Lipid lowering drugs/Antihyperlipidemics (LLD)                                                                      
125 MODE1                   Num    8                    Completed Mode 1 of SOL FLOR                                                                                        
126 MODE2                   Num    8                    Completed Mode 2 of SOL FLOR                                                                                        
 78 MV_DAY                  Num    8                    min/day (average) of moderate or vigorous activity (>=1535 counts/min)                                              
 74 OCEA1                   Num    8                    Retired (OCEA1)                                                                                                     
 75 OCEA5                   Num    8                    Current Employment Status (OCEA5)                                                                                   
155 PARITY_V1               Num    8                    Number of babies born alive by Visit 1                                                                              
189 PCE3                    Num    8 BEST12.            Pregnancy Result                                                                                                    
191 PCE4                    Num    8 BEST12.            Delivery type                                                                                                       
192 PCE5                    Num    8 BEST12.            Birth Location                                                                                                      
193 PCE6                    Num    8 BEST12.            number of babies in pregnancy                                                                                       
173 PCE0A                   Num    8 MMDDYY10.          Completion Date                                                                                                     
230 PCE10A                  Num    8 BEST12.            Baby 4 Birth                                                                                                        
231 PCE10B                  Num    8 BEST12.            Baby 4 gender                                                                                                       
232 PCE10C                  Num    8 BEST12.            Baby 4 Weight lbs                                                                                                   
233 PCE10C1                 Num    8 BEST12.            Baby 4 Weight oz                                                                                                    
234 PCE10C2                 Num    8 BEST12.            Baby 4 Weight g                                                                                                     
246 PCE10C_G                Num    8                    Baby 4 Weight (g,calculated)                                                                                        
235 PCE10D                  Num    8 BEST12.            Baby 4 approx weight                                                                                                
236 PCE10E                  Num    8 BEST12.            Baby 4 currently breastfeeding                                                                                      
237 PCE10E1                 Num    8 BEST12.            Baby 4 age stopped bf                                                                                               
238 PCE10E2                 Num    8 BEST12.            Baby 4 units age stopped bf                                                                                         
239 PCE10E3                 Num    8 BEST12.            Baby 4 bf long as wanted                                                                                            
240 PCE10E4                 Num    8 BEST12.            Baby 4 age solid foods                                                                                              
241 PCE10E5                 Num    8 BEST12.            Baby 4 units age solid foods                                                                                        
250 PCE10E1_DAYS            Num    8                    Baby 4 age stopped bf (days)                                                                                        
254 PCE10E4_DAYS            Num    8                    Baby 4 age solid foods (days)                                                                                       
174 PCE1A                   Num    8 BEST12.            Pregnancy Number                                                                                                    
175 PCE1C                   Num    8 BEST12.            Received care in the US                                                                                             
176 PCE1D                   Num    8 BEST12.            Hypertension-HBP in this pregnancy                                                                                  
177 PCE1D1                  Num    8 BEST12.            Hypertension-HBP before this pregnancy                                                                              
178 PCE1E                   Num    8 BEST12.            Preeclampsia-toxemia in this pregnancy                                                                              
179 PCE1F                   Num    8 BEST12.            Eclampsia during this pregnancy                                                                                     
180 PCE1G                   Num    8 BEST12.            Diabetes during this pregnancy                                                                                      
181 PCE1G1                  Num    8 BEST12.            Took meds for blood sugar during this pregnancy                                                                     
182 PCE1G2                  Num    8 BEST12.            Had Diabetes Before                                                                                                 
183 PCE1H                   Num    8 BEST12.            Smoked during last 3 months of pregnancy                                                                            
184 PCE1I                   Num    8 BEST12.            Smoked 3 months before pregnancy                                                                                    
185 PCE1J                   Num    8 BEST12.            Weight gained during pregnancy                                                                                      
186 PCE1J1                  Num    8 BEST12.            Weight gained units                                                                                                 
242 PCE1J_KG                Num    8                    Weight gained during pregnancy (kg)                                                                                 
187 PCE2A                   Num    8 BEST12.            Pregnancy Length                                                                                                    
188 PCE2A1                  Num    8 BEST12.            Pregnancy length units                                                                                              
255 PCE2A_WEEKS             Num    8                    Pregnancy Length (weeks)                                                                                            
190 PCE3A                   Num    8 BEST12.            Number of Babies                                                                                                    
194 PCE7A                   Num    8 BEST12.            Baby 1 Birth                                                                                                        
195 PCE7B                   Num    8 BEST12.            Baby 1 gender                                                                                                       
196 PCE7C                   Num    8 BEST12.            Baby 1 Weight lbs                                                                                                   
197 PCE7C1                  Num    8 BEST12.            Baby 1 Weight oz                                                                                                    
198 PCE7C2                  Num    8 BEST12.            Baby 1 Weight g                                                                                                     
243 PCE7C_G                 Num    8                    Baby 1 Weight (g,calculated)                                                                                        
199 PCE7D                   Num    8 BEST12.            Baby 1 approx weight                                                                                                
200 PCE7E                   Num    8 BEST12.            Baby 1 currently breastfeeding                                                                                      
                                                                               The SAS System

                                                                 Alphabetic List of Variables and Attributes
 
  # Variable                Type Len Format    Informat Label

201 PCE7E1                  Num    8 BEST12.            Baby 1 age stopped bf                                                                                               
202 PCE7E2                  Num    8 BEST12.            Baby 1 units age stopped bf                                                                                         
203 PCE7E3                  Num    8 BEST12.            Baby 1 bf long as wanted                                                                                            
204 PCE7E4                  Num    8 BEST12.            Baby 1 age solid foods                                                                                              
205 PCE7E5                  Num    8 BEST12.            Baby 1 units age solid foods                                                                                        
247 PCE7E1_DAYS             Num    8                    Baby 1 age stopped bf (days)                                                                                        
251 PCE7E4_DAYS             Num    8                    Baby 1 age solid foods (days)                                                                                       
206 PCE8A                   Num    8 BEST12.            Baby 2 Birth                                                                                                        
207 PCE8B                   Num    8 BEST12.            Baby 2 gender                                                                                                       
208 PCE8C                   Num    8 BEST12.            Baby 2 Weight lbs                                                                                                   
209 PCE8C1                  Num    8 BEST12.            Baby 2 Weight oz                                                                                                    
210 PCE8C2                  Num    8 BEST12.            Baby 2 Weight g                                                                                                     
244 PCE8C_G                 Num    8                    Baby 2 Weight (g,calculated)                                                                                        
211 PCE8D                   Num    8 BEST12.            Baby 2 approx weight                                                                                                
212 PCE8E                   Num    8 BEST12.            Baby 2 currently breastfeeding                                                                                      
213 PCE8E1                  Num    8 BEST12.            Baby 2 age stopped bf                                                                                               
214 PCE8E2                  Num    8 BEST12.            Baby 2 units age stopped bf                                                                                         
215 PCE8E3                  Num    8 BEST12.            Baby 2 bf long as wanted                                                                                            
216 PCE8E4                  Num    8 BEST12.            Baby 2 age solid foods                                                                                              
217 PCE8E5                  Num    8 BEST12.            Baby 2 Units age solid foods                                                                                        
248 PCE8E1_DAYS             Num    8                    Baby 2 age stopped bf (days)                                                                                        
252 PCE8E4_DAYS             Num    8                    Baby 2 age solid foods (days)                                                                                       
218 PCE9A                   Num    8 BEST12.            Baby 3 Birth                                                                                                        
219 PCE9B                   Num    8 BEST12.            Baby 3 gender                                                                                                       
220 PCE9C                   Num    8 BEST12.            Baby 3 Weight lbs                                                                                                   
221 PCE9C1                  Num    8 BEST12.            Baby 3 Weight oz                                                                                                    
222 PCE9C2                  Num    8 BEST12.            Baby 3 Weight g                                                                                                     
245 PCE9C_G                 Num    8                    Baby 3 Weight (g,calculated)                                                                                        
223 PCE9D                   Num    8 BEST12.            Baby 3 approx weight                                                                                                
224 PCE9E                   Num    8 BEST12.            Baby 3 currently breastfeeding                                                                                      
225 PCE9E1                  Num    8 BEST12.            Baby 3 age stopped bf                                                                                               
226 PCE9E2                  Num    8 BEST12.            Baby 3 units age stopped bf                                                                                         
227 PCE9E3                  Num    8 BEST12.            Baby 3 bf long as wanted                                                                                            
228 PCE9E4                  Num    8 BEST12.            Baby 3 age solid foods                                                                                              
229 PCE9E5                  Num    8 BEST12.            Baby 3 units age solid foods                                                                                        
249 PCE9E1_DAYS             Num    8                    Baby 3 age stopped bf (days)                                                                                        
253 PCE9E4_DAYS             Num    8                    Baby 3 age solid foods (days)                                                                                       
 68 PIEA4                   Char   2 $2.       $2.      Country/Territory Born (PIEA4)                                                                                      
 69 PIEA7                   Num    8                    Years Lived in Mainland US (PIEA7)                                                                                  
 58 POVPCT                  Num    8                    Household income, percent of poverty                                                                                
 59 POVPCT_C4               Num    8                    Household income, percent of poverty, 4 categories                                                                  
172 PRETERM                 Num    8                    Pregnancy lasted <= 37 weeks                                                                                        
156 PRIMIPARA_V1            Num    8                    FLOR baby is 1st live birth ever (1-yes, 0-no)                                                                      
  4 PSU_ID                  Num    8                    Primary Sampling Unit ID                                                                                            
111 RME19                   Num    8 BEST12.            # Babies born alive-before V1                                                                                       
109 RME12a                  Num    8 BEST12.            Times Pregnant Before V1                                                                                            
110 RME13a                  Num    8 BEST12.            # Pregs of 6+ months-before V1                                                                                      
115 SBP5                    Num    8 BEST12.            average systolic                                                                                                    
116 SBP6                    Num    8 BEST12.            average diastolic                                                                                                   
117 SBP7                    Num    8 BEST12.            average pulse                                                                                                       
 63 SBPA5                   Num    8                    Average Systolic (SBPA5)                                                                                            
 64 SBPA6                   Num    8                    Average Diastolic (SBPA6)                                                                                           
 65 SBPA7                   Num    8                    Average Pulse Rate (SBPA7)                                                                                          
                                                                               The SAS System

                                                                 Alphabetic List of Variables and Attributes
 
  # Variable                Type Len Format    Informat Label

159 SBP_GE120YN             Num    8                    Systolic blood pressure >= 120 mm Hg                                                                                
171 SGA                     Num    8                    Small for gestational age (< 10th pctl) for baby #1                                                                 
 51 SITE_BKGRD              Num    8                    Cross-Classification of Center and Hispanic/Latino Background                                                       
 19 STAI10                  Num    8                    10-Item State Trait Anxiety Inventory                                                                               
  3 STRAT                   Num    8                    Stratification Variable ID                                                                                          
118 TBE1                    Num    8 BEST12.            Smoke 100 cigarettes in lifetime                                                                                    
119 TBE4                    Num    8 BEST12.            Current smoking status                                                                                              
 66 TBEA1                   Num    8                    Smoke at least 100 cigs in lifetime (TBEA1)                                                                         
 67 TBEA3                   Num    8                    Present Smoking Status (TBEA3)                                                                                      
 12 US_BORN                 Num    8                    Born in mainland US (50 States + DC)                                                                                
135 WAZ                     Num    8                    Weight for age Z-Score - CDC (Child)                                                                                
  5 WEIGHT_FINAL_           Num    8                    Overall Sample Normalized Census 2010 Calibrated Trimmed NonResponse                                                
    NORM_OVERALL                                        Adjusted Final Weights - Year 1-3 (frozen as of 10/27/2011)                                                         
 82 WEIGHT_NORM_OVERALL_V2  Num    8                    HCHS V2 Overall Normalized, Census 2010 Calibrated, Trimmed,                                                        
                                                        Nonresponse Adjusted Weights - (frozen as of 03/06/2018)                                                            
 81 WEIGHT_PA_IPW_OVERALL   Num    8                    Sampling weight (norm_overall) * IPW of actical adherence                                                           
 25 YRSUS                   Num    8                    Years lived in US                                                                                                   
 43 YRSUS_C2                Num    8                    2-level grouped years lived in the US (50 States)                                                                   
 44 YRSUS_C3                Num    8                    Years lived in the US (50 States, 3-levels)                                                                         
107 YRSUS_C3_V2             Num    8                    Years lived in the US at Visit 2 (50 States, 3-level)                                                               
168 YRSV1BIRTH              Num    8                    Time between Visit 1 and baby’s birth (years)                                                                       
124 YRS_BTWN_V1FLOR         Num    8                    Elapsed time in years between visit 1 and FLOR clinic date                                                          
 89 YRS_BTWN_V1V2           Num    8                    Elapsed time between visits 1 and 2 (yrs)                                                                           


                                                                              Sort Information

                                                                             Sortedby       ID  
                                                                             Validated      YES 
                                                                             Character Set  ANSI
                                                                               The SAS System

                       Data Set Name        OUTPUT.HC338351_ALL_06MAY25                                                     Observations          550 
                       Member Type          DATA                                                                            Variables             256 
                       Engine               V9                                                                              Indexes               0   
                       Created              05/06/2025 17:59:10                                                             Observation Length    2024
                       Last Modified        05/06/2025 17:59:10                                                             Deleted Observations  0   
                       Protection                                                                                           Compressed            NO  
                       Data Set Type                                                                                        Sorted                YES 
                       Label                All 1st live singleton births between V1 & V2 created in HC338351 on 06MAY25                              
                       Data Representation  WINDOWS_32                                                                                                
                       Encoding             wlatin1  Western (Windows)                                                                                


                                                                     Engine/Host Dependent Information

                                Data Set Page Size          163840                                                                          
                                Number of Data Set Pages    8                                                                               
                                First Data Page             1                                                                               
                                Max Obs per Page            80                                                                              
                                Obs in First Data Page      63                                                                              
                                Number of Data Set Repairs  0                                                                               
                                ExtendObsCounter            YES                                                                             
                                Filename                    J:\HCHS\STATISTICS\GRAS\QAngarita\FLOR\MS1560\data\hc338351_all_06may25.sas7bdat
                                Release Created             9.0401M8                                                                        
                                Host Created                W32_WIN+PRO                                                                     
                                Owner Name                  CSCC\acquijanoa                                                                 
                                File Size                   1MB                                                                             
                                File Size (bytes)           1474560                                                                         


                                                                 Alphabetic List of Variables and Attributes
 
  # Variable                Type Len Format    Informat Label

 28 ABDOMINAL_OBESITY_NCEP  Num    8                    Abdominal Obesity (waist circ) - NCEP                                                                               
 96 ABDOMINAL_OBESITY_      Num    8                    Abdominal Obesity (waist circ) - NCEP                                                                               
    NCEP_V2                                                                                                                                                                 
 45 ACCULT_MESA             Num    8                    Acculturation Score - MESA                                                                                          
108 ACCULT_MESA_V2          Num    8                    Acculturation Score - MESA, Visit 2                                                                                 
 80 ACTICALYN               Num    8                    Actical data available (1=Yes,0=No)                                                                                 
 79 ADHERENTYN              Num    8                    Participant has at least 3 adherent (>=10 hrs) days (1=Yes,0=No)                                                    
  8 AGE                     Num    8                    Age                                                                                                                 
  9 AGEGROUP_C2             Num    8                    1(18-44),2(45+)                                                                                                     
 42 AGEGROUP_C6             Num    8                    6-level Age Sub-groups                                                                                              
 91 AGEGROUP_C6_V2          Num    8                    6-level grouped age of participant at Visit 2                                                                       
133 AGEGRP_CHILD_C4         Num    8                    Children’s age in 4 levels                                                                                          
129 AGE_CHILD_CLINDATE      Num    8                    Child's age in years using CLINDATE                                                                                 
130 AGE_CHILD_CLINDATE_MO   Num    8                    Child's age in months using CLINDATE                                                                                
128 AGE_CHILD_ENROLL        Num    8                    Child's age in years at SOL FLOR enrollment                                                                         
127 AGE_MOM_FLOR            Num    8                    Mother's age in years using CLINDATE                                                                                
 90 AGE_V2                  Num    8                    Age at visit 2 (yrs)                                                                                                
 11 AGG_MENT                Num    8                    Aggregate mental health score norm-based transformed                                                                
 10 AGG_PHYS                Num    8                    Aggregate physical health score norm-based transformed                                                              
120 ANT10A                  Num    8 BEST12.            waist                                                                                                               
 76 ANTA10A                 Num    8                    Waist Girth (cm) (ANTA10A)                                                                                          
166 BABY1YN                 Num    8                    First live birth after V1                                                                                           
169 BIRTHWT_C3              Num    8                    Birth weight baby 1 (< 2.5kg, 2.5-4.0kg, >4.0kg)                                                                    
165 BIRTHWT_GA_PCT          Num    8 BEST12.   BEST32.  Birth weight for gestational age percentile                                                                         
                                                                               The SAS System

                                                                 Alphabetic List of Variables and Attributes
 
  # Variable                Type Len Format    Informat Label

164 BIRTHWT_GA_Z            Num    8 BEST12.   BEST32.  Birth weight for gestational age Z-score                                                                            
256 BIRTH_ORDER             Num    8                    Birth Order                                                                                                         
 47 BKGRD1_C7               Num    8                    7-level re-classification of Hispanic/Latino Background                                                             
162 BKGRD1_C7NOMISS         Num    8                    7-Level Re-classification of Hispanic/Latino Background (Combining Missing with Mixed/Other)                        
 13 BMI                     Num    8                    BMI (kg/m2)                                                                                                         
 30 BMIGRP_C4               Num    8                    4-level grouped Body Mass Index - WHO                                                                               
 46 BMIGRP_C6               Num    8                    6-level grouped Body Mass Index - WHO                                                                               
137 BMIPCT                  Num    8                    Body Mass Index for age Percentiles - CDC (Child)                                                                   
139 BMIPCT_C3               Num    8                    BMI percentile in 3 levels                                                                                          
136 BMIZ                    Num    8                    Body Mass Index for age Z-Score - CDC (Child)                                                                       
158 BMI_GE30YN              Num    8                    BMI >=30 (obese)                                                                                                    
 86 BMI_V2                  Num    8                    Body Mass Index (kg/m2) at Visit 2                                                                                  
134 BORN_AFTERV2            Num    8                    Baby born after mom’s visit 2                                                                                       
  7 CENTER                  Char   1                    Center                                                                                                              
 48 CENTERNUM               Num    8                    Participant's Field Center - numeric                                                                                
 57 CESD10                  Num    8                    10-item CESD10                                                                                                      
104 CESD10_V2               Num    8                    10-item CES-D summary score at Visit 2                                                                              
131 CHILD_HEIGHT            Num    8                    Height (cm)                                                                                                         
132 CHILD_WEIGHT            Num    8                    Weight (kg)                                                                                                         
 31 CIGARETTE_USE           Num    8                    Cigarette Use (1-Never,2=Former,3=Current)                                                                          
105 CIGARETTE_USE_V2        Num    8                    Cigarette Use at Visit 2(1-Never,2=Former,3=Current)                                                                
 15 CLINDATE                Num    8 MMDDYY10.          Date of Clinic Visit                                                                                                
123 CLINDATE_FLOR           Num    8 MMDDYY10.          SOL FLOR Clinic Date                                                                                                
 88 CLINDATE_V2             Num    8 MMDDYY10.          Visit 2 clinic date                                                                                                 
 84 CONSENT_V2              Num    8                    Consent in HCHS/SOL Visit 2, based on ICT1, CHK4A1 and CHK31A                                                       
 52 CURRENT_SMOKER          Num    8                    Current Smoker (from CIGARETTE_USE)                                                                                 
101 CURRENT_SMOKER_V2       Num    8                    Current smoker at Visit 2                                                                                           
167 DAYSV1BIRTH             Num    8                    Time between Visit 1 and baby’s birth (days)                                                                        
160 DBP_GE80YN              Num    8                    Diastolic blood pressure >= 80 mm Hg                                                                                
140 DEMB1                   Num    8                    Child sex                                                                                                           
141 DEMB7                   Num    8 BEST12.            Total income                                                                                                        
142 DEMB8                   Num    8 BEST12.            Income < $30,000                                                                                                    
143 DEMB9                   Num    8 BEST12.            Income > $30,000                                                                                                    
144 DEMB10                  Num    8 BEST12.            People supported on income                                                                                          
145 DEMB11                  Num    8 BEST12.            Marital status                                                                                                      
148 DEMB13                  Num    8 BEST12.            Current employment status                                                                                           
149 DEMB14                  Num    8 BEST12.            Number full-time jobs                                                                                               
151 DEMB15                  Num    8 BEST12.            Number part-time jobs                                                                                               
153 DEMB16                  Num    8 BEST12.            Usual work schedule                                                                                                 
146 DEMB12A                 Num    8 BEST12.            Homemaker                                                                                                           
147 DEMB12B                 Num    8 BEST12.            Student                                                                                                             
150 DEMB14A                 Num    8 BEST12.            Average weekly full-time hours                                                                                      
152 DEMB15A                 Num    8 BEST12.            Average weekly part-time hours                                                                                      
 33 DIABETES1               Num    8                    3-level grouped Diabetes ver.1                                                                                      
 34 DIABETES2               Num    8                    3-level grouped Diabetes - ADA Guidelines plus scanned anti-diabetics medication                                    
 37 DIABETES3               Num    8                    3-level grouped Diabetes - ADA Guidelines plus self-reported diabetes diagnosis                                     
 53 DIABETES2_INDICATOR     Num    8                    Diabetes Indicator - ADA                                                                                            
 93 DIABETES3_V2            Num    8                    3-level grouped Diabetes Definition 3 (Lab criteria ADA Guidelines plus self-reported diabetes diagnosis) by Visit 2
 38 DIABETES_C4             Num    8                    4-level grouped diabetes (none/pre/treated/untreated)                                                               
 35 DIABETES_LAB            Num    8                    3-level grouped Diabetes - Lab                                                                                      
 87 DIABETES_LAB_V2         Num    8                    3-level grouped Diabetes - Lab criteria ADA Guidelines, at Visit 2                                                  
 36 DIABETES_SELF           Num    8                    Diabetes - self report only                                                                                         
 92 DIABETES_SELF_V2        Num    8                    Self-reported having diabetes diagnosis by Visit 2, V1-AFU-V2 cumulative, excluding gestational diabetes            
                                                                               The SAS System

                                                                 Alphabetic List of Variables and Attributes
 
  # Variable                Type Len Format    Informat Label

 39 DIAB_DIAG               Num    8                    Diabetes Diagnosis time                                                                                             
 97 DM3_AWARE_V2            Num    8                    Diabetes awareness in Diabetes Definition 3 classification by Visit 2                                               
 98 DM3_CONTROL_V2          Num    8                    Diabetes controlled in Diabetes Definition 3 classification at Visit 2                                              
 40 DM_AWARE                Num    8                    Diabetes awareness at baseline                                                                                      
 41 DM_CONTROL              Num    8                    Diabetes controlled: DM Classified at Baseline and A1C < 7%                                                         
 70 ECEA2                   Num    8                    Yearly Household Income Low/High (ECEA2)                                                                            
 71 ECEA3                   Num    8                    Low Income Range (ECEA3)                                                                                            
 72 ECEA4                   Num    8                    High Income Range (ECEA4)                                                                                           
 73 ECEA5                   Num    8                    Number people supported by household income (ECEA5)                                                                 
 54 EDUCATION_C2            Num    8                    Education Status (2 levels)                                                                                         
 55 EDUCATION_C3            Num    8                    Education Status (3 levels)                                                                                         
102 EDUCATION_C3_V2         Num    8                    Education Status at Visit 2(3 levels)                                                                               
 23 EMPLOYED                Num    8                    Employment Status (includes retirees)                                                                               
163 EMPLOYEDYN              Num    8                    Employment Status (1-yes, 0-no)                                                                                     
106 EMPLOYED_V2             Num    8                    Visit 2 4-level employment status                                                                                   
157 FGLUCOSE_GE100YN        Num    8                    Fasting glucose >=100 mg/dL                                                                                         
154 FLOR_DYAD               Num    8                    FLOR participant                                                                                                    
 14 GENDER                  Char   1                    Gender (F=Female, M=Male)                                                                                           
 49 GENDERNUM               Num    8                    Gender (0=Female, 1=Male)                                                                                           
 83 GENDER_V2               Char   1                    Gender (M or F)                                                                                                     
138 HAZ                     Num    8                    Height for age Z-Score - CDC (Child)                                                                                
  6 HEI2010                 Num    8                    HEI total score, 0-100                                                                                              
  2 HEIGHT                  Num    8                    Height (corrected)                                                                                                  
161 HIGHBPYN                Num    8                    Systolic blood pressure >= 120 (mm Hg) or diastolic blood pressure >= 80 (mm Hg)                                    
 26 HIGH_TRIG               Num    8                    High Triglycerides (>=150 mg/dL)                                                                                    
 94 HIGH_TRIG_V2            Num    8                    High Triglycerides(>=150 mg/dL)                                                                                     
 50 HOMA_IR                 Num    8                    HOMA index of Insulin Resistance                                                                                    
100 HOMA_IR_V2              Num    8                    HOMA index of Insulin Resistance                                                                                    
 77 HRS_DAY                 Num    8                    hrs/day (average) monitor was worn                                                                                  
 32 HYPERTENSION            Num    8                    Hypertension (BP>=140/90 and Med Use)                                                                               
  1 ID                      Char   8                    HCHS Participant ID                                                                                                 
121 ID_CHILD                Char   8                    Child ID                                                                                                            
122 ID_DAD                  Char   8                    Father Participant ID                                                                                               
 21 INCOME                  Num    8                    Yearly Household Income (ECEA3 and ECEA4)                                                                           
 56 INCOME_C3               Num    8                    3-level grouped yearly household income                                                                             
 22 INCOME_C5               Num    8                    Yearly Household Income (collapsed categories)                                                                      
 85 INCOME_C3_V2            Num    8                    3-level grouped yearly household income at Visit 2                                                                  
 29 INSULIN_FAST            Num    8                    Insulin, fasting (calibrated, converted to mU/L)                                                                    
 99 INSULIN_FAST_V2         Num    8                    Fasting Insulin, (mU/L)                                                                                             
 62 LABA67                  Num    8                    Triglycerides (mg/dL) (LABA67)                                                                                      
 60 LABA68                  Num    8                    HDL-cholesterol (mg/dL) (LABA68)                                                                                    
 61 LABA70                  Num    8                    Glucose, fasting (mg/dL) (LABA70)                                                                                   
112 LABA67_v2               Num    8 BEST12.            Triglycerides (mg/dL)                                                                                               
113 LABA68_v2               Num    8 BEST12.            HDL-cholesterol (mg/dL)                                                                                             
114 LABA70_v2               Num    8 BEST12.            Glucose, fasting (mg/dL)                                                                                            
 24 LANG_PREF               Num    8                    Language preference - (1=Span, 2=Eng)                                                                               
103 LANG_PREF_V2            Num    8                    Language preference at Visit 2 - (1=Span,2=Eng)                                                                     
170 LGA                     Num    8                    Large for gestational age (> 90th pctl), baby 1                                                                     
 27 LOW_HDL                 Num    8                    Low HDL (<40 mg/dl (male), <50 mg/dL (females))                                                                     
 95 LOW_HDL_V2              Num    8                    Low HDL (<40 mg/dl (male), <50 mg/dL (females)                                                                      
 20 MARITAL_STATUS          Num    8                    Marital Status (collapsed categories)                                                                               
 17 MED_ANTIDIAB            Num    8                    Antidiabetics                                                                                                       
 18 MED_ANTIHYPERT          Num    8                    Antihypertensives                                                                                                   
                                                                               The SAS System

                                                                 Alphabetic List of Variables and Attributes
 
  # Variable                Type Len Format    Informat Label

 16 MED_LLD                 Num    8                    Lipid lowering drugs/Antihyperlipidemics (LLD)                                                                      
125 MODE1                   Num    8                    Completed Mode 1 of SOL FLOR                                                                                        
126 MODE2                   Num    8                    Completed Mode 2 of SOL FLOR                                                                                        
 78 MV_DAY                  Num    8                    min/day (average) of moderate or vigorous activity (>=1535 counts/min)                                              
 74 OCEA1                   Num    8                    Retired (OCEA1)                                                                                                     
 75 OCEA5                   Num    8                    Current Employment Status (OCEA5)                                                                                   
155 PARITY_V1               Num    8                    Number of babies born alive by Visit 1                                                                              
189 PCE3                    Num    8 BEST12.            Pregnancy Result                                                                                                    
191 PCE4                    Num    8 BEST12.            Delivery type                                                                                                       
192 PCE5                    Num    8 BEST12.            Birth Location                                                                                                      
193 PCE6                    Num    8 BEST12.            number of babies in pregnancy                                                                                       
173 PCE0A                   Num    8 MMDDYY10.          Completion Date                                                                                                     
230 PCE10A                  Num    8 BEST12.            Baby 4 Birth                                                                                                        
231 PCE10B                  Num    8 BEST12.            Baby 4 gender                                                                                                       
232 PCE10C                  Num    8 BEST12.            Baby 4 Weight lbs                                                                                                   
233 PCE10C1                 Num    8 BEST12.            Baby 4 Weight oz                                                                                                    
234 PCE10C2                 Num    8 BEST12.            Baby 4 Weight g                                                                                                     
246 PCE10C_G                Num    8                    Baby 4 Weight (g,calculated)                                                                                        
235 PCE10D                  Num    8 BEST12.            Baby 4 approx weight                                                                                                
236 PCE10E                  Num    8 BEST12.            Baby 4 currently breastfeeding                                                                                      
237 PCE10E1                 Num    8 BEST12.            Baby 4 age stopped bf                                                                                               
238 PCE10E2                 Num    8 BEST12.            Baby 4 units age stopped bf                                                                                         
239 PCE10E3                 Num    8 BEST12.            Baby 4 bf long as wanted                                                                                            
240 PCE10E4                 Num    8 BEST12.            Baby 4 age solid foods                                                                                              
241 PCE10E5                 Num    8 BEST12.            Baby 4 units age solid foods                                                                                        
250 PCE10E1_DAYS            Num    8                    Baby 4 age stopped bf (days)                                                                                        
254 PCE10E4_DAYS            Num    8                    Baby 4 age solid foods (days)                                                                                       
174 PCE1A                   Num    8 BEST12.            Pregnancy Number                                                                                                    
175 PCE1C                   Num    8 BEST12.            Received care in the US                                                                                             
176 PCE1D                   Num    8 BEST12.            Hypertension-HBP in this pregnancy                                                                                  
177 PCE1D1                  Num    8 BEST12.            Hypertension-HBP before this pregnancy                                                                              
178 PCE1E                   Num    8 BEST12.            Preeclampsia-toxemia in this pregnancy                                                                              
179 PCE1F                   Num    8 BEST12.            Eclampsia during this pregnancy                                                                                     
180 PCE1G                   Num    8 BEST12.            Diabetes during this pregnancy                                                                                      
181 PCE1G1                  Num    8 BEST12.            Took meds for blood sugar during this pregnancy                                                                     
182 PCE1G2                  Num    8 BEST12.            Had Diabetes Before                                                                                                 
183 PCE1H                   Num    8 BEST12.            Smoked during last 3 months of pregnancy                                                                            
184 PCE1I                   Num    8 BEST12.            Smoked 3 months before pregnancy                                                                                    
185 PCE1J                   Num    8 BEST12.            Weight gained during pregnancy                                                                                      
186 PCE1J1                  Num    8 BEST12.            Weight gained units                                                                                                 
242 PCE1J_KG                Num    8                    Weight gained during pregnancy (kg)                                                                                 
187 PCE2A                   Num    8 BEST12.            Pregnancy Length                                                                                                    
188 PCE2A1                  Num    8 BEST12.            Pregnancy length units                                                                                              
255 PCE2A_WEEKS             Num    8                    Pregnancy Length (weeks)                                                                                            
190 PCE3A                   Num    8 BEST12.            Number of Babies                                                                                                    
194 PCE7A                   Num    8 BEST12.            Baby 1 Birth                                                                                                        
195 PCE7B                   Num    8 BEST12.            Baby 1 gender                                                                                                       
196 PCE7C                   Num    8 BEST12.            Baby 1 Weight lbs                                                                                                   
197 PCE7C1                  Num    8 BEST12.            Baby 1 Weight oz                                                                                                    
198 PCE7C2                  Num    8 BEST12.            Baby 1 Weight g                                                                                                     
243 PCE7C_G                 Num    8                    Baby 1 Weight (g,calculated)                                                                                        
199 PCE7D                   Num    8 BEST12.            Baby 1 approx weight                                                                                                
200 PCE7E                   Num    8 BEST12.            Baby 1 currently breastfeeding                                                                                      
                                                                               The SAS System

                                                                 Alphabetic List of Variables and Attributes
 
  # Variable                Type Len Format    Informat Label

201 PCE7E1                  Num    8 BEST12.            Baby 1 age stopped bf                                                                                               
202 PCE7E2                  Num    8 BEST12.            Baby 1 units age stopped bf                                                                                         
203 PCE7E3                  Num    8 BEST12.            Baby 1 bf long as wanted                                                                                            
204 PCE7E4                  Num    8 BEST12.            Baby 1 age solid foods                                                                                              
205 PCE7E5                  Num    8 BEST12.            Baby 1 units age solid foods                                                                                        
247 PCE7E1_DAYS             Num    8                    Baby 1 age stopped bf (days)                                                                                        
251 PCE7E4_DAYS             Num    8                    Baby 1 age solid foods (days)                                                                                       
206 PCE8A                   Num    8 BEST12.            Baby 2 Birth                                                                                                        
207 PCE8B                   Num    8 BEST12.            Baby 2 gender                                                                                                       
208 PCE8C                   Num    8 BEST12.            Baby 2 Weight lbs                                                                                                   
209 PCE8C1                  Num    8 BEST12.            Baby 2 Weight oz                                                                                                    
210 PCE8C2                  Num    8 BEST12.            Baby 2 Weight g                                                                                                     
244 PCE8C_G                 Num    8                    Baby 2 Weight (g,calculated)                                                                                        
211 PCE8D                   Num    8 BEST12.            Baby 2 approx weight                                                                                                
212 PCE8E                   Num    8 BEST12.            Baby 2 currently breastfeeding                                                                                      
213 PCE8E1                  Num    8 BEST12.            Baby 2 age stopped bf                                                                                               
214 PCE8E2                  Num    8 BEST12.            Baby 2 units age stopped bf                                                                                         
215 PCE8E3                  Num    8 BEST12.            Baby 2 bf long as wanted                                                                                            
216 PCE8E4                  Num    8 BEST12.            Baby 2 age solid foods                                                                                              
217 PCE8E5                  Num    8 BEST12.            Baby 2 Units age solid foods                                                                                        
248 PCE8E1_DAYS             Num    8                    Baby 2 age stopped bf (days)                                                                                        
252 PCE8E4_DAYS             Num    8                    Baby 2 age solid foods (days)                                                                                       
218 PCE9A                   Num    8 BEST12.            Baby 3 Birth                                                                                                        
219 PCE9B                   Num    8 BEST12.            Baby 3 gender                                                                                                       
220 PCE9C                   Num    8 BEST12.            Baby 3 Weight lbs                                                                                                   
221 PCE9C1                  Num    8 BEST12.            Baby 3 Weight oz                                                                                                    
222 PCE9C2                  Num    8 BEST12.            Baby 3 Weight g                                                                                                     
245 PCE9C_G                 Num    8                    Baby 3 Weight (g,calculated)                                                                                        
223 PCE9D                   Num    8 BEST12.            Baby 3 approx weight                                                                                                
224 PCE9E                   Num    8 BEST12.            Baby 3 currently breastfeeding                                                                                      
225 PCE9E1                  Num    8 BEST12.            Baby 3 age stopped bf                                                                                               
226 PCE9E2                  Num    8 BEST12.            Baby 3 units age stopped bf                                                                                         
227 PCE9E3                  Num    8 BEST12.            Baby 3 bf long as wanted                                                                                            
228 PCE9E4                  Num    8 BEST12.            Baby 3 age solid foods                                                                                              
229 PCE9E5                  Num    8 BEST12.            Baby 3 units age solid foods                                                                                        
249 PCE9E1_DAYS             Num    8                    Baby 3 age stopped bf (days)                                                                                        
253 PCE9E4_DAYS             Num    8                    Baby 3 age solid foods (days)                                                                                       
 68 PIEA4                   Char   2 $2.       $2.      Country/Territory Born (PIEA4)                                                                                      
 69 PIEA7                   Num    8                    Years Lived in Mainland US (PIEA7)                                                                                  
 58 POVPCT                  Num    8                    Household income, percent of poverty                                                                                
 59 POVPCT_C4               Num    8                    Household income, percent of poverty, 4 categories                                                                  
172 PRETERM                 Num    8                    Pregnancy lasted <= 37 weeks                                                                                        
156 PRIMIPARA_V1            Num    8                    FLOR baby is 1st live birth ever (1-yes, 0-no)                                                                      
  4 PSU_ID                  Num    8                    Primary Sampling Unit ID                                                                                            
111 RME19                   Num    8 BEST12.            # Babies born alive-before V1                                                                                       
109 RME12a                  Num    8 BEST12.            Times Pregnant Before V1                                                                                            
110 RME13a                  Num    8 BEST12.            # Pregs of 6+ months-before V1                                                                                      
115 SBP5                    Num    8 BEST12.            average systolic                                                                                                    
116 SBP6                    Num    8 BEST12.            average diastolic                                                                                                   
117 SBP7                    Num    8 BEST12.            average pulse                                                                                                       
 63 SBPA5                   Num    8                    Average Systolic (SBPA5)                                                                                            
 64 SBPA6                   Num    8                    Average Diastolic (SBPA6)                                                                                           
 65 SBPA7                   Num    8                    Average Pulse Rate (SBPA7)                                                                                          
                                                                               The SAS System

                                                                 Alphabetic List of Variables and Attributes
 
  # Variable                Type Len Format    Informat Label

159 SBP_GE120YN             Num    8                    Systolic blood pressure >= 120 mm Hg                                                                                
171 SGA                     Num    8                    Small for gestational age (< 10th pctl) for baby #1                                                                 
 51 SITE_BKGRD              Num    8                    Cross-Classification of Center and Hispanic/Latino Background                                                       
 19 STAI10                  Num    8                    10-Item State Trait Anxiety Inventory                                                                               
  3 STRAT                   Num    8                    Stratification Variable ID                                                                                          
118 TBE1                    Num    8 BEST12.            Smoke 100 cigarettes in lifetime                                                                                    
119 TBE4                    Num    8 BEST12.            Current smoking status                                                                                              
 66 TBEA1                   Num    8                    Smoke at least 100 cigs in lifetime (TBEA1)                                                                         
 67 TBEA3                   Num    8                    Present Smoking Status (TBEA3)                                                                                      
 12 US_BORN                 Num    8                    Born in mainland US (50 States + DC)                                                                                
135 WAZ                     Num    8                    Weight for age Z-Score - CDC (Child)                                                                                
  5 WEIGHT_FINAL_           Num    8                    Overall Sample Normalized Census 2010 Calibrated Trimmed NonResponse                                                
    NORM_OVERALL                                        Adjusted Final Weights - Year 1-3 (frozen as of 10/27/2011)                                                         
 82 WEIGHT_NORM_OVERALL_V2  Num    8                    HCHS V2 Overall Normalized, Census 2010 Calibrated, Trimmed,                                                        
                                                        Nonresponse Adjusted Weights - (frozen as of 03/06/2018)                                                            
 81 WEIGHT_PA_IPW_OVERALL   Num    8                    Sampling weight (norm_overall) * IPW of actical adherence                                                           
 25 YRSUS                   Num    8                    Years lived in US                                                                                                   
 43 YRSUS_C2                Num    8                    2-level grouped years lived in the US (50 States)                                                                   
 44 YRSUS_C3                Num    8                    Years lived in the US (50 States, 3-levels)                                                                         
107 YRSUS_C3_V2             Num    8                    Years lived in the US at Visit 2 (50 States, 3-level)                                                               
168 YRSV1BIRTH              Num    8                    Time between Visit 1 and baby’s birth (years)                                                                       
124 YRS_BTWN_V1FLOR         Num    8                    Elapsed time in years between visit 1 and FLOR clinic date                                                          
 89 YRS_BTWN_V1V2           Num    8                    Elapsed time between visits 1 and 2 (yrs)                                                                           


                                                                              Sort Information

                                                                             Sortedby       ID  
                                                                             Validated      YES 
                                                                             Character Set  ANSI
