Model 1 - Sociodemographics

Imputation Number=1

The GENMOD Procedure

                      Model Information

Data Set              WORK.IMPDB                             
Distribution            Binomial                             
Link Function              Logit                             
Dependent Variable     BMIPCT_C2    Respondent is Overweight 
                                    or Obese                 


Number of Observations Read         227
Number of Observations Used         227
Number of Events                    102
Number of Trials                    227


                              Class Level Information
 
Class                  Levels    Values

CENTERNUM                   4    CHICAGO MIAMI SAN DIEGO BRONX                     
BKGRD1_C3NOMISS             3    CARIBBEAN SC_OTHER MEXICAN                        
MARITAL_STATUS_C2           2    COHABITING SINGLE_OTHER                           
EMPLOYEDYN                  2    EMPLOYED NOT_EMPLOYED                             
EDUCATION_C3                3    AT_MOST_HIGHSCHOOL_GED G_HIGHSCHOOL               
                                 N_HIGHSCHOOL_GED                                  
N_HC                        2    YES NO                                            
YRSUS_C3                    3    10+_Years <10_Years US_BORN                       
BMIPCT_C2                   2    OVERWEIGHT OR OBESE NORMAL                        


              Response Profile
 
 Ordered                               Total
   Value    BMIPCT_C2              Frequency

       1    OVERWEIGHT OR OBESE          102
       2    NORMAL                       125

PROC GENMOD is modeling the probability that BMIPCT_C2='OVERWEIGHT OR OBESE'. One way to change this to model the probability that BMIPCT_C2='NORMAL' is to specify the 
DESCENDING option in the PROC statement.


             Criteria For Assessing Goodness Of Fit
 
Criterion                     DF           Value        Value/DF

Log Likelihood                         -144.0702                
Full Log Likelihood                    -144.0702                
AIC (smaller is better)                 320.1404                
AICC (smaller is better)                322.7309                
BIC (smaller is better)                 374.9396                
Model 1 - Sociodemographics

Imputation Number=1

The GENMOD Procedure

Algorithm converged.                                                       


                                     Analysis Of Maximum Likelihood Parameter Estimates
 
                                                                 Standard     Wald 95% Confidence          Wald
Parameter                                      DF    Estimate       Error           Limits           Chi-Square    Pr > ChiSq

Intercept                                       1     -2.4453      1.7727     -5.9198      1.0292          1.90        0.1678
CENTERNUM            CHICAGO                    1      0.4551      0.5169     -0.5580      1.4682          0.78        0.3786
CENTERNUM            MIAMI                      1     -0.5163      0.4445     -1.3875      0.3549          1.35        0.2454
CENTERNUM            SAN DIEGO                  1      0.2490      0.5921     -0.9115      1.4095          0.18        0.6741
CENTERNUM            BRONX                      0      0.0000      0.0000      0.0000      0.0000           .           .    
YRS_BTWN_V1FLOR                                 1      0.0594      0.1249     -0.1854      0.3042          0.23        0.6342
AGE                                             1      0.0217      0.0335     -0.0440      0.0875          0.42        0.5169
BKGRD1_C3NOMISS      CARIBBEAN                  1      0.8586      0.5640     -0.2468      1.9640          2.32        0.1279
BKGRD1_C3NOMISS      SC_OTHER                   1      0.3590      0.5275     -0.6749      1.3930          0.46        0.4961
BKGRD1_C3NOMISS      MEXICAN                    0      0.0000      0.0000      0.0000      0.0000           .           .    
N_HC                 YES                        1      0.4684      0.3492     -0.2161      1.1529          1.80        0.1799
N_HC                 NO                         0      0.0000      0.0000      0.0000      0.0000           .           .    
EDUCATION_C3         AT_MOST_HIGHSCHOOL_GED     1      0.1865      0.3724     -0.5434      0.9165          0.25        0.6165
EDUCATION_C3         G_HIGHSCHOOL               1     -0.6031      0.4144     -1.4154      0.2092          2.12        0.1456
EDUCATION_C3         N_HIGHSCHOOL_GED           0      0.0000      0.0000      0.0000      0.0000           .           .    
PARITY_V1                                       1      0.2381      0.1643     -0.0839      0.5600          2.10        0.1473
EMPLOYEDYN           EMPLOYED                   1     -0.1732      0.3092     -0.7791      0.4328          0.31        0.5755
EMPLOYEDYN           NOT_EMPLOYED               0      0.0000      0.0000      0.0000      0.0000           .           .    
MARITAL_STATUS_C2    COHABITING                 1     -0.5223      0.3129     -1.1356      0.0910          2.79        0.0951
MARITAL_STATUS_C2    SINGLE_OTHER               0      0.0000      0.0000      0.0000      0.0000           .           .    
YRSUS_C3             10+_Years                  1      0.9070      0.4437      0.0373      1.7766          4.18        0.0409
YRSUS_C3             <10_Years                  1      0.7628      0.4340     -0.0878      1.6134          3.09        0.0788
YRSUS_C3             US_BORN                    0      0.0000      0.0000      0.0000      0.0000           .           .    
Scale                                           0      1.0000      0.0000      1.0000      1.0000                            

NOTE: The scale parameter was held fixed.
Model 1 - Sociodemographics

Imputation Number=2

The GENMOD Procedure

                      Model Information

Data Set              WORK.IMPDB                             
Distribution            Binomial                             
Link Function              Logit                             
Dependent Variable     BMIPCT_C2    Respondent is Overweight 
                                    or Obese                 


Number of Observations Read         227
Number of Observations Used         227
Number of Events                    102
Number of Trials                    227


                              Class Level Information
 
Class                  Levels    Values

CENTERNUM                   4    CHICAGO MIAMI SAN DIEGO BRONX                     
BKGRD1_C3NOMISS             3    CARIBBEAN SC_OTHER MEXICAN                        
MARITAL_STATUS_C2           2    COHABITING SINGLE_OTHER                           
EMPLOYEDYN                  2    EMPLOYED NOT_EMPLOYED                             
EDUCATION_C3                3    AT_MOST_HIGHSCHOOL_GED G_HIGHSCHOOL               
                                 N_HIGHSCHOOL_GED                                  
N_HC                        2    YES NO                                            
YRSUS_C3                    3    10+_Years <10_Years US_BORN                       
BMIPCT_C2                   2    OVERWEIGHT OR OBESE NORMAL                        


              Response Profile
 
 Ordered                               Total
   Value    BMIPCT_C2              Frequency

       1    OVERWEIGHT OR OBESE          102
       2    NORMAL                       125

PROC GENMOD is modeling the probability that BMIPCT_C2='OVERWEIGHT OR OBESE'. One way to change this to model the probability that BMIPCT_C2='NORMAL' is to specify the 
DESCENDING option in the PROC statement.


             Criteria For Assessing Goodness Of Fit
 
Criterion                     DF           Value        Value/DF

Log Likelihood                         -144.6809                
Full Log Likelihood                    -144.6809                
AIC (smaller is better)                 321.3619                
AICC (smaller is better)                323.9524                
BIC (smaller is better)                 376.1611                
Model 1 - Sociodemographics

Imputation Number=2

The GENMOD Procedure

Algorithm converged.                                                       


                                     Analysis Of Maximum Likelihood Parameter Estimates
 
                                                                 Standard     Wald 95% Confidence          Wald
Parameter                                      DF    Estimate       Error           Limits           Chi-Square    Pr > ChiSq

Intercept                                       1     -2.3757      1.7699     -5.8446      1.0931          1.80        0.1795
CENTERNUM            CHICAGO                    1      0.4349      0.5149     -0.5743      1.4440          0.71        0.3983
CENTERNUM            MIAMI                      1     -0.4954      0.4435     -1.3647      0.3739          1.25        0.2640
CENTERNUM            SAN DIEGO                  1      0.2273      0.5879     -0.9250      1.3795          0.15        0.6990
CENTERNUM            BRONX                      0      0.0000      0.0000      0.0000      0.0000           .           .    
YRS_BTWN_V1FLOR                                 1      0.0609      0.1249     -0.1839      0.3057          0.24        0.6257
AGE                                             1      0.0213      0.0334     -0.0442      0.0867          0.41        0.5243
BKGRD1_C3NOMISS      CARIBBEAN                  1      0.8347      0.5637     -0.2702      1.9395          2.19        0.1387
BKGRD1_C3NOMISS      SC_OTHER                   1      0.3488      0.5277     -0.6855      1.3831          0.44        0.5086
BKGRD1_C3NOMISS      MEXICAN                    0      0.0000      0.0000      0.0000      0.0000           .           .    
N_HC                 YES                        1      0.4360      0.3492     -0.2484      1.1205          1.56        0.2118
N_HC                 NO                         0      0.0000      0.0000      0.0000      0.0000           .           .    
EDUCATION_C3         AT_MOST_HIGHSCHOOL_GED     1      0.1867      0.3718     -0.5420      0.9155          0.25        0.6155
EDUCATION_C3         G_HIGHSCHOOL               1     -0.5903      0.4127     -1.3992      0.2186          2.05        0.1526
EDUCATION_C3         N_HIGHSCHOOL_GED           0      0.0000      0.0000      0.0000      0.0000           .           .    
PARITY_V1                                       1      0.2432      0.1647     -0.0796      0.5660          2.18        0.1397
EMPLOYEDYN           EMPLOYED                   1     -0.1155      0.3094     -0.7220      0.4909          0.14        0.7088
EMPLOYEDYN           NOT_EMPLOYED               0      0.0000      0.0000      0.0000      0.0000           .           .    
MARITAL_STATUS_C2    COHABITING                 1     -0.5132      0.3132     -1.1271      0.1006          2.69        0.1013
MARITAL_STATUS_C2    SINGLE_OTHER               0      0.0000      0.0000      0.0000      0.0000           .           .    
YRSUS_C3             10+_Years                  1      0.7854      0.4396     -0.0762      1.6471          3.19        0.0740
YRSUS_C3             <10_Years                  1      0.6582      0.4277     -0.1800      1.4965          2.37        0.1238
YRSUS_C3             US_BORN                    0      0.0000      0.0000      0.0000      0.0000           .           .    
Scale                                           0      1.0000      0.0000      1.0000      1.0000                            

NOTE: The scale parameter was held fixed.
Model 1 - Sociodemographics

Imputation Number=3

The GENMOD Procedure

                      Model Information

Data Set              WORK.IMPDB                             
Distribution            Binomial                             
Link Function              Logit                             
Dependent Variable     BMIPCT_C2    Respondent is Overweight 
                                    or Obese                 


Number of Observations Read         227
Number of Observations Used         227
Number of Events                    102
Number of Trials                    227


                              Class Level Information
 
Class                  Levels    Values

CENTERNUM                   4    CHICAGO MIAMI SAN DIEGO BRONX                     
BKGRD1_C3NOMISS             3    CARIBBEAN SC_OTHER MEXICAN                        
MARITAL_STATUS_C2           2    COHABITING SINGLE_OTHER                           
EMPLOYEDYN                  2    EMPLOYED NOT_EMPLOYED                             
EDUCATION_C3                3    AT_MOST_HIGHSCHOOL_GED G_HIGHSCHOOL               
                                 N_HIGHSCHOOL_GED                                  
N_HC                        2    YES NO                                            
YRSUS_C3                    3    10+_Years <10_Years US_BORN                       
BMIPCT_C2                   2    OVERWEIGHT OR OBESE NORMAL                        


              Response Profile
 
 Ordered                               Total
   Value    BMIPCT_C2              Frequency

       1    OVERWEIGHT OR OBESE          102
       2    NORMAL                       125

PROC GENMOD is modeling the probability that BMIPCT_C2='OVERWEIGHT OR OBESE'. One way to change this to model the probability that BMIPCT_C2='NORMAL' is to specify the 
DESCENDING option in the PROC statement.


             Criteria For Assessing Goodness Of Fit
 
Criterion                     DF           Value        Value/DF

Log Likelihood                         -144.0423                
Full Log Likelihood                    -144.0423                
AIC (smaller is better)                 320.0847                
AICC (smaller is better)                322.6752                
BIC (smaller is better)                 374.8839                
Model 1 - Sociodemographics

Imputation Number=3

The GENMOD Procedure

Algorithm converged.                                                       


                                     Analysis Of Maximum Likelihood Parameter Estimates
 
                                                                 Standard     Wald 95% Confidence          Wald
Parameter                                      DF    Estimate       Error           Limits           Chi-Square    Pr > ChiSq

Intercept                                       1     -2.6429      1.7731     -6.1182      0.8323          2.22        0.1361
CENTERNUM            CHICAGO                    1      0.4135      0.5139     -0.5936      1.4207          0.65        0.4210
CENTERNUM            MIAMI                      1     -0.5139      0.4447     -1.3856      0.3577          1.34        0.2478
CENTERNUM            SAN DIEGO                  1      0.2027      0.5902     -0.9540      1.3594          0.12        0.7313
CENTERNUM            BRONX                      0      0.0000      0.0000      0.0000      0.0000           .           .    
YRS_BTWN_V1FLOR                                 1      0.0753      0.1246     -0.1689      0.3195          0.37        0.5457
AGE                                             1      0.0253      0.0335     -0.0403      0.0910          0.57        0.4496
BKGRD1_C3NOMISS      CARIBBEAN                  1      0.8353      0.5636     -0.2693      1.9399          2.20        0.1383
BKGRD1_C3NOMISS      SC_OTHER                   1      0.3644      0.5271     -0.6686      1.3975          0.48        0.4893
BKGRD1_C3NOMISS      MEXICAN                    0      0.0000      0.0000      0.0000      0.0000           .           .    
N_HC                 YES                        1      0.5428      0.3508     -0.1447      1.2304          2.39        0.1218
N_HC                 NO                         0      0.0000      0.0000      0.0000      0.0000           .           .    
EDUCATION_C3         AT_MOST_HIGHSCHOOL_GED     1      0.2120      0.3707     -0.5146      0.9385          0.33        0.5675
EDUCATION_C3         G_HIGHSCHOOL               1     -0.6827      0.4152     -1.4965      0.1310          2.70        0.1001
EDUCATION_C3         N_HIGHSCHOOL_GED           0      0.0000      0.0000      0.0000      0.0000           .           .    
PARITY_V1                                       1      0.2131      0.1651     -0.1105      0.5366          1.67        0.1968
EMPLOYEDYN           EMPLOYED                   1     -0.1853      0.3106     -0.7942      0.4235          0.36        0.5507
EMPLOYEDYN           NOT_EMPLOYED               0      0.0000      0.0000      0.0000      0.0000           .           .    
MARITAL_STATUS_C2    COHABITING                 1     -0.4528      0.3110     -1.0624      0.1568          2.12        0.1455
MARITAL_STATUS_C2    SINGLE_OTHER               0      0.0000      0.0000      0.0000      0.0000           .           .    
YRSUS_C3             10+_Years                  1      0.8284      0.4416     -0.0371      1.6938          3.52        0.0607
YRSUS_C3             <10_Years                  1      0.6869      0.4278     -0.1515      1.5253          2.58        0.1083
YRSUS_C3             US_BORN                    0      0.0000      0.0000      0.0000      0.0000           .           .    
Scale                                           0      1.0000      0.0000      1.0000      1.0000                            

NOTE: The scale parameter was held fixed.
Model 1 - Sociodemographics

Imputation Number=4

The GENMOD Procedure

                      Model Information

Data Set              WORK.IMPDB                             
Distribution            Binomial                             
Link Function              Logit                             
Dependent Variable     BMIPCT_C2    Respondent is Overweight 
                                    or Obese                 


Number of Observations Read         227
Number of Observations Used         227
Number of Events                    102
Number of Trials                    227


                              Class Level Information
 
Class                  Levels    Values

CENTERNUM                   4    CHICAGO MIAMI SAN DIEGO BRONX                     
BKGRD1_C3NOMISS             3    CARIBBEAN SC_OTHER MEXICAN                        
MARITAL_STATUS_C2           2    COHABITING SINGLE_OTHER                           
EMPLOYEDYN                  2    EMPLOYED NOT_EMPLOYED                             
EDUCATION_C3                3    AT_MOST_HIGHSCHOOL_GED G_HIGHSCHOOL               
                                 N_HIGHSCHOOL_GED                                  
N_HC                        2    YES NO                                            
YRSUS_C3                    3    10+_Years <10_Years US_BORN                       
BMIPCT_C2                   2    OVERWEIGHT OR OBESE NORMAL                        


              Response Profile
 
 Ordered                               Total
   Value    BMIPCT_C2              Frequency

       1    OVERWEIGHT OR OBESE          102
       2    NORMAL                       125

PROC GENMOD is modeling the probability that BMIPCT_C2='OVERWEIGHT OR OBESE'. One way to change this to model the probability that BMIPCT_C2='NORMAL' is to specify the 
DESCENDING option in the PROC statement.


             Criteria For Assessing Goodness Of Fit
 
Criterion                     DF           Value        Value/DF

Log Likelihood                         -143.9936                
Full Log Likelihood                    -143.9936                
AIC (smaller is better)                 319.9872                
AICC (smaller is better)                322.5777                
BIC (smaller is better)                 374.7864                
Model 1 - Sociodemographics

Imputation Number=4

The GENMOD Procedure

Algorithm converged.                                                       


                                     Analysis Of Maximum Likelihood Parameter Estimates
 
                                                                 Standard     Wald 95% Confidence          Wald
Parameter                                      DF    Estimate       Error           Limits           Chi-Square    Pr > ChiSq

Intercept                                       1     -2.4778      1.7728     -5.9525      0.9969          1.95        0.1622
CENTERNUM            CHICAGO                    1      0.4338      0.5156     -0.5767      1.4444          0.71        0.4001
CENTERNUM            MIAMI                      1     -0.4987      0.4464     -1.3736      0.3762          1.25        0.2639
CENTERNUM            SAN DIEGO                  1      0.1964      0.5890     -0.9579      1.3508          0.11        0.7387
CENTERNUM            BRONX                      0      0.0000      0.0000      0.0000      0.0000           .           .    
YRS_BTWN_V1FLOR                                 1      0.0640      0.1247     -0.1804      0.3083          0.26        0.6079
AGE                                             1      0.0257      0.0335     -0.0399      0.0913          0.59        0.4425
BKGRD1_C3NOMISS      CARIBBEAN                  1      0.7942      0.5614     -0.3061      1.8946          2.00        0.1571
BKGRD1_C3NOMISS      SC_OTHER                   1      0.3290      0.5280     -0.7058      1.3638          0.39        0.5332
BKGRD1_C3NOMISS      MEXICAN                    0      0.0000      0.0000      0.0000      0.0000           .           .    
N_HC                 YES                        1      0.5266      0.3515     -0.1623      1.2155          2.24        0.1341
N_HC                 NO                         0      0.0000      0.0000      0.0000      0.0000           .           .    
EDUCATION_C3         AT_MOST_HIGHSCHOOL_GED     1      0.1925      0.3721     -0.5368      0.9219          0.27        0.6049
EDUCATION_C3         G_HIGHSCHOOL               1     -0.6090      0.4150     -1.4224      0.2044          2.15        0.1423
EDUCATION_C3         N_HIGHSCHOOL_GED           0      0.0000      0.0000      0.0000      0.0000           .           .    
PARITY_V1                                       1      0.2184      0.1646     -0.1041      0.5410          1.76        0.1844
EMPLOYEDYN           EMPLOYED                   1     -0.2534      0.3096     -0.8603      0.3534          0.67        0.4130
EMPLOYEDYN           NOT_EMPLOYED               0      0.0000      0.0000      0.0000      0.0000           .           .    
MARITAL_STATUS_C2    COHABITING                 1     -0.5163      0.3130     -1.1297      0.0970          2.72        0.0990
MARITAL_STATUS_C2    SINGLE_OTHER               0      0.0000      0.0000      0.0000      0.0000           .           .    
YRSUS_C3             10+_Years                  1      0.8609      0.4409     -0.0032      1.7249          3.81        0.0509
YRSUS_C3             <10_Years                  1      0.6801      0.4311     -0.1649      1.5251          2.49        0.1147
YRSUS_C3             US_BORN                    0      0.0000      0.0000      0.0000      0.0000           .           .    
Scale                                           0      1.0000      0.0000      1.0000      1.0000                            

NOTE: The scale parameter was held fixed.
Model 1 - Sociodemographics

Imputation Number=5

The GENMOD Procedure

                      Model Information

Data Set              WORK.IMPDB                             
Distribution            Binomial                             
Link Function              Logit                             
Dependent Variable     BMIPCT_C2    Respondent is Overweight 
                                    or Obese                 


Number of Observations Read         227
Number of Observations Used         227
Number of Events                    102
Number of Trials                    227


                              Class Level Information
 
Class                  Levels    Values

CENTERNUM                   4    CHICAGO MIAMI SAN DIEGO BRONX                     
BKGRD1_C3NOMISS             3    CARIBBEAN SC_OTHER MEXICAN                        
MARITAL_STATUS_C2           2    COHABITING SINGLE_OTHER                           
EMPLOYEDYN                  2    EMPLOYED NOT_EMPLOYED                             
EDUCATION_C3                3    AT_MOST_HIGHSCHOOL_GED G_HIGHSCHOOL               
                                 N_HIGHSCHOOL_GED                                  
N_HC                        2    YES NO                                            
YRSUS_C3                    3    10+_Years <10_Years US_BORN                       
BMIPCT_C2                   2    OVERWEIGHT OR OBESE NORMAL                        


              Response Profile
 
 Ordered                               Total
   Value    BMIPCT_C2              Frequency

       1    OVERWEIGHT OR OBESE          102
       2    NORMAL                       125

PROC GENMOD is modeling the probability that BMIPCT_C2='OVERWEIGHT OR OBESE'. One way to change this to model the probability that BMIPCT_C2='NORMAL' is to specify the 
DESCENDING option in the PROC statement.


             Criteria For Assessing Goodness Of Fit
 
Criterion                     DF           Value        Value/DF

Log Likelihood                         -145.4554                
Full Log Likelihood                    -145.4554                
AIC (smaller is better)                 322.9108                
AICC (smaller is better)                325.5013                
BIC (smaller is better)                 377.7100                
Model 1 - Sociodemographics

Imputation Number=5

The GENMOD Procedure

Algorithm converged.                                                       


                                     Analysis Of Maximum Likelihood Parameter Estimates
 
                                                                 Standard     Wald 95% Confidence          Wald
Parameter                                      DF    Estimate       Error           Limits           Chi-Square    Pr > ChiSq

Intercept                                       1     -2.3665      1.7606     -5.8172      1.0842          1.81        0.1789
CENTERNUM            CHICAGO                    1      0.4085      0.5137     -0.5984      1.4153          0.63        0.4265
CENTERNUM            MIAMI                      1     -0.5152      0.4422     -1.3820      0.3515          1.36        0.2440
CENTERNUM            SAN DIEGO                  1      0.2125      0.5871     -0.9382      1.3632          0.13        0.7174
CENTERNUM            BRONX                      0      0.0000      0.0000      0.0000      0.0000           .           .    
YRS_BTWN_V1FLOR                                 1      0.0656      0.1242     -0.1778      0.3090          0.28        0.5974
AGE                                             1      0.0204      0.0331     -0.0444      0.0852          0.38        0.5372
BKGRD1_C3NOMISS      CARIBBEAN                  1      0.8775      0.5631     -0.2262      1.9811          2.43        0.1192
BKGRD1_C3NOMISS      SC_OTHER                   1      0.3694      0.5268     -0.6630      1.4018          0.49        0.4831
BKGRD1_C3NOMISS      MEXICAN                    0      0.0000      0.0000      0.0000      0.0000           .           .    
N_HC                 YES                        1      0.3342      0.3455     -0.3430      1.0114          0.94        0.3334
N_HC                 NO                         0      0.0000      0.0000      0.0000      0.0000           .           .    
EDUCATION_C3         AT_MOST_HIGHSCHOOL_GED     1      0.1936      0.3704     -0.5324      0.9196          0.27        0.6012
EDUCATION_C3         G_HIGHSCHOOL               1     -0.5622      0.4085     -1.3630      0.2385          1.89        0.1688
EDUCATION_C3         N_HIGHSCHOOL_GED           0      0.0000      0.0000      0.0000      0.0000           .           .    
PARITY_V1                                       1      0.2359      0.1618     -0.0813      0.5530          2.12        0.1450
EMPLOYEDYN           EMPLOYED                   1     -0.0771      0.3072     -0.6793      0.5251          0.06        0.8019
EMPLOYEDYN           NOT_EMPLOYED               0      0.0000      0.0000      0.0000      0.0000           .           .    
MARITAL_STATUS_C2    COHABITING                 1     -0.4275      0.3090     -1.0332      0.1781          1.91        0.1665
MARITAL_STATUS_C2    SINGLE_OTHER               0      0.0000      0.0000      0.0000      0.0000           .           .    
YRSUS_C3             10+_Years                  1      0.7106      0.4354     -0.1428      1.5640          2.66        0.1027
YRSUS_C3             <10_Years                  1      0.5825      0.4232     -0.2470      1.4119          1.89        0.1687
YRSUS_C3             US_BORN                    0      0.0000      0.0000      0.0000      0.0000           .           .    
Scale                                           0      1.0000      0.0000      1.0000      1.0000                            

NOTE: The scale parameter was held fixed.
Model 1 - Sociodemographics

Imputation Number=6

The GENMOD Procedure

                      Model Information

Data Set              WORK.IMPDB                             
Distribution            Binomial                             
Link Function              Logit                             
Dependent Variable     BMIPCT_C2    Respondent is Overweight 
                                    or Obese                 


Number of Observations Read         227
Number of Observations Used         227
Number of Events                    102
Number of Trials                    227


                              Class Level Information
 
Class                  Levels    Values

CENTERNUM                   4    CHICAGO MIAMI SAN DIEGO BRONX                     
BKGRD1_C3NOMISS             3    CARIBBEAN SC_OTHER MEXICAN                        
MARITAL_STATUS_C2           2    COHABITING SINGLE_OTHER                           
EMPLOYEDYN                  2    EMPLOYED NOT_EMPLOYED                             
EDUCATION_C3                3    AT_MOST_HIGHSCHOOL_GED G_HIGHSCHOOL               
                                 N_HIGHSCHOOL_GED                                  
N_HC                        2    YES NO                                            
YRSUS_C3                    3    10+_Years <10_Years US_BORN                       
BMIPCT_C2                   2    OVERWEIGHT OR OBESE NORMAL                        


              Response Profile
 
 Ordered                               Total
   Value    BMIPCT_C2              Frequency

       1    OVERWEIGHT OR OBESE          102
       2    NORMAL                       125

PROC GENMOD is modeling the probability that BMIPCT_C2='OVERWEIGHT OR OBESE'. One way to change this to model the probability that BMIPCT_C2='NORMAL' is to specify the 
DESCENDING option in the PROC statement.


             Criteria For Assessing Goodness Of Fit
 
Criterion                     DF           Value        Value/DF

Log Likelihood                         -144.8065                
Full Log Likelihood                    -144.8065                
AIC (smaller is better)                 321.6129                
AICC (smaller is better)                324.2034                
BIC (smaller is better)                 376.4121                
Model 1 - Sociodemographics

Imputation Number=6

The GENMOD Procedure

Algorithm converged.                                                       


                                     Analysis Of Maximum Likelihood Parameter Estimates
 
                                                                 Standard     Wald 95% Confidence          Wald
Parameter                                      DF    Estimate       Error           Limits           Chi-Square    Pr > ChiSq

Intercept                                       1     -2.4257      1.7657     -5.8863      1.0350          1.89        0.1695
CENTERNUM            CHICAGO                    1      0.4304      0.5149     -0.5787      1.4395          0.70        0.4032
CENTERNUM            MIAMI                      1     -0.5052      0.4431     -1.3736      0.3632          1.30        0.2542
CENTERNUM            SAN DIEGO                  1      0.2093      0.5861     -0.9394      1.3581          0.13        0.7210
CENTERNUM            BRONX                      0      0.0000      0.0000      0.0000      0.0000           .           .    
YRS_BTWN_V1FLOR                                 1      0.0631      0.1246     -0.1812      0.3073          0.26        0.6128
AGE                                             1      0.0238      0.0331     -0.0410      0.0886          0.52        0.4721
BKGRD1_C3NOMISS      CARIBBEAN                  1      0.8306      0.5625     -0.2719      1.9331          2.18        0.1398
BKGRD1_C3NOMISS      SC_OTHER                   1      0.3436      0.5276     -0.6905      1.3777          0.42        0.5149
BKGRD1_C3NOMISS      MEXICAN                    0      0.0000      0.0000      0.0000      0.0000           .           .    
N_HC                 YES                        1      0.4431      0.3490     -0.2410      1.1271          1.61        0.2043
N_HC                 NO                         0      0.0000      0.0000      0.0000      0.0000           .           .    
EDUCATION_C3         AT_MOST_HIGHSCHOOL_GED     1      0.1832      0.3720     -0.5460      0.9124          0.24        0.6224
EDUCATION_C3         G_HIGHSCHOOL               1     -0.5994      0.4122     -1.4072      0.2085          2.11        0.1459
EDUCATION_C3         N_HIGHSCHOOL_GED           0      0.0000      0.0000      0.0000      0.0000           .           .    
PARITY_V1                                       1      0.2241      0.1637     -0.0967      0.5450          1.87        0.1710
EMPLOYEDYN           EMPLOYED                   1     -0.1394      0.3077     -0.7424      0.4637          0.21        0.6506
EMPLOYEDYN           NOT_EMPLOYED               0      0.0000      0.0000      0.0000      0.0000           .           .    
MARITAL_STATUS_C2    COHABITING                 1     -0.5048      0.3119     -1.1162      0.1065          2.62        0.1056
MARITAL_STATUS_C2    SINGLE_OTHER               0      0.0000      0.0000      0.0000      0.0000           .           .    
YRSUS_C3             10+_Years                  1      0.7847      0.4397     -0.0772      1.6466          3.18        0.0744
YRSUS_C3             <10_Years                  1      0.6544      0.4279     -0.1842      1.4931          2.34        0.1262
YRSUS_C3             US_BORN                    0      0.0000      0.0000      0.0000      0.0000           .           .    
Scale                                           0      1.0000      0.0000      1.0000      1.0000                            

NOTE: The scale parameter was held fixed.
Model 1 - Sociodemographics

Imputation Number=7

The GENMOD Procedure

                      Model Information

Data Set              WORK.IMPDB                             
Distribution            Binomial                             
Link Function              Logit                             
Dependent Variable     BMIPCT_C2    Respondent is Overweight 
                                    or Obese                 


Number of Observations Read         227
Number of Observations Used         227
Number of Events                    102
Number of Trials                    227


                              Class Level Information
 
Class                  Levels    Values

CENTERNUM                   4    CHICAGO MIAMI SAN DIEGO BRONX                     
BKGRD1_C3NOMISS             3    CARIBBEAN SC_OTHER MEXICAN                        
MARITAL_STATUS_C2           2    COHABITING SINGLE_OTHER                           
EMPLOYEDYN                  2    EMPLOYED NOT_EMPLOYED                             
EDUCATION_C3                3    AT_MOST_HIGHSCHOOL_GED G_HIGHSCHOOL               
                                 N_HIGHSCHOOL_GED                                  
N_HC                        2    YES NO                                            
YRSUS_C3                    3    10+_Years <10_Years US_BORN                       
BMIPCT_C2                   2    OVERWEIGHT OR OBESE NORMAL                        


              Response Profile
 
 Ordered                               Total
   Value    BMIPCT_C2              Frequency

       1    OVERWEIGHT OR OBESE          102
       2    NORMAL                       125

PROC GENMOD is modeling the probability that BMIPCT_C2='OVERWEIGHT OR OBESE'. One way to change this to model the probability that BMIPCT_C2='NORMAL' is to specify the 
DESCENDING option in the PROC statement.


             Criteria For Assessing Goodness Of Fit
 
Criterion                     DF           Value        Value/DF

Log Likelihood                         -144.7495                
Full Log Likelihood                    -144.7495                
AIC (smaller is better)                 321.4990                
AICC (smaller is better)                324.0895                
BIC (smaller is better)                 376.2982                
Model 1 - Sociodemographics

Imputation Number=7

The GENMOD Procedure

Algorithm converged.                                                       


                                     Analysis Of Maximum Likelihood Parameter Estimates
 
                                                                 Standard     Wald 95% Confidence          Wald
Parameter                                      DF    Estimate       Error           Limits           Chi-Square    Pr > ChiSq

Intercept                                       1     -2.4240      1.7655     -5.8843      1.0363          1.89        0.1697
CENTERNUM            CHICAGO                    1      0.4085      0.5145     -0.5999      1.4168          0.63        0.4272
CENTERNUM            MIAMI                      1     -0.5234      0.4455     -1.3965      0.3498          1.38        0.2401
CENTERNUM            SAN DIEGO                  1      0.1637      0.5864     -0.9856      1.3130          0.08        0.7801
CENTERNUM            BRONX                      0      0.0000      0.0000      0.0000      0.0000           .           .    
YRS_BTWN_V1FLOR                                 1      0.0646      0.1243     -0.1790      0.3081          0.27        0.6035
AGE                                             1      0.0268      0.0333     -0.0384      0.0920          0.65        0.4204
BKGRD1_C3NOMISS      CARIBBEAN                  1      0.8242      0.5613     -0.2759      1.9244          2.16        0.1420
BKGRD1_C3NOMISS      SC_OTHER                   1      0.3421      0.5273     -0.6914      1.3757          0.42        0.5165
BKGRD1_C3NOMISS      MEXICAN                    0      0.0000      0.0000      0.0000      0.0000           .           .    
N_HC                 YES                        1      0.4258      0.3476     -0.2555      1.1070          1.50        0.2206
N_HC                 NO                         0      0.0000      0.0000      0.0000      0.0000           .           .    
EDUCATION_C3         AT_MOST_HIGHSCHOOL_GED     1      0.2112      0.3720     -0.5178      0.9403          0.32        0.5701
EDUCATION_C3         G_HIGHSCHOOL               1     -0.5576      0.4128     -1.3666      0.2515          1.82        0.1768
EDUCATION_C3         N_HIGHSCHOOL_GED           0      0.0000      0.0000      0.0000      0.0000           .           .    
PARITY_V1                                       1      0.2023      0.1635     -0.1181      0.5228          1.53        0.2158
EMPLOYEDYN           EMPLOYED                   1     -0.2908      0.3078     -0.8941      0.3126          0.89        0.3449
EMPLOYEDYN           NOT_EMPLOYED               0      0.0000      0.0000      0.0000      0.0000           .           .    
MARITAL_STATUS_C2    COHABITING                 1     -0.4495      0.3105     -1.0581      0.1591          2.10        0.1477
MARITAL_STATUS_C2    SINGLE_OTHER               0      0.0000      0.0000      0.0000      0.0000           .           .    
YRSUS_C3             10+_Years                  1      0.7927      0.4359     -0.0617      1.6471          3.31        0.0690
YRSUS_C3             <10_Years                  1      0.6103      0.4263     -0.2253      1.4458          2.05        0.1523
YRSUS_C3             US_BORN                    0      0.0000      0.0000      0.0000      0.0000           .           .    
Scale                                           0      1.0000      0.0000      1.0000      1.0000                            

NOTE: The scale parameter was held fixed.
Model 1 - Sociodemographics

Imputation Number=8

The GENMOD Procedure

                      Model Information

Data Set              WORK.IMPDB                             
Distribution            Binomial                             
Link Function              Logit                             
Dependent Variable     BMIPCT_C2    Respondent is Overweight 
                                    or Obese                 


Number of Observations Read         227
Number of Observations Used         227
Number of Events                    102
Number of Trials                    227


                              Class Level Information
 
Class                  Levels    Values

CENTERNUM                   4    CHICAGO MIAMI SAN DIEGO BRONX                     
BKGRD1_C3NOMISS             3    CARIBBEAN SC_OTHER MEXICAN                        
MARITAL_STATUS_C2           2    COHABITING SINGLE_OTHER                           
EMPLOYEDYN                  2    EMPLOYED NOT_EMPLOYED                             
EDUCATION_C3                3    AT_MOST_HIGHSCHOOL_GED G_HIGHSCHOOL               
                                 N_HIGHSCHOOL_GED                                  
N_HC                        2    YES NO                                            
YRSUS_C3                    3    10+_Years <10_Years US_BORN                       
BMIPCT_C2                   2    OVERWEIGHT OR OBESE NORMAL                        


              Response Profile
 
 Ordered                               Total
   Value    BMIPCT_C2              Frequency

       1    OVERWEIGHT OR OBESE          102
       2    NORMAL                       125

PROC GENMOD is modeling the probability that BMIPCT_C2='OVERWEIGHT OR OBESE'. One way to change this to model the probability that BMIPCT_C2='NORMAL' is to specify the 
DESCENDING option in the PROC statement.


             Criteria For Assessing Goodness Of Fit
 
Criterion                     DF           Value        Value/DF

Log Likelihood                         -143.9668                
Full Log Likelihood                    -143.9668                
AIC (smaller is better)                 319.9337                
AICC (smaller is better)                322.5242                
BIC (smaller is better)                 374.7329                
Model 1 - Sociodemographics

Imputation Number=8

The GENMOD Procedure

Algorithm converged.                                                       


                                     Analysis Of Maximum Likelihood Parameter Estimates
 
                                                                 Standard     Wald 95% Confidence          Wald
Parameter                                      DF    Estimate       Error           Limits           Chi-Square    Pr > ChiSq

Intercept                                       1     -2.4302      1.7708     -5.9008      1.0405          1.88        0.1699
CENTERNUM            CHICAGO                    1      0.4637      0.5170     -0.5495      1.4770          0.80        0.3697
CENTERNUM            MIAMI                      1     -0.5201      0.4449     -1.3922      0.3519          1.37        0.2424
CENTERNUM            SAN DIEGO                  1      0.2247      0.5903     -0.9323      1.3817          0.14        0.7035
CENTERNUM            BRONX                      0      0.0000      0.0000      0.0000      0.0000           .           .    
YRS_BTWN_V1FLOR                                 1      0.0576      0.1246     -0.1867      0.3020          0.21        0.6438
AGE                                             1      0.0249      0.0336     -0.0409      0.0907          0.55        0.4579
BKGRD1_C3NOMISS      CARIBBEAN                  1      0.8414      0.5655     -0.2670      1.9497          2.21        0.1368
BKGRD1_C3NOMISS      SC_OTHER                   1      0.3398      0.5287     -0.6965      1.3762          0.41        0.5204
BKGRD1_C3NOMISS      MEXICAN                    0      0.0000      0.0000      0.0000      0.0000           .           .    
N_HC                 YES                        1      0.4738      0.3504     -0.2130      1.1605          1.83        0.1763
N_HC                 NO                         0      0.0000      0.0000      0.0000      0.0000           .           .    
EDUCATION_C3         AT_MOST_HIGHSCHOOL_GED     1      0.1908      0.3728     -0.5399      0.9216          0.26        0.6088
EDUCATION_C3         G_HIGHSCHOOL               1     -0.5809      0.4130     -1.3904      0.2286          1.98        0.1596
EDUCATION_C3         N_HIGHSCHOOL_GED           0      0.0000      0.0000      0.0000      0.0000           .           .    
PARITY_V1                                       1      0.2120      0.1650     -0.1114      0.5355          1.65        0.1989
EMPLOYEDYN           EMPLOYED                   1     -0.3348      0.3103     -0.9430      0.2734          1.16        0.2806
EMPLOYEDYN           NOT_EMPLOYED               0      0.0000      0.0000      0.0000      0.0000           .           .    
MARITAL_STATUS_C2    COHABITING                 1     -0.4842      0.3128     -1.0974      0.1290          2.40        0.1217
MARITAL_STATUS_C2    SINGLE_OTHER               0      0.0000      0.0000      0.0000      0.0000           .           .    
YRSUS_C3             10+_Years                  1      0.9206      0.4444      0.0496      1.7917          4.29        0.0383
YRSUS_C3             <10_Years                  1      0.7741      0.4346     -0.0776      1.6259          3.17        0.0748
YRSUS_C3             US_BORN                    0      0.0000      0.0000      0.0000      0.0000           .           .    
Scale                                           0      1.0000      0.0000      1.0000      1.0000                            

NOTE: The scale parameter was held fixed.
Model 1 - Sociodemographics

Imputation Number=9

The GENMOD Procedure

                      Model Information

Data Set              WORK.IMPDB                             
Distribution            Binomial                             
Link Function              Logit                             
Dependent Variable     BMIPCT_C2    Respondent is Overweight 
                                    or Obese                 


Number of Observations Read         227
Number of Observations Used         227
Number of Events                    102
Number of Trials                    227


                              Class Level Information
 
Class                  Levels    Values

CENTERNUM                   4    CHICAGO MIAMI SAN DIEGO BRONX                     
BKGRD1_C3NOMISS             3    CARIBBEAN SC_OTHER MEXICAN                        
MARITAL_STATUS_C2           2    COHABITING SINGLE_OTHER                           
EMPLOYEDYN                  2    EMPLOYED NOT_EMPLOYED                             
EDUCATION_C3                3    AT_MOST_HIGHSCHOOL_GED G_HIGHSCHOOL               
                                 N_HIGHSCHOOL_GED                                  
N_HC                        2    YES NO                                            
YRSUS_C3                    3    10+_Years <10_Years US_BORN                       
BMIPCT_C2                   2    OVERWEIGHT OR OBESE NORMAL                        


              Response Profile
 
 Ordered                               Total
   Value    BMIPCT_C2              Frequency

       1    OVERWEIGHT OR OBESE          102
       2    NORMAL                       125

PROC GENMOD is modeling the probability that BMIPCT_C2='OVERWEIGHT OR OBESE'. One way to change this to model the probability that BMIPCT_C2='NORMAL' is to specify the 
DESCENDING option in the PROC statement.


             Criteria For Assessing Goodness Of Fit
 
Criterion                     DF           Value        Value/DF

Log Likelihood                         -143.9361                
Full Log Likelihood                    -143.9361                
AIC (smaller is better)                 319.8723                
AICC (smaller is better)                322.4627                
BIC (smaller is better)                 374.6715                
Model 1 - Sociodemographics

Imputation Number=9

The GENMOD Procedure

Algorithm converged.                                                       


                                     Analysis Of Maximum Likelihood Parameter Estimates
 
                                                                 Standard     Wald 95% Confidence          Wald
Parameter                                      DF    Estimate       Error           Limits           Chi-Square    Pr > ChiSq

Intercept                                       1     -2.5321      1.7786     -6.0181      0.9539          2.03        0.1546
CENTERNUM            CHICAGO                    1      0.4611      0.5171     -0.5524      1.4745          0.80        0.3726
CENTERNUM            MIAMI                      1     -0.4822      0.4433     -1.3510      0.3867          1.18        0.2767
CENTERNUM            SAN DIEGO                  1      0.2769      0.5924     -0.8842      1.4381          0.22        0.6402
CENTERNUM            BRONX                      0      0.0000      0.0000      0.0000      0.0000           .           .    
YRS_BTWN_V1FLOR                                 1      0.0707      0.1253     -0.1748      0.3163          0.32        0.5723
AGE                                             1      0.0193      0.0335     -0.0464      0.0849          0.33        0.5656
BKGRD1_C3NOMISS      CARIBBEAN                  1      0.8844      0.5662     -0.2253      1.9941          2.44        0.1183
BKGRD1_C3NOMISS      SC_OTHER                   1      0.3668      0.5264     -0.6648      1.3985          0.49        0.4859
BKGRD1_C3NOMISS      MEXICAN                    0      0.0000      0.0000      0.0000      0.0000           .           .    
N_HC                 YES                        1      0.4774      0.3488     -0.2063      1.1610          1.87        0.1711
N_HC                 NO                         0      0.0000      0.0000      0.0000      0.0000           .           .    
EDUCATION_C3         AT_MOST_HIGHSCHOOL_GED     1      0.1342      0.3710     -0.5929      0.8614          0.13        0.7175
EDUCATION_C3         G_HIGHSCHOOL               1     -0.6936      0.4129     -1.5028      0.1157          2.82        0.0930
EDUCATION_C3         N_HIGHSCHOOL_GED           0      0.0000      0.0000      0.0000      0.0000           .           .    
PARITY_V1                                       1      0.2371      0.1651     -0.0866      0.5607          2.06        0.1511
EMPLOYEDYN           EMPLOYED                   1     -0.0840      0.3092     -0.6900      0.5220          0.07        0.7859
EMPLOYEDYN           NOT_EMPLOYED               0      0.0000      0.0000      0.0000      0.0000           .           .    
MARITAL_STATUS_C2    COHABITING                 1     -0.5073      0.3128     -1.1203      0.1057          2.63        0.1048
MARITAL_STATUS_C2    SINGLE_OTHER               0      0.0000      0.0000      0.0000      0.0000           .           .    
YRSUS_C3             10+_Years                  1      0.9136      0.4466      0.0382      1.7890          4.18        0.0408
YRSUS_C3             <10_Years                  1      0.7479      0.4338     -0.1024      1.5981          2.97        0.0847
YRSUS_C3             US_BORN                    0      0.0000      0.0000      0.0000      0.0000           .           .    
Scale                                           0      1.0000      0.0000      1.0000      1.0000                            

NOTE: The scale parameter was held fixed.
Model 1 - Sociodemographics

Imputation Number=10

The GENMOD Procedure

                      Model Information

Data Set              WORK.IMPDB                             
Distribution            Binomial                             
Link Function              Logit                             
Dependent Variable     BMIPCT_C2    Respondent is Overweight 
                                    or Obese                 


Number of Observations Read         227
Number of Observations Used         227
Number of Events                    102
Number of Trials                    227


                              Class Level Information
 
Class                  Levels    Values

CENTERNUM                   4    CHICAGO MIAMI SAN DIEGO BRONX                     
BKGRD1_C3NOMISS             3    CARIBBEAN SC_OTHER MEXICAN                        
MARITAL_STATUS_C2           2    COHABITING SINGLE_OTHER                           
EMPLOYEDYN                  2    EMPLOYED NOT_EMPLOYED                             
EDUCATION_C3                3    AT_MOST_HIGHSCHOOL_GED G_HIGHSCHOOL               
                                 N_HIGHSCHOOL_GED                                  
N_HC                        2    YES NO                                            
YRSUS_C3                    3    10+_Years <10_Years US_BORN                       
BMIPCT_C2                   2    OVERWEIGHT OR OBESE NORMAL                        


              Response Profile
 
 Ordered                               Total
   Value    BMIPCT_C2              Frequency

       1    OVERWEIGHT OR OBESE          102
       2    NORMAL                       125

PROC GENMOD is modeling the probability that BMIPCT_C2='OVERWEIGHT OR OBESE'. One way to change this to model the probability that BMIPCT_C2='NORMAL' is to specify the 
DESCENDING option in the PROC statement.


             Criteria For Assessing Goodness Of Fit
 
Criterion                     DF           Value        Value/DF

Log Likelihood                         -143.4800                
Full Log Likelihood                    -143.4800                
AIC (smaller is better)                 318.9601                
AICC (smaller is better)                321.5505                
BIC (smaller is better)                 373.7593                
Model 1 - Sociodemographics

Imputation Number=10

The GENMOD Procedure

Algorithm converged.                                                       


                                     Analysis Of Maximum Likelihood Parameter Estimates
 
                                                                 Standard     Wald 95% Confidence          Wald
Parameter                                      DF    Estimate       Error           Limits           Chi-Square    Pr > ChiSq

Intercept                                       1     -2.6541      1.7860     -6.1546      0.8465          2.21        0.1373
CENTERNUM            CHICAGO                    1      0.4335      0.5153     -0.5765      1.4434          0.71        0.4002
CENTERNUM            MIAMI                      1     -0.4881      0.4455     -1.3613      0.3851          1.20        0.2733
CENTERNUM            SAN DIEGO                  1      0.2275      0.5918     -0.9323      1.3874          0.15        0.7006
CENTERNUM            BRONX                      0      0.0000      0.0000      0.0000      0.0000           .           .    
YRS_BTWN_V1FLOR                                 1      0.0755      0.1257     -0.1708      0.3218          0.36        0.5481
AGE                                             1      0.0230      0.0337     -0.0430      0.0890          0.47        0.4948
BKGRD1_C3NOMISS      CARIBBEAN                  1      0.8258      0.5632     -0.2781      1.9297          2.15        0.1426
BKGRD1_C3NOMISS      SC_OTHER                   1      0.3495      0.5278     -0.6850      1.3840          0.44        0.5079
BKGRD1_C3NOMISS      MEXICAN                    0      0.0000      0.0000      0.0000      0.0000           .           .    
N_HC                 YES                        1      0.5896      0.3501     -0.0966      1.2757          2.84        0.0922
N_HC                 NO                         0      0.0000      0.0000      0.0000      0.0000           .           .    
EDUCATION_C3         AT_MOST_HIGHSCHOOL_GED     1      0.1995      0.3717     -0.5290      0.9280          0.29        0.5914
EDUCATION_C3         G_HIGHSCHOOL               1     -0.6910      0.4180     -1.5103      0.1283          2.73        0.0983
EDUCATION_C3         N_HIGHSCHOOL_GED           0      0.0000      0.0000      0.0000      0.0000           .           .    
PARITY_V1                                       1      0.2336      0.1649     -0.0896      0.5567          2.01        0.1566
EMPLOYEDYN           EMPLOYED                   1     -0.1470      0.3098     -0.7542      0.4601          0.23        0.6351
EMPLOYEDYN           NOT_EMPLOYED               0      0.0000      0.0000      0.0000      0.0000           .           .    
MARITAL_STATUS_C2    COHABITING                 1     -0.5121      0.3147     -1.1289      0.1046          2.65        0.1036
MARITAL_STATUS_C2    SINGLE_OTHER               0      0.0000      0.0000      0.0000      0.0000           .           .    
YRSUS_C3             10+_Years                  1      0.8736      0.4453      0.0008      1.7464          3.85        0.0498
YRSUS_C3             <10_Years                  1      0.7286      0.4302     -0.1146      1.5718          2.87        0.0904
YRSUS_C3             US_BORN                    0      0.0000      0.0000      0.0000      0.0000           .           .    
Scale                                           0      1.0000      0.0000      1.0000      1.0000                            

NOTE: The scale parameter was held fixed.
Model 2: Model 1 + (diet, alcohol, smoke, pa, slpdur)

Imputation Number=1

The GENMOD Procedure

                      Model Information

Data Set              WORK.IMPDB                             
Distribution            Binomial                             
Link Function              Logit                             
Dependent Variable     BMIPCT_C2    Respondent is Overweight 
                                    or Obese                 


Number of Observations Read         227
Number of Observations Used         227
Number of Events                    102
Number of Trials                    227


                              Class Level Information
 
Class                  Levels    Values

CENTERNUM                   4    CHICAGO MIAMI SAN DIEGO BRONX                     
BKGRD1_C3NOMISS             3    CARIBBEAN SC_OTHER MEXICAN                        
MARITAL_STATUS_C2           2    COHABITING SINGLE_OTHER                           
EMPLOYEDYN                  2    EMPLOYED NOT_EMPLOYED                             
EDUCATION_C3                3    AT_MOST_HIGHSCHOOL_GED G_HIGHSCHOOL               
                                 N_HIGHSCHOOL_GED                                  
N_HC                        2    YES NO                                            
YRSUS_C3                    3    10+_Years <10_Years US_BORN                       
CIGARETTE_USE_C2            2    CURRENT_OR_FORMER NEVER                           
ALCOHOL_USE                 3    CURRENT FORMER NEVER                              
PAG2008YN                   2    NO YES                                            
HEI2010_C3                  3    HIGH MEDIUM LOW                                   
BMIPCT_C2                   2    OVERWEIGHT OR OBESE NORMAL                        


              Response Profile
 
 Ordered                               Total
   Value    BMIPCT_C2              Frequency

       1    OVERWEIGHT OR OBESE          102
       2    NORMAL                       125

PROC GENMOD is modeling the probability that BMIPCT_C2='OVERWEIGHT OR OBESE'. One way to change this to model the probability that BMIPCT_C2='NORMAL' is to specify the 
DESCENDING option in the PROC statement.


             Criteria For Assessing Goodness Of Fit
 
Criterion                     DF           Value        Value/DF

Log Likelihood                         -138.6696                
Full Log Likelihood                    -138.6696                
AIC (smaller is better)                 323.3391                
Model 2: Model 1 + (diet, alcohol, smoke, pa, slpdur)

Imputation Number=1

The GENMOD Procedure

             Criteria For Assessing Goodness Of Fit
 
Criterion                     DF           Value        Value/DF

AICC (smaller is better)                328.7776                
BIC (smaller is better)                 402.1130                


Algorithm converged.                                                       


                                     Analysis Of Maximum Likelihood Parameter Estimates
 
                                                                 Standard     Wald 95% Confidence          Wald
Parameter                                      DF    Estimate       Error           Limits           Chi-Square    Pr > ChiSq

Intercept                                       1     -6.1030      2.3072    -10.6250     -1.5811          7.00        0.0082
CENTERNUM            CHICAGO                    1      0.2407      0.5567     -0.8504      1.3319          0.19        0.6654
CENTERNUM            MIAMI                      1     -0.7045      0.5095     -1.7031      0.2941          1.91        0.1668
CENTERNUM            SAN DIEGO                  1      0.1191      0.6306     -1.1169      1.3551          0.04        0.8502
CENTERNUM            BRONX                      0      0.0000      0.0000      0.0000      0.0000           .           .    
YRS_BTWN_V1FLOR                                 1      0.1209      0.1317     -0.1373      0.3791          0.84        0.3586
AGE                                             1      0.0329      0.0360     -0.0377      0.1035          0.84        0.3608
BKGRD1_C3NOMISS      CARIBBEAN                  1      0.9126      0.5915     -0.2468      2.0719          2.38        0.1229
BKGRD1_C3NOMISS      SC_OTHER                   1      0.6707      0.5534     -0.4139      1.7552          1.47        0.2255
BKGRD1_C3NOMISS      MEXICAN                    0      0.0000      0.0000      0.0000      0.0000           .           .    
N_HC                 YES                        1      0.4289      0.3657     -0.2879      1.1457          1.38        0.2409
N_HC                 NO                         0      0.0000      0.0000      0.0000      0.0000           .           .    
EDUCATION_C3         AT_MOST_HIGHSCHOOL_GED     1      0.3064      0.3985     -0.4746      1.0875          0.59        0.4419
EDUCATION_C3         G_HIGHSCHOOL               1     -0.5782      0.4402     -1.4410      0.2845          1.73        0.1890
EDUCATION_C3         N_HIGHSCHOOL_GED           0      0.0000      0.0000      0.0000      0.0000           .           .    
PARITY_V1                                       1      0.2566      0.1692     -0.0750      0.5882          2.30        0.1293
EMPLOYEDYN           EMPLOYED                   1     -0.0932      0.3241     -0.7285      0.5421          0.08        0.7737
EMPLOYEDYN           NOT_EMPLOYED               0      0.0000      0.0000      0.0000      0.0000           .           .    
MARITAL_STATUS_C2    COHABITING                 1     -0.5492      0.3208     -1.1779      0.0795          2.93        0.0869
MARITAL_STATUS_C2    SINGLE_OTHER               0      0.0000      0.0000      0.0000      0.0000           .           .    
YRSUS_C3             10+_Years                  1      1.0053      0.4643      0.0953      1.9153          4.69        0.0304
YRSUS_C3             <10_Years                  1      0.7526      0.4538     -0.1368      1.6420          2.75        0.0972
YRSUS_C3             US_BORN                    0      0.0000      0.0000      0.0000      0.0000           .           .    
CIGARETTE_USE_C2     CURRENT_OR_FORMER          1      0.5458      0.4161     -0.2698      1.3614          1.72        0.1896
CIGARETTE_USE_C2     NEVER                      0      0.0000      0.0000      0.0000      0.0000           .           .    
HEI2010_C3           HIGH                       1      0.1959      0.3944     -0.5771      0.9689          0.25        0.6194
HEI2010_C3           MEDIUM                     1     -0.2017      0.3801     -0.9466      0.5432          0.28        0.5957
HEI2010_C3           LOW                        0      0.0000      0.0000      0.0000      0.0000           .           .    
ALCOHOL_USE          CURRENT                    1      0.1149      0.4427     -0.7527      0.9825          0.07        0.7952
ALCOHOL_USE          FORMER                     1      0.0789      0.4536     -0.8101      0.9678          0.03        0.8619
ALCOHOL_USE          NEVER                      0      0.0000      0.0000      0.0000      0.0000           .           .    
PAG2008YN            NO                         1      0.4398      0.3351     -0.2169      1.0966          1.72        0.1893
PAG2008YN            YES                        0      0.0000      0.0000      0.0000      0.0000           .           .    
SLPDUR                                          1      0.2595      0.1168      0.0305      0.4885          4.93        0.0264
Scale                                           0      1.0000      0.0000      1.0000      1.0000                            

NOTE: The scale parameter was held fixed.
Model 2: Model 1 + (diet, alcohol, smoke, pa, slpdur)

Imputation Number=2

The GENMOD Procedure

                      Model Information

Data Set              WORK.IMPDB                             
Distribution            Binomial                             
Link Function              Logit                             
Dependent Variable     BMIPCT_C2    Respondent is Overweight 
                                    or Obese                 


Number of Observations Read         227
Number of Observations Used         227
Number of Events                    102
Number of Trials                    227


                              Class Level Information
 
Class                  Levels    Values

CENTERNUM                   4    CHICAGO MIAMI SAN DIEGO BRONX                     
BKGRD1_C3NOMISS             3    CARIBBEAN SC_OTHER MEXICAN                        
MARITAL_STATUS_C2           2    COHABITING SINGLE_OTHER                           
EMPLOYEDYN                  2    EMPLOYED NOT_EMPLOYED                             
EDUCATION_C3                3    AT_MOST_HIGHSCHOOL_GED G_HIGHSCHOOL               
                                 N_HIGHSCHOOL_GED                                  
N_HC                        2    YES NO                                            
YRSUS_C3                    3    10+_Years <10_Years US_BORN                       
CIGARETTE_USE_C2            2    CURRENT_OR_FORMER NEVER                           
ALCOHOL_USE                 3    CURRENT FORMER NEVER                              
PAG2008YN                   2    NO YES                                            
HEI2010_C3                  3    HIGH MEDIUM LOW                                   
BMIPCT_C2                   2    OVERWEIGHT OR OBESE NORMAL                        


              Response Profile
 
 Ordered                               Total
   Value    BMIPCT_C2              Frequency

       1    OVERWEIGHT OR OBESE          102
       2    NORMAL                       125

PROC GENMOD is modeling the probability that BMIPCT_C2='OVERWEIGHT OR OBESE'. One way to change this to model the probability that BMIPCT_C2='NORMAL' is to specify the 
DESCENDING option in the PROC statement.


             Criteria For Assessing Goodness Of Fit
 
Criterion                     DF           Value        Value/DF

Log Likelihood                         -140.6941                
Full Log Likelihood                    -140.6941                
AIC (smaller is better)                 327.3882                
Model 2: Model 1 + (diet, alcohol, smoke, pa, slpdur)

Imputation Number=2

The GENMOD Procedure

             Criteria For Assessing Goodness Of Fit
 
Criterion                     DF           Value        Value/DF

AICC (smaller is better)                332.8266                
BIC (smaller is better)                 406.1620                


Algorithm converged.                                                       


                                     Analysis Of Maximum Likelihood Parameter Estimates
 
                                                                 Standard     Wald 95% Confidence          Wald
Parameter                                      DF    Estimate       Error           Limits           Chi-Square    Pr > ChiSq

Intercept                                       1     -5.4357      2.3087     -9.9608     -0.9107          5.54        0.0186
CENTERNUM            CHICAGO                    1      0.2904      0.5516     -0.7908      1.3716          0.28        0.5986
CENTERNUM            MIAMI                      1     -0.6761      0.5025     -1.6610      0.3087          1.81        0.1785
CENTERNUM            SAN DIEGO                  1      0.1357      0.6375     -1.1137      1.3852          0.05        0.8314
CENTERNUM            BRONX                      0      0.0000      0.0000      0.0000      0.0000           .           .    
YRS_BTWN_V1FLOR                                 1      0.1081      0.1309     -0.1484      0.3646          0.68        0.4089
AGE                                             1      0.0286      0.0353     -0.0406      0.0978          0.65        0.4184
BKGRD1_C3NOMISS      CARIBBEAN                  1      0.9670      0.5893     -0.1879      2.1220          2.69        0.1008
BKGRD1_C3NOMISS      SC_OTHER                   1      0.6264      0.5526     -0.4567      1.7095          1.28        0.2570
BKGRD1_C3NOMISS      MEXICAN                    0      0.0000      0.0000      0.0000      0.0000           .           .    
N_HC                 YES                        1      0.4140      0.3609     -0.2933      1.1214          1.32        0.2513
N_HC                 NO                         0      0.0000      0.0000      0.0000      0.0000           .           .    
EDUCATION_C3         AT_MOST_HIGHSCHOOL_GED     1      0.2376      0.3935     -0.5337      1.0089          0.36        0.5460
EDUCATION_C3         G_HIGHSCHOOL               1     -0.6010      0.4332     -1.4502      0.2481          1.92        0.1653
EDUCATION_C3         N_HIGHSCHOOL_GED           0      0.0000      0.0000      0.0000      0.0000           .           .    
PARITY_V1                                       1      0.2818      0.1687     -0.0489      0.6124          2.79        0.0949
EMPLOYEDYN           EMPLOYED                   1     -0.0003      0.3264     -0.6401      0.6395          0.00        0.9993
EMPLOYEDYN           NOT_EMPLOYED               0      0.0000      0.0000      0.0000      0.0000           .           .    
MARITAL_STATUS_C2    COHABITING                 1     -0.5322      0.3192     -1.1578      0.0933          2.78        0.0954
MARITAL_STATUS_C2    SINGLE_OTHER               0      0.0000      0.0000      0.0000      0.0000           .           .    
YRSUS_C3             10+_Years                  1      0.8604      0.4597     -0.0406      1.7614          3.50        0.0613
YRSUS_C3             <10_Years                  1      0.6544      0.4528     -0.2331      1.5418          2.09        0.1484
YRSUS_C3             US_BORN                    0      0.0000      0.0000      0.0000      0.0000           .           .    
CIGARETTE_USE_C2     CURRENT_OR_FORMER          1      0.6160      0.4115     -0.1905      1.4226          2.24        0.1344
CIGARETTE_USE_C2     NEVER                      0      0.0000      0.0000      0.0000      0.0000           .           .    
HEI2010_C3           HIGH                       1      0.3437      0.3896     -0.4199      1.1073          0.78        0.3776
HEI2010_C3           MEDIUM                     1     -0.0717      0.3752     -0.8071      0.6638          0.04        0.8485
HEI2010_C3           LOW                        0      0.0000      0.0000      0.0000      0.0000           .           .    
ALCOHOL_USE          CURRENT                    1      0.0337      0.4318     -0.8125      0.8799          0.01        0.9378
ALCOHOL_USE          FORMER                     1      0.0029      0.4447     -0.8687      0.8746          0.00        0.9948
ALCOHOL_USE          NEVER                      0      0.0000      0.0000      0.0000      0.0000           .           .    
PAG2008YN            NO                         1      0.2035      0.3308     -0.4449      0.8519          0.38        0.5384
PAG2008YN            YES                        0      0.0000      0.0000      0.0000      0.0000           .           .    
SLPDUR                                          1      0.2255      0.1166     -0.0030      0.4539          3.74        0.0530
Scale                                           0      1.0000      0.0000      1.0000      1.0000                            

NOTE: The scale parameter was held fixed.
Model 2: Model 1 + (diet, alcohol, smoke, pa, slpdur)

Imputation Number=3

The GENMOD Procedure

                      Model Information

Data Set              WORK.IMPDB                             
Distribution            Binomial                             
Link Function              Logit                             
Dependent Variable     BMIPCT_C2    Respondent is Overweight 
                                    or Obese                 


Number of Observations Read         227
Number of Observations Used         227
Number of Events                    102
Number of Trials                    227


                              Class Level Information
 
Class                  Levels    Values

CENTERNUM                   4    CHICAGO MIAMI SAN DIEGO BRONX                     
BKGRD1_C3NOMISS             3    CARIBBEAN SC_OTHER MEXICAN                        
MARITAL_STATUS_C2           2    COHABITING SINGLE_OTHER                           
EMPLOYEDYN                  2    EMPLOYED NOT_EMPLOYED                             
EDUCATION_C3                3    AT_MOST_HIGHSCHOOL_GED G_HIGHSCHOOL               
                                 N_HIGHSCHOOL_GED                                  
N_HC                        2    YES NO                                            
YRSUS_C3                    3    10+_Years <10_Years US_BORN                       
CIGARETTE_USE_C2            2    CURRENT_OR_FORMER NEVER                           
ALCOHOL_USE                 3    CURRENT FORMER NEVER                              
PAG2008YN                   2    NO YES                                            
HEI2010_C3                  3    HIGH MEDIUM LOW                                   
BMIPCT_C2                   2    OVERWEIGHT OR OBESE NORMAL                        


              Response Profile
 
 Ordered                               Total
   Value    BMIPCT_C2              Frequency

       1    OVERWEIGHT OR OBESE          102
       2    NORMAL                       125

PROC GENMOD is modeling the probability that BMIPCT_C2='OVERWEIGHT OR OBESE'. One way to change this to model the probability that BMIPCT_C2='NORMAL' is to specify the 
DESCENDING option in the PROC statement.


             Criteria For Assessing Goodness Of Fit
 
Criterion                     DF           Value        Value/DF

Log Likelihood                         -139.6986                
Full Log Likelihood                    -139.6986                
AIC (smaller is better)                 325.3972                
Model 2: Model 1 + (diet, alcohol, smoke, pa, slpdur)

Imputation Number=3

The GENMOD Procedure

             Criteria For Assessing Goodness Of Fit
 
Criterion                     DF           Value        Value/DF

AICC (smaller is better)                330.8356                
BIC (smaller is better)                 404.1710                


Algorithm converged.                                                       


                                     Analysis Of Maximum Likelihood Parameter Estimates
 
                                                                 Standard     Wald 95% Confidence          Wald
Parameter                                      DF    Estimate       Error           Limits           Chi-Square    Pr > ChiSq

Intercept                                       1     -6.0271      2.3126    -10.5598     -1.4945          6.79        0.0092
CENTERNUM            CHICAGO                    1      0.4300      0.5527     -0.6532      1.5133          0.61        0.4365
CENTERNUM            MIAMI                      1     -0.5096      0.5030     -1.4955      0.4763          1.03        0.3110
CENTERNUM            SAN DIEGO                  1      0.2961      0.6307     -0.9400      1.5321          0.22        0.6388
CENTERNUM            BRONX                      0      0.0000      0.0000      0.0000      0.0000           .           .    
YRS_BTWN_V1FLOR                                 1      0.1267      0.1305     -0.1291      0.3824          0.94        0.3317
AGE                                             1      0.0300      0.0357     -0.0399      0.1000          0.71        0.3999
BKGRD1_C3NOMISS      CARIBBEAN                  1      0.9964      0.5890     -0.1581      2.1508          2.86        0.0907
BKGRD1_C3NOMISS      SC_OTHER                   1      0.6455      0.5506     -0.4338      1.7247          1.37        0.2411
BKGRD1_C3NOMISS      MEXICAN                    0      0.0000      0.0000      0.0000      0.0000           .           .    
N_HC                 YES                        1      0.5401      0.3637     -0.1728      1.2529          2.21        0.1376
N_HC                 NO                         0      0.0000      0.0000      0.0000      0.0000           .           .    
EDUCATION_C3         AT_MOST_HIGHSCHOOL_GED     1      0.2513      0.3957     -0.5243      1.0270          0.40        0.5254
EDUCATION_C3         G_HIGHSCHOOL               1     -0.7134      0.4410     -1.5777      0.1508          2.62        0.1057
EDUCATION_C3         N_HIGHSCHOOL_GED           0      0.0000      0.0000      0.0000      0.0000           .           .    
PARITY_V1                                       1      0.2761      0.1683     -0.0538      0.6060          2.69        0.1009
EMPLOYEDYN           EMPLOYED                   1     -0.0573      0.3243     -0.6930      0.5783          0.03        0.8597
EMPLOYEDYN           NOT_EMPLOYED               0      0.0000      0.0000      0.0000      0.0000           .           .    
MARITAL_STATUS_C2    COHABITING                 1     -0.5214      0.3187     -1.1461      0.1033          2.68        0.1019
MARITAL_STATUS_C2    SINGLE_OTHER               0      0.0000      0.0000      0.0000      0.0000           .           .    
YRSUS_C3             10+_Years                  1      0.9596      0.4615      0.0552      1.8641          4.32        0.0376
YRSUS_C3             <10_Years                  1      0.7912      0.4493     -0.0894      1.6717          3.10        0.0782
YRSUS_C3             US_BORN                    0      0.0000      0.0000      0.0000      0.0000           .           .    
CIGARETTE_USE_C2     CURRENT_OR_FORMER          1      0.5381      0.4152     -0.2757      1.3519          1.68        0.1950
CIGARETTE_USE_C2     NEVER                      0      0.0000      0.0000      0.0000      0.0000           .           .    
HEI2010_C3           HIGH                       1      0.3044      0.3873     -0.4548      1.0635          0.62        0.4319
HEI2010_C3           MEDIUM                     1     -0.1635      0.3812     -0.9105      0.5836          0.18        0.6681
HEI2010_C3           LOW                        0      0.0000      0.0000      0.0000      0.0000           .           .    
ALCOHOL_USE          CURRENT                    1      0.1693      0.4406     -0.6944      1.0329          0.15        0.7009
ALCOHOL_USE          FORMER                     1      0.1039      0.4501     -0.7783      0.9861          0.05        0.8174
ALCOHOL_USE          NEVER                      0      0.0000      0.0000      0.0000      0.0000           .           .    
PAG2008YN            NO                         1     -0.0416      0.3279     -0.6842      0.6011          0.02        0.8992
PAG2008YN            YES                        0      0.0000      0.0000      0.0000      0.0000           .           .    
SLPDUR                                          1      0.2557      0.1188      0.0228      0.4886          4.63        0.0314
Scale                                           0      1.0000      0.0000      1.0000      1.0000                            

NOTE: The scale parameter was held fixed.
Model 2: Model 1 + (diet, alcohol, smoke, pa, slpdur)

Imputation Number=4

The GENMOD Procedure

                      Model Information

Data Set              WORK.IMPDB                             
Distribution            Binomial                             
Link Function              Logit                             
Dependent Variable     BMIPCT_C2    Respondent is Overweight 
                                    or Obese                 


Number of Observations Read         227
Number of Observations Used         227
Number of Events                    102
Number of Trials                    227


                              Class Level Information
 
Class                  Levels    Values

CENTERNUM                   4    CHICAGO MIAMI SAN DIEGO BRONX                     
BKGRD1_C3NOMISS             3    CARIBBEAN SC_OTHER MEXICAN                        
MARITAL_STATUS_C2           2    COHABITING SINGLE_OTHER                           
EMPLOYEDYN                  2    EMPLOYED NOT_EMPLOYED                             
EDUCATION_C3                3    AT_MOST_HIGHSCHOOL_GED G_HIGHSCHOOL               
                                 N_HIGHSCHOOL_GED                                  
N_HC                        2    YES NO                                            
YRSUS_C3                    3    10+_Years <10_Years US_BORN                       
CIGARETTE_USE_C2            2    CURRENT_OR_FORMER NEVER                           
ALCOHOL_USE                 3    CURRENT FORMER NEVER                              
PAG2008YN                   2    NO YES                                            
HEI2010_C3                  3    HIGH MEDIUM LOW                                   
BMIPCT_C2                   2    OVERWEIGHT OR OBESE NORMAL                        


              Response Profile
 
 Ordered                               Total
   Value    BMIPCT_C2              Frequency

       1    OVERWEIGHT OR OBESE          102
       2    NORMAL                       125

PROC GENMOD is modeling the probability that BMIPCT_C2='OVERWEIGHT OR OBESE'. One way to change this to model the probability that BMIPCT_C2='NORMAL' is to specify the 
DESCENDING option in the PROC statement.


             Criteria For Assessing Goodness Of Fit
 
Criterion                     DF           Value        Value/DF

Log Likelihood                         -138.7821                
Full Log Likelihood                    -138.7821                
AIC (smaller is better)                 323.5643                
Model 2: Model 1 + (diet, alcohol, smoke, pa, slpdur)

Imputation Number=4

The GENMOD Procedure

             Criteria For Assessing Goodness Of Fit
 
Criterion                     DF           Value        Value/DF

AICC (smaller is better)                329.0027                
BIC (smaller is better)                 402.3381                


Algorithm converged.                                                       


                                     Analysis Of Maximum Likelihood Parameter Estimates
 
                                                                 Standard     Wald 95% Confidence          Wald
Parameter                                      DF    Estimate       Error           Limits           Chi-Square    Pr > ChiSq

Intercept                                       1     -5.9592      2.3158    -10.4981     -1.4203          6.62        0.0101
CENTERNUM            CHICAGO                    1      0.2263      0.5461     -0.8440      1.2966          0.17        0.6785
CENTERNUM            MIAMI                      1     -0.7267      0.5079     -1.7222      0.2688          2.05        0.1525
CENTERNUM            SAN DIEGO                  1      0.0284      0.6221     -1.1909      1.2477          0.00        0.9636
CENTERNUM            BRONX                      0      0.0000      0.0000      0.0000      0.0000           .           .    
YRS_BTWN_V1FLOR                                 1      0.1325      0.1319     -0.1259      0.3910          1.01        0.3148
AGE                                             1      0.0328      0.0356     -0.0370      0.1025          0.85        0.3569
BKGRD1_C3NOMISS      CARIBBEAN                  1      0.8659      0.5879     -0.2864      2.0181          2.17        0.1408
BKGRD1_C3NOMISS      SC_OTHER                   1      0.6488      0.5564     -0.4416      1.7392          1.36        0.2436
BKGRD1_C3NOMISS      MEXICAN                    0      0.0000      0.0000      0.0000      0.0000           .           .    
N_HC                 YES                        1      0.4812      0.3648     -0.2338      1.1961          1.74        0.1872
N_HC                 NO                         0      0.0000      0.0000      0.0000      0.0000           .           .    
EDUCATION_C3         AT_MOST_HIGHSCHOOL_GED     1      0.3119      0.3979     -0.4680      1.0918          0.61        0.4332
EDUCATION_C3         G_HIGHSCHOOL               1     -0.5568      0.4394     -1.4179      0.3044          1.61        0.2051
EDUCATION_C3         N_HIGHSCHOOL_GED           0      0.0000      0.0000      0.0000      0.0000           .           .    
PARITY_V1                                       1      0.2417      0.1690     -0.0896      0.5730          2.04        0.1528
EMPLOYEDYN           EMPLOYED                   1     -0.1623      0.3233     -0.7960      0.4715          0.25        0.6157
EMPLOYEDYN           NOT_EMPLOYED               0      0.0000      0.0000      0.0000      0.0000           .           .    
MARITAL_STATUS_C2    COHABITING                 1     -0.5454      0.3217     -1.1760      0.0852          2.87        0.0900
MARITAL_STATUS_C2    SINGLE_OTHER               0      0.0000      0.0000      0.0000      0.0000           .           .    
YRSUS_C3             10+_Years                  1      0.9224      0.4605      0.0198      1.8249          4.01        0.0452
YRSUS_C3             <10_Years                  1      0.6675      0.4509     -0.2163      1.5513          2.19        0.1388
YRSUS_C3             US_BORN                    0      0.0000      0.0000      0.0000      0.0000           .           .    
CIGARETTE_USE_C2     CURRENT_OR_FORMER          1      0.4965      0.4184     -0.3235      1.3165          1.41        0.2354
CIGARETTE_USE_C2     NEVER                      0      0.0000      0.0000      0.0000      0.0000           .           .    
HEI2010_C3           HIGH                       1      0.2456      0.3930     -0.5247      1.0159          0.39        0.5320
HEI2010_C3           MEDIUM                     1     -0.1392      0.3803     -0.8845      0.6062          0.13        0.7144
HEI2010_C3           LOW                        0      0.0000      0.0000      0.0000      0.0000           .           .    
ALCOHOL_USE          CURRENT                    1      0.1404      0.4419     -0.7257      1.0066          0.10        0.7507
ALCOHOL_USE          FORMER                     1      0.0191      0.4558     -0.8742      0.9123          0.00        0.9666
ALCOHOL_USE          NEVER                      0      0.0000      0.0000      0.0000      0.0000           .           .    
PAG2008YN            NO                         1      0.5346      0.3215     -0.0956      1.1647          2.76        0.0964
PAG2008YN            YES                        0      0.0000      0.0000      0.0000      0.0000           .           .    
SLPDUR                                          1      0.2344      0.1183      0.0026      0.4662          3.93        0.0475
Scale                                           0      1.0000      0.0000      1.0000      1.0000                            

NOTE: The scale parameter was held fixed.
Model 2: Model 1 + (diet, alcohol, smoke, pa, slpdur)

Imputation Number=5

The GENMOD Procedure

                      Model Information

Data Set              WORK.IMPDB                             
Distribution            Binomial                             
Link Function              Logit                             
Dependent Variable     BMIPCT_C2    Respondent is Overweight 
                                    or Obese                 


Number of Observations Read         227
Number of Observations Used         227
Number of Events                    102
Number of Trials                    227


                              Class Level Information
 
Class                  Levels    Values

CENTERNUM                   4    CHICAGO MIAMI SAN DIEGO BRONX                     
BKGRD1_C3NOMISS             3    CARIBBEAN SC_OTHER MEXICAN                        
MARITAL_STATUS_C2           2    COHABITING SINGLE_OTHER                           
EMPLOYEDYN                  2    EMPLOYED NOT_EMPLOYED                             
EDUCATION_C3                3    AT_MOST_HIGHSCHOOL_GED G_HIGHSCHOOL               
                                 N_HIGHSCHOOL_GED                                  
N_HC                        2    YES NO                                            
YRSUS_C3                    3    10+_Years <10_Years US_BORN                       
CIGARETTE_USE_C2            2    CURRENT_OR_FORMER NEVER                           
ALCOHOL_USE                 3    CURRENT FORMER NEVER                              
PAG2008YN                   2    NO YES                                            
HEI2010_C3                  3    HIGH MEDIUM LOW                                   
BMIPCT_C2                   2    OVERWEIGHT OR OBESE NORMAL                        


              Response Profile
 
 Ordered                               Total
   Value    BMIPCT_C2              Frequency

       1    OVERWEIGHT OR OBESE          102
       2    NORMAL                       125

PROC GENMOD is modeling the probability that BMIPCT_C2='OVERWEIGHT OR OBESE'. One way to change this to model the probability that BMIPCT_C2='NORMAL' is to specify the 
DESCENDING option in the PROC statement.


             Criteria For Assessing Goodness Of Fit
 
Criterion                     DF           Value        Value/DF

Log Likelihood                         -140.5538                
Full Log Likelihood                    -140.5538                
AIC (smaller is better)                 327.1076                
Model 2: Model 1 + (diet, alcohol, smoke, pa, slpdur)

Imputation Number=5

The GENMOD Procedure

             Criteria For Assessing Goodness Of Fit
 
Criterion                     DF           Value        Value/DF

AICC (smaller is better)                332.5461                
BIC (smaller is better)                 405.8815                


Algorithm converged.                                                       


                                     Analysis Of Maximum Likelihood Parameter Estimates
 
                                                                 Standard     Wald 95% Confidence          Wald
Parameter                                      DF    Estimate       Error           Limits           Chi-Square    Pr > ChiSq

Intercept                                       1     -5.9296      2.3203    -10.4774     -1.3819          6.53        0.0106
CENTERNUM            CHICAGO                    1      0.3618      0.5448     -0.7059      1.4296          0.44        0.5066
CENTERNUM            MIAMI                      1     -0.6188      0.4994     -1.5977      0.3601          1.54        0.2153
CENTERNUM            SAN DIEGO                  1      0.2701      0.6168     -0.9388      1.4791          0.19        0.6614
CENTERNUM            BRONX                      0      0.0000      0.0000      0.0000      0.0000           .           .    
YRS_BTWN_V1FLOR                                 1      0.1179      0.1305     -0.1379      0.3736          0.82        0.3665
AGE                                             1      0.0248      0.0355     -0.0447      0.0944          0.49        0.4842
BKGRD1_C3NOMISS      CARIBBEAN                  1      1.0755      0.5895     -0.0798      2.2309          3.33        0.0681
BKGRD1_C3NOMISS      SC_OTHER                   1      0.6887      0.5524     -0.3939      1.7714          1.55        0.2125
BKGRD1_C3NOMISS      MEXICAN                    0      0.0000      0.0000      0.0000      0.0000           .           .    
N_HC                 YES                        1      0.3403      0.3555     -0.3566      1.0371          0.92        0.3385
N_HC                 NO                         0      0.0000      0.0000      0.0000      0.0000           .           .    
EDUCATION_C3         AT_MOST_HIGHSCHOOL_GED     1      0.2546      0.3936     -0.5169      1.0261          0.42        0.5178
EDUCATION_C3         G_HIGHSCHOOL               1     -0.5853      0.4308     -1.4296      0.2591          1.85        0.1743
EDUCATION_C3         N_HIGHSCHOOL_GED           0      0.0000      0.0000      0.0000      0.0000           .           .    
PARITY_V1                                       1      0.2978      0.1702     -0.0357      0.6313          3.06        0.0801
EMPLOYEDYN           EMPLOYED                   1      0.0479      0.3273     -0.5936      0.6893          0.02        0.8837
EMPLOYEDYN           NOT_EMPLOYED               0      0.0000      0.0000      0.0000      0.0000           .           .    
MARITAL_STATUS_C2    COHABITING                 1     -0.4872      0.3175     -1.1095      0.1352          2.35        0.1250
MARITAL_STATUS_C2    SINGLE_OTHER               0      0.0000      0.0000      0.0000      0.0000           .           .    
YRSUS_C3             10+_Years                  1      0.8599      0.4567     -0.0352      1.7551          3.55        0.0597
YRSUS_C3             <10_Years                  1      0.6765      0.4409     -0.1876      1.5406          2.35        0.1249
YRSUS_C3             US_BORN                    0      0.0000      0.0000      0.0000      0.0000           .           .    
CIGARETTE_USE_C2     CURRENT_OR_FORMER          1      0.5914      0.4114     -0.2149      1.3977          2.07        0.1505
CIGARETTE_USE_C2     NEVER                      0      0.0000      0.0000      0.0000      0.0000           .           .    
HEI2010_C3           HIGH                       1      0.3548      0.3860     -0.4017      1.1113          0.84        0.3580
HEI2010_C3           MEDIUM                     1     -0.1437      0.3777     -0.8840      0.5967          0.14        0.7037
HEI2010_C3           LOW                        0      0.0000      0.0000      0.0000      0.0000           .           .    
ALCOHOL_USE          CURRENT                    1      0.0501      0.4329     -0.7983      0.8985          0.01        0.9078
ALCOHOL_USE          FORMER                     1      0.0280      0.4443     -0.8428      0.8989          0.00        0.9497
ALCOHOL_USE          NEVER                      0      0.0000      0.0000      0.0000      0.0000           .           .    
PAG2008YN            NO                         1      0.0236      0.3221     -0.6076      0.6549          0.01        0.9415
PAG2008YN            YES                        0      0.0000      0.0000      0.0000      0.0000           .           .    
SLPDUR                                          1      0.2801      0.1209      0.0432      0.5170          5.37        0.0205
Scale                                           0      1.0000      0.0000      1.0000      1.0000                            

NOTE: The scale parameter was held fixed.
Model 2: Model 1 + (diet, alcohol, smoke, pa, slpdur)

Imputation Number=6

The GENMOD Procedure

                      Model Information

Data Set              WORK.IMPDB                             
Distribution            Binomial                             
Link Function              Logit                             
Dependent Variable     BMIPCT_C2    Respondent is Overweight 
                                    or Obese                 


Number of Observations Read         227
Number of Observations Used         227
Number of Events                    102
Number of Trials                    227


                              Class Level Information
 
Class                  Levels    Values

CENTERNUM                   4    CHICAGO MIAMI SAN DIEGO BRONX                     
BKGRD1_C3NOMISS             3    CARIBBEAN SC_OTHER MEXICAN                        
MARITAL_STATUS_C2           2    COHABITING SINGLE_OTHER                           
EMPLOYEDYN                  2    EMPLOYED NOT_EMPLOYED                             
EDUCATION_C3                3    AT_MOST_HIGHSCHOOL_GED G_HIGHSCHOOL               
                                 N_HIGHSCHOOL_GED                                  
N_HC                        2    YES NO                                            
YRSUS_C3                    3    10+_Years <10_Years US_BORN                       
CIGARETTE_USE_C2            2    CURRENT_OR_FORMER NEVER                           
ALCOHOL_USE                 3    CURRENT FORMER NEVER                              
PAG2008YN                   2    NO YES                                            
HEI2010_C3                  3    HIGH MEDIUM LOW                                   
BMIPCT_C2                   2    OVERWEIGHT OR OBESE NORMAL                        


              Response Profile
 
 Ordered                               Total
   Value    BMIPCT_C2              Frequency

       1    OVERWEIGHT OR OBESE          102
       2    NORMAL                       125

PROC GENMOD is modeling the probability that BMIPCT_C2='OVERWEIGHT OR OBESE'. One way to change this to model the probability that BMIPCT_C2='NORMAL' is to specify the 
DESCENDING option in the PROC statement.


             Criteria For Assessing Goodness Of Fit
 
Criterion                     DF           Value        Value/DF

Log Likelihood                         -139.5581                
Full Log Likelihood                    -139.5581                
AIC (smaller is better)                 325.1162                
Model 2: Model 1 + (diet, alcohol, smoke, pa, slpdur)

Imputation Number=6

The GENMOD Procedure

             Criteria For Assessing Goodness Of Fit
 
Criterion                     DF           Value        Value/DF

AICC (smaller is better)                330.5547                
BIC (smaller is better)                 403.8901                


Algorithm converged.                                                       


                                     Analysis Of Maximum Likelihood Parameter Estimates
 
                                                                 Standard     Wald 95% Confidence          Wald
Parameter                                      DF    Estimate       Error           Limits           Chi-Square    Pr > ChiSq

Intercept                                       1     -6.2682      2.3468    -10.8679     -1.6685          7.13        0.0076
CENTERNUM            CHICAGO                    1      0.2857      0.5439     -0.7803      1.3518          0.28        0.5994
CENTERNUM            MIAMI                      1     -0.7216      0.5059     -1.7131      0.2698          2.04        0.1537
CENTERNUM            SAN DIEGO                  1      0.1554      0.6198     -1.0593      1.3701          0.06        0.8021
CENTERNUM            BRONX                      0      0.0000      0.0000      0.0000      0.0000           .           .    
YRS_BTWN_V1FLOR                                 1      0.1163      0.1313     -0.1410      0.3737          0.79        0.3755
AGE                                             1      0.0339      0.0355     -0.0356      0.1034          0.91        0.3393
BKGRD1_C3NOMISS      CARIBBEAN                  1      1.0199      0.5889     -0.1343      2.1742          3.00        0.0833
BKGRD1_C3NOMISS      SC_OTHER                   1      0.7160      0.5554     -0.3726      1.8045          1.66        0.1974
BKGRD1_C3NOMISS      MEXICAN                    0      0.0000      0.0000      0.0000      0.0000           .           .    
N_HC                 YES                        1      0.4156      0.3626     -0.2950      1.1262          1.31        0.2516
N_HC                 NO                         0      0.0000      0.0000      0.0000      0.0000           .           .    
EDUCATION_C3         AT_MOST_HIGHSCHOOL_GED     1      0.2646      0.3964     -0.5122      1.0415          0.45        0.5044
EDUCATION_C3         G_HIGHSCHOOL               1     -0.6134      0.4354     -1.4667      0.2400          1.98        0.1589
EDUCATION_C3         N_HIGHSCHOOL_GED           0      0.0000      0.0000      0.0000      0.0000           .           .    
PARITY_V1                                       1      0.2536      0.1700     -0.0797      0.5868          2.22        0.1359
EMPLOYEDYN           EMPLOYED                   1     -0.0104      0.3248     -0.6469      0.6262          0.00        0.9746
EMPLOYEDYN           NOT_EMPLOYED               0      0.0000      0.0000      0.0000      0.0000           .           .    
MARITAL_STATUS_C2    COHABITING                 1     -0.5195      0.3189     -1.1445      0.1056          2.65        0.1033
MARITAL_STATUS_C2    SINGLE_OTHER               0      0.0000      0.0000      0.0000      0.0000           .           .    
YRSUS_C3             10+_Years                  1      0.9016      0.4603     -0.0006      1.8037          3.84        0.0502
YRSUS_C3             <10_Years                  1      0.6829      0.4439     -0.1871      1.5529          2.37        0.1239
YRSUS_C3             US_BORN                    0      0.0000      0.0000      0.0000      0.0000           .           .    
CIGARETTE_USE_C2     CURRENT_OR_FORMER          1      0.5010      0.4175     -0.3172      1.3192          1.44        0.2301
CIGARETTE_USE_C2     NEVER                      0      0.0000      0.0000      0.0000      0.0000           .           .    
HEI2010_C3           HIGH                       1      0.3561      0.3882     -0.4049      1.1170          0.84        0.3591
HEI2010_C3           MEDIUM                     1     -0.1231      0.3798     -0.8676      0.6213          0.11        0.7458
HEI2010_C3           LOW                        0      0.0000      0.0000      0.0000      0.0000           .           .    
ALCOHOL_USE          CURRENT                    1      0.0357      0.4376     -0.8220      0.8934          0.01        0.9349
ALCOHOL_USE          FORMER                     1      0.0312      0.4461     -0.8431      0.9054          0.00        0.9443
ALCOHOL_USE          NEVER                      0      0.0000      0.0000      0.0000      0.0000           .           .    
PAG2008YN            NO                         1      0.2121      0.3319     -0.4385      0.8626          0.41        0.5229
PAG2008YN            YES                        0      0.0000      0.0000      0.0000      0.0000           .           .    
SLPDUR                                          1      0.2974      0.1211      0.0601      0.5346          6.03        0.0140
Scale                                           0      1.0000      0.0000      1.0000      1.0000                            

NOTE: The scale parameter was held fixed.
Model 2: Model 1 + (diet, alcohol, smoke, pa, slpdur)

Imputation Number=7

The GENMOD Procedure

                      Model Information

Data Set              WORK.IMPDB                             
Distribution            Binomial                             
Link Function              Logit                             
Dependent Variable     BMIPCT_C2    Respondent is Overweight 
                                    or Obese                 


Number of Observations Read         227
Number of Observations Used         227
Number of Events                    102
Number of Trials                    227


                              Class Level Information
 
Class                  Levels    Values

CENTERNUM                   4    CHICAGO MIAMI SAN DIEGO BRONX                     
BKGRD1_C3NOMISS             3    CARIBBEAN SC_OTHER MEXICAN                        
MARITAL_STATUS_C2           2    COHABITING SINGLE_OTHER                           
EMPLOYEDYN                  2    EMPLOYED NOT_EMPLOYED                             
EDUCATION_C3                3    AT_MOST_HIGHSCHOOL_GED G_HIGHSCHOOL               
                                 N_HIGHSCHOOL_GED                                  
N_HC                        2    YES NO                                            
YRSUS_C3                    3    10+_Years <10_Years US_BORN                       
CIGARETTE_USE_C2            2    CURRENT_OR_FORMER NEVER                           
ALCOHOL_USE                 3    CURRENT FORMER NEVER                              
PAG2008YN                   2    NO YES                                            
HEI2010_C3                  3    HIGH MEDIUM LOW                                   
BMIPCT_C2                   2    OVERWEIGHT OR OBESE NORMAL                        


              Response Profile
 
 Ordered                               Total
   Value    BMIPCT_C2              Frequency

       1    OVERWEIGHT OR OBESE          102
       2    NORMAL                       125

PROC GENMOD is modeling the probability that BMIPCT_C2='OVERWEIGHT OR OBESE'. One way to change this to model the probability that BMIPCT_C2='NORMAL' is to specify the 
DESCENDING option in the PROC statement.


             Criteria For Assessing Goodness Of Fit
 
Criterion                     DF           Value        Value/DF

Log Likelihood                         -140.4137                
Full Log Likelihood                    -140.4137                
AIC (smaller is better)                 326.8274                
Model 2: Model 1 + (diet, alcohol, smoke, pa, slpdur)

Imputation Number=7

The GENMOD Procedure

             Criteria For Assessing Goodness Of Fit
 
Criterion                     DF           Value        Value/DF

AICC (smaller is better)                332.2658                
BIC (smaller is better)                 405.6012                


Algorithm converged.                                                       


                                     Analysis Of Maximum Likelihood Parameter Estimates
 
                                                                 Standard     Wald 95% Confidence          Wald
Parameter                                      DF    Estimate       Error           Limits           Chi-Square    Pr > ChiSq

Intercept                                       1     -5.7374      2.3376    -10.3189     -1.1558          6.02        0.0141
CENTERNUM            CHICAGO                    1      0.2146      0.5497     -0.8627      1.2919          0.15        0.6963
CENTERNUM            MIAMI                      1     -0.7348      0.5098     -1.7341      0.2644          2.08        0.1495
CENTERNUM            SAN DIEGO                  1      0.0233      0.6185     -1.1890      1.2355          0.00        0.9700
CENTERNUM            BRONX                      0      0.0000      0.0000      0.0000      0.0000           .           .    
YRS_BTWN_V1FLOR                                 1      0.1289      0.1307     -0.1272      0.3851          0.97        0.3238
AGE                                             1      0.0364      0.0356     -0.0334      0.1062          1.05        0.3063
BKGRD1_C3NOMISS      CARIBBEAN                  1      0.9326      0.5875     -0.2189      2.0841          2.52        0.1124
BKGRD1_C3NOMISS      SC_OTHER                   1      0.6668      0.5540     -0.4191      1.7526          1.45        0.2288
BKGRD1_C3NOMISS      MEXICAN                    0      0.0000      0.0000      0.0000      0.0000           .           .    
N_HC                 YES                        1      0.3742      0.3606     -0.3325      1.0809          1.08        0.2994
N_HC                 NO                         0      0.0000      0.0000      0.0000      0.0000           .           .    
EDUCATION_C3         AT_MOST_HIGHSCHOOL_GED     1      0.2815      0.3945     -0.4916      1.0546          0.51        0.4755
EDUCATION_C3         G_HIGHSCHOOL               1     -0.5841      0.4330     -1.4328      0.2645          1.82        0.1773
EDUCATION_C3         N_HIGHSCHOOL_GED           0      0.0000      0.0000      0.0000      0.0000           .           .    
PARITY_V1                                       1      0.2135      0.1676     -0.1149      0.5419          1.62        0.2026
EMPLOYEDYN           EMPLOYED                   1     -0.1966      0.3214     -0.8266      0.4334          0.37        0.5408
EMPLOYEDYN           NOT_EMPLOYED               0      0.0000      0.0000      0.0000      0.0000           .           .    
MARITAL_STATUS_C2    COHABITING                 1     -0.4944      0.3171     -1.1159      0.1272          2.43        0.1190
MARITAL_STATUS_C2    SINGLE_OTHER               0      0.0000      0.0000      0.0000      0.0000           .           .    
YRSUS_C3             10+_Years                  1      0.9477      0.4571      0.0518      1.8437          4.30        0.0382
YRSUS_C3             <10_Years                  1      0.6615      0.4424     -0.2055      1.5285          2.24        0.1348
YRSUS_C3             US_BORN                    0      0.0000      0.0000      0.0000      0.0000           .           .    
CIGARETTE_USE_C2     CURRENT_OR_FORMER          1      0.5859      0.4149     -0.2273      1.3991          1.99        0.1579
CIGARETTE_USE_C2     NEVER                      0      0.0000      0.0000      0.0000      0.0000           .           .    
HEI2010_C3           HIGH                       1      0.2849      0.3910     -0.4815      1.0513          0.53        0.4663
HEI2010_C3           MEDIUM                     1     -0.0551      0.3729     -0.7859      0.6757          0.02        0.8825
HEI2010_C3           LOW                        0      0.0000      0.0000      0.0000      0.0000           .           .    
ALCOHOL_USE          CURRENT                    1      0.1381      0.4396     -0.7236      0.9997          0.10        0.7535
ALCOHOL_USE          FORMER                     1      0.0618      0.4515     -0.8230      0.9467          0.02        0.8911
ALCOHOL_USE          NEVER                      0      0.0000      0.0000      0.0000      0.0000           .           .    
PAG2008YN            NO                         1      0.3569      0.3318     -0.2935      1.0072          1.16        0.2821
PAG2008YN            YES                        0      0.0000      0.0000      0.0000      0.0000           .           .    
SLPDUR                                          1      0.2141      0.1175     -0.0162      0.4445          3.32        0.0684
Scale                                           0      1.0000      0.0000      1.0000      1.0000                            

NOTE: The scale parameter was held fixed.
Model 2: Model 1 + (diet, alcohol, smoke, pa, slpdur)

Imputation Number=8

The GENMOD Procedure

                      Model Information

Data Set              WORK.IMPDB                             
Distribution            Binomial                             
Link Function              Logit                             
Dependent Variable     BMIPCT_C2    Respondent is Overweight 
                                    or Obese                 


Number of Observations Read         227
Number of Observations Used         227
Number of Events                    102
Number of Trials                    227


                              Class Level Information
 
Class                  Levels    Values

CENTERNUM                   4    CHICAGO MIAMI SAN DIEGO BRONX                     
BKGRD1_C3NOMISS             3    CARIBBEAN SC_OTHER MEXICAN                        
MARITAL_STATUS_C2           2    COHABITING SINGLE_OTHER                           
EMPLOYEDYN                  2    EMPLOYED NOT_EMPLOYED                             
EDUCATION_C3                3    AT_MOST_HIGHSCHOOL_GED G_HIGHSCHOOL               
                                 N_HIGHSCHOOL_GED                                  
N_HC                        2    YES NO                                            
YRSUS_C3                    3    10+_Years <10_Years US_BORN                       
CIGARETTE_USE_C2            2    CURRENT_OR_FORMER NEVER                           
ALCOHOL_USE                 3    CURRENT FORMER NEVER                              
PAG2008YN                   2    NO YES                                            
HEI2010_C3                  3    HIGH MEDIUM LOW                                   
BMIPCT_C2                   2    OVERWEIGHT OR OBESE NORMAL                        


              Response Profile
 
 Ordered                               Total
   Value    BMIPCT_C2              Frequency

       1    OVERWEIGHT OR OBESE          102
       2    NORMAL                       125

PROC GENMOD is modeling the probability that BMIPCT_C2='OVERWEIGHT OR OBESE'. One way to change this to model the probability that BMIPCT_C2='NORMAL' is to specify the 
DESCENDING option in the PROC statement.


             Criteria For Assessing Goodness Of Fit
 
Criterion                     DF           Value        Value/DF

Log Likelihood                         -139.9788                
Full Log Likelihood                    -139.9788                
AIC (smaller is better)                 325.9577                
Model 2: Model 1 + (diet, alcohol, smoke, pa, slpdur)

Imputation Number=8

The GENMOD Procedure

             Criteria For Assessing Goodness Of Fit
 
Criterion                     DF           Value        Value/DF

AICC (smaller is better)                331.3961                
BIC (smaller is better)                 404.7315                


Algorithm converged.                                                       


                                     Analysis Of Maximum Likelihood Parameter Estimates
 
                                                                 Standard     Wald 95% Confidence          Wald
Parameter                                      DF    Estimate       Error           Limits           Chi-Square    Pr > ChiSq

Intercept                                       1     -5.6183      2.2810    -10.0891     -1.1476          6.07        0.0138
CENTERNUM            CHICAGO                    1      0.4072      0.5521     -0.6749      1.4892          0.54        0.4608
CENTERNUM            MIAMI                      1     -0.6135      0.5028     -1.5990      0.3721          1.49        0.2225
CENTERNUM            SAN DIEGO                  1      0.2456      0.6262     -0.9817      1.4729          0.15        0.6949
CENTERNUM            BRONX                      0      0.0000      0.0000      0.0000      0.0000           .           .    
YRS_BTWN_V1FLOR                                 1      0.1026      0.1305     -0.1532      0.3583          0.62        0.4318
AGE                                             1      0.0313      0.0357     -0.0388      0.1013          0.77        0.3817
BKGRD1_C3NOMISS      CARIBBEAN                  1      0.9827      0.5881     -0.1700      2.1353          2.79        0.0947
BKGRD1_C3NOMISS      SC_OTHER                   1      0.6451      0.5572     -0.4469      1.7371          1.34        0.2469
BKGRD1_C3NOMISS      MEXICAN                    0      0.0000      0.0000      0.0000      0.0000           .           .    
N_HC                 YES                        1      0.4610      0.3602     -0.2449      1.1669          1.64        0.2005
N_HC                 NO                         0      0.0000      0.0000      0.0000      0.0000           .           .    
EDUCATION_C3         AT_MOST_HIGHSCHOOL_GED     1      0.2659      0.3952     -0.5087      1.0406          0.45        0.5010
EDUCATION_C3         G_HIGHSCHOOL               1     -0.6025      0.4317     -1.4485      0.2436          1.95        0.1628
EDUCATION_C3         N_HIGHSCHOOL_GED           0      0.0000      0.0000      0.0000      0.0000           .           .    
PARITY_V1                                       1      0.2582      0.1700     -0.0751      0.5915          2.31        0.1289
EMPLOYEDYN           EMPLOYED                   1     -0.2159      0.3218     -0.8466      0.4148          0.45        0.5023
EMPLOYEDYN           NOT_EMPLOYED               0      0.0000      0.0000      0.0000      0.0000           .           .    
MARITAL_STATUS_C2    COHABITING                 1     -0.5193      0.3185     -1.1434      0.1049          2.66        0.1030
MARITAL_STATUS_C2    SINGLE_OTHER               0      0.0000      0.0000      0.0000      0.0000           .           .    
YRSUS_C3             10+_Years                  1      1.0163      0.4614      0.1119      1.9207          4.85        0.0276
YRSUS_C3             <10_Years                  1      0.8152      0.4486     -0.0641      1.6945          3.30        0.0692
YRSUS_C3             US_BORN                    0      0.0000      0.0000      0.0000      0.0000           .           .    
CIGARETTE_USE_C2     CURRENT_OR_FORMER          1      0.5942      0.4097     -0.2087      1.3971          2.10        0.1469
CIGARETTE_USE_C2     NEVER                      0      0.0000      0.0000      0.0000      0.0000           .           .    
HEI2010_C3           HIGH                       1      0.2705      0.3916     -0.4971      1.0380          0.48        0.4898
HEI2010_C3           MEDIUM                     1     -0.1138      0.3774     -0.8534      0.6259          0.09        0.7631
HEI2010_C3           LOW                        0      0.0000      0.0000      0.0000      0.0000           .           .    
ALCOHOL_USE          CURRENT                    1      0.0389      0.4326     -0.8091      0.8869          0.01        0.9284
ALCOHOL_USE          FORMER                     1      0.0146      0.4457     -0.8590      0.8883          0.00        0.9738
ALCOHOL_USE          NEVER                      0      0.0000      0.0000      0.0000      0.0000           .           .    
PAG2008YN            NO                         1      0.0253      0.3210     -0.6039      0.6545          0.01        0.9373
PAG2008YN            YES                        0      0.0000      0.0000      0.0000      0.0000           .           .    
SLPDUR                                          1      0.2522      0.1182      0.0205      0.4838          4.55        0.0329
Scale                                           0      1.0000      0.0000      1.0000      1.0000                            

NOTE: The scale parameter was held fixed.
Model 2: Model 1 + (diet, alcohol, smoke, pa, slpdur)

Imputation Number=9

The GENMOD Procedure

                      Model Information

Data Set              WORK.IMPDB                             
Distribution            Binomial                             
Link Function              Logit                             
Dependent Variable     BMIPCT_C2    Respondent is Overweight 
                                    or Obese                 


Number of Observations Read         227
Number of Observations Used         227
Number of Events                    102
Number of Trials                    227


                              Class Level Information
 
Class                  Levels    Values

CENTERNUM                   4    CHICAGO MIAMI SAN DIEGO BRONX                     
BKGRD1_C3NOMISS             3    CARIBBEAN SC_OTHER MEXICAN                        
MARITAL_STATUS_C2           2    COHABITING SINGLE_OTHER                           
EMPLOYEDYN                  2    EMPLOYED NOT_EMPLOYED                             
EDUCATION_C3                3    AT_MOST_HIGHSCHOOL_GED G_HIGHSCHOOL               
                                 N_HIGHSCHOOL_GED                                  
N_HC                        2    YES NO                                            
YRSUS_C3                    3    10+_Years <10_Years US_BORN                       
CIGARETTE_USE_C2            2    CURRENT_OR_FORMER NEVER                           
ALCOHOL_USE                 3    CURRENT FORMER NEVER                              
PAG2008YN                   2    NO YES                                            
HEI2010_C3                  3    HIGH MEDIUM LOW                                   
BMIPCT_C2                   2    OVERWEIGHT OR OBESE NORMAL                        


              Response Profile
 
 Ordered                               Total
   Value    BMIPCT_C2              Frequency

       1    OVERWEIGHT OR OBESE          102
       2    NORMAL                       125

PROC GENMOD is modeling the probability that BMIPCT_C2='OVERWEIGHT OR OBESE'. One way to change this to model the probability that BMIPCT_C2='NORMAL' is to specify the 
DESCENDING option in the PROC statement.


             Criteria For Assessing Goodness Of Fit
 
Criterion                     DF           Value        Value/DF

Log Likelihood                         -140.0559                
Full Log Likelihood                    -140.0559                
AIC (smaller is better)                 326.1118                
Model 2: Model 1 + (diet, alcohol, smoke, pa, slpdur)

Imputation Number=9

The GENMOD Procedure

             Criteria For Assessing Goodness Of Fit
 
Criterion                     DF           Value        Value/DF

AICC (smaller is better)                331.5503                
BIC (smaller is better)                 404.8857                


Algorithm converged.                                                       


                                     Analysis Of Maximum Likelihood Parameter Estimates
 
                                                                 Standard     Wald 95% Confidence          Wald
Parameter                                      DF    Estimate       Error           Limits           Chi-Square    Pr > ChiSq

Intercept                                       1     -5.3110      2.2645     -9.7494     -0.8727          5.50        0.0190
CENTERNUM            CHICAGO                    1      0.2316      0.5559     -0.8579      1.3212          0.17        0.6769
CENTERNUM            MIAMI                      1     -0.7043      0.5145     -1.7128      0.3042          1.87        0.1711
CENTERNUM            SAN DIEGO                  1      0.1273      0.6277     -1.1029      1.3576          0.04        0.8392
CENTERNUM            BRONX                      0      0.0000      0.0000      0.0000      0.0000           .           .    
YRS_BTWN_V1FLOR                                 1      0.1150      0.1314     -0.1425      0.3724          0.77        0.3815
AGE                                             1      0.0243      0.0355     -0.0453      0.0938          0.47        0.4941
BKGRD1_C3NOMISS      CARIBBEAN                  1      0.9662      0.5866     -0.1835      2.1160          2.71        0.0995
BKGRD1_C3NOMISS      SC_OTHER                   1      0.6451      0.5506     -0.4340      1.7242          1.37        0.2413
BKGRD1_C3NOMISS      MEXICAN                    0      0.0000      0.0000      0.0000      0.0000           .           .    
N_HC                 YES                        1      0.4583      0.3600     -0.2474      1.1640          1.62        0.2030
N_HC                 NO                         0      0.0000      0.0000      0.0000      0.0000           .           .    
EDUCATION_C3         AT_MOST_HIGHSCHOOL_GED     1      0.1935      0.3937     -0.5780      0.9651          0.24        0.6230
EDUCATION_C3         G_HIGHSCHOOL               1     -0.6880      0.4331     -1.5368      0.1609          2.52        0.1122
EDUCATION_C3         N_HIGHSCHOOL_GED           0      0.0000      0.0000      0.0000      0.0000           .           .    
PARITY_V1                                       1      0.2602      0.1691     -0.0711      0.5916          2.37        0.1238
EMPLOYEDYN           EMPLOYED                   1      0.0330      0.3210     -0.5962      0.6622          0.01        0.9181
EMPLOYEDYN           NOT_EMPLOYED               0      0.0000      0.0000      0.0000      0.0000           .           .    
MARITAL_STATUS_C2    COHABITING                 1     -0.4985      0.3194     -1.1244      0.1275          2.44        0.1186
MARITAL_STATUS_C2    SINGLE_OTHER               0      0.0000      0.0000      0.0000      0.0000           .           .    
YRSUS_C3             10+_Years                  1      0.9950      0.4632      0.0871      1.9030          4.61        0.0317
YRSUS_C3             <10_Years                  1      0.7566      0.4502     -0.1257      1.6390          2.82        0.0928
YRSUS_C3             US_BORN                    0      0.0000      0.0000      0.0000      0.0000           .           .    
CIGARETTE_USE_C2     CURRENT_OR_FORMER          1      0.5336      0.4182     -0.2861      1.3533          1.63        0.2020
CIGARETTE_USE_C2     NEVER                      0      0.0000      0.0000      0.0000      0.0000           .           .    
HEI2010_C3           HIGH                       1      0.2620      0.3879     -0.4983      1.0222          0.46        0.4995
HEI2010_C3           MEDIUM                     1     -0.1393      0.3810     -0.8859      0.6074          0.13        0.7147
HEI2010_C3           LOW                        0      0.0000      0.0000      0.0000      0.0000           .           .    
ALCOHOL_USE          CURRENT                    1      0.0896      0.4419     -0.7766      0.9557          0.04        0.8394
ALCOHOL_USE          FORMER                     1      0.0581      0.4515     -0.8268      0.9430          0.02        0.8976
ALCOHOL_USE          NEVER                      0      0.0000      0.0000      0.0000      0.0000           .           .    
PAG2008YN            NO                         1      0.4042      0.3339     -0.2502      1.0586          1.47        0.2261
PAG2008YN            YES                        0      0.0000      0.0000      0.0000      0.0000           .           .    
SLPDUR                                          1      0.1960      0.1162     -0.0318      0.4238          2.84        0.0917
Scale                                           0      1.0000      0.0000      1.0000      1.0000                            

NOTE: The scale parameter was held fixed.
Model 2: Model 1 + (diet, alcohol, smoke, pa, slpdur)

Imputation Number=10

The GENMOD Procedure

                      Model Information

Data Set              WORK.IMPDB                             
Distribution            Binomial                             
Link Function              Logit                             
Dependent Variable     BMIPCT_C2    Respondent is Overweight 
                                    or Obese                 


Number of Observations Read         227
Number of Observations Used         227
Number of Events                    102
Number of Trials                    227


                              Class Level Information
 
Class                  Levels    Values

CENTERNUM                   4    CHICAGO MIAMI SAN DIEGO BRONX                     
BKGRD1_C3NOMISS             3    CARIBBEAN SC_OTHER MEXICAN                        
MARITAL_STATUS_C2           2    COHABITING SINGLE_OTHER                           
EMPLOYEDYN                  2    EMPLOYED NOT_EMPLOYED                             
EDUCATION_C3                3    AT_MOST_HIGHSCHOOL_GED G_HIGHSCHOOL               
                                 N_HIGHSCHOOL_GED                                  
N_HC                        2    YES NO                                            
YRSUS_C3                    3    10+_Years <10_Years US_BORN                       
CIGARETTE_USE_C2            2    CURRENT_OR_FORMER NEVER                           
ALCOHOL_USE                 3    CURRENT FORMER NEVER                              
PAG2008YN                   2    NO YES                                            
HEI2010_C3                  3    HIGH MEDIUM LOW                                   
BMIPCT_C2                   2    OVERWEIGHT OR OBESE NORMAL                        


              Response Profile
 
 Ordered                               Total
   Value    BMIPCT_C2              Frequency

       1    OVERWEIGHT OR OBESE          102
       2    NORMAL                       125

PROC GENMOD is modeling the probability that BMIPCT_C2='OVERWEIGHT OR OBESE'. One way to change this to model the probability that BMIPCT_C2='NORMAL' is to specify the 
DESCENDING option in the PROC statement.


             Criteria For Assessing Goodness Of Fit
 
Criterion                     DF           Value        Value/DF

Log Likelihood                         -138.0818                
Full Log Likelihood                    -138.0818                
AIC (smaller is better)                 322.1637                
Model 2: Model 1 + (diet, alcohol, smoke, pa, slpdur)

Imputation Number=10

The GENMOD Procedure

             Criteria For Assessing Goodness Of Fit
 
Criterion                     DF           Value        Value/DF

AICC (smaller is better)                327.6021                
BIC (smaller is better)                 400.9375                


Algorithm converged.                                                       


                                     Analysis Of Maximum Likelihood Parameter Estimates
 
                                                                 Standard     Wald 95% Confidence          Wald
Parameter                                      DF    Estimate       Error           Limits           Chi-Square    Pr > ChiSq

Intercept                                       1     -6.4301      2.3555    -11.0468     -1.8134          7.45        0.0063
CENTERNUM            CHICAGO                    1      0.2633      0.5480     -0.8109      1.3374          0.23        0.6310
CENTERNUM            MIAMI                      1     -0.6356      0.5049     -1.6252      0.3540          1.58        0.2081
CENTERNUM            SAN DIEGO                  1      0.1436      0.6257     -1.0828      1.3701          0.05        0.8185
CENTERNUM            BRONX                      0      0.0000      0.0000      0.0000      0.0000           .           .    
YRS_BTWN_V1FLOR                                 1      0.1243      0.1330     -0.1365      0.3850          0.87        0.3503
AGE                                             1      0.0336      0.0358     -0.0366      0.1038          0.88        0.3483
BKGRD1_C3NOMISS      CARIBBEAN                  1      0.9711      0.5902     -0.1858      2.1279          2.71        0.0999
BKGRD1_C3NOMISS      SC_OTHER                   1      0.6924      0.5579     -0.4011      1.7859          1.54        0.2146
BKGRD1_C3NOMISS      MEXICAN                    0      0.0000      0.0000      0.0000      0.0000           .           .    
N_HC                 YES                        1      0.5393      0.3646     -0.1753      1.2540          2.19        0.1391
N_HC                 NO                         0      0.0000      0.0000      0.0000      0.0000           .           .    
EDUCATION_C3         AT_MOST_HIGHSCHOOL_GED     1      0.3140      0.3968     -0.4637      1.0917          0.63        0.4287
EDUCATION_C3         G_HIGHSCHOOL               1     -0.6742      0.4430     -1.5425      0.1941          2.32        0.1280
EDUCATION_C3         N_HIGHSCHOOL_GED           0      0.0000      0.0000      0.0000      0.0000           .           .    
PARITY_V1                                       1      0.2773      0.1689     -0.0537      0.6084          2.70        0.1006
EMPLOYEDYN           EMPLOYED                   1     -0.0134      0.3291     -0.6584      0.6316          0.00        0.9676
EMPLOYEDYN           NOT_EMPLOYED               0      0.0000      0.0000      0.0000      0.0000           .           .    
MARITAL_STATUS_C2    COHABITING                 1     -0.5349      0.3225     -1.1671      0.0973          2.75        0.0973
MARITAL_STATUS_C2    SINGLE_OTHER               0      0.0000      0.0000      0.0000      0.0000           .           .    
YRSUS_C3             10+_Years                  1      0.9659      0.4649      0.0546      1.8772          4.32        0.0378
YRSUS_C3             <10_Years                  1      0.7281      0.4501     -0.1542      1.6103          2.62        0.1058
YRSUS_C3             US_BORN                    0      0.0000      0.0000      0.0000      0.0000           .           .    
CIGARETTE_USE_C2     CURRENT_OR_FORMER          1      0.5079      0.4190     -0.3134      1.3291          1.47        0.2255
CIGARETTE_USE_C2     NEVER                      0      0.0000      0.0000      0.0000      0.0000           .           .    
HEI2010_C3           HIGH                       1      0.2397      0.3951     -0.5347      1.0140          0.37        0.5441
HEI2010_C3           MEDIUM                     1     -0.1919      0.3818     -0.9403      0.5564          0.25        0.6152
HEI2010_C3           LOW                        0      0.0000      0.0000      0.0000      0.0000           .           .    
ALCOHOL_USE          CURRENT                    1      0.1481      0.4447     -0.7235      1.0198          0.11        0.7391
ALCOHOL_USE          FORMER                     1      0.1052      0.4565     -0.7896      1.0000          0.05        0.8178
ALCOHOL_USE          NEVER                      0      0.0000      0.0000      0.0000      0.0000           .           .    
PAG2008YN            NO                         1      0.3939      0.3265     -0.2459      1.0338          1.46        0.2276
PAG2008YN            YES                        0      0.0000      0.0000      0.0000      0.0000           .           .    
SLPDUR                                          1      0.2776      0.1193      0.0438      0.5114          5.42        0.0200
Scale                                           0      1.0000      0.0000      1.0000      1.0000                            

NOTE: The scale parameter was held fixed.
Model 3: Model 2 + mental health

Imputation Number=1

The GENMOD Procedure

                      Model Information

Data Set              WORK.IMPDB                             
Distribution            Binomial                             
Link Function              Logit                             
Dependent Variable     BMIPCT_C2    Respondent is Overweight 
                                    or Obese                 


Number of Observations Read         227
Number of Observations Used         227
Number of Events                    102
Number of Trials                    227


                              Class Level Information
 
Class                  Levels    Values

CENTERNUM                   4    CHICAGO MIAMI SAN DIEGO BRONX                     
BKGRD1_C3NOMISS             3    CARIBBEAN SC_OTHER MEXICAN                        
MARITAL_STATUS_C2           2    COHABITING SINGLE_OTHER                           
EMPLOYEDYN                  2    EMPLOYED NOT_EMPLOYED                             
EDUCATION_C3                3    AT_MOST_HIGHSCHOOL_GED G_HIGHSCHOOL               
                                 N_HIGHSCHOOL_GED                                  
N_HC                        2    YES NO                                            
YRSUS_C3                    3    10+_Years <10_Years US_BORN                       
CIGARETTE_USE_C2            2    CURRENT_OR_FORMER NEVER                           
ALCOHOL_USE                 3    CURRENT FORMER NEVER                              
PAG2008YN                   2    NO YES                                            
HEI2010_C3                  3    HIGH MEDIUM LOW                                   
CESD10                      2    DEPRE NODEPRE                                     
STAI10                      2    ANX NOANX                                         
BMIPCT_C2                   2    OVERWEIGHT OR OBESE NORMAL                        


              Response Profile
 
 Ordered                               Total
   Value    BMIPCT_C2              Frequency

       1    OVERWEIGHT OR OBESE          102
       2    NORMAL                       125

PROC GENMOD is modeling the probability that BMIPCT_C2='OVERWEIGHT OR OBESE'. One way to change this to model the probability that BMIPCT_C2='NORMAL' is to specify the 
DESCENDING option in the PROC statement.


Model 3: Model 2 + mental health

Imputation Number=1

The GENMOD Procedure

             Criteria For Assessing Goodness Of Fit
 
Criterion                     DF           Value        Value/DF

Log Likelihood                         -137.8348                
Full Log Likelihood                    -137.8348                
AIC (smaller is better)                 325.6696                
AICC (smaller is better)                332.1373                
BIC (smaller is better)                 411.2934                


Algorithm converged.                                                       


                                     Analysis Of Maximum Likelihood Parameter Estimates
 
                                                                 Standard     Wald 95% Confidence          Wald
Parameter                                      DF    Estimate       Error           Limits           Chi-Square    Pr > ChiSq

Intercept                                       1     -6.4556      2.3466    -11.0548     -1.8564          7.57        0.0059
CENTERNUM            CHICAGO                    1      0.2391      0.5612     -0.8608      1.3390          0.18        0.6701
CENTERNUM            MIAMI                      1     -0.6663      0.5226     -1.6906      0.3580          1.63        0.2023
CENTERNUM            SAN DIEGO                  1      0.1629      0.6380     -1.0876      1.4134          0.07        0.7985
CENTERNUM            BRONX                      0      0.0000      0.0000      0.0000      0.0000           .           .    
YRS_BTWN_V1FLOR                                 1      0.1316      0.1338     -0.1307      0.3939          0.97        0.3254
AGE                                             1      0.0341      0.0363     -0.0371      0.1053          0.88        0.3478
BKGRD1_C3NOMISS      CARIBBEAN                  1      0.9445      0.5964     -0.2245      2.1135          2.51        0.1133
BKGRD1_C3NOMISS      SC_OTHER                   1      0.6854      0.5568     -0.4059      1.7767          1.52        0.2183
BKGRD1_C3NOMISS      MEXICAN                    0      0.0000      0.0000      0.0000      0.0000           .           .    
N_HC                 YES                        1      0.4782      0.3707     -0.2483      1.2047          1.66        0.1970
N_HC                 NO                         0      0.0000      0.0000      0.0000      0.0000           .           .    
EDUCATION_C3         AT_MOST_HIGHSCHOOL_GED     1      0.3260      0.4020     -0.4619      1.1139          0.66        0.4174
EDUCATION_C3         G_HIGHSCHOOL               1     -0.5449      0.4469     -1.4208      0.3309          1.49        0.2227
EDUCATION_C3         N_HIGHSCHOOL_GED           0      0.0000      0.0000      0.0000      0.0000           .           .    
PARITY_V1                                       1      0.2699      0.1734     -0.0700      0.6099          2.42        0.1197
EMPLOYEDYN           EMPLOYED                   1     -0.0818      0.3292     -0.7270      0.5634          0.06        0.8037
EMPLOYEDYN           NOT_EMPLOYED               0      0.0000      0.0000      0.0000      0.0000           .           .    
MARITAL_STATUS_C2    COHABITING                 1     -0.5140      0.3247     -1.1503      0.1224          2.51        0.1134
MARITAL_STATUS_C2    SINGLE_OTHER               0      0.0000      0.0000      0.0000      0.0000           .           .    
YRSUS_C3             10+_Years                  1      0.9393      0.4695      0.0192      1.8595          4.00        0.0454
YRSUS_C3             <10_Years                  1      0.6584      0.4626     -0.2483      1.5651          2.03        0.1547
YRSUS_C3             US_BORN                    0      0.0000      0.0000      0.0000      0.0000           .           .    
CIGARETTE_USE_C2     CURRENT_OR_FORMER          1      0.4920      0.4253     -0.3416      1.3256          1.34        0.2474
CIGARETTE_USE_C2     NEVER                      0      0.0000      0.0000      0.0000      0.0000           .           .    
HEI2010_C3           HIGH                       1      0.2697      0.4028     -0.5197      1.0590          0.45        0.5031
HEI2010_C3           MEDIUM                     1     -0.1653      0.3838     -0.9176      0.5870          0.19        0.6667
HEI2010_C3           LOW                        0      0.0000      0.0000      0.0000      0.0000           .           .    
ALCOHOL_USE          CURRENT                    1      0.0581      0.4457     -0.8154      0.9317          0.02        0.8962
ALCOHOL_USE          FORMER                     1      0.0106      0.4593     -0.8896      0.9107          0.00        0.9816
ALCOHOL_USE          NEVER                      0      0.0000      0.0000      0.0000      0.0000           .           .    
PAG2008YN            NO                         1      0.4561      0.3375     -0.2053      1.1175          1.83        0.1765
PAG2008YN            YES                        0      0.0000      0.0000      0.0000      0.0000           .           .    
SLPDUR                                          1      0.2678      0.1184      0.0358      0.4998          5.12        0.0237
Model 3: Model 2 + mental health

Imputation Number=1

The GENMOD Procedure

                                     Analysis Of Maximum Likelihood Parameter Estimates
 
                                                                 Standard     Wald 95% Confidence          Wald
Parameter                                      DF    Estimate       Error           Limits           Chi-Square    Pr > ChiSq

CESD10               DEPRE                      1      0.5086      0.4083     -0.2917      1.3088          1.55        0.2129
CESD10               NODEPRE                    0      0.0000      0.0000      0.0000      0.0000           .           .    
STAI10               ANX                        1     -0.1380      0.3853     -0.8932      0.6171          0.13        0.7202
STAI10               NOANX                      0      0.0000      0.0000      0.0000      0.0000           .           .    
Scale                                           0      1.0000      0.0000      1.0000      1.0000                            

NOTE: The scale parameter was held fixed.
Model 3: Model 2 + mental health

Imputation Number=2

The GENMOD Procedure

                      Model Information

Data Set              WORK.IMPDB                             
Distribution            Binomial                             
Link Function              Logit                             
Dependent Variable     BMIPCT_C2    Respondent is Overweight 
                                    or Obese                 


Number of Observations Read         227
Number of Observations Used         227
Number of Events                    102
Number of Trials                    227


                              Class Level Information
 
Class                  Levels    Values

CENTERNUM                   4    CHICAGO MIAMI SAN DIEGO BRONX                     
BKGRD1_C3NOMISS             3    CARIBBEAN SC_OTHER MEXICAN                        
MARITAL_STATUS_C2           2    COHABITING SINGLE_OTHER                           
EMPLOYEDYN                  2    EMPLOYED NOT_EMPLOYED                             
EDUCATION_C3                3    AT_MOST_HIGHSCHOOL_GED G_HIGHSCHOOL               
                                 N_HIGHSCHOOL_GED                                  
N_HC                        2    YES NO                                            
YRSUS_C3                    3    10+_Years <10_Years US_BORN                       
CIGARETTE_USE_C2            2    CURRENT_OR_FORMER NEVER                           
ALCOHOL_USE                 3    CURRENT FORMER NEVER                              
PAG2008YN                   2    NO YES                                            
HEI2010_C3                  3    HIGH MEDIUM LOW                                   
CESD10                      2    DEPRE NODEPRE                                     
STAI10                      2    ANX NOANX                                         
BMIPCT_C2                   2    OVERWEIGHT OR OBESE NORMAL                        


              Response Profile
 
 Ordered                               Total
   Value    BMIPCT_C2              Frequency

       1    OVERWEIGHT OR OBESE          102
       2    NORMAL                       125

PROC GENMOD is modeling the probability that BMIPCT_C2='OVERWEIGHT OR OBESE'. One way to change this to model the probability that BMIPCT_C2='NORMAL' is to specify the 
DESCENDING option in the PROC statement.


Model 3: Model 2 + mental health

Imputation Number=2

The GENMOD Procedure

             Criteria For Assessing Goodness Of Fit
 
Criterion                     DF           Value        Value/DF

Log Likelihood                         -139.7632                
Full Log Likelihood                    -139.7632                
AIC (smaller is better)                 329.5263                
AICC (smaller is better)                335.9940                
BIC (smaller is better)                 415.1501                


Algorithm converged.                                                       


                                     Analysis Of Maximum Likelihood Parameter Estimates
 
                                                                 Standard     Wald 95% Confidence          Wald
Parameter                                      DF    Estimate       Error           Limits           Chi-Square    Pr > ChiSq

Intercept                                       1     -5.9139      2.3588    -10.5370     -1.2908          6.29        0.0122
CENTERNUM            CHICAGO                    1      0.2666      0.5552     -0.8215      1.3547          0.23        0.6311
CENTERNUM            MIAMI                      1     -0.6178      0.5137     -1.6246      0.3889          1.45        0.2291
CENTERNUM            SAN DIEGO                  1      0.1807      0.6422     -1.0780      1.4394          0.08        0.7785
CENTERNUM            BRONX                      0      0.0000      0.0000      0.0000      0.0000           .           .    
YRS_BTWN_V1FLOR                                 1      0.1179      0.1329     -0.1425      0.3783          0.79        0.3750
AGE                                             1      0.0289      0.0357     -0.0410      0.0989          0.66        0.4176
BKGRD1_C3NOMISS      CARIBBEAN                  1      1.0026      0.5935     -0.1605      2.1658          2.85        0.0911
BKGRD1_C3NOMISS      SC_OTHER                   1      0.6409      0.5550     -0.4470      1.7287          1.33        0.2482
BKGRD1_C3NOMISS      MEXICAN                    0      0.0000      0.0000      0.0000      0.0000           .           .    
N_HC                 YES                        1      0.4560      0.3651     -0.2595      1.1716          1.56        0.2116
N_HC                 NO                         0      0.0000      0.0000      0.0000      0.0000           .           .    
EDUCATION_C3         AT_MOST_HIGHSCHOOL_GED     1      0.2698      0.3970     -0.5083      1.0479          0.46        0.4968
EDUCATION_C3         G_HIGHSCHOOL               1     -0.5337      0.4397     -1.3955      0.3281          1.47        0.2248
EDUCATION_C3         N_HIGHSCHOOL_GED           0      0.0000      0.0000      0.0000      0.0000           .           .    
PARITY_V1                                       1      0.3095      0.1725     -0.0286      0.6477          3.22        0.0728
EMPLOYEDYN           EMPLOYED                   1      0.0428      0.3315     -0.6069      0.6924          0.02        0.8974
EMPLOYEDYN           NOT_EMPLOYED               0      0.0000      0.0000      0.0000      0.0000           .           .    
MARITAL_STATUS_C2    COHABITING                 1     -0.5133      0.3227     -1.1458      0.1192          2.53        0.1117
MARITAL_STATUS_C2    SINGLE_OTHER               0      0.0000      0.0000      0.0000      0.0000           .           .    
YRSUS_C3             10+_Years                  1      0.7954      0.4652     -0.1163      1.7072          2.92        0.0873
YRSUS_C3             <10_Years                  1      0.5465      0.4624     -0.3597      1.4527          1.40        0.2372
YRSUS_C3             US_BORN                    0      0.0000      0.0000      0.0000      0.0000           .           .    
CIGARETTE_USE_C2     CURRENT_OR_FORMER          1      0.5446      0.4210     -0.2805      1.3698          1.67        0.1958
CIGARETTE_USE_C2     NEVER                      0      0.0000      0.0000      0.0000      0.0000           .           .    
HEI2010_C3           HIGH                       1      0.4134      0.3989     -0.3685      1.1952          1.07        0.3001
HEI2010_C3           MEDIUM                     1     -0.0317      0.3790     -0.7745      0.7110          0.01        0.9332
HEI2010_C3           LOW                        0      0.0000      0.0000      0.0000      0.0000           .           .    
ALCOHOL_USE          CURRENT                    1     -0.0252      0.4358     -0.8794      0.8290          0.00        0.9538
ALCOHOL_USE          FORMER                     1     -0.0616      0.4517     -0.9468      0.8236          0.02        0.8915
ALCOHOL_USE          NEVER                      0      0.0000      0.0000      0.0000      0.0000           .           .    
PAG2008YN            NO                         1      0.2415      0.3333     -0.4117      0.8947          0.53        0.4686
PAG2008YN            YES                        0      0.0000      0.0000      0.0000      0.0000           .           .    
SLPDUR                                          1      0.2421      0.1179      0.0111      0.4731          4.22        0.0399
Model 3: Model 2 + mental health

Imputation Number=2

The GENMOD Procedure

                                     Analysis Of Maximum Likelihood Parameter Estimates
 
                                                                 Standard     Wald 95% Confidence          Wald
Parameter                                      DF    Estimate       Error           Limits           Chi-Square    Pr > ChiSq

CESD10               DEPRE                      1      0.4646      0.3988     -0.3170      1.2462          1.36        0.2440
CESD10               NODEPRE                    0      0.0000      0.0000      0.0000      0.0000           .           .    
STAI10               ANX                        1      0.0265      0.3703     -0.6992      0.7522          0.01        0.9429
STAI10               NOANX                      0      0.0000      0.0000      0.0000      0.0000           .           .    
Scale                                           0      1.0000      0.0000      1.0000      1.0000                            

NOTE: The scale parameter was held fixed.
Model 3: Model 2 + mental health

Imputation Number=3

The GENMOD Procedure

                      Model Information

Data Set              WORK.IMPDB                             
Distribution            Binomial                             
Link Function              Logit                             
Dependent Variable     BMIPCT_C2    Respondent is Overweight 
                                    or Obese                 


Number of Observations Read         227
Number of Observations Used         227
Number of Events                    102
Number of Trials                    227


                              Class Level Information
 
Class                  Levels    Values

CENTERNUM                   4    CHICAGO MIAMI SAN DIEGO BRONX                     
BKGRD1_C3NOMISS             3    CARIBBEAN SC_OTHER MEXICAN                        
MARITAL_STATUS_C2           2    COHABITING SINGLE_OTHER                           
EMPLOYEDYN                  2    EMPLOYED NOT_EMPLOYED                             
EDUCATION_C3                3    AT_MOST_HIGHSCHOOL_GED G_HIGHSCHOOL               
                                 N_HIGHSCHOOL_GED                                  
N_HC                        2    YES NO                                            
YRSUS_C3                    3    10+_Years <10_Years US_BORN                       
CIGARETTE_USE_C2            2    CURRENT_OR_FORMER NEVER                           
ALCOHOL_USE                 3    CURRENT FORMER NEVER                              
PAG2008YN                   2    NO YES                                            
HEI2010_C3                  3    HIGH MEDIUM LOW                                   
CESD10                      2    DEPRE NODEPRE                                     
STAI10                      2    ANX NOANX                                         
BMIPCT_C2                   2    OVERWEIGHT OR OBESE NORMAL                        


              Response Profile
 
 Ordered                               Total
   Value    BMIPCT_C2              Frequency

       1    OVERWEIGHT OR OBESE          102
       2    NORMAL                       125

PROC GENMOD is modeling the probability that BMIPCT_C2='OVERWEIGHT OR OBESE'. One way to change this to model the probability that BMIPCT_C2='NORMAL' is to specify the 
DESCENDING option in the PROC statement.


Model 3: Model 2 + mental health

Imputation Number=3

The GENMOD Procedure

             Criteria For Assessing Goodness Of Fit
 
Criterion                     DF           Value        Value/DF

Log Likelihood                         -138.8948                
Full Log Likelihood                    -138.8948                
AIC (smaller is better)                 327.7896                
AICC (smaller is better)                334.2573                
BIC (smaller is better)                 413.4134                


Algorithm converged.                                                       


                                     Analysis Of Maximum Likelihood Parameter Estimates
 
                                                                 Standard     Wald 95% Confidence          Wald
Parameter                                      DF    Estimate       Error           Limits           Chi-Square    Pr > ChiSq

Intercept                                       1     -6.5225      2.3669    -11.1616     -1.8834          7.59        0.0059
CENTERNUM            CHICAGO                    1      0.4052      0.5559     -0.6843      1.4947          0.53        0.4660
CENTERNUM            MIAMI                      1     -0.4975      0.5174     -1.5115      0.5166          0.92        0.3363
CENTERNUM            SAN DIEGO                  1      0.3131      0.6366     -0.9346      1.5607          0.24        0.6229
CENTERNUM            BRONX                      0      0.0000      0.0000      0.0000      0.0000           .           .    
YRS_BTWN_V1FLOR                                 1      0.1459      0.1334     -0.1157      0.4074          1.20        0.2743
AGE                                             1      0.0315      0.0360     -0.0391      0.1020          0.76        0.3821
BKGRD1_C3NOMISS      CARIBBEAN                  1      1.0393      0.5930     -0.1230      2.2016          3.07        0.0797
BKGRD1_C3NOMISS      SC_OTHER                   1      0.6722      0.5536     -0.4127      1.7572          1.47        0.2246
BKGRD1_C3NOMISS      MEXICAN                    0      0.0000      0.0000      0.0000      0.0000           .           .    
N_HC                 YES                        1      0.5933      0.3695     -0.1309      1.3175          2.58        0.1084
N_HC                 NO                         0      0.0000      0.0000      0.0000      0.0000           .           .    
EDUCATION_C3         AT_MOST_HIGHSCHOOL_GED     1      0.2688      0.3987     -0.5126      1.0503          0.45        0.5001
EDUCATION_C3         G_HIGHSCHOOL               1     -0.6789      0.4486     -1.5582      0.2004          2.29        0.1302
EDUCATION_C3         N_HIGHSCHOOL_GED           0      0.0000      0.0000      0.0000      0.0000           .           .    
PARITY_V1                                       1      0.2895      0.1727     -0.0490      0.6280          2.81        0.0937
EMPLOYEDYN           EMPLOYED                   1     -0.0432      0.3287     -0.6875      0.6010          0.02        0.8954
EMPLOYEDYN           NOT_EMPLOYED               0      0.0000      0.0000      0.0000      0.0000           .           .    
MARITAL_STATUS_C2    COHABITING                 1     -0.4840      0.3227     -1.1165      0.1486          2.25        0.1337
MARITAL_STATUS_C2    SINGLE_OTHER               0      0.0000      0.0000      0.0000      0.0000           .           .    
YRSUS_C3             10+_Years                  1      0.9023      0.4656     -0.0102      1.8148          3.76        0.0526
YRSUS_C3             <10_Years                  1      0.7050      0.4564     -0.1895      1.5996          2.39        0.1224
YRSUS_C3             US_BORN                    0      0.0000      0.0000      0.0000      0.0000           .           .    
CIGARETTE_USE_C2     CURRENT_OR_FORMER          1      0.4875      0.4247     -0.3449      1.3199          1.32        0.2510
CIGARETTE_USE_C2     NEVER                      0      0.0000      0.0000      0.0000      0.0000           .           .    
HEI2010_C3           HIGH                       1      0.3865      0.3968     -0.3912      1.1642          0.95        0.3300
HEI2010_C3           MEDIUM                     1     -0.1171      0.3849     -0.8715      0.6373          0.09        0.7610
HEI2010_C3           LOW                        0      0.0000      0.0000      0.0000      0.0000           .           .    
ALCOHOL_USE          CURRENT                    1      0.1277      0.4434     -0.7414      0.9967          0.08        0.7734
ALCOHOL_USE          FORMER                     1      0.0295      0.4566     -0.8654      0.9245          0.00        0.9484
ALCOHOL_USE          NEVER                      0      0.0000      0.0000      0.0000      0.0000           .           .    
PAG2008YN            NO                         1     -0.0263      0.3307     -0.6744      0.6219          0.01        0.9366
PAG2008YN            YES                        0      0.0000      0.0000      0.0000      0.0000           .           .    
SLPDUR                                          1      0.2694      0.1204      0.0335      0.5054          5.01        0.0252
Model 3: Model 2 + mental health

Imputation Number=3

The GENMOD Procedure

                                     Analysis Of Maximum Likelihood Parameter Estimates
 
                                                                 Standard     Wald 95% Confidence          Wald
Parameter                                      DF    Estimate       Error           Limits           Chi-Square    Pr > ChiSq

CESD10               DEPRE                      1      0.5059      0.4081     -0.2939      1.3057          1.54        0.2151
CESD10               NODEPRE                    0      0.0000      0.0000      0.0000      0.0000           .           .    
STAI10               ANX                        1     -0.1468      0.3763     -0.8843      0.5907          0.15        0.6965
STAI10               NOANX                      0      0.0000      0.0000      0.0000      0.0000           .           .    
Scale                                           0      1.0000      0.0000      1.0000      1.0000                            

NOTE: The scale parameter was held fixed.
Model 3: Model 2 + mental health

Imputation Number=4

The GENMOD Procedure

                      Model Information

Data Set              WORK.IMPDB                             
Distribution            Binomial                             
Link Function              Logit                             
Dependent Variable     BMIPCT_C2    Respondent is Overweight 
                                    or Obese                 


Number of Observations Read         227
Number of Observations Used         227
Number of Events                    102
Number of Trials                    227


                              Class Level Information
 
Class                  Levels    Values

CENTERNUM                   4    CHICAGO MIAMI SAN DIEGO BRONX                     
BKGRD1_C3NOMISS             3    CARIBBEAN SC_OTHER MEXICAN                        
MARITAL_STATUS_C2           2    COHABITING SINGLE_OTHER                           
EMPLOYEDYN                  2    EMPLOYED NOT_EMPLOYED                             
EDUCATION_C3                3    AT_MOST_HIGHSCHOOL_GED G_HIGHSCHOOL               
                                 N_HIGHSCHOOL_GED                                  
N_HC                        2    YES NO                                            
YRSUS_C3                    3    10+_Years <10_Years US_BORN                       
CIGARETTE_USE_C2            2    CURRENT_OR_FORMER NEVER                           
ALCOHOL_USE                 3    CURRENT FORMER NEVER                              
PAG2008YN                   2    NO YES                                            
HEI2010_C3                  3    HIGH MEDIUM LOW                                   
CESD10                      2    DEPRE NODEPRE                                     
STAI10                      2    ANX NOANX                                         
BMIPCT_C2                   2    OVERWEIGHT OR OBESE NORMAL                        


              Response Profile
 
 Ordered                               Total
   Value    BMIPCT_C2              Frequency

       1    OVERWEIGHT OR OBESE          102
       2    NORMAL                       125

PROC GENMOD is modeling the probability that BMIPCT_C2='OVERWEIGHT OR OBESE'. One way to change this to model the probability that BMIPCT_C2='NORMAL' is to specify the 
DESCENDING option in the PROC statement.


Model 3: Model 2 + mental health

Imputation Number=4

The GENMOD Procedure

             Criteria For Assessing Goodness Of Fit
 
Criterion                     DF           Value        Value/DF

Log Likelihood                         -137.6963                
Full Log Likelihood                    -137.6963                
AIC (smaller is better)                 325.3925                
AICC (smaller is better)                331.8602                
BIC (smaller is better)                 411.0163                


Algorithm converged.                                                       


                                     Analysis Of Maximum Likelihood Parameter Estimates
 
                                                                 Standard     Wald 95% Confidence          Wald
Parameter                                      DF    Estimate       Error           Limits           Chi-Square    Pr > ChiSq

Intercept                                       1     -6.4601      2.3709    -11.1070     -1.8132          7.42        0.0064
CENTERNUM            CHICAGO                    1      0.2445      0.5519     -0.8371      1.3262          0.20        0.6577
CENTERNUM            MIAMI                      1     -0.6554      0.5177     -1.6700      0.3593          1.60        0.2055
CENTERNUM            SAN DIEGO                  1      0.1142      0.6298     -1.1203      1.3487          0.03        0.8561
CENTERNUM            BRONX                      0      0.0000      0.0000      0.0000      0.0000           .           .    
YRS_BTWN_V1FLOR                                 1      0.1468      0.1342     -0.1162      0.4097          1.20        0.2739
AGE                                             1      0.0336      0.0359     -0.0368      0.1041          0.88        0.3492
BKGRD1_C3NOMISS      CARIBBEAN                  1      0.9262      0.5950     -0.2399      2.0924          2.42        0.1195
BKGRD1_C3NOMISS      SC_OTHER                   1      0.6641      0.5607     -0.4349      1.7631          1.40        0.2363
BKGRD1_C3NOMISS      MEXICAN                    0      0.0000      0.0000      0.0000      0.0000           .           .    
N_HC                 YES                        1      0.5454      0.3711     -0.1820      1.2728          2.16        0.1417
N_HC                 NO                         0      0.0000      0.0000      0.0000      0.0000           .           .    
EDUCATION_C3         AT_MOST_HIGHSCHOOL_GED     1      0.3343      0.4022     -0.4539      1.1225          0.69        0.4058
EDUCATION_C3         G_HIGHSCHOOL               1     -0.5223      0.4478     -1.4001      0.3555          1.36        0.2435
EDUCATION_C3         N_HIGHSCHOOL_GED           0      0.0000      0.0000      0.0000      0.0000           .           .    
PARITY_V1                                       1      0.2646      0.1733     -0.0750      0.6043          2.33        0.1267
EMPLOYEDYN           EMPLOYED                   1     -0.1388      0.3287     -0.7831      0.5055          0.18        0.6729
EMPLOYEDYN           NOT_EMPLOYED               0      0.0000      0.0000      0.0000      0.0000           .           .    
MARITAL_STATUS_C2    COHABITING                 1     -0.5170      0.3260     -1.1560      0.1219          2.52        0.1127
MARITAL_STATUS_C2    SINGLE_OTHER               0      0.0000      0.0000      0.0000      0.0000           .           .    
YRSUS_C3             10+_Years                  1      0.8717      0.4649     -0.0395      1.7829          3.52        0.0608
YRSUS_C3             <10_Years                  1      0.5839      0.4584     -0.3145      1.4824          1.62        0.2027
YRSUS_C3             US_BORN                    0      0.0000      0.0000      0.0000      0.0000           .           .    
CIGARETTE_USE_C2     CURRENT_OR_FORMER          1      0.4332      0.4272     -0.4041      1.2705          1.03        0.3106
CIGARETTE_USE_C2     NEVER                      0      0.0000      0.0000      0.0000      0.0000           .           .    
HEI2010_C3           HIGH                       1      0.3260      0.4024     -0.4627      1.1146          0.66        0.4179
HEI2010_C3           MEDIUM                     1     -0.1096      0.3840     -0.8623      0.6430          0.08        0.7753
HEI2010_C3           LOW                        0      0.0000      0.0000      0.0000      0.0000           .           .    
ALCOHOL_USE          CURRENT                    1      0.0770      0.4456     -0.7963      0.9503          0.03        0.8628
ALCOHOL_USE          FORMER                     1     -0.0528      0.4614     -0.9571      0.8515          0.01        0.9089
ALCOHOL_USE          NEVER                      0      0.0000      0.0000      0.0000      0.0000           .           .    
PAG2008YN            NO                         1      0.4997      0.3256     -0.1385      1.1380          2.35        0.1249
PAG2008YN            YES                        0      0.0000      0.0000      0.0000      0.0000           .           .    
SLPDUR                                          1      0.2509      0.1204      0.0149      0.4868          4.34        0.0371
Model 3: Model 2 + mental health

Imputation Number=4

The GENMOD Procedure

                                     Analysis Of Maximum Likelihood Parameter Estimates
 
                                                                 Standard     Wald 95% Confidence          Wald
Parameter                                      DF    Estimate       Error           Limits           Chi-Square    Pr > ChiSq

CESD10               DEPRE                      1      0.5647      0.4061     -0.2313      1.3608          1.93        0.1644
CESD10               NODEPRE                    0      0.0000      0.0000      0.0000      0.0000           .           .    
STAI10               ANX                        1     -0.1105      0.3838     -0.8628      0.6418          0.08        0.7735
STAI10               NOANX                      0      0.0000      0.0000      0.0000      0.0000           .           .    
Scale                                           0      1.0000      0.0000      1.0000      1.0000                            

NOTE: The scale parameter was held fixed.
Model 3: Model 2 + mental health

Imputation Number=5

The GENMOD Procedure

                      Model Information

Data Set              WORK.IMPDB                             
Distribution            Binomial                             
Link Function              Logit                             
Dependent Variable     BMIPCT_C2    Respondent is Overweight 
                                    or Obese                 


Number of Observations Read         227
Number of Observations Used         227
Number of Events                    102
Number of Trials                    227


                              Class Level Information
 
Class                  Levels    Values

CENTERNUM                   4    CHICAGO MIAMI SAN DIEGO BRONX                     
BKGRD1_C3NOMISS             3    CARIBBEAN SC_OTHER MEXICAN                        
MARITAL_STATUS_C2           2    COHABITING SINGLE_OTHER                           
EMPLOYEDYN                  2    EMPLOYED NOT_EMPLOYED                             
EDUCATION_C3                3    AT_MOST_HIGHSCHOOL_GED G_HIGHSCHOOL               
                                 N_HIGHSCHOOL_GED                                  
N_HC                        2    YES NO                                            
YRSUS_C3                    3    10+_Years <10_Years US_BORN                       
CIGARETTE_USE_C2            2    CURRENT_OR_FORMER NEVER                           
ALCOHOL_USE                 3    CURRENT FORMER NEVER                              
PAG2008YN                   2    NO YES                                            
HEI2010_C3                  3    HIGH MEDIUM LOW                                   
CESD10                      2    DEPRE NODEPRE                                     
STAI10                      2    ANX NOANX                                         
BMIPCT_C2                   2    OVERWEIGHT OR OBESE NORMAL                        


              Response Profile
 
 Ordered                               Total
   Value    BMIPCT_C2              Frequency

       1    OVERWEIGHT OR OBESE          102
       2    NORMAL                       125

PROC GENMOD is modeling the probability that BMIPCT_C2='OVERWEIGHT OR OBESE'. One way to change this to model the probability that BMIPCT_C2='NORMAL' is to specify the 
DESCENDING option in the PROC statement.


Model 3: Model 2 + mental health

Imputation Number=5

The GENMOD Procedure

             Criteria For Assessing Goodness Of Fit
 
Criterion                     DF           Value        Value/DF

Log Likelihood                         -139.9115                
Full Log Likelihood                    -139.9115                
AIC (smaller is better)                 329.8230                
AICC (smaller is better)                336.2907                
BIC (smaller is better)                 415.4468                


Algorithm converged.                                                       


                                     Analysis Of Maximum Likelihood Parameter Estimates
 
                                                                 Standard     Wald 95% Confidence          Wald
Parameter                                      DF    Estimate       Error           Limits           Chi-Square    Pr > ChiSq

Intercept                                       1     -6.3094      2.3664    -10.9474     -1.6715          7.11        0.0077
CENTERNUM            CHICAGO                    1      0.3488      0.5476     -0.7245      1.4222          0.41        0.5241
CENTERNUM            MIAMI                      1     -0.5837      0.5080     -1.5793      0.4119          1.32        0.2505
CENTERNUM            SAN DIEGO                  1      0.3043      0.6211     -0.9129      1.5216          0.24        0.6241
CENTERNUM            BRONX                      0      0.0000      0.0000      0.0000      0.0000           .           .    
YRS_BTWN_V1FLOR                                 1      0.1310      0.1326     -0.1290      0.3910          0.98        0.3233
AGE                                             1      0.0253      0.0357     -0.0447      0.0954          0.50        0.4784
BKGRD1_C3NOMISS      CARIBBEAN                  1      1.1169      0.5932     -0.0456      2.2795          3.55        0.0597
BKGRD1_C3NOMISS      SC_OTHER                   1      0.7031      0.5541     -0.3829      1.7891          1.61        0.2045
BKGRD1_C3NOMISS      MEXICAN                    0      0.0000      0.0000      0.0000      0.0000           .           .    
N_HC                 YES                        1      0.3780      0.3594     -0.3264      1.0824          1.11        0.2929
N_HC                 NO                         0      0.0000      0.0000      0.0000      0.0000           .           .    
EDUCATION_C3         AT_MOST_HIGHSCHOOL_GED     1      0.2721      0.3965     -0.5051      1.0494          0.47        0.4925
EDUCATION_C3         G_HIGHSCHOOL               1     -0.5408      0.4387     -1.4007      0.3191          1.52        0.2177
EDUCATION_C3         N_HIGHSCHOOL_GED           0      0.0000      0.0000      0.0000      0.0000           .           .    
PARITY_V1                                       1      0.3133      0.1740     -0.0276      0.6543          3.24        0.0717
EMPLOYEDYN           EMPLOYED                   1      0.0663      0.3314     -0.5831      0.7158          0.04        0.8414
EMPLOYEDYN           NOT_EMPLOYED               0      0.0000      0.0000      0.0000      0.0000           .           .    
MARITAL_STATUS_C2    COHABITING                 1     -0.4578      0.3213     -1.0876      0.1719          2.03        0.1542
MARITAL_STATUS_C2    SINGLE_OTHER               0      0.0000      0.0000      0.0000      0.0000           .           .    
YRSUS_C3             10+_Years                  1      0.8069      0.4610     -0.0967      1.7105          3.06        0.0801
YRSUS_C3             <10_Years                  1      0.6003      0.4480     -0.2779      1.4784          1.80        0.1803
YRSUS_C3             US_BORN                    0      0.0000      0.0000      0.0000      0.0000           .           .    
CIGARETTE_USE_C2     CURRENT_OR_FORMER          1      0.5339      0.4195     -0.2884      1.3562          1.62        0.2032
CIGARETTE_USE_C2     NEVER                      0      0.0000      0.0000      0.0000      0.0000           .           .    
HEI2010_C3           HIGH                       1      0.4209      0.3943     -0.3519      1.1938          1.14        0.2858
HEI2010_C3           MEDIUM                     1     -0.1019      0.3811     -0.8488      0.6450          0.07        0.7892
HEI2010_C3           LOW                        0      0.0000      0.0000      0.0000      0.0000           .           .    
ALCOHOL_USE          CURRENT                    1      0.0101      0.4352     -0.8428      0.8630          0.00        0.9815
ALCOHOL_USE          FORMER                     1     -0.0340      0.4498     -0.9156      0.8475          0.01        0.9397
ALCOHOL_USE          NEVER                      0      0.0000      0.0000      0.0000      0.0000           .           .    
PAG2008YN            NO                         1      0.0290      0.3233     -0.6046      0.6626          0.01        0.9286
PAG2008YN            YES                        0      0.0000      0.0000      0.0000      0.0000           .           .    
SLPDUR                                          1      0.2895      0.1225      0.0494      0.5297          5.58        0.0181
Model 3: Model 2 + mental health

Imputation Number=5

The GENMOD Procedure

                                     Analysis Of Maximum Likelihood Parameter Estimates
 
                                                                 Standard     Wald 95% Confidence          Wald
Parameter                                      DF    Estimate       Error           Limits           Chi-Square    Pr > ChiSq

CESD10               DEPRE                      1      0.4312      0.4047     -0.3619      1.2243          1.14        0.2866
CESD10               NODEPRE                    0      0.0000      0.0000      0.0000      0.0000           .           .    
STAI10               ANX                        1     -0.0699      0.3760     -0.8068      0.6671          0.03        0.8526
STAI10               NOANX                      0      0.0000      0.0000      0.0000      0.0000           .           .    
Scale                                           0      1.0000      0.0000      1.0000      1.0000                            

NOTE: The scale parameter was held fixed.
Model 3: Model 2 + mental health

Imputation Number=6

The GENMOD Procedure

                      Model Information

Data Set              WORK.IMPDB                             
Distribution            Binomial                             
Link Function              Logit                             
Dependent Variable     BMIPCT_C2    Respondent is Overweight 
                                    or Obese                 


Number of Observations Read         227
Number of Observations Used         227
Number of Events                    102
Number of Trials                    227


                              Class Level Information
 
Class                  Levels    Values

CENTERNUM                   4    CHICAGO MIAMI SAN DIEGO BRONX                     
BKGRD1_C3NOMISS             3    CARIBBEAN SC_OTHER MEXICAN                        
MARITAL_STATUS_C2           2    COHABITING SINGLE_OTHER                           
EMPLOYEDYN                  2    EMPLOYED NOT_EMPLOYED                             
EDUCATION_C3                3    AT_MOST_HIGHSCHOOL_GED G_HIGHSCHOOL               
                                 N_HIGHSCHOOL_GED                                  
N_HC                        2    YES NO                                            
YRSUS_C3                    3    10+_Years <10_Years US_BORN                       
CIGARETTE_USE_C2            2    CURRENT_OR_FORMER NEVER                           
ALCOHOL_USE                 3    CURRENT FORMER NEVER                              
PAG2008YN                   2    NO YES                                            
HEI2010_C3                  3    HIGH MEDIUM LOW                                   
CESD10                      2    DEPRE NODEPRE                                     
STAI10                      2    ANX NOANX                                         
BMIPCT_C2                   2    OVERWEIGHT OR OBESE NORMAL                        


              Response Profile
 
 Ordered                               Total
   Value    BMIPCT_C2              Frequency

       1    OVERWEIGHT OR OBESE          102
       2    NORMAL                       125

PROC GENMOD is modeling the probability that BMIPCT_C2='OVERWEIGHT OR OBESE'. One way to change this to model the probability that BMIPCT_C2='NORMAL' is to specify the 
DESCENDING option in the PROC statement.


Model 3: Model 2 + mental health

Imputation Number=6

The GENMOD Procedure

             Criteria For Assessing Goodness Of Fit
 
Criterion                     DF           Value        Value/DF

Log Likelihood                         -138.3742                
Full Log Likelihood                    -138.3742                
AIC (smaller is better)                 326.7484                
AICC (smaller is better)                333.2160                
BIC (smaller is better)                 412.3721                


Algorithm converged.                                                       


                                     Analysis Of Maximum Likelihood Parameter Estimates
 
                                                                 Standard     Wald 95% Confidence          Wald
Parameter                                      DF    Estimate       Error           Limits           Chi-Square    Pr > ChiSq

Intercept                                       1     -6.8815      2.4191    -11.6229     -2.1401          8.09        0.0044
CENTERNUM            CHICAGO                    1      0.2709      0.5497     -0.8066      1.3484          0.24        0.6222
CENTERNUM            MIAMI                      1     -0.6921      0.5137     -1.6989      0.3146          1.82        0.1778
CENTERNUM            SAN DIEGO                  1      0.1975      0.6255     -1.0284      1.4235          0.10        0.7522
CENTERNUM            BRONX                      0      0.0000      0.0000      0.0000      0.0000           .           .    
YRS_BTWN_V1FLOR                                 1      0.1400      0.1341     -0.1229      0.4029          1.09        0.2967
AGE                                             1      0.0366      0.0359     -0.0337      0.1069          1.04        0.3071
BKGRD1_C3NOMISS      CARIBBEAN                  1      1.0892      0.5955     -0.0781      2.2564          3.34        0.0674
BKGRD1_C3NOMISS      SC_OTHER                   1      0.7472      0.5597     -0.3498      1.8442          1.78        0.1819
BKGRD1_C3NOMISS      MEXICAN                    0      0.0000      0.0000      0.0000      0.0000           .           .    
N_HC                 YES                        1      0.4782      0.3686     -0.2443      1.2007          1.68        0.1946
N_HC                 NO                         0      0.0000      0.0000      0.0000      0.0000           .           .    
EDUCATION_C3         AT_MOST_HIGHSCHOOL_GED     1      0.2944      0.4010     -0.4915      1.0804          0.54        0.4628
EDUCATION_C3         G_HIGHSCHOOL               1     -0.5769      0.4449     -1.4489      0.2952          1.68        0.1948
EDUCATION_C3         N_HIGHSCHOOL_GED           0      0.0000      0.0000      0.0000      0.0000           .           .    
PARITY_V1                                       1      0.2671      0.1736     -0.0732      0.6073          2.37        0.1239
EMPLOYEDYN           EMPLOYED                   1      0.0058      0.3301     -0.6413      0.6529          0.00        0.9860
EMPLOYEDYN           NOT_EMPLOYED               0      0.0000      0.0000      0.0000      0.0000           .           .    
MARITAL_STATUS_C2    COHABITING                 1     -0.4692      0.3233     -1.1028      0.1645          2.11        0.1467
MARITAL_STATUS_C2    SINGLE_OTHER               0      0.0000      0.0000      0.0000      0.0000           .           .    
YRSUS_C3             10+_Years                  1      0.8356      0.4658     -0.0773      1.7485          3.22        0.0728
YRSUS_C3             <10_Years                  1      0.5778      0.4528     -0.3097      1.4653          1.63        0.2020
YRSUS_C3             US_BORN                    0      0.0000      0.0000      0.0000      0.0000           .           .    
CIGARETTE_USE_C2     CURRENT_OR_FORMER          1      0.4369      0.4281     -0.4022      1.2760          1.04        0.3075
CIGARETTE_USE_C2     NEVER                      0      0.0000      0.0000      0.0000      0.0000           .           .    
HEI2010_C3           HIGH                       1      0.4429      0.3980     -0.3371      1.2230          1.24        0.2657
HEI2010_C3           MEDIUM                     1     -0.0787      0.3843     -0.8320      0.6746          0.04        0.8377
HEI2010_C3           LOW                        0      0.0000      0.0000      0.0000      0.0000           .           .    
ALCOHOL_USE          CURRENT                    1     -0.0194      0.4409     -0.8835      0.8447          0.00        0.9649
ALCOHOL_USE          FORMER                     1     -0.0502      0.4522     -0.9365      0.8361          0.01        0.9116
ALCOHOL_USE          NEVER                      0      0.0000      0.0000      0.0000      0.0000           .           .    
PAG2008YN            NO                         1      0.2092      0.3354     -0.4481      0.8665          0.39        0.5328
PAG2008YN            YES                        0      0.0000      0.0000      0.0000      0.0000           .           .    
SLPDUR                                          1      0.3114      0.1232      0.0699      0.5528          6.39        0.0115
Model 3: Model 2 + mental health

Imputation Number=6

The GENMOD Procedure

                                     Analysis Of Maximum Likelihood Parameter Estimates
 
                                                                 Standard     Wald 95% Confidence          Wald
Parameter                                      DF    Estimate       Error           Limits           Chi-Square    Pr > ChiSq

CESD10               DEPRE                      1      0.6128      0.4118     -0.1944      1.4200          2.21        0.1368
CESD10               NODEPRE                    0      0.0000      0.0000      0.0000      0.0000           .           .    
STAI10               ANX                        1     -0.1585      0.3830     -0.9092      0.5923          0.17        0.6791
STAI10               NOANX                      0      0.0000      0.0000      0.0000      0.0000           .           .    
Scale                                           0      1.0000      0.0000      1.0000      1.0000                            

NOTE: The scale parameter was held fixed.
Model 3: Model 2 + mental health

Imputation Number=7

The GENMOD Procedure

                      Model Information

Data Set              WORK.IMPDB                             
Distribution            Binomial                             
Link Function              Logit                             
Dependent Variable     BMIPCT_C2    Respondent is Overweight 
                                    or Obese                 


Number of Observations Read         227
Number of Observations Used         227
Number of Events                    102
Number of Trials                    227


                              Class Level Information
 
Class                  Levels    Values

CENTERNUM                   4    CHICAGO MIAMI SAN DIEGO BRONX                     
BKGRD1_C3NOMISS             3    CARIBBEAN SC_OTHER MEXICAN                        
MARITAL_STATUS_C2           2    COHABITING SINGLE_OTHER                           
EMPLOYEDYN                  2    EMPLOYED NOT_EMPLOYED                             
EDUCATION_C3                3    AT_MOST_HIGHSCHOOL_GED G_HIGHSCHOOL               
                                 N_HIGHSCHOOL_GED                                  
N_HC                        2    YES NO                                            
YRSUS_C3                    3    10+_Years <10_Years US_BORN                       
CIGARETTE_USE_C2            2    CURRENT_OR_FORMER NEVER                           
ALCOHOL_USE                 3    CURRENT FORMER NEVER                              
PAG2008YN                   2    NO YES                                            
HEI2010_C3                  3    HIGH MEDIUM LOW                                   
CESD10                      2    DEPRE NODEPRE                                     
STAI10                      2    ANX NOANX                                         
BMIPCT_C2                   2    OVERWEIGHT OR OBESE NORMAL                        


              Response Profile
 
 Ordered                               Total
   Value    BMIPCT_C2              Frequency

       1    OVERWEIGHT OR OBESE          102
       2    NORMAL                       125

PROC GENMOD is modeling the probability that BMIPCT_C2='OVERWEIGHT OR OBESE'. One way to change this to model the probability that BMIPCT_C2='NORMAL' is to specify the 
DESCENDING option in the PROC statement.


Model 3: Model 2 + mental health

Imputation Number=7

The GENMOD Procedure

             Criteria For Assessing Goodness Of Fit
 
Criterion                     DF           Value        Value/DF

Log Likelihood                         -139.2911                
Full Log Likelihood                    -139.2911                
AIC (smaller is better)                 328.5821                
AICC (smaller is better)                335.0498                
BIC (smaller is better)                 414.2059                


Algorithm converged.                                                       


                                     Analysis Of Maximum Likelihood Parameter Estimates
 
                                                                 Standard     Wald 95% Confidence          Wald
Parameter                                      DF    Estimate       Error           Limits           Chi-Square    Pr > ChiSq

Intercept                                       1     -6.2682      2.3975    -10.9672     -1.5693          6.84        0.0089
CENTERNUM            CHICAGO                    1      0.2206      0.5534     -0.8640      1.3053          0.16        0.6901
CENTERNUM            MIAMI                      1     -0.7010      0.5202     -1.7206      0.3186          1.82        0.1778
CENTERNUM            SAN DIEGO                  1      0.0781      0.6243     -1.1454      1.3017          0.02        0.9004
CENTERNUM            BRONX                      0      0.0000      0.0000      0.0000      0.0000           .           .    
YRS_BTWN_V1FLOR                                 1      0.1505      0.1330     -0.1101      0.4112          1.28        0.2576
AGE                                             1      0.0384      0.0360     -0.0320      0.1089          1.14        0.2852
BKGRD1_C3NOMISS      CARIBBEAN                  1      0.9896      0.5929     -0.1725      2.1517          2.79        0.0951
BKGRD1_C3NOMISS      SC_OTHER                   1      0.6902      0.5578     -0.4032      1.7835          1.53        0.2160
BKGRD1_C3NOMISS      MEXICAN                    0      0.0000      0.0000      0.0000      0.0000           .           .    
N_HC                 YES                        1      0.4366      0.3675     -0.2837      1.1569          1.41        0.2349
N_HC                 NO                         0      0.0000      0.0000      0.0000      0.0000           .           .    
EDUCATION_C3         AT_MOST_HIGHSCHOOL_GED     1      0.2934      0.3976     -0.4859      1.0727          0.54        0.4606
EDUCATION_C3         G_HIGHSCHOOL               1     -0.5683      0.4408     -1.4322      0.2956          1.66        0.1973
EDUCATION_C3         N_HIGHSCHOOL_GED           0      0.0000      0.0000      0.0000      0.0000           .           .    
PARITY_V1                                       1      0.2191      0.1717     -0.1174      0.5557          1.63        0.2019
EMPLOYEDYN           EMPLOYED                   1     -0.1908      0.3282     -0.8341      0.4525          0.34        0.5610
EMPLOYEDYN           NOT_EMPLOYED               0      0.0000      0.0000      0.0000      0.0000           .           .    
MARITAL_STATUS_C2    COHABITING                 1     -0.4508      0.3208     -1.0794      0.1779          1.97        0.1599
MARITAL_STATUS_C2    SINGLE_OTHER               0      0.0000      0.0000      0.0000      0.0000           .           .    
YRSUS_C3             10+_Years                  1      0.8942      0.4612     -0.0097      1.7982          3.76        0.0525
YRSUS_C3             <10_Years                  1      0.5801      0.4492     -0.3003      1.4604          1.67        0.1966
YRSUS_C3             US_BORN                    0      0.0000      0.0000      0.0000      0.0000           .           .    
CIGARETTE_USE_C2     CURRENT_OR_FORMER          1      0.5139      0.4262     -0.3215      1.3494          1.45        0.2279
CIGARETTE_USE_C2     NEVER                      0      0.0000      0.0000      0.0000      0.0000           .           .    
HEI2010_C3           HIGH                       1      0.3765      0.4008     -0.4091      1.1622          0.88        0.3475
HEI2010_C3           MEDIUM                     1     -0.0112      0.3773     -0.7507      0.7282          0.00        0.9763
HEI2010_C3           LOW                        0      0.0000      0.0000      0.0000      0.0000           .           .    
ALCOHOL_USE          CURRENT                    1      0.0906      0.4423     -0.7763      0.9575          0.04        0.8377
ALCOHOL_USE          FORMER                     1     -0.0123      0.4572     -0.9083      0.8837          0.00        0.9785
ALCOHOL_USE          NEVER                      0      0.0000      0.0000      0.0000      0.0000           .           .    
PAG2008YN            NO                         1      0.3551      0.3336     -0.2987      1.0089          1.13        0.2871
PAG2008YN            YES                        0      0.0000      0.0000      0.0000      0.0000           .           .    
SLPDUR                                          1      0.2258      0.1194     -0.0082      0.4598          3.58        0.0586
Model 3: Model 2 + mental health

Imputation Number=7

The GENMOD Procedure

                                     Analysis Of Maximum Likelihood Parameter Estimates
 
                                                                 Standard     Wald 95% Confidence          Wald
Parameter                                      DF    Estimate       Error           Limits           Chi-Square    Pr > ChiSq

CESD10               DEPRE                      1      0.5922      0.4031     -0.1978      1.3822          2.16        0.1418
CESD10               NODEPRE                    0      0.0000      0.0000      0.0000      0.0000           .           .    
STAI10               ANX                        1     -0.1985      0.3812     -0.9457      0.5487          0.27        0.6026
STAI10               NOANX                      0      0.0000      0.0000      0.0000      0.0000           .           .    
Scale                                           0      1.0000      0.0000      1.0000      1.0000                            

NOTE: The scale parameter was held fixed.
Model 3: Model 2 + mental health

Imputation Number=8

The GENMOD Procedure

                      Model Information

Data Set              WORK.IMPDB                             
Distribution            Binomial                             
Link Function              Logit                             
Dependent Variable     BMIPCT_C2    Respondent is Overweight 
                                    or Obese                 


Number of Observations Read         227
Number of Observations Used         227
Number of Events                    102
Number of Trials                    227


                              Class Level Information
 
Class                  Levels    Values

CENTERNUM                   4    CHICAGO MIAMI SAN DIEGO BRONX                     
BKGRD1_C3NOMISS             3    CARIBBEAN SC_OTHER MEXICAN                        
MARITAL_STATUS_C2           2    COHABITING SINGLE_OTHER                           
EMPLOYEDYN                  2    EMPLOYED NOT_EMPLOYED                             
EDUCATION_C3                3    AT_MOST_HIGHSCHOOL_GED G_HIGHSCHOOL               
                                 N_HIGHSCHOOL_GED                                  
N_HC                        2    YES NO                                            
YRSUS_C3                    3    10+_Years <10_Years US_BORN                       
CIGARETTE_USE_C2            2    CURRENT_OR_FORMER NEVER                           
ALCOHOL_USE                 3    CURRENT FORMER NEVER                              
PAG2008YN                   2    NO YES                                            
HEI2010_C3                  3    HIGH MEDIUM LOW                                   
CESD10                      2    DEPRE NODEPRE                                     
STAI10                      2    ANX NOANX                                         
BMIPCT_C2                   2    OVERWEIGHT OR OBESE NORMAL                        


              Response Profile
 
 Ordered                               Total
   Value    BMIPCT_C2              Frequency

       1    OVERWEIGHT OR OBESE          102
       2    NORMAL                       125

PROC GENMOD is modeling the probability that BMIPCT_C2='OVERWEIGHT OR OBESE'. One way to change this to model the probability that BMIPCT_C2='NORMAL' is to specify the 
DESCENDING option in the PROC statement.


Model 3: Model 2 + mental health

Imputation Number=8

The GENMOD Procedure

             Criteria For Assessing Goodness Of Fit
 
Criterion                     DF           Value        Value/DF

Log Likelihood                         -138.4665                
Full Log Likelihood                    -138.4665                
AIC (smaller is better)                 326.9329                
AICC (smaller is better)                333.4006                
BIC (smaller is better)                 412.5567                


Algorithm converged.                                                       


                                     Analysis Of Maximum Likelihood Parameter Estimates
 
                                                                 Standard     Wald 95% Confidence          Wald
Parameter                                      DF    Estimate       Error           Limits           Chi-Square    Pr > ChiSq

Intercept                                       1     -6.2771      2.3451    -10.8734     -1.6808          7.16        0.0074
CENTERNUM            CHICAGO                    1      0.4252      0.5585     -0.6694      1.5198          0.58        0.4465
CENTERNUM            MIAMI                      1     -0.5076      0.5172     -1.5213      0.5061          0.96        0.3264
CENTERNUM            SAN DIEGO                  1      0.3462      0.6365     -0.9014      1.5938          0.30        0.5865
CENTERNUM            BRONX                      0      0.0000      0.0000      0.0000      0.0000           .           .    
YRS_BTWN_V1FLOR                                 1      0.1207      0.1333     -0.1406      0.3821          0.82        0.3652
AGE                                             1      0.0325      0.0362     -0.0385      0.1035          0.80        0.3699
BKGRD1_C3NOMISS      CARIBBEAN                  1      1.0477      0.5955     -0.1195      2.2150          3.10        0.0785
BKGRD1_C3NOMISS      SC_OTHER                   1      0.6625      0.5620     -0.4390      1.7639          1.39        0.2385
BKGRD1_C3NOMISS      MEXICAN                    0      0.0000      0.0000      0.0000      0.0000           .           .    
N_HC                 YES                        1      0.5317      0.3676     -0.1888      1.2522          2.09        0.1481
N_HC                 NO                         0      0.0000      0.0000      0.0000      0.0000           .           .    
EDUCATION_C3         AT_MOST_HIGHSCHOOL_GED     1      0.3137      0.4005     -0.4712      1.0986          0.61        0.4334
EDUCATION_C3         G_HIGHSCHOOL               1     -0.5452      0.4401     -1.4078      0.3175          1.53        0.2155
EDUCATION_C3         N_HIGHSCHOOL_GED           0      0.0000      0.0000      0.0000      0.0000           .           .    
PARITY_V1                                       1      0.2920      0.1748     -0.0505      0.6346          2.79        0.0947
EMPLOYEDYN           EMPLOYED                   1     -0.1793      0.3287     -0.8235      0.4649          0.30        0.5854
EMPLOYEDYN           NOT_EMPLOYED               0      0.0000      0.0000      0.0000      0.0000           .           .    
MARITAL_STATUS_C2    COHABITING                 1     -0.4911      0.3231     -1.1243      0.1422          2.31        0.1285
MARITAL_STATUS_C2    SINGLE_OTHER               0      0.0000      0.0000      0.0000      0.0000           .           .    
YRSUS_C3             10+_Years                  1      0.9363      0.4676      0.0199      1.8528          4.01        0.0452
YRSUS_C3             <10_Years                  1      0.6908      0.4585     -0.2078      1.5893          2.27        0.1319
YRSUS_C3             US_BORN                    0      0.0000      0.0000      0.0000      0.0000           .           .    
CIGARETTE_USE_C2     CURRENT_OR_FORMER          1      0.4986      0.4232     -0.3308      1.3280          1.39        0.2387
CIGARETTE_USE_C2     NEVER                      0      0.0000      0.0000      0.0000      0.0000           .           .    
HEI2010_C3           HIGH                       1      0.3532      0.4005     -0.4318      1.1383          0.78        0.3778
HEI2010_C3           MEDIUM                     1     -0.0885      0.3815     -0.8363      0.6592          0.05        0.8165
HEI2010_C3           LOW                        0      0.0000      0.0000      0.0000      0.0000           .           .    
ALCOHOL_USE          CURRENT                    1     -0.0112      0.4364     -0.8666      0.8442          0.00        0.9795
ALCOHOL_USE          FORMER                     1     -0.0482      0.4520     -0.9342      0.8377          0.01        0.9150
ALCOHOL_USE          NEVER                      0      0.0000      0.0000      0.0000      0.0000           .           .    
PAG2008YN            NO                         1     -0.0230      0.3246     -0.6592      0.6133          0.01        0.9436
PAG2008YN            YES                        0      0.0000      0.0000      0.0000      0.0000           .           .    
SLPDUR                                          1      0.2749      0.1213      0.0373      0.5126          5.14        0.0234
Model 3: Model 2 + mental health

Imputation Number=8

The GENMOD Procedure

                                     Analysis Of Maximum Likelihood Parameter Estimates
 
                                                                 Standard     Wald 95% Confidence          Wald
Parameter                                      DF    Estimate       Error           Limits           Chi-Square    Pr > ChiSq

CESD10               DEPRE                      1      0.6497      0.4063     -0.1466      1.4460          2.56        0.1098
CESD10               NODEPRE                    0      0.0000      0.0000      0.0000      0.0000           .           .    
STAI10               ANX                        1     -0.0769      0.3797     -0.8211      0.6672          0.04        0.8394
STAI10               NOANX                      0      0.0000      0.0000      0.0000      0.0000           .           .    
Scale                                           0      1.0000      0.0000      1.0000      1.0000                            

NOTE: The scale parameter was held fixed.
Model 3: Model 2 + mental health

Imputation Number=9

The GENMOD Procedure

                      Model Information

Data Set              WORK.IMPDB                             
Distribution            Binomial                             
Link Function              Logit                             
Dependent Variable     BMIPCT_C2    Respondent is Overweight 
                                    or Obese                 


Number of Observations Read         227
Number of Observations Used         227
Number of Events                    102
Number of Trials                    227


                              Class Level Information
 
Class                  Levels    Values

CENTERNUM                   4    CHICAGO MIAMI SAN DIEGO BRONX                     
BKGRD1_C3NOMISS             3    CARIBBEAN SC_OTHER MEXICAN                        
MARITAL_STATUS_C2           2    COHABITING SINGLE_OTHER                           
EMPLOYEDYN                  2    EMPLOYED NOT_EMPLOYED                             
EDUCATION_C3                3    AT_MOST_HIGHSCHOOL_GED G_HIGHSCHOOL               
                                 N_HIGHSCHOOL_GED                                  
N_HC                        2    YES NO                                            
YRSUS_C3                    3    10+_Years <10_Years US_BORN                       
CIGARETTE_USE_C2            2    CURRENT_OR_FORMER NEVER                           
ALCOHOL_USE                 3    CURRENT FORMER NEVER                              
PAG2008YN                   2    NO YES                                            
HEI2010_C3                  3    HIGH MEDIUM LOW                                   
CESD10                      2    DEPRE NODEPRE                                     
STAI10                      2    ANX NOANX                                         
BMIPCT_C2                   2    OVERWEIGHT OR OBESE NORMAL                        


              Response Profile
 
 Ordered                               Total
   Value    BMIPCT_C2              Frequency

       1    OVERWEIGHT OR OBESE          102
       2    NORMAL                       125

PROC GENMOD is modeling the probability that BMIPCT_C2='OVERWEIGHT OR OBESE'. One way to change this to model the probability that BMIPCT_C2='NORMAL' is to specify the 
DESCENDING option in the PROC statement.


Model 3: Model 2 + mental health

Imputation Number=9

The GENMOD Procedure

             Criteria For Assessing Goodness Of Fit
 
Criterion                     DF           Value        Value/DF

Log Likelihood                         -138.8536                
Full Log Likelihood                    -138.8536                
AIC (smaller is better)                 327.7072                
AICC (smaller is better)                334.1749                
BIC (smaller is better)                 413.3310                


Algorithm converged.                                                       


                                     Analysis Of Maximum Likelihood Parameter Estimates
 
                                                                 Standard     Wald 95% Confidence          Wald
Parameter                                      DF    Estimate       Error           Limits           Chi-Square    Pr > ChiSq

Intercept                                       1     -5.9370      2.3341    -10.5117     -1.3623          6.47        0.0110
CENTERNUM            CHICAGO                    1      0.2062      0.5610     -0.8933      1.3057          0.14        0.7132
CENTERNUM            MIAMI                      1     -0.6768      0.5274     -1.7104      0.3568          1.65        0.1994
CENTERNUM            SAN DIEGO                  1      0.1686      0.6350     -1.0760      1.4132          0.07        0.7906
CENTERNUM            BRONX                      0      0.0000      0.0000      0.0000      0.0000           .           .    
YRS_BTWN_V1FLOR                                 1      0.1359      0.1339     -0.1265      0.3984          1.03        0.3100
AGE                                             1      0.0264      0.0358     -0.0439      0.0966          0.54        0.4623
BKGRD1_C3NOMISS      CARIBBEAN                  1      1.0363      0.5943     -0.1285      2.2011          3.04        0.0812
BKGRD1_C3NOMISS      SC_OTHER                   1      0.6754      0.5548     -0.4120      1.7627          1.48        0.2234
BKGRD1_C3NOMISS      MEXICAN                    0      0.0000      0.0000      0.0000      0.0000           .           .    
N_HC                 YES                        1      0.5197      0.3655     -0.1967      1.2361          2.02        0.1551
N_HC                 NO                         0      0.0000      0.0000      0.0000      0.0000           .           .    
EDUCATION_C3         AT_MOST_HIGHSCHOOL_GED     1      0.2295      0.3991     -0.5529      1.0118          0.33        0.5654
EDUCATION_C3         G_HIGHSCHOOL               1     -0.6350      0.4414     -1.5001      0.2301          2.07        0.1502
EDUCATION_C3         N_HIGHSCHOOL_GED           0      0.0000      0.0000      0.0000      0.0000           .           .    
PARITY_V1                                       1      0.2765      0.1736     -0.0636      0.6167          2.54        0.1111
EMPLOYEDYN           EMPLOYED                   1      0.0533      0.3267     -0.5870      0.6937          0.03        0.8703
EMPLOYEDYN           NOT_EMPLOYED               0      0.0000      0.0000      0.0000      0.0000           .           .    
MARITAL_STATUS_C2    COHABITING                 1     -0.4526      0.3236     -1.0869      0.1817          1.96        0.1619
MARITAL_STATUS_C2    SINGLE_OTHER               0      0.0000      0.0000      0.0000      0.0000           .           .    
YRSUS_C3             10+_Years                  1      0.9272      0.4688      0.0084      1.8460          3.91        0.0480
YRSUS_C3             <10_Years                  1      0.6489      0.4588     -0.2504      1.5481          2.00        0.1573
YRSUS_C3             US_BORN                    0      0.0000      0.0000      0.0000      0.0000           .           .    
CIGARETTE_USE_C2     CURRENT_OR_FORMER          1      0.4638      0.4289     -0.3768      1.3044          1.17        0.2795
CIGARETTE_USE_C2     NEVER                      0      0.0000      0.0000      0.0000      0.0000           .           .    
HEI2010_C3           HIGH                       1      0.3470      0.3974     -0.4319      1.1259          0.76        0.3825
HEI2010_C3           MEDIUM                     1     -0.0878      0.3854     -0.8432      0.6675          0.05        0.8197
HEI2010_C3           LOW                        0      0.0000      0.0000      0.0000      0.0000           .           .    
ALCOHOL_USE          CURRENT                    1      0.0308      0.4452     -0.8418      0.9034          0.00        0.9448
ALCOHOL_USE          FORMER                     1     -0.0269      0.4583     -0.9252      0.8714          0.00        0.9532
ALCOHOL_USE          NEVER                      0      0.0000      0.0000      0.0000      0.0000           .           .    
PAG2008YN            NO                         1      0.4348      0.3382     -0.2280      1.0977          1.65        0.1985
PAG2008YN            YES                        0      0.0000      0.0000      0.0000      0.0000           .           .    
SLPDUR                                          1      0.2125      0.1188     -0.0203      0.4453          3.20        0.0736
Model 3: Model 2 + mental health

Imputation Number=9

The GENMOD Procedure

                                     Analysis Of Maximum Likelihood Parameter Estimates
 
                                                                 Standard     Wald 95% Confidence          Wald
Parameter                                      DF    Estimate       Error           Limits           Chi-Square    Pr > ChiSq

CESD10               DEPRE                      1      0.6027      0.4121     -0.2050      1.4104          2.14        0.1436
CESD10               NODEPRE                    0      0.0000      0.0000      0.0000      0.0000           .           .    
STAI10               ANX                        1     -0.1180      0.3843     -0.8713      0.6352          0.09        0.7588
STAI10               NOANX                      0      0.0000      0.0000      0.0000      0.0000           .           .    
Scale                                           0      1.0000      0.0000      1.0000      1.0000                            

NOTE: The scale parameter was held fixed.
Model 3: Model 2 + mental health

Imputation Number=10

The GENMOD Procedure

                      Model Information

Data Set              WORK.IMPDB                             
Distribution            Binomial                             
Link Function              Logit                             
Dependent Variable     BMIPCT_C2    Respondent is Overweight 
                                    or Obese                 


Number of Observations Read         227
Number of Observations Used         227
Number of Events                    102
Number of Trials                    227


                              Class Level Information
 
Class                  Levels    Values

CENTERNUM                   4    CHICAGO MIAMI SAN DIEGO BRONX                     
BKGRD1_C3NOMISS             3    CARIBBEAN SC_OTHER MEXICAN                        
MARITAL_STATUS_C2           2    COHABITING SINGLE_OTHER                           
EMPLOYEDYN                  2    EMPLOYED NOT_EMPLOYED                             
EDUCATION_C3                3    AT_MOST_HIGHSCHOOL_GED G_HIGHSCHOOL               
                                 N_HIGHSCHOOL_GED                                  
N_HC                        2    YES NO                                            
YRSUS_C3                    3    10+_Years <10_Years US_BORN                       
CIGARETTE_USE_C2            2    CURRENT_OR_FORMER NEVER                           
ALCOHOL_USE                 3    CURRENT FORMER NEVER                              
PAG2008YN                   2    NO YES                                            
HEI2010_C3                  3    HIGH MEDIUM LOW                                   
CESD10                      2    DEPRE NODEPRE                                     
STAI10                      2    ANX NOANX                                         
BMIPCT_C2                   2    OVERWEIGHT OR OBESE NORMAL                        


              Response Profile
 
 Ordered                               Total
   Value    BMIPCT_C2              Frequency

       1    OVERWEIGHT OR OBESE          102
       2    NORMAL                       125

PROC GENMOD is modeling the probability that BMIPCT_C2='OVERWEIGHT OR OBESE'. One way to change this to model the probability that BMIPCT_C2='NORMAL' is to specify the 
DESCENDING option in the PROC statement.


Model 3: Model 2 + mental health

Imputation Number=10

The GENMOD Procedure

             Criteria For Assessing Goodness Of Fit
 
Criterion                     DF           Value        Value/DF

Log Likelihood                         -136.7137                
Full Log Likelihood                    -136.7137                
AIC (smaller is better)                 323.4274                
AICC (smaller is better)                329.8951                
BIC (smaller is better)                 409.0512                


Algorithm converged.                                                       


                                     Analysis Of Maximum Likelihood Parameter Estimates
 
                                                                 Standard     Wald 95% Confidence          Wald
Parameter                                      DF    Estimate       Error           Limits           Chi-Square    Pr > ChiSq

Intercept                                       1     -7.2372      2.4443    -12.0279     -2.4465          8.77        0.0031
CENTERNUM            CHICAGO                    1      0.2225      0.5551     -0.8655      1.3105          0.16        0.6886
CENTERNUM            MIAMI                      1     -0.6207      0.5158     -1.6317      0.3903          1.45        0.2289
CENTERNUM            SAN DIEGO                  1      0.1744      0.6336     -1.0674      1.4162          0.08        0.7831
CENTERNUM            BRONX                      0      0.0000      0.0000      0.0000      0.0000           .           .    
YRS_BTWN_V1FLOR                                 1      0.1518      0.1364     -0.1156      0.4191          1.24        0.2659
AGE                                             1      0.0374      0.0363     -0.0338      0.1087          1.06        0.3032
BKGRD1_C3NOMISS      CARIBBEAN                  1      1.0474      0.5976     -0.1240      2.2188          3.07        0.0797
BKGRD1_C3NOMISS      SC_OTHER                   1      0.7415      0.5639     -0.3637      1.8467          1.73        0.1885
BKGRD1_C3NOMISS      MEXICAN                    0      0.0000      0.0000      0.0000      0.0000           .           .    
N_HC                 YES                        1      0.5988      0.3705     -0.1274      1.3249          2.61        0.1061
N_HC                 NO                         0      0.0000      0.0000      0.0000      0.0000           .           .    
EDUCATION_C3         AT_MOST_HIGHSCHOOL_GED     1      0.3638      0.4018     -0.4238      1.1514          0.82        0.3653
EDUCATION_C3         G_HIGHSCHOOL               1     -0.6296      0.4522     -1.5158      0.2567          1.94        0.1638
EDUCATION_C3         N_HIGHSCHOOL_GED           0      0.0000      0.0000      0.0000      0.0000           .           .    
PARITY_V1                                       1      0.2928      0.1734     -0.0472      0.6327          2.85        0.0914
EMPLOYEDYN           EMPLOYED                   1      0.0192      0.3353     -0.6380      0.6764          0.00        0.9543
EMPLOYEDYN           NOT_EMPLOYED               0      0.0000      0.0000      0.0000      0.0000           .           .    
MARITAL_STATUS_C2    COHABITING                 1     -0.4806      0.3275     -1.1224      0.1612          2.15        0.1422
MARITAL_STATUS_C2    SINGLE_OTHER               0      0.0000      0.0000      0.0000      0.0000           .           .    
YRSUS_C3             10+_Years                  1      0.8861      0.4708     -0.0366      1.8088          3.54        0.0598
YRSUS_C3             <10_Years                  1      0.5984      0.4605     -0.3041      1.5010          1.69        0.1938
YRSUS_C3             US_BORN                    0      0.0000      0.0000      0.0000      0.0000           .           .    
CIGARETTE_USE_C2     CURRENT_OR_FORMER          1      0.4362      0.4297     -0.4059      1.2784          1.03        0.3100
CIGARETTE_USE_C2     NEVER                      0      0.0000      0.0000      0.0000      0.0000           .           .    
HEI2010_C3           HIGH                       1      0.3287      0.4049     -0.4649      1.1222          0.66        0.4169
HEI2010_C3           MEDIUM                     1     -0.1487      0.3865     -0.9062      0.6089          0.15        0.7005
HEI2010_C3           LOW                        0      0.0000      0.0000      0.0000      0.0000           .           .    
ALCOHOL_USE          CURRENT                    1      0.0864      0.4483     -0.7922      0.9650          0.04        0.8472
ALCOHOL_USE          FORMER                     1      0.0201      0.4631     -0.8876      0.9277          0.00        0.9655
ALCOHOL_USE          NEVER                      0      0.0000      0.0000      0.0000      0.0000           .           .    
PAG2008YN            NO                         1      0.4333      0.3299     -0.2133      1.0798          1.73        0.1890
PAG2008YN            YES                        0      0.0000      0.0000      0.0000      0.0000           .           .    
SLPDUR                                          1      0.3020      0.1218      0.0633      0.5407          6.15        0.0131
Model 3: Model 2 + mental health

Imputation Number=10

The GENMOD Procedure

                                     Analysis Of Maximum Likelihood Parameter Estimates
 
                                                                 Standard     Wald 95% Confidence          Wald
Parameter                                      DF    Estimate       Error           Limits           Chi-Square    Pr > ChiSq

CESD10               DEPRE                      1      0.6590      0.4147     -0.1538      1.4718          2.53        0.1120
CESD10               NODEPRE                    0      0.0000      0.0000      0.0000      0.0000           .           .    
STAI10               ANX                        1     -0.1515      0.3794     -0.8951      0.5922          0.16        0.6898
STAI10               NOANX                      0      0.0000      0.0000      0.0000      0.0000           .           .    
Scale                                           0      1.0000      0.0000      1.0000      1.0000                            

NOTE: The scale parameter was held fixed.
Model 4: Model 3 + PRS

Imputation Number=1

The GENMOD Procedure

                      Model Information

Data Set              WORK.IMPDB                             
Distribution            Binomial                             
Link Function              Logit                             
Dependent Variable     BMIPCT_C2    Respondent is Overweight 
                                    or Obese                 


Number of Observations Read         227
Number of Observations Used         227
Number of Events                    102
Number of Trials                    227


                              Class Level Information
 
Class                  Levels    Values

CENTERNUM                   4    CHICAGO MIAMI SAN DIEGO BRONX                     
BKGRD1_C3NOMISS             3    CARIBBEAN SC_OTHER MEXICAN                        
MARITAL_STATUS_C2           2    COHABITING SINGLE_OTHER                           
EMPLOYEDYN                  2    EMPLOYED NOT_EMPLOYED                             
EDUCATION_C3                3    AT_MOST_HIGHSCHOOL_GED G_HIGHSCHOOL               
                                 N_HIGHSCHOOL_GED                                  
N_HC                        2    YES NO                                            
YRSUS_C3                    3    10+_Years <10_Years US_BORN                       
CIGARETTE_USE_C2            2    CURRENT_OR_FORMER NEVER                           
ALCOHOL_USE                 3    CURRENT FORMER NEVER                              
PAG2008YN                   2    NO YES                                            
HEI2010_C3                  3    HIGH MEDIUM LOW                                   
CESD10                      2    DEPRE NODEPRE                                     
STAI10                      2    ANX NOANX                                         
BMIPCT_C2                   2    OVERWEIGHT OR OBESE NORMAL                        


              Response Profile
 
 Ordered                               Total
   Value    BMIPCT_C2              Frequency

       1    OVERWEIGHT OR OBESE          102
       2    NORMAL                       125

PROC GENMOD is modeling the probability that BMIPCT_C2='OVERWEIGHT OR OBESE'. One way to change this to model the probability that BMIPCT_C2='NORMAL' is to specify the 
DESCENDING option in the PROC statement.


Model 4: Model 3 + PRS

Imputation Number=1

The GENMOD Procedure

             Criteria For Assessing Goodness Of Fit
 
Criterion                     DF           Value        Value/DF

Log Likelihood                         -129.4694                
Full Log Likelihood                    -129.4694                
AIC (smaller is better)                 310.9388                
AICC (smaller is better)                317.9588                
BIC (smaller is better)                 399.9875                


Algorithm converged.                                                       


                                     Analysis Of Maximum Likelihood Parameter Estimates
 
                                                                 Standard     Wald 95% Confidence          Wald
Parameter                                      DF    Estimate       Error           Limits           Chi-Square    Pr > ChiSq

Intercept                                       1     -8.5374      2.5641    -13.5629     -3.5119         11.09        0.0009
CENTERNUM            CHICAGO                    1      0.3090      0.5706     -0.8094      1.4274          0.29        0.5882
CENTERNUM            MIAMI                      1     -0.4362      0.5439     -1.5022      0.6297          0.64        0.4225
CENTERNUM            SAN DIEGO                  1      0.4079      0.6525     -0.8709      1.6868          0.39        0.5319
CENTERNUM            BRONX                      0      0.0000      0.0000      0.0000      0.0000           .           .    
YRS_BTWN_V1FLOR                                 1      0.1467      0.1397     -0.1272      0.4206          1.10        0.2939
AGE                                             1      0.0401      0.0384     -0.0352      0.1155          1.09        0.2964
BKGRD1_C3NOMISS      CARIBBEAN                  1      1.1533      0.6093     -0.0409      2.3476          3.58        0.0584
BKGRD1_C3NOMISS      SC_OTHER                   1      0.5270      0.5680     -0.5864      1.6403          0.86        0.3536
BKGRD1_C3NOMISS      MEXICAN                    0      0.0000      0.0000      0.0000      0.0000           .           .    
N_HC                 YES                        1      0.5574      0.3899     -0.2067      1.3215          2.04        0.1528
N_HC                 NO                         0      0.0000      0.0000      0.0000      0.0000           .           .    
EDUCATION_C3         AT_MOST_HIGHSCHOOL_GED     1      0.4790      0.4222     -0.3485      1.3065          1.29        0.2566
EDUCATION_C3         G_HIGHSCHOOL               1     -0.2835      0.4681     -1.2010      0.6340          0.37        0.5447
EDUCATION_C3         N_HIGHSCHOOL_GED           0      0.0000      0.0000      0.0000      0.0000           .           .    
PARITY_V1                                       1      0.3702      0.1843      0.0090      0.7314          4.04        0.0446
EMPLOYEDYN           EMPLOYED                   1     -0.1873      0.3452     -0.8638      0.4892          0.29        0.5874
EMPLOYEDYN           NOT_EMPLOYED               0      0.0000      0.0000      0.0000      0.0000           .           .    
MARITAL_STATUS_C2    COHABITING                 1     -0.5570      0.3377     -1.2190      0.1049          2.72        0.0991
MARITAL_STATUS_C2    SINGLE_OTHER               0      0.0000      0.0000      0.0000      0.0000           .           .    
YRSUS_C3             10+_Years                  1      1.0551      0.4909      0.0929      2.0172          4.62        0.0316
YRSUS_C3             <10_Years                  1      0.6767      0.4789     -0.2619      1.6154          2.00        0.1576
YRSUS_C3             US_BORN                    0      0.0000      0.0000      0.0000      0.0000           .           .    
CIGARETTE_USE_C2     CURRENT_OR_FORMER          1      0.5829      0.4470     -0.2933      1.4591          1.70        0.1923
CIGARETTE_USE_C2     NEVER                      0      0.0000      0.0000      0.0000      0.0000           .           .    
HEI2010_C3           HIGH                       1      0.1947      0.4188     -0.6262      1.0156          0.22        0.6420
HEI2010_C3           MEDIUM                     1     -0.3609      0.4057     -1.1560      0.4342          0.79        0.3737
HEI2010_C3           LOW                        0      0.0000      0.0000      0.0000      0.0000           .           .    
ALCOHOL_USE          CURRENT                    1      0.3417      0.4718     -0.5831      1.2664          0.52        0.4690
ALCOHOL_USE          FORMER                     1      0.0696      0.4819     -0.8750      1.0142          0.02        0.8852
ALCOHOL_USE          NEVER                      0      0.0000      0.0000      0.0000      0.0000           .           .    
PAG2008YN            NO                         1      0.4695      0.3483     -0.2132      1.1522          1.82        0.1777
PAG2008YN            YES                        0      0.0000      0.0000      0.0000      0.0000           .           .    
SLPDUR                                          1      0.3041      0.1236      0.0618      0.5463          6.05        0.0139
Model 4: Model 3 + PRS

Imputation Number=1

The GENMOD Procedure

                                     Analysis Of Maximum Likelihood Parameter Estimates
 
                                                                 Standard     Wald 95% Confidence          Wald
Parameter                                      DF    Estimate       Error           Limits           Chi-Square    Pr > ChiSq

CESD10               DEPRE                      1      0.5504      0.4303     -0.2930      1.3938          1.64        0.2009
CESD10               NODEPRE                    0      0.0000      0.0000      0.0000      0.0000           .           .    
STAI10               ANX                        1     -0.1589      0.4054     -0.9534      0.6355          0.15        0.6950
STAI10               NOANX                      0      0.0000      0.0000      0.0000      0.0000           .           .    
CHILD_PRS_BMI_A                                 1      1.8456      0.4789      0.9071      2.7842         14.85        0.0001
Scale                                           0      1.0000      0.0000      1.0000      1.0000                            

NOTE: The scale parameter was held fixed.
Model 4: Model 3 + PRS

Imputation Number=2

The GENMOD Procedure

                      Model Information

Data Set              WORK.IMPDB                             
Distribution            Binomial                             
Link Function              Logit                             
Dependent Variable     BMIPCT_C2    Respondent is Overweight 
                                    or Obese                 


Number of Observations Read         227
Number of Observations Used         227
Number of Events                    102
Number of Trials                    227


                              Class Level Information
 
Class                  Levels    Values

CENTERNUM                   4    CHICAGO MIAMI SAN DIEGO BRONX                     
BKGRD1_C3NOMISS             3    CARIBBEAN SC_OTHER MEXICAN                        
MARITAL_STATUS_C2           2    COHABITING SINGLE_OTHER                           
EMPLOYEDYN                  2    EMPLOYED NOT_EMPLOYED                             
EDUCATION_C3                3    AT_MOST_HIGHSCHOOL_GED G_HIGHSCHOOL               
                                 N_HIGHSCHOOL_GED                                  
N_HC                        2    YES NO                                            
YRSUS_C3                    3    10+_Years <10_Years US_BORN                       
CIGARETTE_USE_C2            2    CURRENT_OR_FORMER NEVER                           
ALCOHOL_USE                 3    CURRENT FORMER NEVER                              
PAG2008YN                   2    NO YES                                            
HEI2010_C3                  3    HIGH MEDIUM LOW                                   
CESD10                      2    DEPRE NODEPRE                                     
STAI10                      2    ANX NOANX                                         
BMIPCT_C2                   2    OVERWEIGHT OR OBESE NORMAL                        


              Response Profile
 
 Ordered                               Total
   Value    BMIPCT_C2              Frequency

       1    OVERWEIGHT OR OBESE          102
       2    NORMAL                       125

PROC GENMOD is modeling the probability that BMIPCT_C2='OVERWEIGHT OR OBESE'. One way to change this to model the probability that BMIPCT_C2='NORMAL' is to specify the 
DESCENDING option in the PROC statement.


Model 4: Model 3 + PRS

Imputation Number=2

The GENMOD Procedure

             Criteria For Assessing Goodness Of Fit
 
Criterion                     DF           Value        Value/DF

Log Likelihood                         -130.8063                
Full Log Likelihood                    -130.8063                
AIC (smaller is better)                 313.6125                
AICC (smaller is better)                320.6325                
BIC (smaller is better)                 402.6612                


Algorithm converged.                                                       


                                     Analysis Of Maximum Likelihood Parameter Estimates
 
                                                                 Standard     Wald 95% Confidence          Wald
Parameter                                      DF    Estimate       Error           Limits           Chi-Square    Pr > ChiSq

Intercept                                       1     -7.5444      2.5378    -12.5183     -2.5705          8.84        0.0030
CENTERNUM            CHICAGO                    1      0.2104      0.5694     -0.9056      1.3264          0.14        0.7117
CENTERNUM            MIAMI                      1     -0.4377      0.5350     -1.4863      0.6109          0.67        0.4133
CENTERNUM            SAN DIEGO                  1      0.2692      0.6614     -1.0270      1.5655          0.17        0.6839
CENTERNUM            BRONX                      0      0.0000      0.0000      0.0000      0.0000           .           .    
YRS_BTWN_V1FLOR                                 1      0.1034      0.1384     -0.1678      0.3747          0.56        0.4548
AGE                                             1      0.0365      0.0377     -0.0374      0.1103          0.94        0.3333
BKGRD1_C3NOMISS      CARIBBEAN                  1      1.0136      0.6067     -0.1755      2.2027          2.79        0.0948
BKGRD1_C3NOMISS      SC_OTHER                   1      0.3944      0.5740     -0.7307      1.5195          0.47        0.4920
BKGRD1_C3NOMISS      MEXICAN                    0      0.0000      0.0000      0.0000      0.0000           .           .    
N_HC                 YES                        1      0.5557      0.3853     -0.1995      1.3109          2.08        0.1493
N_HC                 NO                         0      0.0000      0.0000      0.0000      0.0000           .           .    
EDUCATION_C3         AT_MOST_HIGHSCHOOL_GED     1      0.4388      0.4176     -0.3796      1.2573          1.10        0.2933
EDUCATION_C3         G_HIGHSCHOOL               1     -0.2595      0.4626     -1.1662      0.6471          0.31        0.5748
EDUCATION_C3         N_HIGHSCHOOL_GED           0      0.0000      0.0000      0.0000      0.0000           .           .    
PARITY_V1                                       1      0.3531      0.1826     -0.0048      0.7110          3.74        0.0532
EMPLOYEDYN           EMPLOYED                   1     -0.0905      0.3475     -0.7715      0.5906          0.07        0.7946
EMPLOYEDYN           NOT_EMPLOYED               0      0.0000      0.0000      0.0000      0.0000           .           .    
MARITAL_STATUS_C2    COHABITING                 1     -0.5011      0.3371     -1.1619      0.1597          2.21        0.1372
MARITAL_STATUS_C2    SINGLE_OTHER               0      0.0000      0.0000      0.0000      0.0000           .           .    
YRSUS_C3             10+_Years                  1      0.8736      0.4846     -0.0762      1.8235          3.25        0.0714
YRSUS_C3             <10_Years                  1      0.5074      0.4783     -0.4300      1.4448          1.13        0.2887
YRSUS_C3             US_BORN                    0      0.0000      0.0000      0.0000      0.0000           .           .    
CIGARETTE_USE_C2     CURRENT_OR_FORMER          1      0.7331      0.4451     -0.1393      1.6055          2.71        0.0996
CIGARETTE_USE_C2     NEVER                      0      0.0000      0.0000      0.0000      0.0000           .           .    
HEI2010_C3           HIGH                       1      0.3410      0.4169     -0.4761      1.1582          0.67        0.4134
HEI2010_C3           MEDIUM                     1     -0.2326      0.4006     -1.0177      0.5524          0.34        0.5614
HEI2010_C3           LOW                        0      0.0000      0.0000      0.0000      0.0000           .           .    
ALCOHOL_USE          CURRENT                    1      0.1393      0.4588     -0.7599      1.0384          0.09        0.7614
ALCOHOL_USE          FORMER                     1     -0.0519      0.4734     -0.9797      0.8759          0.01        0.9127
ALCOHOL_USE          NEVER                      0      0.0000      0.0000      0.0000      0.0000           .           .    
PAG2008YN            NO                         1      0.2042      0.3473     -0.4766      0.8849          0.35        0.5566
PAG2008YN            YES                        0      0.0000      0.0000      0.0000      0.0000           .           .    
SLPDUR                                          1      0.2914      0.1225      0.0513      0.5315          5.66        0.0174
Model 4: Model 3 + PRS

Imputation Number=2

The GENMOD Procedure

                                     Analysis Of Maximum Likelihood Parameter Estimates
 
                                                                 Standard     Wald 95% Confidence          Wald
Parameter                                      DF    Estimate       Error           Limits           Chi-Square    Pr > ChiSq

CESD10               DEPRE                      1      0.4774      0.4176     -0.3412      1.2959          1.31        0.2530
CESD10               NODEPRE                    0      0.0000      0.0000      0.0000      0.0000           .           .    
STAI10               ANX                        1     -0.0080      0.3876     -0.7676      0.7517          0.00        0.9836
STAI10               NOANX                      0      0.0000      0.0000      0.0000      0.0000           .           .    
CHILD_PRS_BMI_A                                 1      1.8863      0.4776      0.9503      2.8223         15.60        <.0001
Scale                                           0      1.0000      0.0000      1.0000      1.0000                            

NOTE: The scale parameter was held fixed.
Model 4: Model 3 + PRS

Imputation Number=3

The GENMOD Procedure

                      Model Information

Data Set              WORK.IMPDB                             
Distribution            Binomial                             
Link Function              Logit                             
Dependent Variable     BMIPCT_C2    Respondent is Overweight 
                                    or Obese                 


Number of Observations Read         227
Number of Observations Used         227
Number of Events                    102
Number of Trials                    227


                              Class Level Information
 
Class                  Levels    Values

CENTERNUM                   4    CHICAGO MIAMI SAN DIEGO BRONX                     
BKGRD1_C3NOMISS             3    CARIBBEAN SC_OTHER MEXICAN                        
MARITAL_STATUS_C2           2    COHABITING SINGLE_OTHER                           
EMPLOYEDYN                  2    EMPLOYED NOT_EMPLOYED                             
EDUCATION_C3                3    AT_MOST_HIGHSCHOOL_GED G_HIGHSCHOOL               
                                 N_HIGHSCHOOL_GED                                  
N_HC                        2    YES NO                                            
YRSUS_C3                    3    10+_Years <10_Years US_BORN                       
CIGARETTE_USE_C2            2    CURRENT_OR_FORMER NEVER                           
ALCOHOL_USE                 3    CURRENT FORMER NEVER                              
PAG2008YN                   2    NO YES                                            
HEI2010_C3                  3    HIGH MEDIUM LOW                                   
CESD10                      2    DEPRE NODEPRE                                     
STAI10                      2    ANX NOANX                                         
BMIPCT_C2                   2    OVERWEIGHT OR OBESE NORMAL                        


              Response Profile
 
 Ordered                               Total
   Value    BMIPCT_C2              Frequency

       1    OVERWEIGHT OR OBESE          102
       2    NORMAL                       125

PROC GENMOD is modeling the probability that BMIPCT_C2='OVERWEIGHT OR OBESE'. One way to change this to model the probability that BMIPCT_C2='NORMAL' is to specify the 
DESCENDING option in the PROC statement.


Model 4: Model 3 + PRS

Imputation Number=3

The GENMOD Procedure

             Criteria For Assessing Goodness Of Fit
 
Criterion                     DF           Value        Value/DF

Log Likelihood                         -130.9339                
Full Log Likelihood                    -130.9339                
AIC (smaller is better)                 313.8678                
AICC (smaller is better)                320.8878                
BIC (smaller is better)                 402.9165                


Algorithm converged.                                                       


                                     Analysis Of Maximum Likelihood Parameter Estimates
 
                                                                 Standard     Wald 95% Confidence          Wald
Parameter                                      DF    Estimate       Error           Limits           Chi-Square    Pr > ChiSq

Intercept                                       1     -7.7781      2.5097    -12.6971     -2.8591          9.60        0.0019
CENTERNUM            CHICAGO                    1      0.4191      0.5603     -0.6792      1.5174          0.56        0.4545
CENTERNUM            MIAMI                      1     -0.2621      0.5368     -1.3143      0.7900          0.24        0.6253
CENTERNUM            SAN DIEGO                  1      0.5180      0.6503     -0.7565      1.7925          0.63        0.4257
CENTERNUM            BRONX                      0      0.0000      0.0000      0.0000      0.0000           .           .    
YRS_BTWN_V1FLOR                                 1      0.1351      0.1386     -0.1365      0.4068          0.95        0.3295
AGE                                             1      0.0316      0.0379     -0.0427      0.1060          0.69        0.4046
BKGRD1_C3NOMISS      CARIBBEAN                  1      1.0990      0.6006     -0.0782      2.2762          3.35        0.0673
BKGRD1_C3NOMISS      SC_OTHER                   1      0.4340      0.5598     -0.6632      1.5312          0.60        0.4382
BKGRD1_C3NOMISS      MEXICAN                    0      0.0000      0.0000      0.0000      0.0000           .           .    
N_HC                 YES                        1      0.6488      0.3864     -0.1085      1.4062          2.82        0.0931
N_HC                 NO                         0      0.0000      0.0000      0.0000      0.0000           .           .    
EDUCATION_C3         AT_MOST_HIGHSCHOOL_GED     1      0.4580      0.4167     -0.3588      1.2747          1.21        0.2718
EDUCATION_C3         G_HIGHSCHOOL               1     -0.4472      0.4677     -1.3639      0.4694          0.91        0.3389
EDUCATION_C3         N_HIGHSCHOOL_GED           0      0.0000      0.0000      0.0000      0.0000           .           .    
PARITY_V1                                       1      0.3920      0.1830      0.0333      0.7507          4.59        0.0322
EMPLOYEDYN           EMPLOYED                   1     -0.1199      0.3439     -0.7938      0.5541          0.12        0.7274
EMPLOYEDYN           NOT_EMPLOYED               0      0.0000      0.0000      0.0000      0.0000           .           .    
MARITAL_STATUS_C2    COHABITING                 1     -0.5516      0.3369     -1.2119      0.1088          2.68        0.1016
MARITAL_STATUS_C2    SINGLE_OTHER               0      0.0000      0.0000      0.0000      0.0000           .           .    
YRSUS_C3             10+_Years                  1      0.9992      0.4819      0.0547      1.9438          4.30        0.0381
YRSUS_C3             <10_Years                  1      0.7256      0.4710     -0.1975      1.6487          2.37        0.1234
YRSUS_C3             US_BORN                    0      0.0000      0.0000      0.0000      0.0000           .           .    
CIGARETTE_USE_C2     CURRENT_OR_FORMER          1      0.6232      0.4462     -0.2514      1.4978          1.95        0.1625
CIGARETTE_USE_C2     NEVER                      0      0.0000      0.0000      0.0000      0.0000           .           .    
HEI2010_C3           HIGH                       1      0.3513      0.4115     -0.4552      1.1577          0.73        0.3933
HEI2010_C3           MEDIUM                     1     -0.2842      0.4062     -1.0803      0.5119          0.49        0.4842
HEI2010_C3           LOW                        0      0.0000      0.0000      0.0000      0.0000           .           .    
ALCOHOL_USE          CURRENT                    1      0.2336      0.4626     -0.6731      1.1403          0.26        0.6136
ALCOHOL_USE          FORMER                     1     -0.0199      0.4734     -0.9478      0.9079          0.00        0.9665
ALCOHOL_USE          NEVER                      0      0.0000      0.0000      0.0000      0.0000           .           .    
PAG2008YN            NO                         1     -0.1512      0.3449     -0.8273      0.5248          0.19        0.6610
PAG2008YN            YES                        0      0.0000      0.0000      0.0000      0.0000           .           .    
SLPDUR                                          1      0.2941      0.1243      0.0505      0.5378          5.60        0.0180
Model 4: Model 3 + PRS

Imputation Number=3

The GENMOD Procedure

                                     Analysis Of Maximum Likelihood Parameter Estimates
 
                                                                 Standard     Wald 95% Confidence          Wald
Parameter                                      DF    Estimate       Error           Limits           Chi-Square    Pr > ChiSq

CESD10               DEPRE                      1      0.4970      0.4290     -0.3438      1.3378          1.34        0.2467
CESD10               NODEPRE                    0      0.0000      0.0000      0.0000      0.0000           .           .    
STAI10               ANX                        1     -0.1444      0.3960     -0.9205      0.6317          0.13        0.7154
STAI10               NOANX                      0      0.0000      0.0000      0.0000      0.0000           .           .    
CHILD_PRS_BMI_A                                 1      1.7740      0.4720      0.8489      2.6990         14.13        0.0002
Scale                                           0      1.0000      0.0000      1.0000      1.0000                            

NOTE: The scale parameter was held fixed.
Model 4: Model 3 + PRS

Imputation Number=4

The GENMOD Procedure

                      Model Information

Data Set              WORK.IMPDB                             
Distribution            Binomial                             
Link Function              Logit                             
Dependent Variable     BMIPCT_C2    Respondent is Overweight 
                                    or Obese                 


Number of Observations Read         227
Number of Observations Used         227
Number of Events                    102
Number of Trials                    227


                              Class Level Information
 
Class                  Levels    Values

CENTERNUM                   4    CHICAGO MIAMI SAN DIEGO BRONX                     
BKGRD1_C3NOMISS             3    CARIBBEAN SC_OTHER MEXICAN                        
MARITAL_STATUS_C2           2    COHABITING SINGLE_OTHER                           
EMPLOYEDYN                  2    EMPLOYED NOT_EMPLOYED                             
EDUCATION_C3                3    AT_MOST_HIGHSCHOOL_GED G_HIGHSCHOOL               
                                 N_HIGHSCHOOL_GED                                  
N_HC                        2    YES NO                                            
YRSUS_C3                    3    10+_Years <10_Years US_BORN                       
CIGARETTE_USE_C2            2    CURRENT_OR_FORMER NEVER                           
ALCOHOL_USE                 3    CURRENT FORMER NEVER                              
PAG2008YN                   2    NO YES                                            
HEI2010_C3                  3    HIGH MEDIUM LOW                                   
CESD10                      2    DEPRE NODEPRE                                     
STAI10                      2    ANX NOANX                                         
BMIPCT_C2                   2    OVERWEIGHT OR OBESE NORMAL                        


              Response Profile
 
 Ordered                               Total
   Value    BMIPCT_C2              Frequency

       1    OVERWEIGHT OR OBESE          102
       2    NORMAL                       125

PROC GENMOD is modeling the probability that BMIPCT_C2='OVERWEIGHT OR OBESE'. One way to change this to model the probability that BMIPCT_C2='NORMAL' is to specify the 
DESCENDING option in the PROC statement.


Model 4: Model 3 + PRS

Imputation Number=4

The GENMOD Procedure

             Criteria For Assessing Goodness Of Fit
 
Criterion                     DF           Value        Value/DF

Log Likelihood                         -129.3143                
Full Log Likelihood                    -129.3143                
AIC (smaller is better)                 310.6286                
AICC (smaller is better)                317.6486                
BIC (smaller is better)                 399.6773                


Algorithm converged.                                                       


                                     Analysis Of Maximum Likelihood Parameter Estimates
 
                                                                 Standard     Wald 95% Confidence          Wald
Parameter                                      DF    Estimate       Error           Limits           Chi-Square    Pr > ChiSq

Intercept                                       1     -7.6328      2.5080    -12.5484     -2.7172          9.26        0.0023
CENTERNUM            CHICAGO                    1      0.1611      0.5650     -0.9463      1.2685          0.08        0.7756
CENTERNUM            MIAMI                      1     -0.4698      0.5374     -1.5232      0.5835          0.76        0.3820
CENTERNUM            SAN DIEGO                  1      0.1878      0.6489     -1.0841      1.4596          0.08        0.7723
CENTERNUM            BRONX                      0      0.0000      0.0000      0.0000      0.0000           .           .    
YRS_BTWN_V1FLOR                                 1      0.1313      0.1389     -0.1409      0.4035          0.89        0.3444
AGE                                             1      0.0375      0.0379     -0.0368      0.1117          0.98        0.3226
BKGRD1_C3NOMISS      CARIBBEAN                  1      0.9925      0.6071     -0.1974      2.1824          2.67        0.1021
BKGRD1_C3NOMISS      SC_OTHER                   1      0.2982      0.5843     -0.8471      1.4435          0.26        0.6098
BKGRD1_C3NOMISS      MEXICAN                    0      0.0000      0.0000      0.0000      0.0000           .           .    
N_HC                 YES                        1      0.4988      0.3887     -0.2630      1.2607          1.65        0.1994
N_HC                 NO                         0      0.0000      0.0000      0.0000      0.0000           .           .    
EDUCATION_C3         AT_MOST_HIGHSCHOOL_GED     1      0.4917      0.4197     -0.3308      1.3143          1.37        0.2413
EDUCATION_C3         G_HIGHSCHOOL               1     -0.2391      0.4673     -1.1550      0.6769          0.26        0.6090
EDUCATION_C3         N_HIGHSCHOOL_GED           0      0.0000      0.0000      0.0000      0.0000           .           .    
PARITY_V1                                       1      0.3383      0.1835     -0.0213      0.6980          3.40        0.0652
EMPLOYEDYN           EMPLOYED                   1     -0.2475      0.3449     -0.9234      0.4284          0.51        0.4730
EMPLOYEDYN           NOT_EMPLOYED               0      0.0000      0.0000      0.0000      0.0000           .           .    
MARITAL_STATUS_C2    COHABITING                 1     -0.5015      0.3390     -1.1660      0.1629          2.19        0.1390
MARITAL_STATUS_C2    SINGLE_OTHER               0      0.0000      0.0000      0.0000      0.0000           .           .    
YRSUS_C3             10+_Years                  1      0.9061      0.4833     -0.0413      1.8534          3.51        0.0609
YRSUS_C3             <10_Years                  1      0.4914      0.4723     -0.4343      1.4171          1.08        0.2982
YRSUS_C3             US_BORN                    0      0.0000      0.0000      0.0000      0.0000           .           .    
CIGARETTE_USE_C2     CURRENT_OR_FORMER          1      0.5868      0.4477     -0.2907      1.4644          1.72        0.1900
CIGARETTE_USE_C2     NEVER                      0      0.0000      0.0000      0.0000      0.0000           .           .    
HEI2010_C3           HIGH                       1      0.3550      0.4206     -0.4694      1.1795          0.71        0.3987
HEI2010_C3           MEDIUM                     1     -0.1702      0.4068     -0.9675      0.6271          0.18        0.6757
HEI2010_C3           LOW                        0      0.0000      0.0000      0.0000      0.0000           .           .    
ALCOHOL_USE          CURRENT                    1      0.2515      0.4681     -0.6660      1.1689          0.29        0.5911
ALCOHOL_USE          FORMER                     1      0.0072      0.4816     -0.9367      0.9512          0.00        0.9880
ALCOHOL_USE          NEVER                      0      0.0000      0.0000      0.0000      0.0000           .           .    
PAG2008YN            NO                         1      0.5459      0.3357     -0.1121      1.2038          2.64        0.1039
PAG2008YN            YES                        0      0.0000      0.0000      0.0000      0.0000           .           .    
SLPDUR                                          1      0.2565      0.1251      0.0112      0.5018          4.20        0.0404
Model 4: Model 3 + PRS

Imputation Number=4

The GENMOD Procedure

                                     Analysis Of Maximum Likelihood Parameter Estimates
 
                                                                 Standard     Wald 95% Confidence          Wald
Parameter                                      DF    Estimate       Error           Limits           Chi-Square    Pr > ChiSq

CESD10               DEPRE                      1      0.5689      0.4264     -0.2668      1.4047          1.78        0.1821
CESD10               NODEPRE                    0      0.0000      0.0000      0.0000      0.0000           .           .    
STAI10               ANX                        1     -0.1760      0.4023     -0.9646      0.6125          0.19        0.6617
STAI10               NOANX                      0      0.0000      0.0000      0.0000      0.0000           .           .    
CHILD_PRS_BMI_A                                 1      1.8065      0.4695      0.8863      2.7266         14.81        0.0001
Scale                                           0      1.0000      0.0000      1.0000      1.0000                            

NOTE: The scale parameter was held fixed.
Model 4: Model 3 + PRS

Imputation Number=5

The GENMOD Procedure

                      Model Information

Data Set              WORK.IMPDB                             
Distribution            Binomial                             
Link Function              Logit                             
Dependent Variable     BMIPCT_C2    Respondent is Overweight 
                                    or Obese                 


Number of Observations Read         227
Number of Observations Used         227
Number of Events                    102
Number of Trials                    227


                              Class Level Information
 
Class                  Levels    Values

CENTERNUM                   4    CHICAGO MIAMI SAN DIEGO BRONX                     
BKGRD1_C3NOMISS             3    CARIBBEAN SC_OTHER MEXICAN                        
MARITAL_STATUS_C2           2    COHABITING SINGLE_OTHER                           
EMPLOYEDYN                  2    EMPLOYED NOT_EMPLOYED                             
EDUCATION_C3                3    AT_MOST_HIGHSCHOOL_GED G_HIGHSCHOOL               
                                 N_HIGHSCHOOL_GED                                  
N_HC                        2    YES NO                                            
YRSUS_C3                    3    10+_Years <10_Years US_BORN                       
CIGARETTE_USE_C2            2    CURRENT_OR_FORMER NEVER                           
ALCOHOL_USE                 3    CURRENT FORMER NEVER                              
PAG2008YN                   2    NO YES                                            
HEI2010_C3                  3    HIGH MEDIUM LOW                                   
CESD10                      2    DEPRE NODEPRE                                     
STAI10                      2    ANX NOANX                                         
BMIPCT_C2                   2    OVERWEIGHT OR OBESE NORMAL                        


              Response Profile
 
 Ordered                               Total
   Value    BMIPCT_C2              Frequency

       1    OVERWEIGHT OR OBESE          102
       2    NORMAL                       125

PROC GENMOD is modeling the probability that BMIPCT_C2='OVERWEIGHT OR OBESE'. One way to change this to model the probability that BMIPCT_C2='NORMAL' is to specify the 
DESCENDING option in the PROC statement.


Model 4: Model 3 + PRS

Imputation Number=5

The GENMOD Procedure

             Criteria For Assessing Goodness Of Fit
 
Criterion                     DF           Value        Value/DF

Log Likelihood                         -127.8658                
Full Log Likelihood                    -127.8658                
AIC (smaller is better)                 307.7315                
AICC (smaller is better)                314.7515                
BIC (smaller is better)                 396.7802                


Algorithm converged.                                                       


                                     Analysis Of Maximum Likelihood Parameter Estimates
 
                                                                 Standard     Wald 95% Confidence          Wald
Parameter                                      DF    Estimate       Error           Limits           Chi-Square    Pr > ChiSq

Intercept                                       1     -8.8510      2.6455    -14.0361     -3.6659         11.19        0.0008
CENTERNUM            CHICAGO                    1      0.3770      0.5619     -0.7244      1.4783          0.45        0.5023
CENTERNUM            MIAMI                      1     -0.3487      0.5364     -1.4000      0.7025          0.42        0.5156
CENTERNUM            SAN DIEGO                  1      0.6001      0.6485     -0.6708      1.8711          0.86        0.3547
CENTERNUM            BRONX                      0      0.0000      0.0000      0.0000      0.0000           .           .    
YRS_BTWN_V1FLOR                                 1      0.1558      0.1415     -0.1216      0.4332          1.21        0.2710
AGE                                             1      0.0356      0.0389     -0.0406      0.1119          0.84        0.3598
BKGRD1_C3NOMISS      CARIBBEAN                  1      1.3273      0.6160      0.1200      2.5347          4.64        0.0312
BKGRD1_C3NOMISS      SC_OTHER                   1      0.5547      0.5757     -0.5736      1.6830          0.93        0.3353
BKGRD1_C3NOMISS      MEXICAN                    0      0.0000      0.0000      0.0000      0.0000           .           .    
N_HC                 YES                        1      0.4981      0.3850     -0.2565      1.2527          1.67        0.1958
N_HC                 NO                         0      0.0000      0.0000      0.0000      0.0000           .           .    
EDUCATION_C3         AT_MOST_HIGHSCHOOL_GED     1      0.5087      0.4224     -0.3191      1.3365          1.45        0.2284
EDUCATION_C3         G_HIGHSCHOOL               1     -0.2388      0.4656     -1.1514      0.6737          0.26        0.6079
EDUCATION_C3         N_HIGHSCHOOL_GED           0      0.0000      0.0000      0.0000      0.0000           .           .    
PARITY_V1                                       1      0.4122      0.1875      0.0446      0.7798          4.83        0.0280
EMPLOYEDYN           EMPLOYED                   1     -0.0300      0.3544     -0.7246      0.6646          0.01        0.9325
EMPLOYEDYN           NOT_EMPLOYED               0      0.0000      0.0000      0.0000      0.0000           .           .    
MARITAL_STATUS_C2    COHABITING                 1     -0.4974      0.3398     -1.1634      0.1686          2.14        0.1432
MARITAL_STATUS_C2    SINGLE_OTHER               0      0.0000      0.0000      0.0000      0.0000           .           .    
YRSUS_C3             10+_Years                  1      0.9123      0.4885     -0.0452      1.8698          3.49        0.0618
YRSUS_C3             <10_Years                  1      0.5478      0.4686     -0.3708      1.4663          1.37        0.2425
YRSUS_C3             US_BORN                    0      0.0000      0.0000      0.0000      0.0000           .           .    
CIGARETTE_USE_C2     CURRENT_OR_FORMER          1      0.7316      0.4502     -0.1507      1.6139          2.64        0.1041
CIGARETTE_USE_C2     NEVER                      0      0.0000      0.0000      0.0000      0.0000           .           .    
HEI2010_C3           HIGH                       1      0.3312      0.4165     -0.4852      1.1476          0.63        0.4266
HEI2010_C3           MEDIUM                     1     -0.2983      0.4093     -1.1006      0.5039          0.53        0.4661
HEI2010_C3           LOW                        0      0.0000      0.0000      0.0000      0.0000           .           .    
ALCOHOL_USE          CURRENT                    1      0.2189      0.4678     -0.6979      1.1357          0.22        0.6398
ALCOHOL_USE          FORMER                     1     -0.0348      0.4803     -0.9762      0.9067          0.01        0.9423
ALCOHOL_USE          NEVER                      0      0.0000      0.0000      0.0000      0.0000           .           .    
PAG2008YN            NO                         1      0.1298      0.3402     -0.5369      0.7965          0.15        0.7028
PAG2008YN            YES                        0      0.0000      0.0000      0.0000      0.0000           .           .    
SLPDUR                                          1      0.3225      0.1278      0.0720      0.5730          6.37        0.0116
Model 4: Model 3 + PRS

Imputation Number=5

The GENMOD Procedure

                                     Analysis Of Maximum Likelihood Parameter Estimates
 
                                                                 Standard     Wald 95% Confidence          Wald
Parameter                                      DF    Estimate       Error           Limits           Chi-Square    Pr > ChiSq

CESD10               DEPRE                      1      0.4458      0.4347     -0.4061      1.2978          1.05        0.3050
CESD10               NODEPRE                    0      0.0000      0.0000      0.0000      0.0000           .           .    
STAI10               ANX                        1     -0.0933      0.4044     -0.8858      0.6993          0.05        0.8176
STAI10               NOANX                      0      0.0000      0.0000      0.0000      0.0000           .           .    
CHILD_PRS_BMI_A                                 1      2.2350      0.4958      1.2632      3.2068         20.32        <.0001
Scale                                           0      1.0000      0.0000      1.0000      1.0000                            

NOTE: The scale parameter was held fixed.
Model 4: Model 3 + PRS

Imputation Number=6

The GENMOD Procedure

                      Model Information

Data Set              WORK.IMPDB                             
Distribution            Binomial                             
Link Function              Logit                             
Dependent Variable     BMIPCT_C2    Respondent is Overweight 
                                    or Obese                 


Number of Observations Read         227
Number of Observations Used         227
Number of Events                    102
Number of Trials                    227


                              Class Level Information
 
Class                  Levels    Values

CENTERNUM                   4    CHICAGO MIAMI SAN DIEGO BRONX                     
BKGRD1_C3NOMISS             3    CARIBBEAN SC_OTHER MEXICAN                        
MARITAL_STATUS_C2           2    COHABITING SINGLE_OTHER                           
EMPLOYEDYN                  2    EMPLOYED NOT_EMPLOYED                             
EDUCATION_C3                3    AT_MOST_HIGHSCHOOL_GED G_HIGHSCHOOL               
                                 N_HIGHSCHOOL_GED                                  
N_HC                        2    YES NO                                            
YRSUS_C3                    3    10+_Years <10_Years US_BORN                       
CIGARETTE_USE_C2            2    CURRENT_OR_FORMER NEVER                           
ALCOHOL_USE                 3    CURRENT FORMER NEVER                              
PAG2008YN                   2    NO YES                                            
HEI2010_C3                  3    HIGH MEDIUM LOW                                   
CESD10                      2    DEPRE NODEPRE                                     
STAI10                      2    ANX NOANX                                         
BMIPCT_C2                   2    OVERWEIGHT OR OBESE NORMAL                        


              Response Profile
 
 Ordered                               Total
   Value    BMIPCT_C2              Frequency

       1    OVERWEIGHT OR OBESE          102
       2    NORMAL                       125

PROC GENMOD is modeling the probability that BMIPCT_C2='OVERWEIGHT OR OBESE'. One way to change this to model the probability that BMIPCT_C2='NORMAL' is to specify the 
DESCENDING option in the PROC statement.


Model 4: Model 3 + PRS

Imputation Number=6

The GENMOD Procedure

             Criteria For Assessing Goodness Of Fit
 
Criterion                     DF           Value        Value/DF

Log Likelihood                         -129.9906                
Full Log Likelihood                    -129.9906                
AIC (smaller is better)                 311.9812                
AICC (smaller is better)                319.0012                
BIC (smaller is better)                 401.0299                


Algorithm converged.                                                       


                                     Analysis Of Maximum Likelihood Parameter Estimates
 
                                                                 Standard     Wald 95% Confidence          Wald
Parameter                                      DF    Estimate       Error           Limits           Chi-Square    Pr > ChiSq

Intercept                                       1     -8.1743      2.5687    -13.2088     -3.1397         10.13        0.0015
CENTERNUM            CHICAGO                    1      0.2150      0.5567     -0.8761      1.3062          0.15        0.6993
CENTERNUM            MIAMI                      1     -0.4929      0.5348     -1.5411      0.5553          0.85        0.3567
CENTERNUM            SAN DIEGO                  1      0.3067      0.6379     -0.9435      1.5570          0.23        0.6306
CENTERNUM            BRONX                      0      0.0000      0.0000      0.0000      0.0000           .           .    
YRS_BTWN_V1FLOR                                 1      0.1311      0.1392     -0.1417      0.4039          0.89        0.3463
AGE                                             1      0.0404      0.0379     -0.0340      0.1147          1.13        0.2874
BKGRD1_C3NOMISS      CARIBBEAN                  1      1.0762      0.6051     -0.1098      2.2621          3.16        0.0753
BKGRD1_C3NOMISS      SC_OTHER                   1      0.4415      0.5729     -0.6814      1.5644          0.59        0.4409
BKGRD1_C3NOMISS      MEXICAN                    0      0.0000      0.0000      0.0000      0.0000           .           .    
N_HC                 YES                        1      0.5355      0.3881     -0.2252      1.2962          1.90        0.1677
N_HC                 NO                         0      0.0000      0.0000      0.0000      0.0000           .           .    
EDUCATION_C3         AT_MOST_HIGHSCHOOL_GED     1      0.5165      0.4203     -0.3074      1.3403          1.51        0.2192
EDUCATION_C3         G_HIGHSCHOOL               1     -0.3002      0.4660     -1.2134      0.6131          0.42        0.5194
EDUCATION_C3         N_HIGHSCHOOL_GED           0      0.0000      0.0000      0.0000      0.0000           .           .    
PARITY_V1                                       1      0.3626      0.1831      0.0037      0.7216          3.92        0.0477
EMPLOYEDYN           EMPLOYED                   1     -0.1650      0.3482     -0.8476      0.5175          0.22        0.6355
EMPLOYEDYN           NOT_EMPLOYED               0      0.0000      0.0000      0.0000      0.0000           .           .    
MARITAL_STATUS_C2    COHABITING                 1     -0.5645      0.3387     -1.2283      0.0993          2.78        0.0956
MARITAL_STATUS_C2    SINGLE_OTHER               0      0.0000      0.0000      0.0000      0.0000           .           .    
YRSUS_C3             10+_Years                  1      0.9439      0.4849     -0.0066      1.8943          3.79        0.0516
YRSUS_C3             <10_Years                  1      0.5869      0.4680     -0.3303      1.5041          1.57        0.2098
YRSUS_C3             US_BORN                    0      0.0000      0.0000      0.0000      0.0000           .           .    
CIGARETTE_USE_C2     CURRENT_OR_FORMER          1      0.5709      0.4486     -0.3083      1.4502          1.62        0.2031
CIGARETTE_USE_C2     NEVER                      0      0.0000      0.0000      0.0000      0.0000           .           .    
HEI2010_C3           HIGH                       1      0.3660      0.4127     -0.4429      1.1748          0.79        0.3752
HEI2010_C3           MEDIUM                     1     -0.2581      0.4080     -1.0577      0.5415          0.40        0.5270
HEI2010_C3           LOW                        0      0.0000      0.0000      0.0000      0.0000           .           .    
ALCOHOL_USE          CURRENT                    1      0.1814      0.4625     -0.7251      1.0878          0.15        0.6949
ALCOHOL_USE          FORMER                     1     -0.0470      0.4713     -0.9707      0.8767          0.01        0.9206
ALCOHOL_USE          NEVER                      0      0.0000      0.0000      0.0000      0.0000           .           .    
PAG2008YN            NO                         1      0.1623      0.3467     -0.5172      0.8418          0.22        0.6396
PAG2008YN            YES                        0      0.0000      0.0000      0.0000      0.0000           .           .    
SLPDUR                                          1      0.3320      0.1275      0.0821      0.5819          6.78        0.0092
Model 4: Model 3 + PRS

Imputation Number=6

The GENMOD Procedure

                                     Analysis Of Maximum Likelihood Parameter Estimates
 
                                                                 Standard     Wald 95% Confidence          Wald
Parameter                                      DF    Estimate       Error           Limits           Chi-Square    Pr > ChiSq

CESD10               DEPRE                      1      0.5145      0.4332     -0.3346      1.3636          1.41        0.2350
CESD10               NODEPRE                    0      0.0000      0.0000      0.0000      0.0000           .           .    
STAI10               ANX                        1     -0.1775      0.4033     -0.9678      0.6129          0.19        0.6598
STAI10               NOANX                      0      0.0000      0.0000      0.0000      0.0000           .           .    
CHILD_PRS_BMI_A                                 1      1.8523      0.4815      0.9085      2.7960         14.80        0.0001
Scale                                           0      1.0000      0.0000      1.0000      1.0000                            

NOTE: The scale parameter was held fixed.
Model 4: Model 3 + PRS

Imputation Number=7

The GENMOD Procedure

                      Model Information

Data Set              WORK.IMPDB                             
Distribution            Binomial                             
Link Function              Logit                             
Dependent Variable     BMIPCT_C2    Respondent is Overweight 
                                    or Obese                 


Number of Observations Read         227
Number of Observations Used         227
Number of Events                    102
Number of Trials                    227


                              Class Level Information
 
Class                  Levels    Values

CENTERNUM                   4    CHICAGO MIAMI SAN DIEGO BRONX                     
BKGRD1_C3NOMISS             3    CARIBBEAN SC_OTHER MEXICAN                        
MARITAL_STATUS_C2           2    COHABITING SINGLE_OTHER                           
EMPLOYEDYN                  2    EMPLOYED NOT_EMPLOYED                             
EDUCATION_C3                3    AT_MOST_HIGHSCHOOL_GED G_HIGHSCHOOL               
                                 N_HIGHSCHOOL_GED                                  
N_HC                        2    YES NO                                            
YRSUS_C3                    3    10+_Years <10_Years US_BORN                       
CIGARETTE_USE_C2            2    CURRENT_OR_FORMER NEVER                           
ALCOHOL_USE                 3    CURRENT FORMER NEVER                              
PAG2008YN                   2    NO YES                                            
HEI2010_C3                  3    HIGH MEDIUM LOW                                   
CESD10                      2    DEPRE NODEPRE                                     
STAI10                      2    ANX NOANX                                         
BMIPCT_C2                   2    OVERWEIGHT OR OBESE NORMAL                        


              Response Profile
 
 Ordered                               Total
   Value    BMIPCT_C2              Frequency

       1    OVERWEIGHT OR OBESE          102
       2    NORMAL                       125

PROC GENMOD is modeling the probability that BMIPCT_C2='OVERWEIGHT OR OBESE'. One way to change this to model the probability that BMIPCT_C2='NORMAL' is to specify the 
DESCENDING option in the PROC statement.


Model 4: Model 3 + PRS

Imputation Number=7

The GENMOD Procedure

             Criteria For Assessing Goodness Of Fit
 
Criterion                     DF           Value        Value/DF

Log Likelihood                         -132.7006                
Full Log Likelihood                    -132.7006                
AIC (smaller is better)                 317.4013                
AICC (smaller is better)                324.4213                
BIC (smaller is better)                 406.4500                


Algorithm converged.                                                       


                                     Analysis Of Maximum Likelihood Parameter Estimates
 
                                                                 Standard     Wald 95% Confidence          Wald
Parameter                                      DF    Estimate       Error           Limits           Chi-Square    Pr > ChiSq

Intercept                                       1     -7.3077      2.5307    -12.2678     -2.3477          8.34        0.0039
CENTERNUM            CHICAGO                    1      0.3098      0.5604     -0.7886      1.4082          0.31        0.5804
CENTERNUM            MIAMI                      1     -0.4767      0.5401     -1.5353      0.5820          0.78        0.3775
CENTERNUM            SAN DIEGO                  1      0.3524      0.6380     -0.8980      1.6028          0.31        0.5807
CENTERNUM            BRONX                      0      0.0000      0.0000      0.0000      0.0000           .           .    
YRS_BTWN_V1FLOR                                 1      0.1488      0.1372     -0.1202      0.4177          1.18        0.2784
AGE                                             1      0.0379      0.0375     -0.0355      0.1113          1.02        0.3114
BKGRD1_C3NOMISS      CARIBBEAN                  1      1.1552      0.6052     -0.0310      2.3413          3.64        0.0563
BKGRD1_C3NOMISS      SC_OTHER                   1      0.5840      0.5687     -0.5305      1.6986          1.05        0.3044
BKGRD1_C3NOMISS      MEXICAN                    0      0.0000      0.0000      0.0000      0.0000           .           .    
N_HC                 YES                        1      0.4435      0.3813     -0.3038      1.1909          1.35        0.2448
N_HC                 NO                         0      0.0000      0.0000      0.0000      0.0000           .           .    
EDUCATION_C3         AT_MOST_HIGHSCHOOL_GED     1      0.4738      0.4118     -0.3333      1.2809          1.32        0.2499
EDUCATION_C3         G_HIGHSCHOOL               1     -0.3727      0.4548     -1.2641      0.5187          0.67        0.4126
EDUCATION_C3         N_HIGHSCHOOL_GED           0      0.0000      0.0000      0.0000      0.0000           .           .    
PARITY_V1                                       1      0.3134      0.1791     -0.0376      0.6645          3.06        0.0801
EMPLOYEDYN           EMPLOYED                   1     -0.3064      0.3434     -0.9793      0.3666          0.80        0.3722
EMPLOYEDYN           NOT_EMPLOYED               0      0.0000      0.0000      0.0000      0.0000           .           .    
MARITAL_STATUS_C2    COHABITING                 1     -0.4807      0.3315     -1.1304      0.1690          2.10        0.1470
MARITAL_STATUS_C2    SINGLE_OTHER               0      0.0000      0.0000      0.0000      0.0000           .           .    
YRSUS_C3             10+_Years                  1      0.8870      0.4755     -0.0448      1.8189          3.48        0.0621
YRSUS_C3             <10_Years                  1      0.5031      0.4604     -0.3993      1.4054          1.19        0.2745
YRSUS_C3             US_BORN                    0      0.0000      0.0000      0.0000      0.0000           .           .    
CIGARETTE_USE_C2     CURRENT_OR_FORMER          1      0.6178      0.4440     -0.2523      1.4880          1.94        0.1640
CIGARETTE_USE_C2     NEVER                      0      0.0000      0.0000      0.0000      0.0000           .           .    
HEI2010_C3           HIGH                       1      0.3651      0.4147     -0.4476      1.1779          0.78        0.3786
HEI2010_C3           MEDIUM                     1     -0.1457      0.3940     -0.9179      0.6265          0.14        0.7115
HEI2010_C3           LOW                        0      0.0000      0.0000      0.0000      0.0000           .           .    
ALCOHOL_USE          CURRENT                    1      0.2035      0.4562     -0.6905      1.0976          0.20        0.6555
ALCOHOL_USE          FORMER                     1     -0.0626      0.4698     -0.9835      0.8582          0.02        0.8939
ALCOHOL_USE          NEVER                      0      0.0000      0.0000      0.0000      0.0000           .           .    
PAG2008YN            NO                         1      0.2716      0.3427     -0.4000      0.9433          0.63        0.4280
PAG2008YN            YES                        0      0.0000      0.0000      0.0000      0.0000           .           .    
SLPDUR                                          1      0.2270      0.1234     -0.0147      0.4688          3.39        0.0657
Model 4: Model 3 + PRS

Imputation Number=7

The GENMOD Procedure

                                     Analysis Of Maximum Likelihood Parameter Estimates
 
                                                                 Standard     Wald 95% Confidence          Wald
Parameter                                      DF    Estimate       Error           Limits           Chi-Square    Pr > ChiSq

CESD10               DEPRE                      1      0.6663      0.4192     -0.1553      1.4880          2.53        0.1120
CESD10               NODEPRE                    0      0.0000      0.0000      0.0000      0.0000           .           .    
STAI10               ANX                        1     -0.2550      0.3966     -1.0323      0.5224          0.41        0.5203
STAI10               NOANX                      0      0.0000      0.0000      0.0000      0.0000           .           .    
CHILD_PRS_BMI_A                                 1      1.5763      0.4566      0.6814      2.4711         11.92        0.0006
Scale                                           0      1.0000      0.0000      1.0000      1.0000                            

NOTE: The scale parameter was held fixed.
Model 4: Model 3 + PRS

Imputation Number=8

The GENMOD Procedure

                      Model Information

Data Set              WORK.IMPDB                             
Distribution            Binomial                             
Link Function              Logit                             
Dependent Variable     BMIPCT_C2    Respondent is Overweight 
                                    or Obese                 


Number of Observations Read         227
Number of Observations Used         227
Number of Events                    102
Number of Trials                    227


                              Class Level Information
 
Class                  Levels    Values

CENTERNUM                   4    CHICAGO MIAMI SAN DIEGO BRONX                     
BKGRD1_C3NOMISS             3    CARIBBEAN SC_OTHER MEXICAN                        
MARITAL_STATUS_C2           2    COHABITING SINGLE_OTHER                           
EMPLOYEDYN                  2    EMPLOYED NOT_EMPLOYED                             
EDUCATION_C3                3    AT_MOST_HIGHSCHOOL_GED G_HIGHSCHOOL               
                                 N_HIGHSCHOOL_GED                                  
N_HC                        2    YES NO                                            
YRSUS_C3                    3    10+_Years <10_Years US_BORN                       
CIGARETTE_USE_C2            2    CURRENT_OR_FORMER NEVER                           
ALCOHOL_USE                 3    CURRENT FORMER NEVER                              
PAG2008YN                   2    NO YES                                            
HEI2010_C3                  3    HIGH MEDIUM LOW                                   
CESD10                      2    DEPRE NODEPRE                                     
STAI10                      2    ANX NOANX                                         
BMIPCT_C2                   2    OVERWEIGHT OR OBESE NORMAL                        


              Response Profile
 
 Ordered                               Total
   Value    BMIPCT_C2              Frequency

       1    OVERWEIGHT OR OBESE          102
       2    NORMAL                       125

PROC GENMOD is modeling the probability that BMIPCT_C2='OVERWEIGHT OR OBESE'. One way to change this to model the probability that BMIPCT_C2='NORMAL' is to specify the 
DESCENDING option in the PROC statement.


Model 4: Model 3 + PRS

Imputation Number=8

The GENMOD Procedure

             Criteria For Assessing Goodness Of Fit
 
Criterion                     DF           Value        Value/DF

Log Likelihood                         -129.5444                
Full Log Likelihood                    -129.5444                
AIC (smaller is better)                 311.0889                
AICC (smaller is better)                318.1089                
BIC (smaller is better)                 400.1376                


Algorithm converged.                                                       


                                     Analysis Of Maximum Likelihood Parameter Estimates
 
                                                                 Standard     Wald 95% Confidence          Wald
Parameter                                      DF    Estimate       Error           Limits           Chi-Square    Pr > ChiSq

Intercept                                       1     -7.3478      2.4960    -12.2398     -2.4557          8.67        0.0032
CENTERNUM            CHICAGO                    1      0.3704      0.5665     -0.7399      1.4807          0.43        0.5132
CENTERNUM            MIAMI                      1     -0.3962      0.5366     -1.4479      0.6556          0.54        0.4604
CENTERNUM            SAN DIEGO                  1      0.4322      0.6488     -0.8393      1.7038          0.44        0.5053
CENTERNUM            BRONX                      0      0.0000      0.0000      0.0000      0.0000           .           .    
YRS_BTWN_V1FLOR                                 1      0.1102      0.1386     -0.1615      0.3818          0.63        0.4268
AGE                                             1      0.0365      0.0384     -0.0386      0.1117          0.91        0.3407
BKGRD1_C3NOMISS      CARIBBEAN                  1      1.0934      0.6081     -0.0983      2.2852          3.23        0.0721
BKGRD1_C3NOMISS      SC_OTHER                   1      0.3976      0.5753     -0.7299      1.5251          0.48        0.4894
BKGRD1_C3NOMISS      MEXICAN                    0      0.0000      0.0000      0.0000      0.0000           .           .    
N_HC                 YES                        1      0.6062      0.3887     -0.1557      1.3681          2.43        0.1189
N_HC                 NO                         0      0.0000      0.0000      0.0000      0.0000           .           .    
EDUCATION_C3         AT_MOST_HIGHSCHOOL_GED     1      0.4848      0.4189     -0.3362      1.3057          1.34        0.2471
EDUCATION_C3         G_HIGHSCHOOL               1     -0.3389      0.4630     -1.2465      0.5686          0.54        0.4642
EDUCATION_C3         N_HIGHSCHOOL_GED           0      0.0000      0.0000      0.0000      0.0000           .           .    
PARITY_V1                                       1      0.3424      0.1833     -0.0168      0.7015          3.49        0.0617
EMPLOYEDYN           EMPLOYED                   1     -0.3836      0.3500     -1.0697      0.3024          1.20        0.2731
EMPLOYEDYN           NOT_EMPLOYED               0      0.0000      0.0000      0.0000      0.0000           .           .    
MARITAL_STATUS_C2    COHABITING                 1     -0.5199      0.3383     -1.1830      0.1431          2.36        0.1243
MARITAL_STATUS_C2    SINGLE_OTHER               0      0.0000      0.0000      0.0000      0.0000           .           .    
YRSUS_C3             10+_Years                  1      1.0573      0.4896      0.0977      2.0168          4.66        0.0308
YRSUS_C3             <10_Years                  1      0.6587      0.4749     -0.2721      1.5894          1.92        0.1654
YRSUS_C3             US_BORN                    0      0.0000      0.0000      0.0000      0.0000           .           .    
CIGARETTE_USE_C2     CURRENT_OR_FORMER          1      0.7115      0.4483     -0.1671      1.5902          2.52        0.1125
CIGARETTE_USE_C2     NEVER                      0      0.0000      0.0000      0.0000      0.0000           .           .    
HEI2010_C3           HIGH                       1      0.2640      0.4184     -0.5560      1.0840          0.40        0.5280
HEI2010_C3           MEDIUM                     1     -0.2770      0.4072     -1.0750      0.5211          0.46        0.4964
HEI2010_C3           LOW                        0      0.0000      0.0000      0.0000      0.0000           .           .    
ALCOHOL_USE          CURRENT                    1      0.0948      0.4561     -0.7990      0.9887          0.04        0.8353
ALCOHOL_USE          FORMER                     1     -0.0648      0.4699     -0.9857      0.8561          0.02        0.8903
ALCOHOL_USE          NEVER                      0      0.0000      0.0000      0.0000      0.0000           .           .    
PAG2008YN            NO                         1      0.0286      0.3352     -0.6283      0.6856          0.01        0.9319
PAG2008YN            YES                        0      0.0000      0.0000      0.0000      0.0000           .           .    
SLPDUR                                          1      0.2721      0.1259      0.0254      0.5189          4.67        0.0306
Model 4: Model 3 + PRS

Imputation Number=8

The GENMOD Procedure

                                     Analysis Of Maximum Likelihood Parameter Estimates
 
                                                                 Standard     Wald 95% Confidence          Wald
Parameter                                      DF    Estimate       Error           Limits           Chi-Square    Pr > ChiSq

CESD10               DEPRE                      1      0.6006      0.4281     -0.2384      1.4396          1.97        0.1606
CESD10               NODEPRE                    0      0.0000      0.0000      0.0000      0.0000           .           .    
STAI10               ANX                        1     -0.1520      0.4006     -0.9371      0.6332          0.14        0.7044
STAI10               NOANX                      0      0.0000      0.0000      0.0000      0.0000           .           .    
CHILD_PRS_BMI_A                                 1      1.9390      0.4920      0.9746      2.9034         15.53        <.0001
Scale                                           0      1.0000      0.0000      1.0000      1.0000                            

NOTE: The scale parameter was held fixed.
Model 4: Model 3 + PRS

Imputation Number=9

The GENMOD Procedure

                      Model Information

Data Set              WORK.IMPDB                             
Distribution            Binomial                             
Link Function              Logit                             
Dependent Variable     BMIPCT_C2    Respondent is Overweight 
                                    or Obese                 


Number of Observations Read         227
Number of Observations Used         227
Number of Events                    102
Number of Trials                    227


                              Class Level Information
 
Class                  Levels    Values

CENTERNUM                   4    CHICAGO MIAMI SAN DIEGO BRONX                     
BKGRD1_C3NOMISS             3    CARIBBEAN SC_OTHER MEXICAN                        
MARITAL_STATUS_C2           2    COHABITING SINGLE_OTHER                           
EMPLOYEDYN                  2    EMPLOYED NOT_EMPLOYED                             
EDUCATION_C3                3    AT_MOST_HIGHSCHOOL_GED G_HIGHSCHOOL               
                                 N_HIGHSCHOOL_GED                                  
N_HC                        2    YES NO                                            
YRSUS_C3                    3    10+_Years <10_Years US_BORN                       
CIGARETTE_USE_C2            2    CURRENT_OR_FORMER NEVER                           
ALCOHOL_USE                 3    CURRENT FORMER NEVER                              
PAG2008YN                   2    NO YES                                            
HEI2010_C3                  3    HIGH MEDIUM LOW                                   
CESD10                      2    DEPRE NODEPRE                                     
STAI10                      2    ANX NOANX                                         
BMIPCT_C2                   2    OVERWEIGHT OR OBESE NORMAL                        


              Response Profile
 
 Ordered                               Total
   Value    BMIPCT_C2              Frequency

       1    OVERWEIGHT OR OBESE          102
       2    NORMAL                       125

PROC GENMOD is modeling the probability that BMIPCT_C2='OVERWEIGHT OR OBESE'. One way to change this to model the probability that BMIPCT_C2='NORMAL' is to specify the 
DESCENDING option in the PROC statement.


Model 4: Model 3 + PRS

Imputation Number=9

The GENMOD Procedure

             Criteria For Assessing Goodness Of Fit
 
Criterion                     DF           Value        Value/DF

Log Likelihood                         -131.5383                
Full Log Likelihood                    -131.5383                
AIC (smaller is better)                 315.0765                
AICC (smaller is better)                322.0965                
BIC (smaller is better)                 404.1252                


Algorithm converged.                                                       


                                     Analysis Of Maximum Likelihood Parameter Estimates
 
                                                                 Standard     Wald 95% Confidence          Wald
Parameter                                      DF    Estimate       Error           Limits           Chi-Square    Pr > ChiSq

Intercept                                       1     -7.2523      2.4777    -12.1086     -2.3960          8.57        0.0034
CENTERNUM            CHICAGO                    1      0.2274      0.5691     -0.8881      1.3428          0.16        0.6895
CENTERNUM            MIAMI                      1     -0.4632      0.5437     -1.5287      0.6024          0.73        0.3943
CENTERNUM            SAN DIEGO                  1      0.3504      0.6462     -0.9161      1.6170          0.29        0.5876
CENTERNUM            BRONX                      0      0.0000      0.0000      0.0000      0.0000           .           .    
YRS_BTWN_V1FLOR                                 1      0.1281      0.1389     -0.1441      0.4003          0.85        0.3564
AGE                                             1      0.0260      0.0376     -0.0476      0.0997          0.48        0.4886
BKGRD1_C3NOMISS      CARIBBEAN                  1      1.0885      0.6030     -0.0934      2.2705          3.26        0.0711
BKGRD1_C3NOMISS      SC_OTHER                   1      0.4388      0.5650     -0.6685      1.5461          0.60        0.4373
BKGRD1_C3NOMISS      MEXICAN                    0      0.0000      0.0000      0.0000      0.0000           .           .    
N_HC                 YES                        1      0.6390      0.3812     -0.1082      1.3863          2.81        0.0937
N_HC                 NO                         0      0.0000      0.0000      0.0000      0.0000           .           .    
EDUCATION_C3         AT_MOST_HIGHSCHOOL_GED     1      0.4281      0.4154     -0.3861      1.2422          1.06        0.3028
EDUCATION_C3         G_HIGHSCHOOL               1     -0.3991      0.4581     -1.2969      0.4988          0.76        0.3837
EDUCATION_C3         N_HIGHSCHOOL_GED           0      0.0000      0.0000      0.0000      0.0000           .           .    
PARITY_V1                                       1      0.3692      0.1829      0.0107      0.7277          4.07        0.0435
EMPLOYEDYN           EMPLOYED                   1     -0.0538      0.3412     -0.7225      0.6149          0.02        0.8748
EMPLOYEDYN           NOT_EMPLOYED               0      0.0000      0.0000      0.0000      0.0000           .           .    
MARITAL_STATUS_C2    COHABITING                 1     -0.4911      0.3348     -1.1472      0.1651          2.15        0.1424
MARITAL_STATUS_C2    SINGLE_OTHER               0      0.0000      0.0000      0.0000      0.0000           .           .    
YRSUS_C3             10+_Years                  1      1.0848      0.4866      0.1311      2.0384          4.97        0.0258
YRSUS_C3             <10_Years                  1      0.6820      0.4704     -0.2400      1.6041          2.10        0.1471
YRSUS_C3             US_BORN                    0      0.0000      0.0000      0.0000      0.0000           .           .    
CIGARETTE_USE_C2     CURRENT_OR_FORMER          1      0.5884      0.4495     -0.2927      1.4694          1.71        0.1906
CIGARETTE_USE_C2     NEVER                      0      0.0000      0.0000      0.0000      0.0000           .           .    
HEI2010_C3           HIGH                       1      0.2604      0.4120     -0.5471      1.0678          0.40        0.5274
HEI2010_C3           MEDIUM                     1     -0.3335      0.4082     -1.1334      0.4665          0.67        0.4139
HEI2010_C3           LOW                        0      0.0000      0.0000      0.0000      0.0000           .           .    
ALCOHOL_USE          CURRENT                    1      0.1925      0.4618     -0.7126      1.0975          0.17        0.6768
ALCOHOL_USE          FORMER                     1     -0.0606      0.4746     -0.9908      0.8695          0.02        0.8984
ALCOHOL_USE          NEVER                      0      0.0000      0.0000      0.0000      0.0000           .           .    
PAG2008YN            NO                         1      0.3543      0.3484     -0.3286      1.0373          1.03        0.3092
PAG2008YN            YES                        0      0.0000      0.0000      0.0000      0.0000           .           .    
SLPDUR                                          1      0.2434      0.1228      0.0027      0.4841          3.93        0.0474
Model 4: Model 3 + PRS

Imputation Number=9

The GENMOD Procedure

                                     Analysis Of Maximum Likelihood Parameter Estimates
 
                                                                 Standard     Wald 95% Confidence          Wald
Parameter                                      DF    Estimate       Error           Limits           Chi-Square    Pr > ChiSq

CESD10               DEPRE                      1      0.5852      0.4322     -0.2619      1.4323          1.83        0.1757
CESD10               NODEPRE                    0      0.0000      0.0000      0.0000      0.0000           .           .    
STAI10               ANX                        1     -0.1408      0.4017     -0.9282      0.6466          0.12        0.7260
STAI10               NOANX                      0      0.0000      0.0000      0.0000      0.0000           .           .    
CHILD_PRS_BMI_A                                 1      1.7106      0.4706      0.7882      2.6329         13.21        0.0003
Scale                                           0      1.0000      0.0000      1.0000      1.0000                            

NOTE: The scale parameter was held fixed.
Model 4: Model 3 + PRS

Imputation Number=10

The GENMOD Procedure

                      Model Information

Data Set              WORK.IMPDB                             
Distribution            Binomial                             
Link Function              Logit                             
Dependent Variable     BMIPCT_C2    Respondent is Overweight 
                                    or Obese                 


Number of Observations Read         227
Number of Observations Used         227
Number of Events                    102
Number of Trials                    227


                              Class Level Information
 
Class                  Levels    Values

CENTERNUM                   4    CHICAGO MIAMI SAN DIEGO BRONX                     
BKGRD1_C3NOMISS             3    CARIBBEAN SC_OTHER MEXICAN                        
MARITAL_STATUS_C2           2    COHABITING SINGLE_OTHER                           
EMPLOYEDYN                  2    EMPLOYED NOT_EMPLOYED                             
EDUCATION_C3                3    AT_MOST_HIGHSCHOOL_GED G_HIGHSCHOOL               
                                 N_HIGHSCHOOL_GED                                  
N_HC                        2    YES NO                                            
YRSUS_C3                    3    10+_Years <10_Years US_BORN                       
CIGARETTE_USE_C2            2    CURRENT_OR_FORMER NEVER                           
ALCOHOL_USE                 3    CURRENT FORMER NEVER                              
PAG2008YN                   2    NO YES                                            
HEI2010_C3                  3    HIGH MEDIUM LOW                                   
CESD10                      2    DEPRE NODEPRE                                     
STAI10                      2    ANX NOANX                                         
BMIPCT_C2                   2    OVERWEIGHT OR OBESE NORMAL                        


              Response Profile
 
 Ordered                               Total
   Value    BMIPCT_C2              Frequency

       1    OVERWEIGHT OR OBESE          102
       2    NORMAL                       125

PROC GENMOD is modeling the probability that BMIPCT_C2='OVERWEIGHT OR OBESE'. One way to change this to model the probability that BMIPCT_C2='NORMAL' is to specify the 
DESCENDING option in the PROC statement.


Model 4: Model 3 + PRS

Imputation Number=10

The GENMOD Procedure

             Criteria For Assessing Goodness Of Fit
 
Criterion                     DF           Value        Value/DF

Log Likelihood                         -129.4079                
Full Log Likelihood                    -129.4079                
AIC (smaller is better)                 310.8158                
AICC (smaller is better)                317.8358                
BIC (smaller is better)                 399.8645                


Algorithm converged.                                                       


                                     Analysis Of Maximum Likelihood Parameter Estimates
 
                                                                 Standard     Wald 95% Confidence          Wald
Parameter                                      DF    Estimate       Error           Limits           Chi-Square    Pr > ChiSq

Intercept                                       1     -8.3733      2.5949    -13.4592     -3.2874         10.41        0.0013
CENTERNUM            CHICAGO                    1      0.1539      0.5626     -0.9487      1.2564          0.07        0.7845
CENTERNUM            MIAMI                      1     -0.4693      0.5347     -1.5174      0.5787          0.77        0.3801
CENTERNUM            SAN DIEGO                  1      0.2853      0.6451     -0.9791      1.5498          0.20        0.6583
CENTERNUM            BRONX                      0      0.0000      0.0000      0.0000      0.0000           .           .    
YRS_BTWN_V1FLOR                                 1      0.1532      0.1420     -0.1251      0.4314          1.16        0.2807
AGE                                             1      0.0375      0.0383     -0.0375      0.1125          0.96        0.3267
BKGRD1_C3NOMISS      CARIBBEAN                  1      1.1743      0.6103     -0.0219      2.3705          3.70        0.0543
BKGRD1_C3NOMISS      SC_OTHER                   1      0.5045      0.5803     -0.6329      1.6418          0.76        0.3847
BKGRD1_C3NOMISS      MEXICAN                    0      0.0000      0.0000      0.0000      0.0000           .           .    
N_HC                 YES                        1      0.6137      0.3856     -0.1420      1.3695          2.53        0.1115
N_HC                 NO                         0      0.0000      0.0000      0.0000      0.0000           .           .    
EDUCATION_C3         AT_MOST_HIGHSCHOOL_GED     1      0.5626      0.4199     -0.2604      1.3856          1.80        0.1803
EDUCATION_C3         G_HIGHSCHOOL               1     -0.3340      0.4728     -1.2607      0.5927          0.50        0.4800
EDUCATION_C3         N_HIGHSCHOOL_GED           0      0.0000      0.0000      0.0000      0.0000           .           .    
PARITY_V1                                       1      0.3763      0.1829      0.0178      0.7349          4.23        0.0397
EMPLOYEDYN           EMPLOYED                   1     -0.1252      0.3514     -0.8140      0.5635          0.13        0.7216
EMPLOYEDYN           NOT_EMPLOYED               0      0.0000      0.0000      0.0000      0.0000           .           .    
MARITAL_STATUS_C2    COHABITING                 1     -0.4437      0.3384     -1.1069      0.2195          1.72        0.1898
MARITAL_STATUS_C2    SINGLE_OTHER               0      0.0000      0.0000      0.0000      0.0000           .           .    
YRSUS_C3             10+_Years                  1      0.9484      0.4889     -0.0098      1.9067          3.76        0.0524
YRSUS_C3             <10_Years                  1      0.5120      0.4724     -0.4138      1.4378          1.17        0.2784
YRSUS_C3             US_BORN                    0      0.0000      0.0000      0.0000      0.0000           .           .    
CIGARETTE_USE_C2     CURRENT_OR_FORMER          1      0.5516      0.4496     -0.3295      1.4328          1.51        0.2198
CIGARETTE_USE_C2     NEVER                      0      0.0000      0.0000      0.0000      0.0000           .           .    
HEI2010_C3           HIGH                       1      0.2973      0.4195     -0.5248      1.1194          0.50        0.4785
HEI2010_C3           MEDIUM                     1     -0.2745      0.4056     -1.0693      0.5204          0.46        0.4986
HEI2010_C3           LOW                        0      0.0000      0.0000      0.0000      0.0000           .           .    
ALCOHOL_USE          CURRENT                    1      0.3035      0.4673     -0.6124      1.2194          0.42        0.5160
ALCOHOL_USE          FORMER                     1      0.0529      0.4801     -0.8881      0.9938          0.01        0.9123
ALCOHOL_USE          NEVER                      0      0.0000      0.0000      0.0000      0.0000           .           .    
PAG2008YN            NO                         1      0.5125      0.3378     -0.1495      1.1745          2.30        0.1292
PAG2008YN            YES                        0      0.0000      0.0000      0.0000      0.0000           .           .    
SLPDUR                                          1      0.2884      0.1255      0.0425      0.5344          5.28        0.0215
Model 4: Model 3 + PRS

Imputation Number=10

The GENMOD Procedure

                                     Analysis Of Maximum Likelihood Parameter Estimates
 
                                                                 Standard     Wald 95% Confidence          Wald
Parameter                                      DF    Estimate       Error           Limits           Chi-Square    Pr > ChiSq

CESD10               DEPRE                      1      0.6071      0.4331     -0.2418      1.4560          1.96        0.1610
CESD10               NODEPRE                    0      0.0000      0.0000      0.0000      0.0000           .           .    
STAI10               ANX                        1     -0.2020      0.3962     -0.9785      0.5745          0.26        0.6101
STAI10               NOANX                      0      0.0000      0.0000      0.0000      0.0000           .           .    
CHILD_PRS_BMI_A                                 1      1.7796      0.4910      0.8173      2.7419         13.14        0.0003
Scale                                           0      1.0000      0.0000      1.0000      1.0000                            

NOTE: The scale parameter was held fixed.
Model 4: Model 3 + PRS

EFFECTNAME=AGE

The MIANALYZE Procedure

               Model Information

Data Set                  WORK.GENMOD_RESULTS_1
Number of Imputations     10                   


                                    Variance Information (10 Imputations)
 
                                                                       Relative       Fraction
             -----------------Variance-----------------                Increase        Missing       Relative
Parameter         Between         Within          Total       DF    in Variance    Information     Efficiency

Estimate      0.000006275       0.001116       0.001123   238163       0.006185       0.006156       0.999385


                                                         Parameter Estimates (10 Imputations)
 
                                                                                                                                  t for H0:
Parameter        Estimate      Std Error    95% Confidence Limits        DF        Minimum        Maximum         Theta0   Parameter=Theta0   Pr > |t|

Estimate         0.023218       0.033509     -0.04246     0.088894   238163       0.019255       0.026806              0               0.69     0.4884
Model 4: Model 3 + PRS

EFFECTNAME=BKGRD1_C3NOMISS_CARIBBEAN

The MIANALYZE Procedure

               Model Information

Data Set                  WORK.GENMOD_RESULTS_1
Number of Imputations     10                   


                                    Variance Information (10 Imputations)
 
                                                                       Relative       Fraction
             -----------------Variance-----------------                Increase        Missing       Relative
Parameter         Between         Within          Total       DF    in Variance    Information     Efficiency

Estimate         0.000712       0.317475       0.318257   1.49E6       0.002465       0.002461       0.999754


                                                         Parameter Estimates (10 Imputations)
 
                                                                                                                                  t for H0:
Parameter        Estimate      Std Error    95% Confidence Limits        DF        Minimum        Maximum         Theta0   Parameter=Theta0   Pr > |t|

Estimate         0.840671       0.564143     -0.26503     1.946372   1.49E6       0.794242       0.884400              0               1.49     0.1362
Model 4: Model 3 + PRS

EFFECTNAME=BKGRD1_C3NOMISS_MEXICAN

The MIANALYZE Procedure

               Model Information

Data Set                  WORK.GENMOD_RESULTS_1
Number of Imputations     10                   


                                    Variance Information (10 Imputations)
 
                                                                       Relative       Fraction
             -----------------Variance-----------------                Increase        Missing       Relative
Parameter         Between         Within          Total       DF    in Variance    Information     Efficiency

Estimate                0              0              0        .              .              .              .


                                                         Parameter Estimates (10 Imputations)
 
                                                                                                                                  t for H0:
Parameter        Estimate      Std Error    95% Confidence Limits        DF        Minimum        Maximum         Theta0   Parameter=Theta0   Pr > |t|

Estimate                0              0            .            .        .              0              0              0                .        .    
Model 4: Model 3 + PRS

EFFECTNAME=BKGRD1_C3NOMISS_SC_OTHER

The MIANALYZE Procedure

               Model Information

Data Set                  WORK.GENMOD_RESULTS_1
Number of Imputations     10                   


                                    Variance Information (10 Imputations)
 
                                                                       Relative       Fraction
             -----------------Variance-----------------                Increase        Missing       Relative
Parameter         Between         Within          Total       DF    in Variance    Information     Efficiency

Estimate         0.000176       0.278246       0.278440   1.87E7       0.000695       0.000694       0.999931


                                                         Parameter Estimates (10 Imputations)
 
                                                                                                                                  t for H0:
Parameter        Estimate      Std Error    95% Confidence Limits        DF        Minimum        Maximum         Theta0   Parameter=Theta0   Pr > |t|

Estimate         0.351254       0.527674     -0.68297     1.385476   1.87E7       0.329029       0.369405              0               0.67     0.5056
Model 4: Model 3 + PRS

EFFECTNAME=CENTERNUM_BRONX

The MIANALYZE Procedure

               Model Information

Data Set                  WORK.GENMOD_RESULTS_1
Number of Imputations     10                   


                                    Variance Information (10 Imputations)
 
                                                                       Relative       Fraction
             -----------------Variance-----------------                Increase        Missing       Relative
Parameter         Between         Within          Total       DF    in Variance    Information     Efficiency

Estimate                0              0              0        .              .              .              .


                                                         Parameter Estimates (10 Imputations)
 
                                                                                                                                  t for H0:
Parameter        Estimate      Std Error    95% Confidence Limits        DF        Minimum        Maximum         Theta0   Parameter=Theta0   Pr > |t|

Estimate                0              0            .            .        .              0              0              0                .        .    
Model 4: Model 3 + PRS

EFFECTNAME=CENTERNUM_CHICAGO

The MIANALYZE Procedure

               Model Information

Data Set                  WORK.GENMOD_RESULTS_1
Number of Imputations     10                   


                                    Variance Information (10 Imputations)
 
                                                                       Relative       Fraction
             -----------------Variance-----------------                Increase        Missing       Relative
Parameter         Between         Within          Total       DF    in Variance    Information     Efficiency

Estimate         0.000422       0.265604       0.266068   2.96E6       0.001747       0.001744       0.999826


                                                         Parameter Estimates (10 Imputations)
 
                                                                                                                                  t for H0:
Parameter        Estimate      Std Error    95% Confidence Limits        DF        Minimum        Maximum         Theta0   Parameter=Theta0   Pr > |t|

Estimate         0.434289       0.515818     -0.57670     1.445273   2.96E6       0.408460       0.463706              0               0.84     0.3998
Model 4: Model 3 + PRS

EFFECTNAME=CENTERNUM_MIAMI

The MIANALYZE Procedure

               Model Information

Data Set                  WORK.GENMOD_RESULTS_1
Number of Imputations     10                   


                                    Variance Information (10 Imputations)
 
                                                                       Relative       Fraction
             -----------------Variance-----------------                Increase        Missing       Relative
Parameter         Between         Within          Total       DF    in Variance    Information     Efficiency

Estimate         0.000201       0.197461       0.197683   7.18E6       0.001121       0.001120       0.999888


                                                         Parameter Estimates (10 Imputations)
 
                                                                                                                                  t for H0:
Parameter        Estimate      Std Error    95% Confidence Limits        DF        Minimum        Maximum         Theta0   Parameter=Theta0   Pr > |t|

Estimate        -0.505849       0.444615     -1.37728     0.365581   7.18E6      -0.523375      -0.482154              0              -1.14     0.2552
Model 4: Model 3 + PRS

EFFECTNAME=CENTERNUM_SAN DIEGO

The MIANALYZE Procedure

               Model Information

Data Set                  WORK.GENMOD_RESULTS_1
Number of Imputations     10                   


                                    Variance Information (10 Imputations)
 
                                                                       Relative       Fraction
             -----------------Variance-----------------                Increase        Missing       Relative
Parameter         Between         Within          Total       DF    in Variance    Information     Efficiency

Estimate         0.000933       0.347308       0.348334   1.04E6       0.002955       0.002948       0.999705


                                                         Parameter Estimates (10 Imputations)
 
                                                                                                                                  t for H0:
Parameter        Estimate      Std Error    95% Confidence Limits        DF        Minimum        Maximum         Theta0   Parameter=Theta0   Pr > |t|

Estimate         0.219014       0.590199     -0.93776     1.375783   1.04E6       0.163713       0.276927              0               0.37     0.7106
Model 4: Model 3 + PRS

EFFECTNAME=EDUCATION_C3_AT_MOST_HIGHSCHOOL_GED

The MIANALYZE Procedure

               Model Information

Data Set                  WORK.GENMOD_RESULTS_1
Number of Imputations     10                   


                                    Variance Information (10 Imputations)
 
                                                                       Relative       Fraction
             -----------------Variance-----------------                Increase        Missing       Relative
Parameter         Between         Within          Total       DF    in Variance    Information     Efficiency

Estimate         0.000468       0.138165       0.138679   653017       0.003726       0.003715       0.999629


                                                         Parameter Estimates (10 Imputations)
 
                                                                                                                                  t for H0:
Parameter        Estimate      Std Error    95% Confidence Limits        DF        Minimum        Maximum         Theta0   Parameter=Theta0   Pr > |t|

Estimate         0.189039       0.372397     -0.54085     0.918925   653017       0.134242       0.211962              0               0.51     0.6117
Model 4: Model 3 + PRS

EFFECTNAME=EDUCATION_C3_G_HIGHSCHOOL

The MIANALYZE Procedure

               Model Information

Data Set                  WORK.GENMOD_RESULTS_1
Number of Imputations     10                   


                                    Variance Information (10 Imputations)
 
                                                                       Relative       Fraction
             -----------------Variance-----------------                Increase        Missing       Relative
Parameter         Between         Within          Total       DF    in Variance    Information     Efficiency

Estimate         0.002753       0.170969       0.173997    29717       0.017711       0.017469       0.998256


                                                         Parameter Estimates (10 Imputations)
 
                                                                                                                                  t for H0:
Parameter        Estimate      Std Error    95% Confidence Limits        DF        Minimum        Maximum         Theta0   Parameter=Theta0   Pr > |t|

Estimate        -0.616967       0.417130     -1.43456     0.200626    29717      -0.693573      -0.557565              0              -1.48     0.1391
Model 4: Model 3 + PRS

EFFECTNAME=EDUCATION_C3_N_HIGHSCHOOL_GED

The MIANALYZE Procedure

               Model Information

Data Set                  WORK.GENMOD_RESULTS_1
Number of Imputations     10                   


                                    Variance Information (10 Imputations)
 
                                                                       Relative       Fraction
             -----------------Variance-----------------                Increase        Missing       Relative
Parameter         Between         Within          Total       DF    in Variance    Information     Efficiency

Estimate                0              0              0        .              .              .              .


                                                         Parameter Estimates (10 Imputations)
 
                                                                                                                                  t for H0:
Parameter        Estimate      Std Error    95% Confidence Limits        DF        Minimum        Maximum         Theta0   Parameter=Theta0   Pr > |t|

Estimate                0              0            .            .        .              0              0              0                .        .    
Model 4: Model 3 + PRS

EFFECTNAME=EMPLOYEDYN_EMPLOYED

The MIANALYZE Procedure

               Model Information

Data Set                  WORK.GENMOD_RESULTS_1
Number of Imputations     10                   


                                    Variance Information (10 Imputations)
 
                                                                       Relative       Fraction
             -----------------Variance-----------------                Increase        Missing       Relative
Parameter         Between         Within          Total       DF    in Variance    Information     Efficiency

Estimate         0.007602       0.095538       0.103900   1389.5       0.087525       0.081802       0.991886


                                                         Parameter Estimates (10 Imputations)
 
                                                                                                                                  t for H0:
Parameter        Estimate      Std Error    95% Confidence Limits        DF        Minimum        Maximum         Theta0   Parameter=Theta0   Pr > |t|

Estimate        -0.180058       0.322335     -0.81237     0.452258   1389.5      -0.334842      -0.077100              0              -0.56     0.5765
Model 4: Model 3 + PRS

EFFECTNAME=EMPLOYEDYN_NOT_EMPLOYED

The MIANALYZE Procedure

               Model Information

Data Set                  WORK.GENMOD_RESULTS_1
Number of Imputations     10                   


                                    Variance Information (10 Imputations)
 
                                                                       Relative       Fraction
             -----------------Variance-----------------                Increase        Missing       Relative
Parameter         Between         Within          Total       DF    in Variance    Information     Efficiency

Estimate                0              0              0        .              .              .              .


                                                         Parameter Estimates (10 Imputations)
 
                                                                                                                                  t for H0:
Parameter        Estimate      Std Error    95% Confidence Limits        DF        Minimum        Maximum         Theta0   Parameter=Theta0   Pr > |t|

Estimate                0              0            .            .        .              0              0              0                .        .    
Model 4: Model 3 + PRS

EFFECTNAME=Intercept

The MIANALYZE Procedure

               Model Information

Data Set                  WORK.GENMOD_RESULTS_1
Number of Imputations     10                   


                                    Variance Information (10 Imputations)
 
                                                                       Relative       Fraction
             -----------------Variance-----------------                Increase        Missing       Relative
Parameter         Between         Within          Total       DF    in Variance    Information     Efficiency

Estimate         0.010336       3.138509       3.149878   690837       0.003622       0.003612       0.999639


                                                         Parameter Estimates (10 Imputations)
 
                                                                                                                                  t for H0:
Parameter        Estimate      Std Error    95% Confidence Limits        DF        Minimum        Maximum         Theta0   Parameter=Theta0   Pr > |t|

Estimate        -2.477430       1.774789     -5.95596     1.001100   690837      -2.654055      -2.366508              0              -1.40     0.1627
Model 4: Model 3 + PRS

EFFECTNAME=MARITAL_STATUS_C2_COHABITING

The MIANALYZE Procedure

               Model Information

Data Set                  WORK.GENMOD_RESULTS_1
Number of Imputations     10                   


                                    Variance Information (10 Imputations)
 
                                                                       Relative       Fraction
             -----------------Variance-----------------                Increase        Missing       Relative
Parameter         Between         Within          Total       DF    in Variance    Information     Efficiency

Estimate         0.001138       0.097460       0.098711    56009       0.012839       0.012712       0.998730


                                                         Parameter Estimates (10 Imputations)
 
                                                                                                                                  t for H0:
Parameter        Estimate      Std Error    95% Confidence Limits        DF        Minimum        Maximum         Theta0   Parameter=Theta0   Pr > |t|

Estimate        -0.489020       0.314184     -1.10482     0.126782    56009      -0.522311      -0.427535              0              -1.56     0.1196
Model 4: Model 3 + PRS

EFFECTNAME=MARITAL_STATUS_C2_SINGLE_OTHER

The MIANALYZE Procedure

               Model Information

Data Set                  WORK.GENMOD_RESULTS_1
Number of Imputations     10                   


                                    Variance Information (10 Imputations)
 
                                                                       Relative       Fraction
             -----------------Variance-----------------                Increase        Missing       Relative
Parameter         Between         Within          Total       DF    in Variance    Information     Efficiency

Estimate                0              0              0        .              .              .              .


                                                         Parameter Estimates (10 Imputations)
 
                                                                                                                                  t for H0:
Parameter        Estimate      Std Error    95% Confidence Limits        DF        Minimum        Maximum         Theta0   Parameter=Theta0   Pr > |t|

Estimate                0              0            .            .        .              0              0              0                .        .    
Model 4: Model 3 + PRS

EFFECTNAME=N_HC_NO

The MIANALYZE Procedure

               Model Information

Data Set                  WORK.GENMOD_RESULTS_1
Number of Imputations     10                   


                                    Variance Information (10 Imputations)
 
                                                                       Relative       Fraction
             -----------------Variance-----------------                Increase        Missing       Relative
Parameter         Between         Within          Total       DF    in Variance    Information     Efficiency

Estimate                0              0              0        .              .              .              .


                                                         Parameter Estimates (10 Imputations)
 
                                                                                                                                  t for H0:
Parameter        Estimate      Std Error    95% Confidence Limits        DF        Minimum        Maximum         Theta0   Parameter=Theta0   Pr > |t|

Estimate                0              0            .            .        .              0              0              0                .        .    
Model 4: Model 3 + PRS

EFFECTNAME=N_HC_YES

The MIANALYZE Procedure

               Model Information

Data Set                  WORK.GENMOD_RESULTS_1
Number of Imputations     10                   


                                    Variance Information (10 Imputations)
 
                                                                       Relative       Fraction
             -----------------Variance-----------------                Increase        Missing       Relative
Parameter         Between         Within          Total       DF    in Variance    Information     Efficiency

Estimate         0.005014       0.121953       0.127468   4808.1       0.045221       0.043662       0.995653


                                                         Parameter Estimates (10 Imputations)
 
                                                                                                                                  t for H0:
Parameter        Estimate      Std Error    95% Confidence Limits        DF        Minimum        Maximum         Theta0   Parameter=Theta0   Pr > |t|

Estimate         0.471756       0.357026     -0.22818     1.171690   4808.1       0.334198       0.589565              0               1.32     0.1864
Model 4: Model 3 + PRS

EFFECTNAME=PARITY_V1

The MIANALYZE Procedure

               Model Information

Data Set                  WORK.GENMOD_RESULTS_1
Number of Imputations     10                   


                                    Variance Information (10 Imputations)
 
                                                                       Relative       Fraction
             -----------------Variance-----------------                Increase        Missing       Relative
Parameter         Between         Within          Total       DF    in Variance    Information     Efficiency

Estimate         0.000189       0.026984       0.027192   154020       0.007703       0.007657       0.999235


                                                         Parameter Estimates (10 Imputations)
 
                                                                                                                                  t for H0:
Parameter        Estimate      Std Error    95% Confidence Limits        DF        Minimum        Maximum         Theta0   Parameter=Theta0   Pr > |t|

Estimate         0.225771       0.164900     -0.09743     0.548973   154020       0.202343       0.243187              0               1.37     0.1710
Model 4: Model 3 + PRS

EFFECTNAME=Scale

The MIANALYZE Procedure

               Model Information

Data Set                  WORK.GENMOD_RESULTS_1
Number of Imputations     10                   


                                    Variance Information (10 Imputations)
 
                                                                       Relative       Fraction
             -----------------Variance-----------------                Increase        Missing       Relative
Parameter         Between         Within          Total       DF    in Variance    Information     Efficiency

Estimate                0              0              0        .              .              .              .


                                                         Parameter Estimates (10 Imputations)
 
                                                                                                                                  t for H0:
Parameter        Estimate      Std Error    95% Confidence Limits        DF        Minimum        Maximum         Theta0   Parameter=Theta0   Pr > |t|

Estimate         1.000000              0            .            .        .       1.000000       1.000000              0                .        .    
Model 4: Model 3 + PRS

EFFECTNAME=YRSUS_C3_10+_Years

The MIANALYZE Procedure

               Model Information

Data Set                  WORK.GENMOD_RESULTS_1
Number of Imputations     10                   


                                    Variance Information (10 Imputations)
 
                                                                       Relative       Fraction
             -----------------Variance-----------------                Increase        Missing       Relative
Parameter         Between         Within          Total       DF    in Variance    Information     Efficiency

Estimate         0.004786       0.194777       0.200041    12996       0.027027       0.026465       0.997360


                                                         Parameter Estimates (10 Imputations)
 
                                                                                                                                  t for H0:
Parameter        Estimate      Std Error    95% Confidence Limits        DF        Minimum        Maximum         Theta0   Parameter=Theta0   Pr > |t|

Estimate         0.837745       0.447259     -0.03895     1.714439    12996       0.710603       0.920630              0               1.87     0.0611
Model 4: Model 3 + PRS

EFFECTNAME=YRSUS_C3_<10_Years

The MIANALYZE Procedure

               Model Information

Data Set                  WORK.GENMOD_RESULTS_1
Number of Imputations     10                   


                                    Variance Information (10 Imputations)
 
                                                                       Relative       Fraction
             -----------------Variance-----------------                Increase        Missing       Relative
Parameter         Between         Within          Total       DF    in Variance    Information     Efficiency

Estimate         0.004166       0.184618       0.189200    15344       0.024820       0.024346       0.997571


                                                         Parameter Estimates (10 Imputations)
 
                                                                                                                                  t for H0:
Parameter        Estimate      Std Error    95% Confidence Limits        DF        Minimum        Maximum         Theta0   Parameter=Theta0   Pr > |t|

Estimate         0.688584       0.434971     -0.16401     1.541180    15344       0.582483       0.774146              0               1.58     0.1134
Model 4: Model 3 + PRS

EFFECTNAME=YRSUS_C3_US_BORN

The MIANALYZE Procedure

               Model Information

Data Set                  WORK.GENMOD_RESULTS_1
Number of Imputations     10                   


                                    Variance Information (10 Imputations)
 
                                                                       Relative       Fraction
             -----------------Variance-----------------                Increase        Missing       Relative
Parameter         Between         Within          Total       DF    in Variance    Information     Efficiency

Estimate                0              0              0        .              .              .              .


                                                         Parameter Estimates (10 Imputations)
 
                                                                                                                                  t for H0:
Parameter        Estimate      Std Error    95% Confidence Limits        DF        Minimum        Maximum         Theta0   Parameter=Theta0   Pr > |t|

Estimate                0              0            .            .        .              0              0              0                .        .    
Model 4: Model 3 + PRS

EFFECTNAME=YRS_BTWN_V1FLOR

The MIANALYZE Procedure

               Model Information

Data Set                  WORK.GENMOD_RESULTS_1
Number of Imputations     10                   


                                    Variance Information (10 Imputations)
 
                                                                       Relative       Fraction
             -----------------Variance-----------------                Increase        Missing       Relative
Parameter         Between         Within          Total       DF    in Variance    Information     Efficiency

Estimate      0.000039017       0.015569       0.015612   1.19E6       0.002757       0.002751       0.999725


                                                         Parameter Estimates (10 Imputations)
 
                                                                                                                                  t for H0:
Parameter        Estimate      Std Error    95% Confidence Limits        DF        Minimum        Maximum         Theta0   Parameter=Theta0   Pr > |t|

Estimate         0.065669       0.124946     -0.17922     0.310559   1.19E6       0.057645       0.075478              0               0.53     0.5992
Model 4: Model 3 + PRS

EFFECTNAME=AGE

The MIANALYZE Procedure

               Model Information

Data Set                  WORK.GENMOD_RESULTS_1
Number of Imputations     10                   


                                    Variance Information (10 Imputations)
 
                                                                       Relative       Fraction
             -----------------Variance-----------------                Increase        Missing       Relative
Parameter         Between         Within          Total       DF    in Variance    Information     Efficiency

Estimate      0.000006275       0.001116       0.001123   238163       0.006185       0.006156       0.999385


                                                         Parameter Estimates (10 Imputations)
 
                                                                                                                                  t for H0:
Parameter        Estimate      Std Error    95% Confidence Limits        DF        Minimum        Maximum         Theta0   Parameter=Theta0   Pr > |t|

Estimate         0.023218       0.033509     -0.04246     0.088894   238163       0.019255       0.026806              0               0.69     0.4884
Model 4: Model 3 + PRS

EFFECTNAME=BKGRD1_C3NOMISS_CARIBBEAN

The MIANALYZE Procedure

               Model Information

Data Set                  WORK.GENMOD_RESULTS_1
Number of Imputations     10                   


                                    Variance Information (10 Imputations)
 
                                                                       Relative       Fraction
             -----------------Variance-----------------                Increase        Missing       Relative
Parameter         Between         Within          Total       DF    in Variance    Information     Efficiency

Estimate         0.000712       0.317475       0.318257   1.49E6       0.002465       0.002461       0.999754


                                                         Parameter Estimates (10 Imputations)
 
                                                                                                                                  t for H0:
Parameter        Estimate      Std Error    95% Confidence Limits        DF        Minimum        Maximum         Theta0   Parameter=Theta0   Pr > |t|

Estimate         0.840671       0.564143     -0.26503     1.946372   1.49E6       0.794242       0.884400              0               1.49     0.1362
Model 4: Model 3 + PRS

EFFECTNAME=BKGRD1_C3NOMISS_MEXICAN

The MIANALYZE Procedure

               Model Information

Data Set                  WORK.GENMOD_RESULTS_1
Number of Imputations     10                   


                                    Variance Information (10 Imputations)
 
                                                                       Relative       Fraction
             -----------------Variance-----------------                Increase        Missing       Relative
Parameter         Between         Within          Total       DF    in Variance    Information     Efficiency

Estimate                0              0              0        .              .              .              .


                                                         Parameter Estimates (10 Imputations)
 
                                                                                                                                  t for H0:
Parameter        Estimate      Std Error    95% Confidence Limits        DF        Minimum        Maximum         Theta0   Parameter=Theta0   Pr > |t|

Estimate                0              0            .            .        .              0              0              0                .        .    
Model 4: Model 3 + PRS

EFFECTNAME=BKGRD1_C3NOMISS_SC_OTHER

The MIANALYZE Procedure

               Model Information

Data Set                  WORK.GENMOD_RESULTS_1
Number of Imputations     10                   


                                    Variance Information (10 Imputations)
 
                                                                       Relative       Fraction
             -----------------Variance-----------------                Increase        Missing       Relative
Parameter         Between         Within          Total       DF    in Variance    Information     Efficiency

Estimate         0.000176       0.278246       0.278440   1.87E7       0.000695       0.000694       0.999931


                                                         Parameter Estimates (10 Imputations)
 
                                                                                                                                  t for H0:
Parameter        Estimate      Std Error    95% Confidence Limits        DF        Minimum        Maximum         Theta0   Parameter=Theta0   Pr > |t|

Estimate         0.351254       0.527674     -0.68297     1.385476   1.87E7       0.329029       0.369405              0               0.67     0.5056
Model 4: Model 3 + PRS

EFFECTNAME=CENTERNUM_BRONX

The MIANALYZE Procedure

               Model Information

Data Set                  WORK.GENMOD_RESULTS_1
Number of Imputations     10                   


                                    Variance Information (10 Imputations)
 
                                                                       Relative       Fraction
             -----------------Variance-----------------                Increase        Missing       Relative
Parameter         Between         Within          Total       DF    in Variance    Information     Efficiency

Estimate                0              0              0        .              .              .              .


                                                         Parameter Estimates (10 Imputations)
 
                                                                                                                                  t for H0:
Parameter        Estimate      Std Error    95% Confidence Limits        DF        Minimum        Maximum         Theta0   Parameter=Theta0   Pr > |t|

Estimate                0              0            .            .        .              0              0              0                .        .    
Model 4: Model 3 + PRS

EFFECTNAME=CENTERNUM_CHICAGO

The MIANALYZE Procedure

               Model Information

Data Set                  WORK.GENMOD_RESULTS_1
Number of Imputations     10                   


                                    Variance Information (10 Imputations)
 
                                                                       Relative       Fraction
             -----------------Variance-----------------                Increase        Missing       Relative
Parameter         Between         Within          Total       DF    in Variance    Information     Efficiency

Estimate         0.000422       0.265604       0.266068   2.96E6       0.001747       0.001744       0.999826


                                                         Parameter Estimates (10 Imputations)
 
                                                                                                                                  t for H0:
Parameter        Estimate      Std Error    95% Confidence Limits        DF        Minimum        Maximum         Theta0   Parameter=Theta0   Pr > |t|

Estimate         0.434289       0.515818     -0.57670     1.445273   2.96E6       0.408460       0.463706              0               0.84     0.3998
Model 4: Model 3 + PRS

EFFECTNAME=CENTERNUM_MIAMI

The MIANALYZE Procedure

               Model Information

Data Set                  WORK.GENMOD_RESULTS_1
Number of Imputations     10                   


                                    Variance Information (10 Imputations)
 
                                                                       Relative       Fraction
             -----------------Variance-----------------                Increase        Missing       Relative
Parameter         Between         Within          Total       DF    in Variance    Information     Efficiency

Estimate         0.000201       0.197461       0.197683   7.18E6       0.001121       0.001120       0.999888


                                                         Parameter Estimates (10 Imputations)
 
                                                                                                                                  t for H0:
Parameter        Estimate      Std Error    95% Confidence Limits        DF        Minimum        Maximum         Theta0   Parameter=Theta0   Pr > |t|

Estimate        -0.505849       0.444615     -1.37728     0.365581   7.18E6      -0.523375      -0.482154              0              -1.14     0.2552
Model 4: Model 3 + PRS

EFFECTNAME=CENTERNUM_SAN DIEGO

The MIANALYZE Procedure

               Model Information

Data Set                  WORK.GENMOD_RESULTS_1
Number of Imputations     10                   


                                    Variance Information (10 Imputations)
 
                                                                       Relative       Fraction
             -----------------Variance-----------------                Increase        Missing       Relative
Parameter         Between         Within          Total       DF    in Variance    Information     Efficiency

Estimate         0.000933       0.347308       0.348334   1.04E6       0.002955       0.002948       0.999705


                                                         Parameter Estimates (10 Imputations)
 
                                                                                                                                  t for H0:
Parameter        Estimate      Std Error    95% Confidence Limits        DF        Minimum        Maximum         Theta0   Parameter=Theta0   Pr > |t|

Estimate         0.219014       0.590199     -0.93776     1.375783   1.04E6       0.163713       0.276927              0               0.37     0.7106
Model 4: Model 3 + PRS

EFFECTNAME=EDUCATION_C3_AT_MOST_HIGHSCHOOL_GED

The MIANALYZE Procedure

               Model Information

Data Set                  WORK.GENMOD_RESULTS_1
Number of Imputations     10                   


                                    Variance Information (10 Imputations)
 
                                                                       Relative       Fraction
             -----------------Variance-----------------                Increase        Missing       Relative
Parameter         Between         Within          Total       DF    in Variance    Information     Efficiency

Estimate         0.000468       0.138165       0.138679   653017       0.003726       0.003715       0.999629


                                                         Parameter Estimates (10 Imputations)
 
                                                                                                                                  t for H0:
Parameter        Estimate      Std Error    95% Confidence Limits        DF        Minimum        Maximum         Theta0   Parameter=Theta0   Pr > |t|

Estimate         0.189039       0.372397     -0.54085     0.918925   653017       0.134242       0.211962              0               0.51     0.6117
Model 4: Model 3 + PRS

EFFECTNAME=EDUCATION_C3_G_HIGHSCHOOL

The MIANALYZE Procedure

               Model Information

Data Set                  WORK.GENMOD_RESULTS_1
Number of Imputations     10                   


                                    Variance Information (10 Imputations)
 
                                                                       Relative       Fraction
             -----------------Variance-----------------                Increase        Missing       Relative
Parameter         Between         Within          Total       DF    in Variance    Information     Efficiency

Estimate         0.002753       0.170969       0.173997    29717       0.017711       0.017469       0.998256


                                                         Parameter Estimates (10 Imputations)
 
                                                                                                                                  t for H0:
Parameter        Estimate      Std Error    95% Confidence Limits        DF        Minimum        Maximum         Theta0   Parameter=Theta0   Pr > |t|

Estimate        -0.616967       0.417130     -1.43456     0.200626    29717      -0.693573      -0.557565              0              -1.48     0.1391
Model 4: Model 3 + PRS

EFFECTNAME=EDUCATION_C3_N_HIGHSCHOOL_GED

The MIANALYZE Procedure

               Model Information

Data Set                  WORK.GENMOD_RESULTS_1
Number of Imputations     10                   


                                    Variance Information (10 Imputations)
 
                                                                       Relative       Fraction
             -----------------Variance-----------------                Increase        Missing       Relative
Parameter         Between         Within          Total       DF    in Variance    Information     Efficiency

Estimate                0              0              0        .              .              .              .


                                                         Parameter Estimates (10 Imputations)
 
                                                                                                                                  t for H0:
Parameter        Estimate      Std Error    95% Confidence Limits        DF        Minimum        Maximum         Theta0   Parameter=Theta0   Pr > |t|

Estimate                0              0            .            .        .              0              0              0                .        .    
Model 4: Model 3 + PRS

EFFECTNAME=EMPLOYEDYN_EMPLOYED

The MIANALYZE Procedure

               Model Information

Data Set                  WORK.GENMOD_RESULTS_1
Number of Imputations     10                   


                                    Variance Information (10 Imputations)
 
                                                                       Relative       Fraction
             -----------------Variance-----------------                Increase        Missing       Relative
Parameter         Between         Within          Total       DF    in Variance    Information     Efficiency

Estimate         0.007602       0.095538       0.103900   1389.5       0.087525       0.081802       0.991886


                                                         Parameter Estimates (10 Imputations)
 
                                                                                                                                  t for H0:
Parameter        Estimate      Std Error    95% Confidence Limits        DF        Minimum        Maximum         Theta0   Parameter=Theta0   Pr > |t|

Estimate        -0.180058       0.322335     -0.81237     0.452258   1389.5      -0.334842      -0.077100              0              -0.56     0.5765
Model 4: Model 3 + PRS

EFFECTNAME=EMPLOYEDYN_NOT_EMPLOYED

The MIANALYZE Procedure

               Model Information

Data Set                  WORK.GENMOD_RESULTS_1
Number of Imputations     10                   


                                    Variance Information (10 Imputations)
 
                                                                       Relative       Fraction
             -----------------Variance-----------------                Increase        Missing       Relative
Parameter         Between         Within          Total       DF    in Variance    Information     Efficiency

Estimate                0              0              0        .              .              .              .


                                                         Parameter Estimates (10 Imputations)
 
                                                                                                                                  t for H0:
Parameter        Estimate      Std Error    95% Confidence Limits        DF        Minimum        Maximum         Theta0   Parameter=Theta0   Pr > |t|

Estimate                0              0            .            .        .              0              0              0                .        .    
Model 4: Model 3 + PRS

EFFECTNAME=Intercept

The MIANALYZE Procedure

               Model Information

Data Set                  WORK.GENMOD_RESULTS_1
Number of Imputations     10                   


                                    Variance Information (10 Imputations)
 
                                                                       Relative       Fraction
             -----------------Variance-----------------                Increase        Missing       Relative
Parameter         Between         Within          Total       DF    in Variance    Information     Efficiency

Estimate         0.010336       3.138509       3.149878   690837       0.003622       0.003612       0.999639


                                                         Parameter Estimates (10 Imputations)
 
                                                                                                                                  t for H0:
Parameter        Estimate      Std Error    95% Confidence Limits        DF        Minimum        Maximum         Theta0   Parameter=Theta0   Pr > |t|

Estimate        -2.477430       1.774789     -5.95596     1.001100   690837      -2.654055      -2.366508              0              -1.40     0.1627
Model 4: Model 3 + PRS

EFFECTNAME=MARITAL_STATUS_C2_COHABITING

The MIANALYZE Procedure

               Model Information

Data Set                  WORK.GENMOD_RESULTS_1
Number of Imputations     10                   


                                    Variance Information (10 Imputations)
 
                                                                       Relative       Fraction
             -----------------Variance-----------------                Increase        Missing       Relative
Parameter         Between         Within          Total       DF    in Variance    Information     Efficiency

Estimate         0.001138       0.097460       0.098711    56009       0.012839       0.012712       0.998730


                                                         Parameter Estimates (10 Imputations)
 
                                                                                                                                  t for H0:
Parameter        Estimate      Std Error    95% Confidence Limits        DF        Minimum        Maximum         Theta0   Parameter=Theta0   Pr > |t|

Estimate        -0.489020       0.314184     -1.10482     0.126782    56009      -0.522311      -0.427535              0              -1.56     0.1196
Model 4: Model 3 + PRS

EFFECTNAME=MARITAL_STATUS_C2_SINGLE_OTHER

The MIANALYZE Procedure

               Model Information

Data Set                  WORK.GENMOD_RESULTS_1
Number of Imputations     10                   


                                    Variance Information (10 Imputations)
 
                                                                       Relative       Fraction
             -----------------Variance-----------------                Increase        Missing       Relative
Parameter         Between         Within          Total       DF    in Variance    Information     Efficiency

Estimate                0              0              0        .              .              .              .


                                                         Parameter Estimates (10 Imputations)
 
                                                                                                                                  t for H0:
Parameter        Estimate      Std Error    95% Confidence Limits        DF        Minimum        Maximum         Theta0   Parameter=Theta0   Pr > |t|

Estimate                0              0            .            .        .              0              0              0                .        .    
Model 4: Model 3 + PRS

EFFECTNAME=N_HC_NO

The MIANALYZE Procedure

               Model Information

Data Set                  WORK.GENMOD_RESULTS_1
Number of Imputations     10                   


                                    Variance Information (10 Imputations)
 
                                                                       Relative       Fraction
             -----------------Variance-----------------                Increase        Missing       Relative
Parameter         Between         Within          Total       DF    in Variance    Information     Efficiency

Estimate                0              0              0        .              .              .              .


                                                         Parameter Estimates (10 Imputations)
 
                                                                                                                                  t for H0:
Parameter        Estimate      Std Error    95% Confidence Limits        DF        Minimum        Maximum         Theta0   Parameter=Theta0   Pr > |t|

Estimate                0              0            .            .        .              0              0              0                .        .    
Model 4: Model 3 + PRS

EFFECTNAME=N_HC_YES

The MIANALYZE Procedure

               Model Information

Data Set                  WORK.GENMOD_RESULTS_1
Number of Imputations     10                   


                                    Variance Information (10 Imputations)
 
                                                                       Relative       Fraction
             -----------------Variance-----------------                Increase        Missing       Relative
Parameter         Between         Within          Total       DF    in Variance    Information     Efficiency

Estimate         0.005014       0.121953       0.127468   4808.1       0.045221       0.043662       0.995653


                                                         Parameter Estimates (10 Imputations)
 
                                                                                                                                  t for H0:
Parameter        Estimate      Std Error    95% Confidence Limits        DF        Minimum        Maximum         Theta0   Parameter=Theta0   Pr > |t|

Estimate         0.471756       0.357026     -0.22818     1.171690   4808.1       0.334198       0.589565              0               1.32     0.1864
Model 4: Model 3 + PRS

EFFECTNAME=PARITY_V1

The MIANALYZE Procedure

               Model Information

Data Set                  WORK.GENMOD_RESULTS_1
Number of Imputations     10                   


                                    Variance Information (10 Imputations)
 
                                                                       Relative       Fraction
             -----------------Variance-----------------                Increase        Missing       Relative
Parameter         Between         Within          Total       DF    in Variance    Information     Efficiency

Estimate         0.000189       0.026984       0.027192   154020       0.007703       0.007657       0.999235


                                                         Parameter Estimates (10 Imputations)
 
                                                                                                                                  t for H0:
Parameter        Estimate      Std Error    95% Confidence Limits        DF        Minimum        Maximum         Theta0   Parameter=Theta0   Pr > |t|

Estimate         0.225771       0.164900     -0.09743     0.548973   154020       0.202343       0.243187              0               1.37     0.1710
Model 4: Model 3 + PRS

EFFECTNAME=Scale

The MIANALYZE Procedure

               Model Information

Data Set                  WORK.GENMOD_RESULTS_1
Number of Imputations     10                   


                                    Variance Information (10 Imputations)
 
                                                                       Relative       Fraction
             -----------------Variance-----------------                Increase        Missing       Relative
Parameter         Between         Within          Total       DF    in Variance    Information     Efficiency

Estimate                0              0              0        .              .              .              .


                                                         Parameter Estimates (10 Imputations)
 
                                                                                                                                  t for H0:
Parameter        Estimate      Std Error    95% Confidence Limits        DF        Minimum        Maximum         Theta0   Parameter=Theta0   Pr > |t|

Estimate         1.000000              0            .            .        .       1.000000       1.000000              0                .        .    
Model 4: Model 3 + PRS

EFFECTNAME=YRSUS_C3_10+_Years

The MIANALYZE Procedure

               Model Information

Data Set                  WORK.GENMOD_RESULTS_1
Number of Imputations     10                   


                                    Variance Information (10 Imputations)
 
                                                                       Relative       Fraction
             -----------------Variance-----------------                Increase        Missing       Relative
Parameter         Between         Within          Total       DF    in Variance    Information     Efficiency

Estimate         0.004786       0.194777       0.200041    12996       0.027027       0.026465       0.997360


                                                         Parameter Estimates (10 Imputations)
 
                                                                                                                                  t for H0:
Parameter        Estimate      Std Error    95% Confidence Limits        DF        Minimum        Maximum         Theta0   Parameter=Theta0   Pr > |t|

Estimate         0.837745       0.447259     -0.03895     1.714439    12996       0.710603       0.920630              0               1.87     0.0611
Model 4: Model 3 + PRS

EFFECTNAME=YRSUS_C3_<10_Years

The MIANALYZE Procedure

               Model Information

Data Set                  WORK.GENMOD_RESULTS_1
Number of Imputations     10                   


                                    Variance Information (10 Imputations)
 
                                                                       Relative       Fraction
             -----------------Variance-----------------                Increase        Missing       Relative
Parameter         Between         Within          Total       DF    in Variance    Information     Efficiency

Estimate         0.004166       0.184618       0.189200    15344       0.024820       0.024346       0.997571


                                                         Parameter Estimates (10 Imputations)
 
                                                                                                                                  t for H0:
Parameter        Estimate      Std Error    95% Confidence Limits        DF        Minimum        Maximum         Theta0   Parameter=Theta0   Pr > |t|

Estimate         0.688584       0.434971     -0.16401     1.541180    15344       0.582483       0.774146              0               1.58     0.1134
Model 4: Model 3 + PRS

EFFECTNAME=YRSUS_C3_US_BORN

The MIANALYZE Procedure

               Model Information

Data Set                  WORK.GENMOD_RESULTS_1
Number of Imputations     10                   


                                    Variance Information (10 Imputations)
 
                                                                       Relative       Fraction
             -----------------Variance-----------------                Increase        Missing       Relative
Parameter         Between         Within          Total       DF    in Variance    Information     Efficiency

Estimate                0              0              0        .              .              .              .


                                                         Parameter Estimates (10 Imputations)
 
                                                                                                                                  t for H0:
Parameter        Estimate      Std Error    95% Confidence Limits        DF        Minimum        Maximum         Theta0   Parameter=Theta0   Pr > |t|

Estimate                0              0            .            .        .              0              0              0                .        .    
Model 4: Model 3 + PRS

EFFECTNAME=YRS_BTWN_V1FLOR

The MIANALYZE Procedure

               Model Information

Data Set                  WORK.GENMOD_RESULTS_1
Number of Imputations     10                   


                                    Variance Information (10 Imputations)
 
                                                                       Relative       Fraction
             -----------------Variance-----------------                Increase        Missing       Relative
Parameter         Between         Within          Total       DF    in Variance    Information     Efficiency

Estimate      0.000039017       0.015569       0.015612   1.19E6       0.002757       0.002751       0.999725


                                                         Parameter Estimates (10 Imputations)
 
                                                                                                                                  t for H0:
Parameter        Estimate      Std Error    95% Confidence Limits        DF        Minimum        Maximum         Theta0   Parameter=Theta0   Pr > |t|

Estimate         0.065669       0.124946     -0.17922     0.310559   1.19E6       0.057645       0.075478              0               0.53     0.5992
Model 4: Model 3 + PRS

EFFECTNAME=AGE

The MIANALYZE Procedure

               Model Information

Data Set                  WORK.GENMOD_RESULTS_2
Number of Imputations     10                   


                                    Variance Information (10 Imputations)
 
                                                                       Relative       Fraction
             -----------------Variance-----------------                Increase        Missing       Relative
Parameter         Between         Within          Total       DF    in Variance    Information     Efficiency

Estimate      0.000015736       0.001269       0.001286    49680       0.013643       0.013499       0.998652


                                                         Parameter Estimates (10 Imputations)
 
                                                                                                                                  t for H0:
Parameter        Estimate      Std Error    95% Confidence Limits        DF        Minimum        Maximum         Theta0   Parameter=Theta0   Pr > |t|

Estimate         0.030856       0.035861     -0.03943     0.101143    49680       0.024257       0.036432              0               0.86     0.3896
Model 4: Model 3 + PRS

EFFECTNAME=ALCOHOL_USE_CURRENT

The MIANALYZE Procedure

               Model Information

Data Set                  WORK.GENMOD_RESULTS_2
Number of Imputations     10                   


                                    Variance Information (10 Imputations)
 
                                                                       Relative       Fraction
             -----------------Variance-----------------                Increase        Missing       Relative
Parameter         Between         Within          Total       DF    in Variance    Information     Efficiency

Estimate         0.002790       0.192427       0.195496    36524       0.015948       0.015751       0.998427


                                                         Parameter Estimates (10 Imputations)
 
                                                                                                                                  t for H0:
Parameter        Estimate      Std Error    95% Confidence Limits        DF        Minimum        Maximum         Theta0   Parameter=Theta0   Pr > |t|

Estimate         0.095871       0.442149     -0.77075     0.962496    36524       0.033683       0.169268              0               0.22     0.8283
Model 4: Model 3 + PRS

EFFECTNAME=ALCOHOL_USE_FORMER

The MIANALYZE Procedure

               Model Information

Data Set                  WORK.GENMOD_RESULTS_2
Number of Imputations     10                   


                                    Variance Information (10 Imputations)
 
                                                                       Relative       Fraction
             -----------------Variance-----------------                Increase        Missing       Relative
Parameter         Between         Within          Total       DF    in Variance    Information     Efficiency

Estimate         0.001362       0.202500       0.203998   166920       0.007397       0.007355       0.999265


                                                         Parameter Estimates (10 Imputations)
 
                                                                                                                                  t for H0:
Parameter        Estimate      Std Error    95% Confidence Limits        DF        Minimum        Maximum         Theta0   Parameter=Theta0   Pr > |t|

Estimate         0.050371       0.451662     -0.83488     0.935618   166920       0.002914       0.105202              0               0.11     0.9112
Model 4: Model 3 + PRS

EFFECTNAME=ALCOHOL_USE_NEVER

The MIANALYZE Procedure

               Model Information

Data Set                  WORK.GENMOD_RESULTS_2
Number of Imputations     10                   


                                    Variance Information (10 Imputations)
 
                                                                       Relative       Fraction
             -----------------Variance-----------------                Increase        Missing       Relative
Parameter         Between         Within          Total       DF    in Variance    Information     Efficiency

Estimate                0              0              0        .              .              .              .


                                                         Parameter Estimates (10 Imputations)
 
                                                                                                                                  t for H0:
Parameter        Estimate      Std Error    95% Confidence Limits        DF        Minimum        Maximum         Theta0   Parameter=Theta0   Pr > |t|

Estimate                0              0            .            .        .              0              0              0                .        .    
Model 4: Model 3 + PRS

EFFECTNAME=BKGRD1_C3NOMISS_CARIBBEAN

The MIANALYZE Procedure

               Model Information

Data Set                  WORK.GENMOD_RESULTS_2
Number of Imputations     10                   


                                    Variance Information (10 Imputations)
 
                                                                       Relative       Fraction
             -----------------Variance-----------------                Increase        Missing       Relative
Parameter         Between         Within          Total       DF    in Variance    Information     Efficiency

Estimate         0.003338       0.346753       0.350425    81962       0.010590       0.010503       0.998951


                                                         Parameter Estimates (10 Imputations)
 
                                                                                                                                  t for H0:
Parameter        Estimate      Std Error    95% Confidence Limits        DF        Minimum        Maximum         Theta0   Parameter=Theta0   Pr > |t|

Estimate         0.968992       0.591967     -0.19126     2.129244    81962       0.865860       1.075549              0               1.64     0.1017
Model 4: Model 3 + PRS

EFFECTNAME=BKGRD1_C3NOMISS_MEXICAN

The MIANALYZE Procedure

               Model Information

Data Set                  WORK.GENMOD_RESULTS_2
Number of Imputations     10                   


                                    Variance Information (10 Imputations)
 
                                                                       Relative       Fraction
             -----------------Variance-----------------                Increase        Missing       Relative
Parameter         Between         Within          Total       DF    in Variance    Information     Efficiency

Estimate                0              0              0        .              .              .              .


                                                         Parameter Estimates (10 Imputations)
 
                                                                                                                                  t for H0:
Parameter        Estimate      Std Error    95% Confidence Limits        DF        Minimum        Maximum         Theta0   Parameter=Theta0   Pr > |t|

Estimate                0              0            .            .        .              0              0              0                .        .    
Model 4: Model 3 + PRS

EFFECTNAME=BKGRD1_C3NOMISS_SC_OTHER

The MIANALYZE Procedure

               Model Information

Data Set                  WORK.GENMOD_RESULTS_2
Number of Imputations     10                   


                                    Variance Information (10 Imputations)
 
                                                                       Relative       Fraction
             -----------------Variance-----------------                Increase        Missing       Relative
Parameter         Between         Within          Total       DF    in Variance    Information     Efficiency

Estimate         0.000763       0.306963       0.307803   1.21E6       0.002736       0.002730       0.999727


                                                         Parameter Estimates (10 Imputations)
 
                                                                                                                                  t for H0:
Parameter        Estimate      Std Error    95% Confidence Limits        DF        Minimum        Maximum         Theta0   Parameter=Theta0   Pr > |t|

Estimate         0.664537       0.554800     -0.42285     1.751926   1.21E6       0.626397       0.715954              0               1.20     0.2310
Model 4: Model 3 + PRS

EFFECTNAME=CENTERNUM_BRONX

The MIANALYZE Procedure

               Model Information

Data Set                  WORK.GENMOD_RESULTS_2
Number of Imputations     10                   


                                    Variance Information (10 Imputations)
 
                                                                       Relative       Fraction
             -----------------Variance-----------------                Increase        Missing       Relative
Parameter         Between         Within          Total       DF    in Variance    Information     Efficiency

Estimate                0              0              0        .              .              .              .


                                                         Parameter Estimates (10 Imputations)
 
                                                                                                                                  t for H0:
Parameter        Estimate      Std Error    95% Confidence Limits        DF        Minimum        Maximum         Theta0   Parameter=Theta0   Pr > |t|

Estimate                0              0            .            .        .              0              0              0                .        .    
Model 4: Model 3 + PRS

EFFECTNAME=CENTERNUM_CHICAGO

The MIANALYZE Procedure

               Model Information

Data Set                  WORK.GENMOD_RESULTS_2
Number of Imputations     10                   


                                    Variance Information (10 Imputations)
 
                                                                       Relative       Fraction
             -----------------Variance-----------------                Increase        Missing       Relative
Parameter         Between         Within          Total       DF    in Variance    Information     Efficiency

Estimate         0.006061       0.302682       0.309349    19379       0.022025       0.021652       0.997840


                                                         Parameter Estimates (10 Imputations)
 
                                                                                                                                  t for H0:
Parameter        Estimate      Std Error    95% Confidence Limits        DF        Minimum        Maximum         Theta0   Parameter=Theta0   Pr > |t|

Estimate         0.295172       0.556191     -0.79501     1.385355    19379       0.214559       0.430046              0               0.53     0.5956
Model 4: Model 3 + PRS

EFFECTNAME=CENTERNUM_MIAMI

The MIANALYZE Procedure

               Model Information

Data Set                  WORK.GENMOD_RESULTS_2
Number of Imputations     10                   


                                    Variance Information (10 Imputations)
 
                                                                       Relative       Fraction
             -----------------Variance-----------------                Increase        Missing       Relative
Parameter         Between         Within          Total       DF    in Variance    Information     Efficiency

Estimate         0.004992       0.256089       0.261580    20427       0.021441       0.021086       0.997896


                                                         Parameter Estimates (10 Imputations)
 
                                                                                                                                  t for H0:
Parameter        Estimate      Std Error    95% Confidence Limits        DF        Minimum        Maximum         Theta0   Parameter=Theta0   Pr > |t|

Estimate        -0.664562       0.511448     -1.66704     0.337918    20427      -0.734849      -0.509608              0              -1.30     0.1938
Model 4: Model 3 + PRS

EFFECTNAME=CENTERNUM_SAN DIEGO

The MIANALYZE Procedure

               Model Information

Data Set                  WORK.GENMOD_RESULTS_2
Number of Imputations     10                   


                                    Variance Information (10 Imputations)
 
                                                                       Relative       Fraction
             -----------------Variance-----------------                Increase        Missing       Relative
Parameter         Between         Within          Total       DF    in Variance    Information     Efficiency

Estimate         0.008588       0.391362       0.400808    16202       0.024137       0.023689       0.997637


                                                         Parameter Estimates (10 Imputations)
 
                                                                                                                                  t for H0:
Parameter        Estimate      Std Error    95% Confidence Limits        DF        Minimum        Maximum         Theta0   Parameter=Theta0   Pr > |t|

Estimate         0.154462       0.633094     -1.08647     1.395397    16202       0.023284       0.296050              0               0.24     0.8072
Model 4: Model 3 + PRS

EFFECTNAME=CIGARETTE_USE_C2_CURRENT_OR_FORMER

The MIANALYZE Procedure

               Model Information

Data Set                  WORK.GENMOD_RESULTS_2
Number of Imputations     10                   


                                    Variance Information (10 Imputations)
 
                                                                       Relative       Fraction
             -----------------Variance-----------------                Increase        Missing       Relative
Parameter         Between         Within          Total       DF    in Variance    Information     Efficiency

Estimate         0.001864       0.172389       0.174440    65139       0.011894       0.011785       0.998823


                                                         Parameter Estimates (10 Imputations)
 
                                                                                                                                  t for H0:
Parameter        Estimate      Std Error    95% Confidence Limits        DF        Minimum        Maximum         Theta0   Parameter=Theta0   Pr > |t|

Estimate         0.551045       0.417660     -0.26757     1.369658    65139       0.496472       0.616027              0               1.32     0.1871
Model 4: Model 3 + PRS

EFFECTNAME=CIGARETTE_USE_C2_NEVER

The MIANALYZE Procedure

               Model Information

Data Set                  WORK.GENMOD_RESULTS_2
Number of Imputations     10                   


                                    Variance Information (10 Imputations)
 
                                                                       Relative       Fraction
             -----------------Variance-----------------                Increase        Missing       Relative
Parameter         Between         Within          Total       DF    in Variance    Information     Efficiency

Estimate                0              0              0        .              .              .              .


                                                         Parameter Estimates (10 Imputations)
 
                                                                                                                                  t for H0:
Parameter        Estimate      Std Error    95% Confidence Limits        DF        Minimum        Maximum         Theta0   Parameter=Theta0   Pr > |t|

Estimate                0              0            .            .        .              0              0              0                .        .    
Model 4: Model 3 + PRS

EFFECTNAME=EDUCATION_C3_AT_MOST_HIGHSCHOOL_GED

The MIANALYZE Procedure

               Model Information

Data Set                  WORK.GENMOD_RESULTS_2
Number of Imputations     10                   


                                    Variance Information (10 Imputations)
 
                                                                       Relative       Fraction
             -----------------Variance-----------------                Increase        Missing       Relative
Parameter         Between         Within          Total       DF    in Variance    Information     Efficiency

Estimate         0.001405       0.156490       0.158035    94098       0.009876       0.009801       0.999021


                                                         Parameter Estimates (10 Imputations)
 
                                                                                                                                  t for H0:
Parameter        Estimate      Std Error    95% Confidence Limits        DF        Minimum        Maximum         Theta0   Parameter=Theta0   Pr > |t|

Estimate         0.268138       0.397537     -0.51103     1.047305    94098       0.193514       0.314005              0               0.67     0.5000
Model 4: Model 3 + PRS

EFFECTNAME=EDUCATION_C3_G_HIGHSCHOOL

The MIANALYZE Procedure

               Model Information

Data Set                  WORK.GENMOD_RESULTS_2
Number of Imputations     10                   


                                    Variance Information (10 Imputations)
 
                                                                       Relative       Fraction
             -----------------Variance-----------------                Increase        Missing       Relative
Parameter         Between         Within          Total       DF    in Variance    Information     Efficiency

Estimate         0.002804       0.190178       0.193262    35341       0.016217       0.016014       0.998401


                                                         Parameter Estimates (10 Imputations)
 
                                                                                                                                  t for H0:
Parameter        Estimate      Std Error    95% Confidence Limits        DF        Minimum        Maximum         Theta0   Parameter=Theta0   Pr > |t|

Estimate        -0.619682       0.439615     -1.48134     0.241978    35341      -0.713436      -0.556751              0              -1.41     0.1587
Model 4: Model 3 + PRS

EFFECTNAME=EDUCATION_C3_N_HIGHSCHOOL_GED

The MIANALYZE Procedure

               Model Information

Data Set                  WORK.GENMOD_RESULTS_2
Number of Imputations     10                   


                                    Variance Information (10 Imputations)
 
                                                                       Relative       Fraction
             -----------------Variance-----------------                Increase        Missing       Relative
Parameter         Between         Within          Total       DF    in Variance    Information     Efficiency

Estimate                0              0              0        .              .              .              .


                                                         Parameter Estimates (10 Imputations)
 
                                                                                                                                  t for H0:
Parameter        Estimate      Std Error    95% Confidence Limits        DF        Minimum        Maximum         Theta0   Parameter=Theta0   Pr > |t|

Estimate                0              0            .            .        .              0              0              0                .        .    
Model 4: Model 3 + PRS

EFFECTNAME=EMPLOYEDYN_EMPLOYED

The MIANALYZE Procedure

               Model Information

Data Set                  WORK.GENMOD_RESULTS_2
Number of Imputations     10                   


                                    Variance Information (10 Imputations)
 
                                                                       Relative       Fraction
             -----------------Variance-----------------                Increase        Missing       Relative
Parameter         Between         Within          Total       DF    in Variance    Information     Efficiency

Estimate         0.009172       0.105217       0.115307   1175.5       0.095893       0.089051       0.991174


                                                         Parameter Estimates (10 Imputations)
 
                                                                                                                                  t for H0:
Parameter        Estimate      Std Error    95% Confidence Limits        DF        Minimum        Maximum         Theta0   Parameter=Theta0   Pr > |t|

Estimate        -0.066840       0.339569     -0.73307     0.599388   1175.5      -0.215880       0.047869              0              -0.20     0.8440
Model 4: Model 3 + PRS

EFFECTNAME=EMPLOYEDYN_NOT_EMPLOYED

The MIANALYZE Procedure

               Model Information

Data Set                  WORK.GENMOD_RESULTS_2
Number of Imputations     10                   


                                    Variance Information (10 Imputations)
 
                                                                       Relative       Fraction
             -----------------Variance-----------------                Increase        Missing       Relative
Parameter         Between         Within          Total       DF    in Variance    Information     Efficiency

Estimate                0              0              0        .              .              .              .


                                                         Parameter Estimates (10 Imputations)
 
                                                                                                                                  t for H0:
Parameter        Estimate      Std Error    95% Confidence Limits        DF        Minimum        Maximum         Theta0   Parameter=Theta0   Pr > |t|

Estimate                0              0            .            .        .              0              0              0                .        .    
Model 4: Model 3 + PRS

EFFECTNAME=HEI2010_C3_HIGH

The MIANALYZE Procedure

               Model Information

Data Set                  WORK.GENMOD_RESULTS_2
Number of Imputations     10                   


                                    Variance Information (10 Imputations)
 
                                                                       Relative       Fraction
             -----------------Variance-----------------                Increase        Missing       Relative
Parameter         Between         Within          Total       DF    in Variance    Information     Efficiency

Estimate         0.002892       0.152437       0.155619    21531       0.020872       0.020536       0.997951


                                                         Parameter Estimates (10 Imputations)
 
                                                                                                                                  t for H0:
Parameter        Estimate      Std Error    95% Confidence Limits        DF        Minimum        Maximum         Theta0   Parameter=Theta0   Pr > |t|

Estimate         0.285746       0.394486     -0.48748     1.058968    21531       0.195890       0.356072              0               0.72     0.4689
Model 4: Model 3 + PRS

EFFECTNAME=HEI2010_C3_LOW

The MIANALYZE Procedure

               Model Information

Data Set                  WORK.GENMOD_RESULTS_2
Number of Imputations     10                   


                                    Variance Information (10 Imputations)
 
                                                                       Relative       Fraction
             -----------------Variance-----------------                Increase        Missing       Relative
Parameter         Between         Within          Total       DF    in Variance    Information     Efficiency

Estimate                0              0              0        .              .              .              .


                                                         Parameter Estimates (10 Imputations)
 
                                                                                                                                  t for H0:
Parameter        Estimate      Std Error    95% Confidence Limits        DF        Minimum        Maximum         Theta0   Parameter=Theta0   Pr > |t|

Estimate                0              0            .            .        .              0              0              0                .        .    
Model 4: Model 3 + PRS

EFFECTNAME=HEI2010_C3_MEDIUM

The MIANALYZE Procedure

               Model Information

Data Set                  WORK.GENMOD_RESULTS_2
Number of Imputations     10                   


                                    Variance Information (10 Imputations)
 
                                                                       Relative       Fraction
             -----------------Variance-----------------                Increase        Missing       Relative
Parameter         Between         Within          Total       DF    in Variance    Information     Efficiency

Estimate         0.002176       0.143446       0.145839    33409       0.016687       0.016472       0.998356


                                                         Parameter Estimates (10 Imputations)
 
                                                                                                                                  t for H0:
Parameter        Estimate      Std Error    95% Confidence Limits        DF        Minimum        Maximum         Theta0   Parameter=Theta0   Pr > |t|

Estimate        -0.134282       0.381889     -0.88280     0.614234    33409      -0.201665      -0.055098              0              -0.35     0.7251
Model 4: Model 3 + PRS

EFFECTNAME=Intercept

The MIANALYZE Procedure

               Model Information

Data Set                  WORK.GENMOD_RESULTS_2
Number of Imputations     10                   


                                    Variance Information (10 Imputations)
 
                                                                       Relative       Fraction
             -----------------Variance-----------------                Increase        Missing       Relative
Parameter         Between         Within          Total       DF    in Variance    Information     Efficiency

Estimate         0.127040       5.359966       5.499710    13940       0.026072       0.025549       0.997452


                                                         Parameter Estimates (10 Imputations)
 
                                                                                                                                  t for H0:
Parameter        Estimate      Std Error    95% Confidence Limits        DF        Minimum        Maximum         Theta0   Parameter=Theta0   Pr > |t|

Estimate        -5.881982       2.345146     -10.4788     -1.28518    13940      -6.430118      -5.311015              0              -2.51     0.0121
Model 4: Model 3 + PRS

EFFECTNAME=MARITAL_STATUS_C2_COHABITING

The MIANALYZE Procedure

               Model Information

Data Set                  WORK.GENMOD_RESULTS_2
Number of Imputations     10                   


                                    Variance Information (10 Imputations)
 
                                                                       Relative       Fraction
             -----------------Variance-----------------                Increase        Missing       Relative
Parameter         Between         Within          Total       DF    in Variance    Information     Efficiency

Estimate         0.000452       0.102041       0.102539   382516       0.004874       0.004856       0.999515


                                                         Parameter Estimates (10 Imputations)
 
                                                                                                                                  t for H0:
Parameter        Estimate      Std Error    95% Confidence Limits        DF        Minimum        Maximum         Theta0   Parameter=Theta0   Pr > |t|

Estimate        -0.520185       0.320216     -1.14780     0.107429   382516      -0.549208      -0.487154              0              -1.62     0.1043
Model 4: Model 3 + PRS

EFFECTNAME=MARITAL_STATUS_C2_SINGLE_OTHER

The MIANALYZE Procedure

               Model Information

Data Set                  WORK.GENMOD_RESULTS_2
Number of Imputations     10                   


                                    Variance Information (10 Imputations)
 
                                                                       Relative       Fraction
             -----------------Variance-----------------                Increase        Missing       Relative
Parameter         Between         Within          Total       DF    in Variance    Information     Efficiency

Estimate                0              0              0        .              .              .              .


                                                         Parameter Estimates (10 Imputations)
 
                                                                                                                                  t for H0:
Parameter        Estimate      Std Error    95% Confidence Limits        DF        Minimum        Maximum         Theta0   Parameter=Theta0   Pr > |t|

Estimate                0              0            .            .        .              0              0              0                .        .    
Model 4: Model 3 + PRS

EFFECTNAME=N_HC_NO

The MIANALYZE Procedure

               Model Information

Data Set                  WORK.GENMOD_RESULTS_2
Number of Imputations     10                   


                                    Variance Information (10 Imputations)
 
                                                                       Relative       Fraction
             -----------------Variance-----------------                Increase        Missing       Relative
Parameter         Between         Within          Total       DF    in Variance    Information     Efficiency

Estimate                0              0              0        .              .              .              .


                                                         Parameter Estimates (10 Imputations)
 
                                                                                                                                  t for H0:
Parameter        Estimate      Std Error    95% Confidence Limits        DF        Minimum        Maximum         Theta0   Parameter=Theta0   Pr > |t|

Estimate                0              0            .            .        .              0              0              0                .        .    
Model 4: Model 3 + PRS

EFFECTNAME=N_HC_YES

The MIANALYZE Procedure

               Model Information

Data Set                  WORK.GENMOD_RESULTS_2
Number of Imputations     10                   


                                    Variance Information (10 Imputations)
 
                                                                       Relative       Fraction
             -----------------Variance-----------------                Increase        Missing       Relative
Parameter         Between         Within          Total       DF    in Variance    Information     Efficiency

Estimate         0.004193       0.130951       0.135564   7773.4       0.035225       0.034275       0.996584


                                                         Parameter Estimates (10 Imputations)
 
                                                                                                                                  t for H0:
Parameter        Estimate      Std Error    95% Confidence Limits        DF        Minimum        Maximum         Theta0   Parameter=Theta0   Pr > |t|

Estimate         0.445291       0.368190     -0.27646     1.167042   7773.4       0.340275       0.540073              0               1.21     0.2265
Model 4: Model 3 + PRS

EFFECTNAME=PAG2008YN_NO

The MIANALYZE Procedure

               Model Information

Data Set                  WORK.GENMOD_RESULTS_2
Number of Imputations     10                   


                                    Variance Information (10 Imputations)
 
                                                                       Relative       Fraction
             -----------------Variance-----------------                Increase        Missing       Relative
Parameter         Between         Within          Total       DF    in Variance    Information     Efficiency

Estimate         0.040336       0.107775       0.152144   105.83       0.411683       0.304644       0.970436


                                                         Parameter Estimates (10 Imputations)
 
                                                                                                                                  t for H0:
Parameter        Estimate      Std Error    95% Confidence Limits        DF        Minimum        Maximum         Theta0   Parameter=Theta0   Pr > |t|

Estimate         0.255233       0.390057     -0.51811     1.028573   105.83      -0.041551       0.534598              0               0.65     0.5143
Model 4: Model 3 + PRS

EFFECTNAME=PAG2008YN_YES

The MIANALYZE Procedure

               Model Information

Data Set                  WORK.GENMOD_RESULTS_2
Number of Imputations     10                   


                                    Variance Information (10 Imputations)
 
                                                                       Relative       Fraction
             -----------------Variance-----------------                Increase        Missing       Relative
Parameter         Between         Within          Total       DF    in Variance    Information     Efficiency

Estimate                0              0              0        .              .              .              .


                                                         Parameter Estimates (10 Imputations)
 
                                                                                                                                  t for H0:
Parameter        Estimate      Std Error    95% Confidence Limits        DF        Minimum        Maximum         Theta0   Parameter=Theta0   Pr > |t|

Estimate                0              0            .            .        .              0              0              0                .        .    
Model 4: Model 3 + PRS

EFFECTNAME=PARITY_V1

The MIANALYZE Procedure

               Model Information

Data Set                  WORK.GENMOD_RESULTS_2
Number of Imputations     10                   


                                    Variance Information (10 Imputations)
 
                                                                       Relative       Fraction
             -----------------Variance-----------------                Increase        Missing       Relative
Parameter         Between         Within          Total       DF    in Variance    Information     Efficiency

Estimate         0.000554       0.028597       0.029206    20658       0.021318       0.020968       0.997908


                                                         Parameter Estimates (10 Imputations)
 
                                                                                                                                  t for H0:
Parameter        Estimate      Std Error    95% Confidence Limits        DF        Minimum        Maximum         Theta0   Parameter=Theta0   Pr > |t|

Estimate         0.261683       0.170898     -0.07329     0.596656    20658       0.213509       0.297800              0               1.53     0.1257
Model 4: Model 3 + PRS

EFFECTNAME=SLPDUR

The MIANALYZE Procedure

               Model Information

Data Set                  WORK.GENMOD_RESULTS_2
Number of Imputations     10                   


                                    Variance Information (10 Imputations)
 
                                                                       Relative       Fraction
             -----------------Variance-----------------                Increase        Missing       Relative
Parameter         Between         Within          Total       DF    in Variance    Information     Efficiency

Estimate         0.001009       0.014012       0.015122   1670.8       0.079208       0.074502       0.992605


                                                         Parameter Estimates (10 Imputations)
 
                                                                                                                                  t for H0:
Parameter        Estimate      Std Error    95% Confidence Limits        DF        Minimum        Maximum         Theta0   Parameter=Theta0   Pr > |t|

Estimate         0.249243       0.122973     0.008046     0.490441   1670.8       0.195981       0.297382              0               2.03     0.0428
Model 4: Model 3 + PRS

EFFECTNAME=Scale

The MIANALYZE Procedure

               Model Information

Data Set                  WORK.GENMOD_RESULTS_2
Number of Imputations     10                   


                                    Variance Information (10 Imputations)
 
                                                                       Relative       Fraction
             -----------------Variance-----------------                Increase        Missing       Relative
Parameter         Between         Within          Total       DF    in Variance    Information     Efficiency

Estimate                0              0              0        .              .              .              .


                                                         Parameter Estimates (10 Imputations)
 
                                                                                                                                  t for H0:
Parameter        Estimate      Std Error    95% Confidence Limits        DF        Minimum        Maximum         Theta0   Parameter=Theta0   Pr > |t|

Estimate         1.000000              0            .            .        .       1.000000       1.000000              0                .        .    
Model 4: Model 3 + PRS

EFFECTNAME=YRSUS_C3_10+_Years

The MIANALYZE Procedure

               Model Information

Data Set                  WORK.GENMOD_RESULTS_2
Number of Imputations     10                   


                                    Variance Information (10 Imputations)
 
                                                                       Relative       Fraction
             -----------------Variance-----------------                Increase        Missing       Relative
Parameter         Between         Within          Total       DF    in Variance    Information     Efficiency

Estimate         0.003184       0.212504       0.216006    34243       0.016479       0.016269       0.998376


                                                         Parameter Estimates (10 Imputations)
 
                                                                                                                                  t for H0:
Parameter        Estimate      Std Error    95% Confidence Limits        DF        Minimum        Maximum         Theta0   Parameter=Theta0   Pr > |t|

Estimate         0.943415       0.464765     0.032461     1.854370    34243       0.859915       1.016326              0               2.03     0.0424
Model 4: Model 3 + PRS

EFFECTNAME=YRSUS_C3_<10_Years

The MIANALYZE Procedure

               Model Information

Data Set                  WORK.GENMOD_RESULTS_2
Number of Imputations     10                   


                                    Variance Information (10 Imputations)
 
                                                                       Relative       Fraction
             -----------------Variance-----------------                Increase        Missing       Relative
Parameter         Between         Within          Total       DF    in Variance    Information     Efficiency

Estimate         0.003370       0.200976       0.204683    27435       0.018446       0.018184       0.998185


                                                         Parameter Estimates (10 Imputations)
 
                                                                                                                                  t for H0:
Parameter        Estimate      Std Error    95% Confidence Limits        DF        Minimum        Maximum         Theta0   Parameter=Theta0   Pr > |t|

Estimate         0.718640       0.452419     -0.16812     1.605403    27435       0.654364       0.815180              0               1.59     0.1122
Model 4: Model 3 + PRS

EFFECTNAME=YRSUS_C3_US_BORN

The MIANALYZE Procedure

               Model Information

Data Set                  WORK.GENMOD_RESULTS_2
Number of Imputations     10                   


                                    Variance Information (10 Imputations)
 
                                                                       Relative       Fraction
             -----------------Variance-----------------                Increase        Missing       Relative
Parameter         Between         Within          Total       DF    in Variance    Information     Efficiency

Estimate                0              0              0        .              .              .              .


                                                         Parameter Estimates (10 Imputations)
 
                                                                                                                                  t for H0:
Parameter        Estimate      Std Error    95% Confidence Limits        DF        Minimum        Maximum         Theta0   Parameter=Theta0   Pr > |t|

Estimate                0              0            .            .        .              0              0              0                .        .    
Model 4: Model 3 + PRS

EFFECTNAME=YRS_BTWN_V1FLOR

The MIANALYZE Procedure

               Model Information

Data Set                  WORK.GENMOD_RESULTS_2
Number of Imputations     10                   


                                    Variance Information (10 Imputations)
 
                                                                       Relative       Fraction
             -----------------Variance-----------------                Increase        Missing       Relative
Parameter         Between         Within          Total       DF    in Variance    Information     Efficiency

Estimate      0.000087238       0.017222       0.017318   293113       0.005572       0.005548       0.999446


                                                         Parameter Estimates (10 Imputations)
 
                                                                                                                                  t for H0:
Parameter        Estimate      Std Error    95% Confidence Limits        DF        Minimum        Maximum         Theta0   Parameter=Theta0   Pr > |t|

Estimate         0.119318       0.131597     -0.13861     0.377245   293113       0.102565       0.132549              0               0.91     0.3646
Model 4: Model 3 + PRS

EFFECTNAME=AGE

The MIANALYZE Procedure

               Model Information

Data Set                  WORK.GENMOD_RESULTS_2
Number of Imputations     10                   


                                    Variance Information (10 Imputations)
 
                                                                       Relative       Fraction
             -----------------Variance-----------------                Increase        Missing       Relative
Parameter         Between         Within          Total       DF    in Variance    Information     Efficiency

Estimate      0.000015736       0.001269       0.001286    49680       0.013643       0.013499       0.998652


                                                         Parameter Estimates (10 Imputations)
 
                                                                                                                                  t for H0:
Parameter        Estimate      Std Error    95% Confidence Limits        DF        Minimum        Maximum         Theta0   Parameter=Theta0   Pr > |t|

Estimate         0.030856       0.035861     -0.03943     0.101143    49680       0.024257       0.036432              0               0.86     0.3896
Model 4: Model 3 + PRS

EFFECTNAME=ALCOHOL_USE_CURRENT

The MIANALYZE Procedure

               Model Information

Data Set                  WORK.GENMOD_RESULTS_2
Number of Imputations     10                   


                                    Variance Information (10 Imputations)
 
                                                                       Relative       Fraction
             -----------------Variance-----------------                Increase        Missing       Relative
Parameter         Between         Within          Total       DF    in Variance    Information     Efficiency

Estimate         0.002790       0.192427       0.195496    36524       0.015948       0.015751       0.998427


                                                         Parameter Estimates (10 Imputations)
 
                                                                                                                                  t for H0:
Parameter        Estimate      Std Error    95% Confidence Limits        DF        Minimum        Maximum         Theta0   Parameter=Theta0   Pr > |t|

Estimate         0.095871       0.442149     -0.77075     0.962496    36524       0.033683       0.169268              0               0.22     0.8283
Model 4: Model 3 + PRS

EFFECTNAME=ALCOHOL_USE_FORMER

The MIANALYZE Procedure

               Model Information

Data Set                  WORK.GENMOD_RESULTS_2
Number of Imputations     10                   


                                    Variance Information (10 Imputations)
 
                                                                       Relative       Fraction
             -----------------Variance-----------------                Increase        Missing       Relative
Parameter         Between         Within          Total       DF    in Variance    Information     Efficiency

Estimate         0.001362       0.202500       0.203998   166920       0.007397       0.007355       0.999265


                                                         Parameter Estimates (10 Imputations)
 
                                                                                                                                  t for H0:
Parameter        Estimate      Std Error    95% Confidence Limits        DF        Minimum        Maximum         Theta0   Parameter=Theta0   Pr > |t|

Estimate         0.050371       0.451662     -0.83488     0.935618   166920       0.002914       0.105202              0               0.11     0.9112
Model 4: Model 3 + PRS

EFFECTNAME=ALCOHOL_USE_NEVER

The MIANALYZE Procedure

               Model Information

Data Set                  WORK.GENMOD_RESULTS_2
Number of Imputations     10                   


                                    Variance Information (10 Imputations)
 
                                                                       Relative       Fraction
             -----------------Variance-----------------                Increase        Missing       Relative
Parameter         Between         Within          Total       DF    in Variance    Information     Efficiency

Estimate                0              0              0        .              .              .              .


                                                         Parameter Estimates (10 Imputations)
 
                                                                                                                                  t for H0:
Parameter        Estimate      Std Error    95% Confidence Limits        DF        Minimum        Maximum         Theta0   Parameter=Theta0   Pr > |t|

Estimate                0              0            .            .        .              0              0              0                .        .    
Model 4: Model 3 + PRS

EFFECTNAME=BKGRD1_C3NOMISS_CARIBBEAN

The MIANALYZE Procedure

               Model Information

Data Set                  WORK.GENMOD_RESULTS_2
Number of Imputations     10                   


                                    Variance Information (10 Imputations)
 
                                                                       Relative       Fraction
             -----------------Variance-----------------                Increase        Missing       Relative
Parameter         Between         Within          Total       DF    in Variance    Information     Efficiency

Estimate         0.003338       0.346753       0.350425    81962       0.010590       0.010503       0.998951


                                                         Parameter Estimates (10 Imputations)
 
                                                                                                                                  t for H0:
Parameter        Estimate      Std Error    95% Confidence Limits        DF        Minimum        Maximum         Theta0   Parameter=Theta0   Pr > |t|

Estimate         0.968992       0.591967     -0.19126     2.129244    81962       0.865860       1.075549              0               1.64     0.1017
Model 4: Model 3 + PRS

EFFECTNAME=BKGRD1_C3NOMISS_MEXICAN

The MIANALYZE Procedure

               Model Information

Data Set                  WORK.GENMOD_RESULTS_2
Number of Imputations     10                   


                                    Variance Information (10 Imputations)
 
                                                                       Relative       Fraction
             -----------------Variance-----------------                Increase        Missing       Relative
Parameter         Between         Within          Total       DF    in Variance    Information     Efficiency

Estimate                0              0              0        .              .              .              .


                                                         Parameter Estimates (10 Imputations)
 
                                                                                                                                  t for H0:
Parameter        Estimate      Std Error    95% Confidence Limits        DF        Minimum        Maximum         Theta0   Parameter=Theta0   Pr > |t|

Estimate                0              0            .            .        .              0              0              0                .        .    
Model 4: Model 3 + PRS

EFFECTNAME=BKGRD1_C3NOMISS_SC_OTHER

The MIANALYZE Procedure

               Model Information

Data Set                  WORK.GENMOD_RESULTS_2
Number of Imputations     10                   


                                    Variance Information (10 Imputations)
 
                                                                       Relative       Fraction
             -----------------Variance-----------------                Increase        Missing       Relative
Parameter         Between         Within          Total       DF    in Variance    Information     Efficiency

Estimate         0.000763       0.306963       0.307803   1.21E6       0.002736       0.002730       0.999727


                                                         Parameter Estimates (10 Imputations)
 
                                                                                                                                  t for H0:
Parameter        Estimate      Std Error    95% Confidence Limits        DF        Minimum        Maximum         Theta0   Parameter=Theta0   Pr > |t|

Estimate         0.664537       0.554800     -0.42285     1.751926   1.21E6       0.626397       0.715954              0               1.20     0.2310
Model 4: Model 3 + PRS

EFFECTNAME=CENTERNUM_BRONX

The MIANALYZE Procedure

               Model Information

Data Set                  WORK.GENMOD_RESULTS_2
Number of Imputations     10                   


                                    Variance Information (10 Imputations)
 
                                                                       Relative       Fraction
             -----------------Variance-----------------                Increase        Missing       Relative
Parameter         Between         Within          Total       DF    in Variance    Information     Efficiency

Estimate                0              0              0        .              .              .              .


                                                         Parameter Estimates (10 Imputations)
 
                                                                                                                                  t for H0:
Parameter        Estimate      Std Error    95% Confidence Limits        DF        Minimum        Maximum         Theta0   Parameter=Theta0   Pr > |t|

Estimate                0              0            .            .        .              0              0              0                .        .    
Model 4: Model 3 + PRS

EFFECTNAME=CENTERNUM_CHICAGO

The MIANALYZE Procedure

               Model Information

Data Set                  WORK.GENMOD_RESULTS_2
Number of Imputations     10                   


                                    Variance Information (10 Imputations)
 
                                                                       Relative       Fraction
             -----------------Variance-----------------                Increase        Missing       Relative
Parameter         Between         Within          Total       DF    in Variance    Information     Efficiency

Estimate         0.006061       0.302682       0.309349    19379       0.022025       0.021652       0.997840


                                                         Parameter Estimates (10 Imputations)
 
                                                                                                                                  t for H0:
Parameter        Estimate      Std Error    95% Confidence Limits        DF        Minimum        Maximum         Theta0   Parameter=Theta0   Pr > |t|

Estimate         0.295172       0.556191     -0.79501     1.385355    19379       0.214559       0.430046              0               0.53     0.5956
Model 4: Model 3 + PRS

EFFECTNAME=CENTERNUM_MIAMI

The MIANALYZE Procedure

               Model Information

Data Set                  WORK.GENMOD_RESULTS_2
Number of Imputations     10                   


                                    Variance Information (10 Imputations)
 
                                                                       Relative       Fraction
             -----------------Variance-----------------                Increase        Missing       Relative
Parameter         Between         Within          Total       DF    in Variance    Information     Efficiency

Estimate         0.004992       0.256089       0.261580    20427       0.021441       0.021086       0.997896


                                                         Parameter Estimates (10 Imputations)
 
                                                                                                                                  t for H0:
Parameter        Estimate      Std Error    95% Confidence Limits        DF        Minimum        Maximum         Theta0   Parameter=Theta0   Pr > |t|

Estimate        -0.664562       0.511448     -1.66704     0.337918    20427      -0.734849      -0.509608              0              -1.30     0.1938
Model 4: Model 3 + PRS

EFFECTNAME=CENTERNUM_SAN DIEGO

The MIANALYZE Procedure

               Model Information

Data Set                  WORK.GENMOD_RESULTS_2
Number of Imputations     10                   


                                    Variance Information (10 Imputations)
 
                                                                       Relative       Fraction
             -----------------Variance-----------------                Increase        Missing       Relative
Parameter         Between         Within          Total       DF    in Variance    Information     Efficiency

Estimate         0.008588       0.391362       0.400808    16202       0.024137       0.023689       0.997637


                                                         Parameter Estimates (10 Imputations)
 
                                                                                                                                  t for H0:
Parameter        Estimate      Std Error    95% Confidence Limits        DF        Minimum        Maximum         Theta0   Parameter=Theta0   Pr > |t|

Estimate         0.154462       0.633094     -1.08647     1.395397    16202       0.023284       0.296050              0               0.24     0.8072
Model 4: Model 3 + PRS

EFFECTNAME=CIGARETTE_USE_C2_CURRENT_OR_FORMER

The MIANALYZE Procedure

               Model Information

Data Set                  WORK.GENMOD_RESULTS_2
Number of Imputations     10                   


                                    Variance Information (10 Imputations)
 
                                                                       Relative       Fraction
             -----------------Variance-----------------                Increase        Missing       Relative
Parameter         Between         Within          Total       DF    in Variance    Information     Efficiency

Estimate         0.001864       0.172389       0.174440    65139       0.011894       0.011785       0.998823


                                                         Parameter Estimates (10 Imputations)
 
                                                                                                                                  t for H0:
Parameter        Estimate      Std Error    95% Confidence Limits        DF        Minimum        Maximum         Theta0   Parameter=Theta0   Pr > |t|

Estimate         0.551045       0.417660     -0.26757     1.369658    65139       0.496472       0.616027              0               1.32     0.1871
Model 4: Model 3 + PRS

EFFECTNAME=CIGARETTE_USE_C2_NEVER

The MIANALYZE Procedure

               Model Information

Data Set                  WORK.GENMOD_RESULTS_2
Number of Imputations     10                   


                                    Variance Information (10 Imputations)
 
                                                                       Relative       Fraction
             -----------------Variance-----------------                Increase        Missing       Relative
Parameter         Between         Within          Total       DF    in Variance    Information     Efficiency

Estimate                0              0              0        .              .              .              .


                                                         Parameter Estimates (10 Imputations)
 
                                                                                                                                  t for H0:
Parameter        Estimate      Std Error    95% Confidence Limits        DF        Minimum        Maximum         Theta0   Parameter=Theta0   Pr > |t|

Estimate                0              0            .            .        .              0              0              0                .        .    
Model 4: Model 3 + PRS

EFFECTNAME=EDUCATION_C3_AT_MOST_HIGHSCHOOL_GED

The MIANALYZE Procedure

               Model Information

Data Set                  WORK.GENMOD_RESULTS_2
Number of Imputations     10                   


                                    Variance Information (10 Imputations)
 
                                                                       Relative       Fraction
             -----------------Variance-----------------                Increase        Missing       Relative
Parameter         Between         Within          Total       DF    in Variance    Information     Efficiency

Estimate         0.001405       0.156490       0.158035    94098       0.009876       0.009801       0.999021


                                                         Parameter Estimates (10 Imputations)
 
                                                                                                                                  t for H0:
Parameter        Estimate      Std Error    95% Confidence Limits        DF        Minimum        Maximum         Theta0   Parameter=Theta0   Pr > |t|

Estimate         0.268138       0.397537     -0.51103     1.047305    94098       0.193514       0.314005              0               0.67     0.5000
Model 4: Model 3 + PRS

EFFECTNAME=EDUCATION_C3_G_HIGHSCHOOL

The MIANALYZE Procedure

               Model Information

Data Set                  WORK.GENMOD_RESULTS_2
Number of Imputations     10                   


                                    Variance Information (10 Imputations)
 
                                                                       Relative       Fraction
             -----------------Variance-----------------                Increase        Missing       Relative
Parameter         Between         Within          Total       DF    in Variance    Information     Efficiency

Estimate         0.002804       0.190178       0.193262    35341       0.016217       0.016014       0.998401


                                                         Parameter Estimates (10 Imputations)
 
                                                                                                                                  t for H0:
Parameter        Estimate      Std Error    95% Confidence Limits        DF        Minimum        Maximum         Theta0   Parameter=Theta0   Pr > |t|

Estimate        -0.619682       0.439615     -1.48134     0.241978    35341      -0.713436      -0.556751              0              -1.41     0.1587
Model 4: Model 3 + PRS

EFFECTNAME=EDUCATION_C3_N_HIGHSCHOOL_GED

The MIANALYZE Procedure

               Model Information

Data Set                  WORK.GENMOD_RESULTS_2
Number of Imputations     10                   


                                    Variance Information (10 Imputations)
 
                                                                       Relative       Fraction
             -----------------Variance-----------------                Increase        Missing       Relative
Parameter         Between         Within          Total       DF    in Variance    Information     Efficiency

Estimate                0              0              0        .              .              .              .


                                                         Parameter Estimates (10 Imputations)
 
                                                                                                                                  t for H0:
Parameter        Estimate      Std Error    95% Confidence Limits        DF        Minimum        Maximum         Theta0   Parameter=Theta0   Pr > |t|

Estimate                0              0            .            .        .              0              0              0                .        .    
Model 4: Model 3 + PRS

EFFECTNAME=EMPLOYEDYN_EMPLOYED

The MIANALYZE Procedure

               Model Information

Data Set                  WORK.GENMOD_RESULTS_2
Number of Imputations     10                   


                                    Variance Information (10 Imputations)
 
                                                                       Relative       Fraction
             -----------------Variance-----------------                Increase        Missing       Relative
Parameter         Between         Within          Total       DF    in Variance    Information     Efficiency

Estimate         0.009172       0.105217       0.115307   1175.5       0.095893       0.089051       0.991174


                                                         Parameter Estimates (10 Imputations)
 
                                                                                                                                  t for H0:
Parameter        Estimate      Std Error    95% Confidence Limits        DF        Minimum        Maximum         Theta0   Parameter=Theta0   Pr > |t|

Estimate        -0.066840       0.339569     -0.73307     0.599388   1175.5      -0.215880       0.047869              0              -0.20     0.8440
Model 4: Model 3 + PRS

EFFECTNAME=EMPLOYEDYN_NOT_EMPLOYED

The MIANALYZE Procedure

               Model Information

Data Set                  WORK.GENMOD_RESULTS_2
Number of Imputations     10                   


                                    Variance Information (10 Imputations)
 
                                                                       Relative       Fraction
             -----------------Variance-----------------                Increase        Missing       Relative
Parameter         Between         Within          Total       DF    in Variance    Information     Efficiency

Estimate                0              0              0        .              .              .              .


                                                         Parameter Estimates (10 Imputations)
 
                                                                                                                                  t for H0:
Parameter        Estimate      Std Error    95% Confidence Limits        DF        Minimum        Maximum         Theta0   Parameter=Theta0   Pr > |t|

Estimate                0              0            .            .        .              0              0              0                .        .    
Model 4: Model 3 + PRS

EFFECTNAME=HEI2010_C3_HIGH

The MIANALYZE Procedure

               Model Information

Data Set                  WORK.GENMOD_RESULTS_2
Number of Imputations     10                   


                                    Variance Information (10 Imputations)
 
                                                                       Relative       Fraction
             -----------------Variance-----------------                Increase        Missing       Relative
Parameter         Between         Within          Total       DF    in Variance    Information     Efficiency

Estimate         0.002892       0.152437       0.155619    21531       0.020872       0.020536       0.997951


                                                         Parameter Estimates (10 Imputations)
 
                                                                                                                                  t for H0:
Parameter        Estimate      Std Error    95% Confidence Limits        DF        Minimum        Maximum         Theta0   Parameter=Theta0   Pr > |t|

Estimate         0.285746       0.394486     -0.48748     1.058968    21531       0.195890       0.356072              0               0.72     0.4689
Model 4: Model 3 + PRS

EFFECTNAME=HEI2010_C3_LOW

The MIANALYZE Procedure

               Model Information

Data Set                  WORK.GENMOD_RESULTS_2
Number of Imputations     10                   


                                    Variance Information (10 Imputations)
 
                                                                       Relative       Fraction
             -----------------Variance-----------------                Increase        Missing       Relative
Parameter         Between         Within          Total       DF    in Variance    Information     Efficiency

Estimate                0              0              0        .              .              .              .


                                                         Parameter Estimates (10 Imputations)
 
                                                                                                                                  t for H0:
Parameter        Estimate      Std Error    95% Confidence Limits        DF        Minimum        Maximum         Theta0   Parameter=Theta0   Pr > |t|

Estimate                0              0            .            .        .              0              0              0                .        .    
Model 4: Model 3 + PRS

EFFECTNAME=HEI2010_C3_MEDIUM

The MIANALYZE Procedure

               Model Information

Data Set                  WORK.GENMOD_RESULTS_2
Number of Imputations     10                   


                                    Variance Information (10 Imputations)
 
                                                                       Relative       Fraction
             -----------------Variance-----------------                Increase        Missing       Relative
Parameter         Between         Within          Total       DF    in Variance    Information     Efficiency

Estimate         0.002176       0.143446       0.145839    33409       0.016687       0.016472       0.998356


                                                         Parameter Estimates (10 Imputations)
 
                                                                                                                                  t for H0:
Parameter        Estimate      Std Error    95% Confidence Limits        DF        Minimum        Maximum         Theta0   Parameter=Theta0   Pr > |t|

Estimate        -0.134282       0.381889     -0.88280     0.614234    33409      -0.201665      -0.055098              0              -0.35     0.7251
Model 4: Model 3 + PRS

EFFECTNAME=Intercept

The MIANALYZE Procedure

               Model Information

Data Set                  WORK.GENMOD_RESULTS_2
Number of Imputations     10                   


                                    Variance Information (10 Imputations)
 
                                                                       Relative       Fraction
             -----------------Variance-----------------                Increase        Missing       Relative
Parameter         Between         Within          Total       DF    in Variance    Information     Efficiency

Estimate         0.127040       5.359966       5.499710    13940       0.026072       0.025549       0.997452


                                                         Parameter Estimates (10 Imputations)
 
                                                                                                                                  t for H0:
Parameter        Estimate      Std Error    95% Confidence Limits        DF        Minimum        Maximum         Theta0   Parameter=Theta0   Pr > |t|

Estimate        -5.881982       2.345146     -10.4788     -1.28518    13940      -6.430118      -5.311015              0              -2.51     0.0121
Model 4: Model 3 + PRS

EFFECTNAME=MARITAL_STATUS_C2_COHABITING

The MIANALYZE Procedure

               Model Information

Data Set                  WORK.GENMOD_RESULTS_2
Number of Imputations     10                   


                                    Variance Information (10 Imputations)
 
                                                                       Relative       Fraction
             -----------------Variance-----------------                Increase        Missing       Relative
Parameter         Between         Within          Total       DF    in Variance    Information     Efficiency

Estimate         0.000452       0.102041       0.102539   382516       0.004874       0.004856       0.999515


                                                         Parameter Estimates (10 Imputations)
 
                                                                                                                                  t for H0:
Parameter        Estimate      Std Error    95% Confidence Limits        DF        Minimum        Maximum         Theta0   Parameter=Theta0   Pr > |t|

Estimate        -0.520185       0.320216     -1.14780     0.107429   382516      -0.549208      -0.487154              0              -1.62     0.1043
Model 4: Model 3 + PRS

EFFECTNAME=MARITAL_STATUS_C2_SINGLE_OTHER

The MIANALYZE Procedure

               Model Information

Data Set                  WORK.GENMOD_RESULTS_2
Number of Imputations     10                   


                                    Variance Information (10 Imputations)
 
                                                                       Relative       Fraction
             -----------------Variance-----------------                Increase        Missing       Relative
Parameter         Between         Within          Total       DF    in Variance    Information     Efficiency

Estimate                0              0              0        .              .              .              .


                                                         Parameter Estimates (10 Imputations)
 
                                                                                                                                  t for H0:
Parameter        Estimate      Std Error    95% Confidence Limits        DF        Minimum        Maximum         Theta0   Parameter=Theta0   Pr > |t|

Estimate                0              0            .            .        .              0              0              0                .        .    
Model 4: Model 3 + PRS

EFFECTNAME=N_HC_NO

The MIANALYZE Procedure

               Model Information

Data Set                  WORK.GENMOD_RESULTS_2
Number of Imputations     10                   


                                    Variance Information (10 Imputations)
 
                                                                       Relative       Fraction
             -----------------Variance-----------------                Increase        Missing       Relative
Parameter         Between         Within          Total       DF    in Variance    Information     Efficiency

Estimate                0              0              0        .              .              .              .


                                                         Parameter Estimates (10 Imputations)
 
                                                                                                                                  t for H0:
Parameter        Estimate      Std Error    95% Confidence Limits        DF        Minimum        Maximum         Theta0   Parameter=Theta0   Pr > |t|

Estimate                0              0            .            .        .              0              0              0                .        .    
Model 4: Model 3 + PRS

EFFECTNAME=N_HC_YES

The MIANALYZE Procedure

               Model Information

Data Set                  WORK.GENMOD_RESULTS_2
Number of Imputations     10                   


                                    Variance Information (10 Imputations)
 
                                                                       Relative       Fraction
             -----------------Variance-----------------                Increase        Missing       Relative
Parameter         Between         Within          Total       DF    in Variance    Information     Efficiency

Estimate         0.004193       0.130951       0.135564   7773.4       0.035225       0.034275       0.996584


                                                         Parameter Estimates (10 Imputations)
 
                                                                                                                                  t for H0:
Parameter        Estimate      Std Error    95% Confidence Limits        DF        Minimum        Maximum         Theta0   Parameter=Theta0   Pr > |t|

Estimate         0.445291       0.368190     -0.27646     1.167042   7773.4       0.340275       0.540073              0               1.21     0.2265
Model 4: Model 3 + PRS

EFFECTNAME=PAG2008YN_NO

The MIANALYZE Procedure

               Model Information

Data Set                  WORK.GENMOD_RESULTS_2
Number of Imputations     10                   


                                    Variance Information (10 Imputations)
 
                                                                       Relative       Fraction
             -----------------Variance-----------------                Increase        Missing       Relative
Parameter         Between         Within          Total       DF    in Variance    Information     Efficiency

Estimate         0.040336       0.107775       0.152144   105.83       0.411683       0.304644       0.970436


                                                         Parameter Estimates (10 Imputations)
 
                                                                                                                                  t for H0:
Parameter        Estimate      Std Error    95% Confidence Limits        DF        Minimum        Maximum         Theta0   Parameter=Theta0   Pr > |t|

Estimate         0.255233       0.390057     -0.51811     1.028573   105.83      -0.041551       0.534598              0               0.65     0.5143
Model 4: Model 3 + PRS

EFFECTNAME=PAG2008YN_YES

The MIANALYZE Procedure

               Model Information

Data Set                  WORK.GENMOD_RESULTS_2
Number of Imputations     10                   


                                    Variance Information (10 Imputations)
 
                                                                       Relative       Fraction
             -----------------Variance-----------------                Increase        Missing       Relative
Parameter         Between         Within          Total       DF    in Variance    Information     Efficiency

Estimate                0              0              0        .              .              .              .


                                                         Parameter Estimates (10 Imputations)
 
                                                                                                                                  t for H0:
Parameter        Estimate      Std Error    95% Confidence Limits        DF        Minimum        Maximum         Theta0   Parameter=Theta0   Pr > |t|

Estimate                0              0            .            .        .              0              0              0                .        .    
Model 4: Model 3 + PRS

EFFECTNAME=PARITY_V1

The MIANALYZE Procedure

               Model Information

Data Set                  WORK.GENMOD_RESULTS_2
Number of Imputations     10                   


                                    Variance Information (10 Imputations)
 
                                                                       Relative       Fraction
             -----------------Variance-----------------                Increase        Missing       Relative
Parameter         Between         Within          Total       DF    in Variance    Information     Efficiency

Estimate         0.000554       0.028597       0.029206    20658       0.021318       0.020968       0.997908


                                                         Parameter Estimates (10 Imputations)
 
                                                                                                                                  t for H0:
Parameter        Estimate      Std Error    95% Confidence Limits        DF        Minimum        Maximum         Theta0   Parameter=Theta0   Pr > |t|

Estimate         0.261683       0.170898     -0.07329     0.596656    20658       0.213509       0.297800              0               1.53     0.1257
Model 4: Model 3 + PRS

EFFECTNAME=SLPDUR

The MIANALYZE Procedure

               Model Information

Data Set                  WORK.GENMOD_RESULTS_2
Number of Imputations     10                   


                                    Variance Information (10 Imputations)
 
                                                                       Relative       Fraction
             -----------------Variance-----------------                Increase        Missing       Relative
Parameter         Between         Within          Total       DF    in Variance    Information     Efficiency

Estimate         0.001009       0.014012       0.015122   1670.8       0.079208       0.074502       0.992605


                                                         Parameter Estimates (10 Imputations)
 
                                                                                                                                  t for H0:
Parameter        Estimate      Std Error    95% Confidence Limits        DF        Minimum        Maximum         Theta0   Parameter=Theta0   Pr > |t|

Estimate         0.249243       0.122973     0.008046     0.490441   1670.8       0.195981       0.297382              0               2.03     0.0428
Model 4: Model 3 + PRS

EFFECTNAME=Scale

The MIANALYZE Procedure

               Model Information

Data Set                  WORK.GENMOD_RESULTS_2
Number of Imputations     10                   


                                    Variance Information (10 Imputations)
 
                                                                       Relative       Fraction
             -----------------Variance-----------------                Increase        Missing       Relative
Parameter         Between         Within          Total       DF    in Variance    Information     Efficiency

Estimate                0              0              0        .              .              .              .


                                                         Parameter Estimates (10 Imputations)
 
                                                                                                                                  t for H0:
Parameter        Estimate      Std Error    95% Confidence Limits        DF        Minimum        Maximum         Theta0   Parameter=Theta0   Pr > |t|

Estimate         1.000000              0            .            .        .       1.000000       1.000000              0                .        .    
Model 4: Model 3 + PRS

EFFECTNAME=YRSUS_C3_10+_Years

The MIANALYZE Procedure

               Model Information

Data Set                  WORK.GENMOD_RESULTS_2
Number of Imputations     10                   


                                    Variance Information (10 Imputations)
 
                                                                       Relative       Fraction
             -----------------Variance-----------------                Increase        Missing       Relative
Parameter         Between         Within          Total       DF    in Variance    Information     Efficiency

Estimate         0.003184       0.212504       0.216006    34243       0.016479       0.016269       0.998376


                                                         Parameter Estimates (10 Imputations)
 
                                                                                                                                  t for H0:
Parameter        Estimate      Std Error    95% Confidence Limits        DF        Minimum        Maximum         Theta0   Parameter=Theta0   Pr > |t|

Estimate         0.943415       0.464765     0.032461     1.854370    34243       0.859915       1.016326              0               2.03     0.0424
Model 4: Model 3 + PRS

EFFECTNAME=YRSUS_C3_<10_Years

The MIANALYZE Procedure

               Model Information

Data Set                  WORK.GENMOD_RESULTS_2
Number of Imputations     10                   


                                    Variance Information (10 Imputations)
 
                                                                       Relative       Fraction
             -----------------Variance-----------------                Increase        Missing       Relative
Parameter         Between         Within          Total       DF    in Variance    Information     Efficiency

Estimate         0.003370       0.200976       0.204683    27435       0.018446       0.018184       0.998185


                                                         Parameter Estimates (10 Imputations)
 
                                                                                                                                  t for H0:
Parameter        Estimate      Std Error    95% Confidence Limits        DF        Minimum        Maximum         Theta0   Parameter=Theta0   Pr > |t|

Estimate         0.718640       0.452419     -0.16812     1.605403    27435       0.654364       0.815180              0               1.59     0.1122
Model 4: Model 3 + PRS

EFFECTNAME=YRSUS_C3_US_BORN

The MIANALYZE Procedure

               Model Information

Data Set                  WORK.GENMOD_RESULTS_2
Number of Imputations     10                   


                                    Variance Information (10 Imputations)
 
                                                                       Relative       Fraction
             -----------------Variance-----------------                Increase        Missing       Relative
Parameter         Between         Within          Total       DF    in Variance    Information     Efficiency

Estimate                0              0              0        .              .              .              .


                                                         Parameter Estimates (10 Imputations)
 
                                                                                                                                  t for H0:
Parameter        Estimate      Std Error    95% Confidence Limits        DF        Minimum        Maximum         Theta0   Parameter=Theta0   Pr > |t|

Estimate                0              0            .            .        .              0              0              0                .        .    
Model 4: Model 3 + PRS

EFFECTNAME=YRS_BTWN_V1FLOR

The MIANALYZE Procedure

               Model Information

Data Set                  WORK.GENMOD_RESULTS_2
Number of Imputations     10                   


                                    Variance Information (10 Imputations)
 
                                                                       Relative       Fraction
             -----------------Variance-----------------                Increase        Missing       Relative
Parameter         Between         Within          Total       DF    in Variance    Information     Efficiency

Estimate      0.000087238       0.017222       0.017318   293113       0.005572       0.005548       0.999446


                                                         Parameter Estimates (10 Imputations)
 
                                                                                                                                  t for H0:
Parameter        Estimate      Std Error    95% Confidence Limits        DF        Minimum        Maximum         Theta0   Parameter=Theta0   Pr > |t|

Estimate         0.119318       0.131597     -0.13861     0.377245   293113       0.102565       0.132549              0               0.91     0.3646
Model 4: Model 3 + PRS

EFFECTNAME=AGE

The MIANALYZE Procedure

               Model Information

Data Set                  WORK.GENMOD_RESULTS_3
Number of Imputations     10                   


                                    Variance Information (10 Imputations)
 
                                                                       Relative       Fraction
             -----------------Variance-----------------                Increase        Missing       Relative
Parameter         Between         Within          Total       DF    in Variance    Information     Efficiency

Estimate      0.000020358       0.001296       0.001318    31178       0.017284       0.017053       0.998298


                                                         Parameter Estimates (10 Imputations)
 
                                                                                                                                  t for H0:
Parameter        Estimate      Std Error    95% Confidence Limits        DF        Minimum        Maximum         Theta0   Parameter=Theta0   Pr > |t|

Estimate         0.032480       0.036305     -0.03868     0.103639    31178       0.025337       0.038422              0               0.89     0.3710
Model 4: Model 3 + PRS

EFFECTNAME=ALCOHOL_USE_CURRENT

The MIANALYZE Procedure

               Model Information

Data Set                  WORK.GENMOD_RESULTS_3
Number of Imputations     10                   


                                    Variance Information (10 Imputations)
 
                                                                       Relative       Fraction
             -----------------Variance-----------------                Increase        Missing       Relative
Parameter         Between         Within          Total       DF    in Variance    Information     Efficiency

Estimate         0.002824       0.195273       0.198380    36694       0.015910       0.015715       0.998431


                                                         Parameter Estimates (10 Imputations)
 
                                                                                                                                  t for H0:
Parameter        Estimate      Std Error    95% Confidence Limits        DF        Minimum        Maximum         Theta0   Parameter=Theta0   Pr > |t|

Estimate         0.042489       0.445399     -0.83050     0.915484    36694      -0.025231       0.127659              0               0.10     0.9240
Model 4: Model 3 + PRS

EFFECTNAME=ALCOHOL_USE_FORMER

The MIANALYZE Procedure

               Model Information

Data Set                  WORK.GENMOD_RESULTS_3
Number of Imputations     10                   


                                    Variance Information (10 Imputations)
 
                                                                       Relative       Fraction
             -----------------Variance-----------------                Increase        Missing       Relative
Parameter         Between         Within          Total       DF    in Variance    Information     Efficiency

Estimate         0.001083       0.208091       0.209282   277898       0.005723       0.005698       0.999431


                                                         Parameter Estimates (10 Imputations)
 
                                                                                                                                  t for H0:
Parameter        Estimate      Std Error    95% Confidence Limits        DF        Minimum        Maximum         Theta0   Parameter=Theta0   Pr > |t|

Estimate        -0.022587       0.457474     -0.91922     0.874049   277898      -0.061591       0.029538              0              -0.05     0.9606
Model 4: Model 3 + PRS

EFFECTNAME=ALCOHOL_USE_NEVER

The MIANALYZE Procedure

               Model Information

Data Set                  WORK.GENMOD_RESULTS_3
Number of Imputations     10                   


                                    Variance Information (10 Imputations)
 
                                                                       Relative       Fraction
             -----------------Variance-----------------                Increase        Missing       Relative
Parameter         Between         Within          Total       DF    in Variance    Information     Efficiency

Estimate                0              0              0        .              .              .              .


                                                         Parameter Estimates (10 Imputations)
 
                                                                                                                                  t for H0:
Parameter        Estimate      Std Error    95% Confidence Limits        DF        Minimum        Maximum         Theta0   Parameter=Theta0   Pr > |t|

Estimate                0              0            .            .        .              0              0              0                .        .    
Model 4: Model 3 + PRS

EFFECTNAME=BKGRD1_C3NOMISS_CARIBBEAN

The MIANALYZE Procedure

               Model Information

Data Set                  WORK.GENMOD_RESULTS_3
Number of Imputations     10                   


                                    Variance Information (10 Imputations)
 
                                                                       Relative       Fraction
             -----------------Variance-----------------                Increase        Missing       Relative
Parameter         Between         Within          Total       DF    in Variance    Information     Efficiency

Estimate         0.003544       0.353669       0.357568    75706       0.011023       0.010929       0.998908


                                                         Parameter Estimates (10 Imputations)
 
                                                                                                                                  t for H0:
Parameter        Estimate      Std Error    95% Confidence Limits        DF        Minimum        Maximum         Theta0   Parameter=Theta0   Pr > |t|

Estimate         1.023986       0.597970     -0.14803     2.196004    75706       0.926248       1.116935              0               1.71     0.0868
Model 4: Model 3 + PRS

EFFECTNAME=BKGRD1_C3NOMISS_MEXICAN

The MIANALYZE Procedure

               Model Information

Data Set                  WORK.GENMOD_RESULTS_3
Number of Imputations     10                   


                                    Variance Information (10 Imputations)
 
                                                                       Relative       Fraction
             -----------------Variance-----------------                Increase        Missing       Relative
Parameter         Between         Within          Total       DF    in Variance    Information     Efficiency

Estimate                0              0              0        .              .              .              .


                                                         Parameter Estimates (10 Imputations)
 
                                                                                                                                  t for H0:
Parameter        Estimate      Std Error    95% Confidence Limits        DF        Minimum        Maximum         Theta0   Parameter=Theta0   Pr > |t|

Estimate                0              0            .            .        .              0              0              0                .        .    
Model 4: Model 3 + PRS

EFFECTNAME=BKGRD1_C3NOMISS_SC_OTHER

The MIANALYZE Procedure

               Model Information

Data Set                  WORK.GENMOD_RESULTS_3
Number of Imputations     10                   


                                    Variance Information (10 Imputations)
 
                                                                       Relative       Fraction
             -----------------Variance-----------------                Increase        Missing       Relative
Parameter         Between         Within          Total       DF    in Variance    Information     Efficiency

Estimate         0.001162       0.311199       0.312478   537503       0.004109       0.004096       0.999591


                                                         Parameter Estimates (10 Imputations)
 
                                                                                                                                  t for H0:
Parameter        Estimate      Std Error    95% Confidence Limits        DF        Minimum        Maximum         Theta0   Parameter=Theta0   Pr > |t|

Estimate         0.688251       0.558997     -0.40737     1.783868   537503       0.640868       0.747213              0               1.23     0.2182
Model 4: Model 3 + PRS

EFFECTNAME=CENTERNUM_BRONX

The MIANALYZE Procedure

               Model Information

Data Set                  WORK.GENMOD_RESULTS_3
Number of Imputations     10                   


                                    Variance Information (10 Imputations)
 
                                                                       Relative       Fraction
             -----------------Variance-----------------                Increase        Missing       Relative
Parameter         Between         Within          Total       DF    in Variance    Information     Efficiency

Estimate                0              0              0        .              .              .              .


                                                         Parameter Estimates (10 Imputations)
 
                                                                                                                                  t for H0:
Parameter        Estimate      Std Error    95% Confidence Limits        DF        Minimum        Maximum         Theta0   Parameter=Theta0   Pr > |t|

Estimate                0              0            .            .        .              0              0              0                .        .    
Model 4: Model 3 + PRS

EFFECTNAME=CENTERNUM_CHICAGO

The MIANALYZE Procedure

               Model Information

Data Set                  WORK.GENMOD_RESULTS_3
Number of Imputations     10                   


                                    Variance Information (10 Imputations)
 
                                                                       Relative       Fraction
             -----------------Variance-----------------                Increase        Missing       Relative
Parameter         Between         Within          Total       DF    in Variance    Information     Efficiency

Estimate         0.006302       0.307987       0.314920    18572       0.022509       0.022119       0.997793


                                                         Parameter Estimates (10 Imputations)
 
                                                                                                                                  t for H0:
Parameter        Estimate      Std Error    95% Confidence Limits        DF        Minimum        Maximum         Theta0   Parameter=Theta0   Pr > |t|

Estimate         0.284970       0.561177     -0.81499     1.384929    18572       0.206209       0.425197              0               0.51     0.6116
Model 4: Model 3 + PRS

EFFECTNAME=CENTERNUM_MIAMI

The MIANALYZE Procedure

               Model Information

Data Set                  WORK.GENMOD_RESULTS_3
Number of Imputations     10                   


                                    Variance Information (10 Imputations)
 
                                                                       Relative       Fraction
             -----------------Variance-----------------                Increase        Missing       Relative
Parameter         Between         Within          Total       DF    in Variance    Information     Efficiency

Estimate         0.005258       0.267687       0.273471    20120       0.021607       0.021247       0.997880


                                                         Parameter Estimates (10 Imputations)
 
                                                                                                                                  t for H0:
Parameter        Estimate      Std Error    95% Confidence Limits        DF        Minimum        Maximum         Theta0   Parameter=Theta0   Pr > |t|

Estimate        -0.621899       0.522945     -1.64691     0.403116    20120      -0.700993      -0.497458              0              -1.19     0.2344
Model 4: Model 3 + PRS

EFFECTNAME=CENTERNUM_SAN DIEGO

The MIANALYZE Procedure

               Model Information

Data Set                  WORK.GENMOD_RESULTS_3
Number of Imputations     10                   


                                    Variance Information (10 Imputations)
 
                                                                       Relative       Fraction
             -----------------Variance-----------------                Increase        Missing       Relative
Parameter         Between         Within          Total       DF    in Variance    Information     Efficiency

Estimate         0.007832       0.399790       0.408405    20226       0.021549       0.021191       0.997885


                                                         Parameter Estimates (10 Imputations)
 
                                                                                                                                  t for H0:
Parameter        Estimate      Std Error    95% Confidence Limits        DF        Minimum        Maximum         Theta0   Parameter=Theta0   Pr > |t|

Estimate         0.204005       0.639066     -1.04862     1.456626    20226       0.078141       0.346189              0               0.32     0.7496
Model 4: Model 3 + PRS

EFFECTNAME=CESD10_DEPRE

The MIANALYZE Procedure

               Model Information

Data Set                  WORK.GENMOD_RESULTS_3
Number of Imputations     10                   


                                    Variance Information (10 Imputations)
 
                                                                       Relative       Fraction
             -----------------Variance-----------------                Increase        Missing       Relative
Parameter         Between         Within          Total       DF    in Variance    Information     Efficiency

Estimate         0.006085       0.165992       0.172686   5989.9       0.040326       0.039083       0.996107


                                                         Parameter Estimates (10 Imputations)
 
                                                                                                                                  t for H0:
Parameter        Estimate      Std Error    95% Confidence Limits        DF        Minimum        Maximum         Theta0   Parameter=Theta0   Pr > |t|

Estimate         0.559146       0.415555     -0.25549     1.373783   5989.9       0.431208       0.659046              0               1.35     0.1785
Model 4: Model 3 + PRS

EFFECTNAME=CESD10_NODEPRE

The MIANALYZE Procedure

               Model Information

Data Set                  WORK.GENMOD_RESULTS_3
Number of Imputations     10                   


                                    Variance Information (10 Imputations)
 
                                                                       Relative       Fraction
             -----------------Variance-----------------                Increase        Missing       Relative
Parameter         Between         Within          Total       DF    in Variance    Information     Efficiency

Estimate                0              0              0        .              .              .              .


                                                         Parameter Estimates (10 Imputations)
 
                                                                                                                                  t for H0:
Parameter        Estimate      Std Error    95% Confidence Limits        DF        Minimum        Maximum         Theta0   Parameter=Theta0   Pr > |t|

Estimate                0              0            .            .        .              0              0              0                .        .    
Model 4: Model 3 + PRS

EFFECTNAME=CIGARETTE_USE_C2_CURRENT_OR_FORMER

The MIANALYZE Procedure

               Model Information

Data Set                  WORK.GENMOD_RESULTS_3
Number of Imputations     10                   


                                    Variance Information (10 Imputations)
 
                                                                       Relative       Fraction
             -----------------Variance-----------------                Increase        Missing       Relative
Parameter         Between         Within          Total       DF    in Variance    Information     Efficiency

Estimate         0.001650       0.180966       0.182780    91322       0.010027       0.009949       0.999006


                                                         Parameter Estimates (10 Imputations)
 
                                                                                                                                  t for H0:
Parameter        Estimate      Std Error    95% Confidence Limits        DF        Minimum        Maximum         Theta0   Parameter=Theta0   Pr > |t|

Estimate         0.484072       0.427528     -0.35388     1.322023    91322       0.433201       0.544643              0               1.13     0.2575
Model 4: Model 3 + PRS

EFFECTNAME=CIGARETTE_USE_C2_NEVER

The MIANALYZE Procedure

               Model Information

Data Set                  WORK.GENMOD_RESULTS_3
Number of Imputations     10                   


                                    Variance Information (10 Imputations)
 
                                                                       Relative       Fraction
             -----------------Variance-----------------                Increase        Missing       Relative
Parameter         Between         Within          Total       DF    in Variance    Information     Efficiency

Estimate                0              0              0        .              .              .              .


                                                         Parameter Estimates (10 Imputations)
 
                                                                                                                                  t for H0:
Parameter        Estimate      Std Error    95% Confidence Limits        DF        Minimum        Maximum         Theta0   Parameter=Theta0   Pr > |t|

Estimate                0              0            .            .        .              0              0              0                .        .    
Model 4: Model 3 + PRS

EFFECTNAME=EDUCATION_C3_AT_MOST_HIGHSCHOOL_GED

The MIANALYZE Procedure

               Model Information

Data Set                  WORK.GENMOD_RESULTS_3
Number of Imputations     10                   


                                    Variance Information (10 Imputations)
 
                                                                       Relative       Fraction
             -----------------Variance-----------------                Increase        Missing       Relative
Parameter         Between         Within          Total       DF    in Variance    Information     Efficiency

Estimate         0.001523       0.159719       0.161394    83557       0.010487       0.010402       0.998961


                                                         Parameter Estimates (10 Imputations)
 
                                                                                                                                  t for H0:
Parameter        Estimate      Std Error    95% Confidence Limits        DF        Minimum        Maximum         Theta0   Parameter=Theta0   Pr > |t|

Estimate         0.296581       0.401739     -0.49082     1.083987    83557       0.229454       0.363794              0               0.74     0.4604
Model 4: Model 3 + PRS

EFFECTNAME=EDUCATION_C3_G_HIGHSCHOOL

The MIANALYZE Procedure

               Model Information

Data Set                  WORK.GENMOD_RESULTS_3
Number of Imputations     10                   


                                    Variance Information (10 Imputations)
 
                                                                       Relative       Fraction
             -----------------Variance-----------------                Increase        Missing       Relative
Parameter         Between         Within          Total       DF    in Variance    Information     Efficiency

Estimate         0.002756       0.197255       0.200287    39288       0.015368       0.015186       0.998484


                                                         Parameter Estimates (10 Imputations)
 
                                                                                                                                  t for H0:
Parameter        Estimate      Std Error    95% Confidence Limits        DF        Minimum        Maximum         Theta0   Parameter=Theta0   Pr > |t|

Estimate        -0.577551       0.447534     -1.45473     0.299627    39288      -0.678900      -0.522292              0              -1.29     0.1969
Model 4: Model 3 + PRS

EFFECTNAME=EDUCATION_C3_N_HIGHSCHOOL_GED

The MIANALYZE Procedure

               Model Information

Data Set                  WORK.GENMOD_RESULTS_3
Number of Imputations     10                   


                                    Variance Information (10 Imputations)
 
                                                                       Relative       Fraction
             -----------------Variance-----------------                Increase        Missing       Relative
Parameter         Between         Within          Total       DF    in Variance    Information     Efficiency

Estimate                0              0              0        .              .              .              .


                                                         Parameter Estimates (10 Imputations)
 
                                                                                                                                  t for H0:
Parameter        Estimate      Std Error    95% Confidence Limits        DF        Minimum        Maximum         Theta0   Parameter=Theta0   Pr > |t|

Estimate                0              0            .            .        .              0              0              0                .        .    
Model 4: Model 3 + PRS

EFFECTNAME=EMPLOYEDYN_EMPLOYED

The MIANALYZE Procedure

               Model Information

Data Set                  WORK.GENMOD_RESULTS_3
Number of Imputations     10                   


                                    Variance Information (10 Imputations)
 
                                                                       Relative       Fraction
             -----------------Variance-----------------                Increase        Missing       Relative
Parameter         Between         Within          Total       DF    in Variance    Information     Efficiency

Estimate         0.009546       0.108809       0.119310   1161.9       0.096503       0.089575       0.991122


                                                         Parameter Estimates (10 Imputations)
 
                                                                                                                                  t for H0:
Parameter        Estimate      Std Error    95% Confidence Limits        DF        Minimum        Maximum         Theta0   Parameter=Theta0   Pr > |t|

Estimate        -0.044651       0.345412     -0.72235     0.633051   1161.9      -0.190799       0.066310              0              -0.13     0.8972
Model 4: Model 3 + PRS

EFFECTNAME=EMPLOYEDYN_NOT_EMPLOYED

The MIANALYZE Procedure

               Model Information

Data Set                  WORK.GENMOD_RESULTS_3
Number of Imputations     10                   


                                    Variance Information (10 Imputations)
 
                                                                       Relative       Fraction
             -----------------Variance-----------------                Increase        Missing       Relative
Parameter         Between         Within          Total       DF    in Variance    Information     Efficiency

Estimate                0              0              0        .              .              .              .


                                                         Parameter Estimates (10 Imputations)
 
                                                                                                                                  t for H0:
Parameter        Estimate      Std Error    95% Confidence Limits        DF        Minimum        Maximum         Theta0   Parameter=Theta0   Pr > |t|

Estimate                0              0            .            .        .              0              0              0                .        .    
Model 4: Model 3 + PRS

EFFECTNAME=HEI2010_C3_HIGH

The MIANALYZE Procedure

               Model Information

Data Set                  WORK.GENMOD_RESULTS_3
Number of Imputations     10                   


                                    Variance Information (10 Imputations)
 
                                                                       Relative       Fraction
             -----------------Variance-----------------                Increase        Missing       Relative
Parameter         Between         Within          Total       DF    in Variance    Information     Efficiency

Estimate         0.002724       0.159755       0.162751    26555       0.018755       0.018484       0.998155


                                                         Parameter Estimates (10 Imputations)
 
                                                                                                                                  t for H0:
Parameter        Estimate      Std Error    95% Confidence Limits        DF        Minimum        Maximum         Theta0   Parameter=Theta0   Pr > |t|

Estimate         0.366492       0.403424     -0.42424     1.157225    26555       0.269664       0.442950              0               0.91     0.3636
Model 4: Model 3 + PRS

EFFECTNAME=HEI2010_C3_LOW

The MIANALYZE Procedure

               Model Information

Data Set                  WORK.GENMOD_RESULTS_3
Number of Imputations     10                   


                                    Variance Information (10 Imputations)
 
                                                                       Relative       Fraction
             -----------------Variance-----------------                Increase        Missing       Relative
Parameter         Between         Within          Total       DF    in Variance    Information     Efficiency

Estimate                0              0              0        .              .              .              .


                                                         Parameter Estimates (10 Imputations)
 
                                                                                                                                  t for H0:
Parameter        Estimate      Std Error    95% Confidence Limits        DF        Minimum        Maximum         Theta0   Parameter=Theta0   Pr > |t|

Estimate                0              0            .            .        .              0              0              0                .        .    
Model 4: Model 3 + PRS

EFFECTNAME=HEI2010_C3_MEDIUM

The MIANALYZE Procedure

               Model Information

Data Set                  WORK.GENMOD_RESULTS_3
Number of Imputations     10                   


                                    Variance Information (10 Imputations)
 
                                                                       Relative       Fraction
             -----------------Variance-----------------                Increase        Missing       Relative
Parameter         Between         Within          Total       DF    in Variance    Information     Efficiency

Estimate         0.002215       0.146531       0.148968    33636       0.016630       0.016416       0.998361


                                                         Parameter Estimates (10 Imputations)
 
                                                                                                                                  t for H0:
Parameter        Estimate      Std Error    95% Confidence Limits        DF        Minimum        Maximum         Theta0   Parameter=Theta0   Pr > |t|

Estimate        -0.094062       0.385964     -0.85057     0.662440    33636      -0.165286      -0.011228              0              -0.24     0.8075
Model 4: Model 3 + PRS

EFFECTNAME=Intercept

The MIANALYZE Procedure

               Model Information

Data Set                  WORK.GENMOD_RESULTS_3
Number of Imputations     10                   


                                    Variance Information (10 Imputations)
 
                                                                       Relative       Fraction
             -----------------Variance-----------------                Increase        Missing       Relative
Parameter         Between         Within          Total       DF    in Variance    Information     Efficiency

Estimate         0.159878       5.641526       5.817392   9847.8       0.031173       0.030428       0.996966


                                                         Parameter Estimates (10 Imputations)
 
                                                                                                                                  t for H0:
Parameter        Estimate      Std Error    95% Confidence Limits        DF        Minimum        Maximum         Theta0   Parameter=Theta0   Pr > |t|

Estimate        -6.426261       2.411927     -11.1541     -1.69839   9847.8      -7.237215      -5.913908              0              -2.66     0.0077
Model 4: Model 3 + PRS

EFFECTNAME=MARITAL_STATUS_C2_COHABITING

The MIANALYZE Procedure

               Model Information

Data Set                  WORK.GENMOD_RESULTS_3
Number of Imputations     10                   


                                    Variance Information (10 Imputations)
 
                                                                       Relative       Fraction
             -----------------Variance-----------------                Increase        Missing       Relative
Parameter         Between         Within          Total       DF    in Variance    Information     Efficiency

Estimate         0.000655       0.104700       0.105420   192744       0.006880       0.006844       0.999316


                                                         Parameter Estimates (10 Imputations)
 
                                                                                                                                  t for H0:
Parameter        Estimate      Std Error    95% Confidence Limits        DF        Minimum        Maximum         Theta0   Parameter=Theta0   Pr > |t|

Estimate        -0.483026       0.324685     -1.11940     0.153348   192744      -0.517038      -0.450754              0              -1.49     0.1368
Model 4: Model 3 + PRS

EFFECTNAME=MARITAL_STATUS_C2_SINGLE_OTHER

The MIANALYZE Procedure

               Model Information

Data Set                  WORK.GENMOD_RESULTS_3
Number of Imputations     10                   


                                    Variance Information (10 Imputations)
 
                                                                       Relative       Fraction
             -----------------Variance-----------------                Increase        Missing       Relative
Parameter         Between         Within          Total       DF    in Variance    Information     Efficiency

Estimate                0              0              0        .              .              .              .


                                                         Parameter Estimates (10 Imputations)
 
                                                                                                                                  t for H0:
Parameter        Estimate      Std Error    95% Confidence Limits        DF        Minimum        Maximum         Theta0   Parameter=Theta0   Pr > |t|

Estimate                0              0            .            .        .              0              0              0                .        .    
Model 4: Model 3 + PRS

EFFECTNAME=N_HC_NO

The MIANALYZE Procedure

               Model Information

Data Set                  WORK.GENMOD_RESULTS_3
Number of Imputations     10                   


                                    Variance Information (10 Imputations)
 
                                                                       Relative       Fraction
             -----------------Variance-----------------                Increase        Missing       Relative
Parameter         Between         Within          Total       DF    in Variance    Information     Efficiency

Estimate                0              0              0        .              .              .              .


                                                         Parameter Estimates (10 Imputations)
 
                                                                                                                                  t for H0:
Parameter        Estimate      Std Error    95% Confidence Limits        DF        Minimum        Maximum         Theta0   Parameter=Theta0   Pr > |t|

Estimate                0              0            .            .        .              0              0              0                .        .    
Model 4: Model 3 + PRS

EFFECTNAME=N_HC_YES

The MIANALYZE Procedure

               Model Information

Data Set                  WORK.GENMOD_RESULTS_3
Number of Imputations     10                   


                                    Variance Information (10 Imputations)
 
                                                                       Relative       Fraction
             -----------------Variance-----------------                Increase        Missing       Relative
Parameter         Between         Within          Total       DF    in Variance    Information     Efficiency

Estimate         0.004853       0.135108       0.140446   6230.5       0.039508       0.038315       0.996183


                                                         Parameter Estimates (10 Imputations)
 
                                                                                                                                  t for H0:
Parameter        Estimate      Std Error    95% Confidence Limits        DF        Minimum        Maximum         Theta0   Parameter=Theta0   Pr > |t|

Estimate         0.501594       0.374761     -0.23307     1.236254   6230.5       0.378019       0.598770              0               1.34     0.1808
Model 4: Model 3 + PRS

EFFECTNAME=PAG2008YN_NO

The MIANALYZE Procedure

               Model Information

Data Set                  WORK.GENMOD_RESULTS_3
Number of Imputations     10                   


                                    Variance Information (10 Imputations)
 
                                                                       Relative       Fraction
             -----------------Variance-----------------                Increase        Missing       Relative
Parameter         Between         Within          Total       DF    in Variance    Information     Efficiency

Estimate         0.042653       0.109719       0.156637   100.31       0.427625       0.313096       0.969641


                                                         Parameter Estimates (10 Imputations)
 
                                                                                                                                  t for H0:
Parameter        Estimate      Std Error    95% Confidence Limits        DF        Minimum        Maximum         Theta0   Parameter=Theta0   Pr > |t|

Estimate         0.260937       0.395774     -0.52424     1.046111   100.31      -0.026295       0.499716              0               0.66     0.5112
Model 4: Model 3 + PRS

EFFECTNAME=PAG2008YN_YES

The MIANALYZE Procedure

               Model Information

Data Set                  WORK.GENMOD_RESULTS_3
Number of Imputations     10                   


                                    Variance Information (10 Imputations)
 
                                                                       Relative       Fraction
             -----------------Variance-----------------                Increase        Missing       Relative
Parameter         Between         Within          Total       DF    in Variance    Information     Efficiency

Estimate                0              0              0        .              .              .              .


                                                         Parameter Estimates (10 Imputations)
 
                                                                                                                                  t for H0:
Parameter        Estimate      Std Error    95% Confidence Limits        DF        Minimum        Maximum         Theta0   Parameter=Theta0   Pr > |t|

Estimate                0              0            .            .        .              0              0              0                .        .    
Model 4: Model 3 + PRS

EFFECTNAME=PARITY_V1

The MIANALYZE Procedure

               Model Information

Data Set                  WORK.GENMOD_RESULTS_3
Number of Imputations     10                   


                                    Variance Information (10 Imputations)
 
                                                                       Relative       Fraction
             -----------------Variance-----------------                Increase        Missing       Relative
Parameter         Between         Within          Total       DF    in Variance    Information     Efficiency

Estimate         0.000733       0.030032       0.030839    13156       0.026857       0.026303       0.997377


                                                         Parameter Estimates (10 Imputations)
 
                                                                                                                                  t for H0:
Parameter        Estimate      Std Error    95% Confidence Limits        DF        Minimum        Maximum         Theta0   Parameter=Theta0   Pr > |t|

Estimate         0.279443       0.175610     -0.06478     0.623664    13156       0.219140       0.313328              0               1.59     0.1116
Model 4: Model 3 + PRS

EFFECTNAME=SLPDUR

The MIANALYZE Procedure

               Model Information

Data Set                  WORK.GENMOD_RESULTS_3
Number of Imputations     10                   


                                    Variance Information (10 Imputations)
 
                                                                       Relative       Fraction
             -----------------Variance-----------------                Increase        Missing       Relative
Parameter         Between         Within          Total       DF    in Variance    Information     Efficiency

Estimate         0.001029       0.014497       0.015629   1714.3       0.078117       0.073537       0.992700


                                                         Parameter Estimates (10 Imputations)
 
                                                                                                                                  t for H0:
Parameter        Estimate      Std Error    95% Confidence Limits        DF        Minimum        Maximum         Theta0   Parameter=Theta0   Pr > |t|

Estimate         0.264643       0.125016     0.019442     0.509844   1714.3       0.212529       0.311376              0               2.12     0.0344
Model 4: Model 3 + PRS

EFFECTNAME=STAI10_ANX

The MIANALYZE Procedure

               Model Information

Data Set                  WORK.GENMOD_RESULTS_3
Number of Imputations     10                   


                                    Variance Information (10 Imputations)
 
                                                                       Relative       Fraction
             -----------------Variance-----------------                Increase        Missing       Relative
Parameter         Between         Within          Total       DF    in Variance    Information     Efficiency

Estimate         0.003918       0.144368       0.148678    10710       0.029854       0.029170       0.997092


                                                         Parameter Estimates (10 Imputations)
 
                                                                                                                                  t for H0:
Parameter        Estimate      Std Error    95% Confidence Limits        DF        Minimum        Maximum         Theta0   Parameter=Theta0   Pr > |t|

Estimate        -0.114198       0.385587     -0.87002     0.641625    10710      -0.198486       0.026517              0              -0.30     0.7671
Model 4: Model 3 + PRS

EFFECTNAME=STAI10_NOANX

The MIANALYZE Procedure

               Model Information

Data Set                  WORK.GENMOD_RESULTS_3
Number of Imputations     10                   


                                    Variance Information (10 Imputations)
 
                                                                       Relative       Fraction
             -----------------Variance-----------------                Increase        Missing       Relative
Parameter         Between         Within          Total       DF    in Variance    Information     Efficiency

Estimate                0              0              0        .              .              .              .


                                                         Parameter Estimates (10 Imputations)
 
                                                                                                                                  t for H0:
Parameter        Estimate      Std Error    95% Confidence Limits        DF        Minimum        Maximum         Theta0   Parameter=Theta0   Pr > |t|

Estimate                0              0            .            .        .              0              0              0                .        .    
Model 4: Model 3 + PRS

EFFECTNAME=Scale

The MIANALYZE Procedure

               Model Information

Data Set                  WORK.GENMOD_RESULTS_3
Number of Imputations     10                   


                                    Variance Information (10 Imputations)
 
                                                                       Relative       Fraction
             -----------------Variance-----------------                Increase        Missing       Relative
Parameter         Between         Within          Total       DF    in Variance    Information     Efficiency

Estimate                0              0              0        .              .              .              .


                                                         Parameter Estimates (10 Imputations)
 
                                                                                                                                  t for H0:
Parameter        Estimate      Std Error    95% Confidence Limits        DF        Minimum        Maximum         Theta0   Parameter=Theta0   Pr > |t|

Estimate         1.000000              0            .            .        .       1.000000       1.000000              0                .        .    
Model 4: Model 3 + PRS

EFFECTNAME=YRSUS_C3_10+_Years

The MIANALYZE Procedure

               Model Information

Data Set                  WORK.GENMOD_RESULTS_3
Number of Imputations     10                   


                                    Variance Information (10 Imputations)
 
                                                                       Relative       Fraction
             -----------------Variance-----------------                Increase        Missing       Relative
Parameter         Between         Within          Total       DF    in Variance    Information     Efficiency

Estimate         0.002687       0.217194       0.220149    49933       0.013608       0.013465       0.998655


                                                         Parameter Estimates (10 Imputations)
 
                                                                                                                                  t for H0:
Parameter        Estimate      Std Error    95% Confidence Limits        DF        Minimum        Maximum         Theta0   Parameter=Theta0   Pr > |t|

Estimate         0.879505       0.469201     -0.04013     1.799144    49933       0.795448       0.939307              0               1.87     0.0609
Model 4: Model 3 + PRS

EFFECTNAME=YRSUS_C3_<10_Years

The MIANALYZE Procedure

               Model Information

Data Set                  WORK.GENMOD_RESULTS_3
Number of Imputations     10                   


                                    Variance Information (10 Imputations)
 
                                                                       Relative       Fraction
             -----------------Variance-----------------                Increase        Missing       Relative
Parameter         Between         Within          Total       DF    in Variance    Information     Efficiency

Estimate         0.002830       0.208649       0.211762    41643       0.014920       0.014748       0.998527


                                                         Parameter Estimates (10 Imputations)
 
                                                                                                                                  t for H0:
Parameter        Estimate      Std Error    95% Confidence Limits        DF        Minimum        Maximum         Theta0   Parameter=Theta0   Pr > |t|

Estimate         0.619008       0.460176     -0.28295     1.520963    41643       0.546527       0.705038              0               1.35     0.1786
Model 4: Model 3 + PRS

EFFECTNAME=YRSUS_C3_US_BORN

The MIANALYZE Procedure

               Model Information

Data Set                  WORK.GENMOD_RESULTS_3
Number of Imputations     10                   


                                    Variance Information (10 Imputations)
 
                                                                       Relative       Fraction
             -----------------Variance-----------------                Increase        Missing       Relative
Parameter         Between         Within          Total       DF    in Variance    Information     Efficiency

Estimate                0              0              0        .              .              .              .


                                                         Parameter Estimates (10 Imputations)
 
                                                                                                                                  t for H0:
Parameter        Estimate      Std Error    95% Confidence Limits        DF        Minimum        Maximum         Theta0   Parameter=Theta0   Pr > |t|

Estimate                0              0            .            .        .              0              0              0                .        .    
Model 4: Model 3 + PRS

EFFECTNAME=YRS_BTWN_V1FLOR

The MIANALYZE Procedure

               Model Information

Data Set                  WORK.GENMOD_RESULTS_3
Number of Imputations     10                   


                                    Variance Information (10 Imputations)
 
                                                                       Relative       Fraction
             -----------------Variance-----------------                Increase        Missing       Relative
Parameter         Between         Within          Total       DF    in Variance    Information     Efficiency

Estimate         0.000142       0.017895       0.018051   119745       0.008745       0.008686       0.999132


                                                         Parameter Estimates (10 Imputations)
 
                                                                                                                                  t for H0:
Parameter        Estimate      Std Error    95% Confidence Limits        DF        Minimum        Maximum         Theta0   Parameter=Theta0   Pr > |t|

Estimate         0.137211       0.134356     -0.12612     0.400546   119745       0.117884       0.151766              0               1.02     0.3071
Model 4: Model 3 + PRS

EFFECTNAME=AGE

The MIANALYZE Procedure

               Model Information

Data Set                  WORK.GENMOD_RESULTS_3
Number of Imputations     10                   


                                    Variance Information (10 Imputations)
 
                                                                       Relative       Fraction
             -----------------Variance-----------------                Increase        Missing       Relative
Parameter         Between         Within          Total       DF    in Variance    Information     Efficiency

Estimate      0.000020358       0.001296       0.001318    31178       0.017284       0.017053       0.998298


                                                         Parameter Estimates (10 Imputations)
 
                                                                                                                                  t for H0:
Parameter        Estimate      Std Error    95% Confidence Limits        DF        Minimum        Maximum         Theta0   Parameter=Theta0   Pr > |t|

Estimate         0.032480       0.036305     -0.03868     0.103639    31178       0.025337       0.038422              0               0.89     0.3710
Model 4: Model 3 + PRS

EFFECTNAME=ALCOHOL_USE_CURRENT

The MIANALYZE Procedure

               Model Information

Data Set                  WORK.GENMOD_RESULTS_3
Number of Imputations     10                   


                                    Variance Information (10 Imputations)
 
                                                                       Relative       Fraction
             -----------------Variance-----------------                Increase        Missing       Relative
Parameter         Between         Within          Total       DF    in Variance    Information     Efficiency

Estimate         0.002824       0.195273       0.198380    36694       0.015910       0.015715       0.998431


                                                         Parameter Estimates (10 Imputations)
 
                                                                                                                                  t for H0:
Parameter        Estimate      Std Error    95% Confidence Limits        DF        Minimum        Maximum         Theta0   Parameter=Theta0   Pr > |t|

Estimate         0.042489       0.445399     -0.83050     0.915484    36694      -0.025231       0.127659              0               0.10     0.9240
Model 4: Model 3 + PRS

EFFECTNAME=ALCOHOL_USE_FORMER

The MIANALYZE Procedure

               Model Information

Data Set                  WORK.GENMOD_RESULTS_3
Number of Imputations     10                   


                                    Variance Information (10 Imputations)
 
                                                                       Relative       Fraction
             -----------------Variance-----------------                Increase        Missing       Relative
Parameter         Between         Within          Total       DF    in Variance    Information     Efficiency

Estimate         0.001083       0.208091       0.209282   277898       0.005723       0.005698       0.999431


                                                         Parameter Estimates (10 Imputations)
 
                                                                                                                                  t for H0:
Parameter        Estimate      Std Error    95% Confidence Limits        DF        Minimum        Maximum         Theta0   Parameter=Theta0   Pr > |t|

Estimate        -0.022587       0.457474     -0.91922     0.874049   277898      -0.061591       0.029538              0              -0.05     0.9606
Model 4: Model 3 + PRS

EFFECTNAME=ALCOHOL_USE_NEVER

The MIANALYZE Procedure

               Model Information

Data Set                  WORK.GENMOD_RESULTS_3
Number of Imputations     10                   


                                    Variance Information (10 Imputations)
 
                                                                       Relative       Fraction
             -----------------Variance-----------------                Increase        Missing       Relative
Parameter         Between         Within          Total       DF    in Variance    Information     Efficiency

Estimate                0              0              0        .              .              .              .


                                                         Parameter Estimates (10 Imputations)
 
                                                                                                                                  t for H0:
Parameter        Estimate      Std Error    95% Confidence Limits        DF        Minimum        Maximum         Theta0   Parameter=Theta0   Pr > |t|

Estimate                0              0            .            .        .              0              0              0                .        .    
Model 4: Model 3 + PRS

EFFECTNAME=BKGRD1_C3NOMISS_CARIBBEAN

The MIANALYZE Procedure

               Model Information

Data Set                  WORK.GENMOD_RESULTS_3
Number of Imputations     10                   


                                    Variance Information (10 Imputations)
 
                                                                       Relative       Fraction
             -----------------Variance-----------------                Increase        Missing       Relative
Parameter         Between         Within          Total       DF    in Variance    Information     Efficiency

Estimate         0.003544       0.353669       0.357568    75706       0.011023       0.010929       0.998908


                                                         Parameter Estimates (10 Imputations)
 
                                                                                                                                  t for H0:
Parameter        Estimate      Std Error    95% Confidence Limits        DF        Minimum        Maximum         Theta0   Parameter=Theta0   Pr > |t|

Estimate         1.023986       0.597970     -0.14803     2.196004    75706       0.926248       1.116935              0               1.71     0.0868
Model 4: Model 3 + PRS

EFFECTNAME=BKGRD1_C3NOMISS_MEXICAN

The MIANALYZE Procedure

               Model Information

Data Set                  WORK.GENMOD_RESULTS_3
Number of Imputations     10                   


                                    Variance Information (10 Imputations)
 
                                                                       Relative       Fraction
             -----------------Variance-----------------                Increase        Missing       Relative
Parameter         Between         Within          Total       DF    in Variance    Information     Efficiency

Estimate                0              0              0        .              .              .              .


                                                         Parameter Estimates (10 Imputations)
 
                                                                                                                                  t for H0:
Parameter        Estimate      Std Error    95% Confidence Limits        DF        Minimum        Maximum         Theta0   Parameter=Theta0   Pr > |t|

Estimate                0              0            .            .        .              0              0              0                .        .    
Model 4: Model 3 + PRS

EFFECTNAME=BKGRD1_C3NOMISS_SC_OTHER

The MIANALYZE Procedure

               Model Information

Data Set                  WORK.GENMOD_RESULTS_3
Number of Imputations     10                   


                                    Variance Information (10 Imputations)
 
                                                                       Relative       Fraction
             -----------------Variance-----------------                Increase        Missing       Relative
Parameter         Between         Within          Total       DF    in Variance    Information     Efficiency

Estimate         0.001162       0.311199       0.312478   537503       0.004109       0.004096       0.999591


                                                         Parameter Estimates (10 Imputations)
 
                                                                                                                                  t for H0:
Parameter        Estimate      Std Error    95% Confidence Limits        DF        Minimum        Maximum         Theta0   Parameter=Theta0   Pr > |t|

Estimate         0.688251       0.558997     -0.40737     1.783868   537503       0.640868       0.747213              0               1.23     0.2182
Model 4: Model 3 + PRS

EFFECTNAME=CENTERNUM_BRONX

The MIANALYZE Procedure

               Model Information

Data Set                  WORK.GENMOD_RESULTS_3
Number of Imputations     10                   


                                    Variance Information (10 Imputations)
 
                                                                       Relative       Fraction
             -----------------Variance-----------------                Increase        Missing       Relative
Parameter         Between         Within          Total       DF    in Variance    Information     Efficiency

Estimate                0              0              0        .              .              .              .


                                                         Parameter Estimates (10 Imputations)
 
                                                                                                                                  t for H0:
Parameter        Estimate      Std Error    95% Confidence Limits        DF        Minimum        Maximum         Theta0   Parameter=Theta0   Pr > |t|

Estimate                0              0            .            .        .              0              0              0                .        .    
Model 4: Model 3 + PRS

EFFECTNAME=CENTERNUM_CHICAGO

The MIANALYZE Procedure

               Model Information

Data Set                  WORK.GENMOD_RESULTS_3
Number of Imputations     10                   


                                    Variance Information (10 Imputations)
 
                                                                       Relative       Fraction
             -----------------Variance-----------------                Increase        Missing       Relative
Parameter         Between         Within          Total       DF    in Variance    Information     Efficiency

Estimate         0.006302       0.307987       0.314920    18572       0.022509       0.022119       0.997793


                                                         Parameter Estimates (10 Imputations)
 
                                                                                                                                  t for H0:
Parameter        Estimate      Std Error    95% Confidence Limits        DF        Minimum        Maximum         Theta0   Parameter=Theta0   Pr > |t|

Estimate         0.284970       0.561177     -0.81499     1.384929    18572       0.206209       0.425197              0               0.51     0.6116
Model 4: Model 3 + PRS

EFFECTNAME=CENTERNUM_MIAMI

The MIANALYZE Procedure

               Model Information

Data Set                  WORK.GENMOD_RESULTS_3
Number of Imputations     10                   


                                    Variance Information (10 Imputations)
 
                                                                       Relative       Fraction
             -----------------Variance-----------------                Increase        Missing       Relative
Parameter         Between         Within          Total       DF    in Variance    Information     Efficiency

Estimate         0.005258       0.267687       0.273471    20120       0.021607       0.021247       0.997880


                                                         Parameter Estimates (10 Imputations)
 
                                                                                                                                  t for H0:
Parameter        Estimate      Std Error    95% Confidence Limits        DF        Minimum        Maximum         Theta0   Parameter=Theta0   Pr > |t|

Estimate        -0.621899       0.522945     -1.64691     0.403116    20120      -0.700993      -0.497458              0              -1.19     0.2344
Model 4: Model 3 + PRS

EFFECTNAME=CENTERNUM_SAN DIEGO

The MIANALYZE Procedure

               Model Information

Data Set                  WORK.GENMOD_RESULTS_3
Number of Imputations     10                   


                                    Variance Information (10 Imputations)
 
                                                                       Relative       Fraction
             -----------------Variance-----------------                Increase        Missing       Relative
Parameter         Between         Within          Total       DF    in Variance    Information     Efficiency

Estimate         0.007832       0.399790       0.408405    20226       0.021549       0.021191       0.997885


                                                         Parameter Estimates (10 Imputations)
 
                                                                                                                                  t for H0:
Parameter        Estimate      Std Error    95% Confidence Limits        DF        Minimum        Maximum         Theta0   Parameter=Theta0   Pr > |t|

Estimate         0.204005       0.639066     -1.04862     1.456626    20226       0.078141       0.346189              0               0.32     0.7496
Model 4: Model 3 + PRS

EFFECTNAME=CESD10_DEPRE

The MIANALYZE Procedure

               Model Information

Data Set                  WORK.GENMOD_RESULTS_3
Number of Imputations     10                   


                                    Variance Information (10 Imputations)
 
                                                                       Relative       Fraction
             -----------------Variance-----------------                Increase        Missing       Relative
Parameter         Between         Within          Total       DF    in Variance    Information     Efficiency

Estimate         0.006085       0.165992       0.172686   5989.9       0.040326       0.039083       0.996107


                                                         Parameter Estimates (10 Imputations)
 
                                                                                                                                  t for H0:
Parameter        Estimate      Std Error    95% Confidence Limits        DF        Minimum        Maximum         Theta0   Parameter=Theta0   Pr > |t|

Estimate         0.559146       0.415555     -0.25549     1.373783   5989.9       0.431208       0.659046              0               1.35     0.1785
Model 4: Model 3 + PRS

EFFECTNAME=CESD10_NODEPRE

The MIANALYZE Procedure

               Model Information

Data Set                  WORK.GENMOD_RESULTS_3
Number of Imputations     10                   


                                    Variance Information (10 Imputations)
 
                                                                       Relative       Fraction
             -----------------Variance-----------------                Increase        Missing       Relative
Parameter         Between         Within          Total       DF    in Variance    Information     Efficiency

Estimate                0              0              0        .              .              .              .


                                                         Parameter Estimates (10 Imputations)
 
                                                                                                                                  t for H0:
Parameter        Estimate      Std Error    95% Confidence Limits        DF        Minimum        Maximum         Theta0   Parameter=Theta0   Pr > |t|

Estimate                0              0            .            .        .              0              0              0                .        .    
Model 4: Model 3 + PRS

EFFECTNAME=CIGARETTE_USE_C2_CURRENT_OR_FORMER

The MIANALYZE Procedure

               Model Information

Data Set                  WORK.GENMOD_RESULTS_3
Number of Imputations     10                   


                                    Variance Information (10 Imputations)
 
                                                                       Relative       Fraction
             -----------------Variance-----------------                Increase        Missing       Relative
Parameter         Between         Within          Total       DF    in Variance    Information     Efficiency

Estimate         0.001650       0.180966       0.182780    91322       0.010027       0.009949       0.999006


                                                         Parameter Estimates (10 Imputations)
 
                                                                                                                                  t for H0:
Parameter        Estimate      Std Error    95% Confidence Limits        DF        Minimum        Maximum         Theta0   Parameter=Theta0   Pr > |t|

Estimate         0.484072       0.427528     -0.35388     1.322023    91322       0.433201       0.544643              0               1.13     0.2575
Model 4: Model 3 + PRS

EFFECTNAME=CIGARETTE_USE_C2_NEVER

The MIANALYZE Procedure

               Model Information

Data Set                  WORK.GENMOD_RESULTS_3
Number of Imputations     10                   


                                    Variance Information (10 Imputations)
 
                                                                       Relative       Fraction
             -----------------Variance-----------------                Increase        Missing       Relative
Parameter         Between         Within          Total       DF    in Variance    Information     Efficiency

Estimate                0              0              0        .              .              .              .


                                                         Parameter Estimates (10 Imputations)
 
                                                                                                                                  t for H0:
Parameter        Estimate      Std Error    95% Confidence Limits        DF        Minimum        Maximum         Theta0   Parameter=Theta0   Pr > |t|

Estimate                0              0            .            .        .              0              0              0                .        .    
Model 4: Model 3 + PRS

EFFECTNAME=EDUCATION_C3_AT_MOST_HIGHSCHOOL_GED

The MIANALYZE Procedure

               Model Information

Data Set                  WORK.GENMOD_RESULTS_3
Number of Imputations     10                   


                                    Variance Information (10 Imputations)
 
                                                                       Relative       Fraction
             -----------------Variance-----------------                Increase        Missing       Relative
Parameter         Between         Within          Total       DF    in Variance    Information     Efficiency

Estimate         0.001523       0.159719       0.161394    83557       0.010487       0.010402       0.998961


                                                         Parameter Estimates (10 Imputations)
 
                                                                                                                                  t for H0:
Parameter        Estimate      Std Error    95% Confidence Limits        DF        Minimum        Maximum         Theta0   Parameter=Theta0   Pr > |t|

Estimate         0.296581       0.401739     -0.49082     1.083987    83557       0.229454       0.363794              0               0.74     0.4604
Model 4: Model 3 + PRS

EFFECTNAME=EDUCATION_C3_G_HIGHSCHOOL

The MIANALYZE Procedure

               Model Information

Data Set                  WORK.GENMOD_RESULTS_3
Number of Imputations     10                   


                                    Variance Information (10 Imputations)
 
                                                                       Relative       Fraction
             -----------------Variance-----------------                Increase        Missing       Relative
Parameter         Between         Within          Total       DF    in Variance    Information     Efficiency

Estimate         0.002756       0.197255       0.200287    39288       0.015368       0.015186       0.998484


                                                         Parameter Estimates (10 Imputations)
 
                                                                                                                                  t for H0:
Parameter        Estimate      Std Error    95% Confidence Limits        DF        Minimum        Maximum         Theta0   Parameter=Theta0   Pr > |t|

Estimate        -0.577551       0.447534     -1.45473     0.299627    39288      -0.678900      -0.522292              0              -1.29     0.1969
Model 4: Model 3 + PRS

EFFECTNAME=EDUCATION_C3_N_HIGHSCHOOL_GED

The MIANALYZE Procedure

               Model Information

Data Set                  WORK.GENMOD_RESULTS_3
Number of Imputations     10                   


                                    Variance Information (10 Imputations)
 
                                                                       Relative       Fraction
             -----------------Variance-----------------                Increase        Missing       Relative
Parameter         Between         Within          Total       DF    in Variance    Information     Efficiency

Estimate                0              0              0        .              .              .              .


                                                         Parameter Estimates (10 Imputations)
 
                                                                                                                                  t for H0:
Parameter        Estimate      Std Error    95% Confidence Limits        DF        Minimum        Maximum         Theta0   Parameter=Theta0   Pr > |t|

Estimate                0              0            .            .        .              0              0              0                .        .    
Model 4: Model 3 + PRS

EFFECTNAME=EMPLOYEDYN_EMPLOYED

The MIANALYZE Procedure

               Model Information

Data Set                  WORK.GENMOD_RESULTS_3
Number of Imputations     10                   


                                    Variance Information (10 Imputations)
 
                                                                       Relative       Fraction
             -----------------Variance-----------------                Increase        Missing       Relative
Parameter         Between         Within          Total       DF    in Variance    Information     Efficiency

Estimate         0.009546       0.108809       0.119310   1161.9       0.096503       0.089575       0.991122


                                                         Parameter Estimates (10 Imputations)
 
                                                                                                                                  t for H0:
Parameter        Estimate      Std Error    95% Confidence Limits        DF        Minimum        Maximum         Theta0   Parameter=Theta0   Pr > |t|

Estimate        -0.044651       0.345412     -0.72235     0.633051   1161.9      -0.190799       0.066310              0              -0.13     0.8972
Model 4: Model 3 + PRS

EFFECTNAME=EMPLOYEDYN_NOT_EMPLOYED

The MIANALYZE Procedure

               Model Information

Data Set                  WORK.GENMOD_RESULTS_3
Number of Imputations     10                   


                                    Variance Information (10 Imputations)
 
                                                                       Relative       Fraction
             -----------------Variance-----------------                Increase        Missing       Relative
Parameter         Between         Within          Total       DF    in Variance    Information     Efficiency

Estimate                0              0              0        .              .              .              .


                                                         Parameter Estimates (10 Imputations)
 
                                                                                                                                  t for H0:
Parameter        Estimate      Std Error    95% Confidence Limits        DF        Minimum        Maximum         Theta0   Parameter=Theta0   Pr > |t|

Estimate                0              0            .            .        .              0              0              0                .        .    
Model 4: Model 3 + PRS

EFFECTNAME=HEI2010_C3_HIGH

The MIANALYZE Procedure

               Model Information

Data Set                  WORK.GENMOD_RESULTS_3
Number of Imputations     10                   


                                    Variance Information (10 Imputations)
 
                                                                       Relative       Fraction
             -----------------Variance-----------------                Increase        Missing       Relative
Parameter         Between         Within          Total       DF    in Variance    Information     Efficiency

Estimate         0.002724       0.159755       0.162751    26555       0.018755       0.018484       0.998155


                                                         Parameter Estimates (10 Imputations)
 
                                                                                                                                  t for H0:
Parameter        Estimate      Std Error    95% Confidence Limits        DF        Minimum        Maximum         Theta0   Parameter=Theta0   Pr > |t|

Estimate         0.366492       0.403424     -0.42424     1.157225    26555       0.269664       0.442950              0               0.91     0.3636
Model 4: Model 3 + PRS

EFFECTNAME=HEI2010_C3_LOW

The MIANALYZE Procedure

               Model Information

Data Set                  WORK.GENMOD_RESULTS_3
Number of Imputations     10                   


                                    Variance Information (10 Imputations)
 
                                                                       Relative       Fraction
             -----------------Variance-----------------                Increase        Missing       Relative
Parameter         Between         Within          Total       DF    in Variance    Information     Efficiency

Estimate                0              0              0        .              .              .              .


                                                         Parameter Estimates (10 Imputations)
 
                                                                                                                                  t for H0:
Parameter        Estimate      Std Error    95% Confidence Limits        DF        Minimum        Maximum         Theta0   Parameter=Theta0   Pr > |t|

Estimate                0              0            .            .        .              0              0              0                .        .    
Model 4: Model 3 + PRS

EFFECTNAME=HEI2010_C3_MEDIUM

The MIANALYZE Procedure

               Model Information

Data Set                  WORK.GENMOD_RESULTS_3
Number of Imputations     10                   


                                    Variance Information (10 Imputations)
 
                                                                       Relative       Fraction
             -----------------Variance-----------------                Increase        Missing       Relative
Parameter         Between         Within          Total       DF    in Variance    Information     Efficiency

Estimate         0.002215       0.146531       0.148968    33636       0.016630       0.016416       0.998361


                                                         Parameter Estimates (10 Imputations)
 
                                                                                                                                  t for H0:
Parameter        Estimate      Std Error    95% Confidence Limits        DF        Minimum        Maximum         Theta0   Parameter=Theta0   Pr > |t|

Estimate        -0.094062       0.385964     -0.85057     0.662440    33636      -0.165286      -0.011228              0              -0.24     0.8075
Model 4: Model 3 + PRS

EFFECTNAME=Intercept

The MIANALYZE Procedure

               Model Information

Data Set                  WORK.GENMOD_RESULTS_3
Number of Imputations     10                   


                                    Variance Information (10 Imputations)
 
                                                                       Relative       Fraction
             -----------------Variance-----------------                Increase        Missing       Relative
Parameter         Between         Within          Total       DF    in Variance    Information     Efficiency

Estimate         0.159878       5.641526       5.817392   9847.8       0.031173       0.030428       0.996966


                                                         Parameter Estimates (10 Imputations)
 
                                                                                                                                  t for H0:
Parameter        Estimate      Std Error    95% Confidence Limits        DF        Minimum        Maximum         Theta0   Parameter=Theta0   Pr > |t|

Estimate        -6.426261       2.411927     -11.1541     -1.69839   9847.8      -7.237215      -5.913908              0              -2.66     0.0077
Model 4: Model 3 + PRS

EFFECTNAME=MARITAL_STATUS_C2_COHABITING

The MIANALYZE Procedure

               Model Information

Data Set                  WORK.GENMOD_RESULTS_3
Number of Imputations     10                   


                                    Variance Information (10 Imputations)
 
                                                                       Relative       Fraction
             -----------------Variance-----------------                Increase        Missing       Relative
Parameter         Between         Within          Total       DF    in Variance    Information     Efficiency

Estimate         0.000655       0.104700       0.105420   192744       0.006880       0.006844       0.999316


                                                         Parameter Estimates (10 Imputations)
 
                                                                                                                                  t for H0:
Parameter        Estimate      Std Error    95% Confidence Limits        DF        Minimum        Maximum         Theta0   Parameter=Theta0   Pr > |t|

Estimate        -0.483026       0.324685     -1.11940     0.153348   192744      -0.517038      -0.450754              0              -1.49     0.1368
Model 4: Model 3 + PRS

EFFECTNAME=MARITAL_STATUS_C2_SINGLE_OTHER

The MIANALYZE Procedure

               Model Information

Data Set                  WORK.GENMOD_RESULTS_3
Number of Imputations     10                   


                                    Variance Information (10 Imputations)
 
                                                                       Relative       Fraction
             -----------------Variance-----------------                Increase        Missing       Relative
Parameter         Between         Within          Total       DF    in Variance    Information     Efficiency

Estimate                0              0              0        .              .              .              .


                                                         Parameter Estimates (10 Imputations)
 
                                                                                                                                  t for H0:
Parameter        Estimate      Std Error    95% Confidence Limits        DF        Minimum        Maximum         Theta0   Parameter=Theta0   Pr > |t|

Estimate                0              0            .            .        .              0              0              0                .        .    
Model 4: Model 3 + PRS

EFFECTNAME=N_HC_NO

The MIANALYZE Procedure

               Model Information

Data Set                  WORK.GENMOD_RESULTS_3
Number of Imputations     10                   


                                    Variance Information (10 Imputations)
 
                                                                       Relative       Fraction
             -----------------Variance-----------------                Increase        Missing       Relative
Parameter         Between         Within          Total       DF    in Variance    Information     Efficiency

Estimate                0              0              0        .              .              .              .


                                                         Parameter Estimates (10 Imputations)
 
                                                                                                                                  t for H0:
Parameter        Estimate      Std Error    95% Confidence Limits        DF        Minimum        Maximum         Theta0   Parameter=Theta0   Pr > |t|

Estimate                0              0            .            .        .              0              0              0                .        .    
Model 4: Model 3 + PRS

EFFECTNAME=N_HC_YES

The MIANALYZE Procedure

               Model Information

Data Set                  WORK.GENMOD_RESULTS_3
Number of Imputations     10                   


                                    Variance Information (10 Imputations)
 
                                                                       Relative       Fraction
             -----------------Variance-----------------                Increase        Missing       Relative
Parameter         Between         Within          Total       DF    in Variance    Information     Efficiency

Estimate         0.004853       0.135108       0.140446   6230.5       0.039508       0.038315       0.996183


                                                         Parameter Estimates (10 Imputations)
 
                                                                                                                                  t for H0:
Parameter        Estimate      Std Error    95% Confidence Limits        DF        Minimum        Maximum         Theta0   Parameter=Theta0   Pr > |t|

Estimate         0.501594       0.374761     -0.23307     1.236254   6230.5       0.378019       0.598770              0               1.34     0.1808
Model 4: Model 3 + PRS

EFFECTNAME=PAG2008YN_NO

The MIANALYZE Procedure

               Model Information

Data Set                  WORK.GENMOD_RESULTS_3
Number of Imputations     10                   


                                    Variance Information (10 Imputations)
 
                                                                       Relative       Fraction
             -----------------Variance-----------------                Increase        Missing       Relative
Parameter         Between         Within          Total       DF    in Variance    Information     Efficiency

Estimate         0.042653       0.109719       0.156637   100.31       0.427625       0.313096       0.969641


                                                         Parameter Estimates (10 Imputations)
 
                                                                                                                                  t for H0:
Parameter        Estimate      Std Error    95% Confidence Limits        DF        Minimum        Maximum         Theta0   Parameter=Theta0   Pr > |t|

Estimate         0.260937       0.395774     -0.52424     1.046111   100.31      -0.026295       0.499716              0               0.66     0.5112
Model 4: Model 3 + PRS

EFFECTNAME=PAG2008YN_YES

The MIANALYZE Procedure

               Model Information

Data Set                  WORK.GENMOD_RESULTS_3
Number of Imputations     10                   


                                    Variance Information (10 Imputations)
 
                                                                       Relative       Fraction
             -----------------Variance-----------------                Increase        Missing       Relative
Parameter         Between         Within          Total       DF    in Variance    Information     Efficiency

Estimate                0              0              0        .              .              .              .


                                                         Parameter Estimates (10 Imputations)
 
                                                                                                                                  t for H0:
Parameter        Estimate      Std Error    95% Confidence Limits        DF        Minimum        Maximum         Theta0   Parameter=Theta0   Pr > |t|

Estimate                0              0            .            .        .              0              0              0                .        .    
Model 4: Model 3 + PRS

EFFECTNAME=PARITY_V1

The MIANALYZE Procedure

               Model Information

Data Set                  WORK.GENMOD_RESULTS_3
Number of Imputations     10                   


                                    Variance Information (10 Imputations)
 
                                                                       Relative       Fraction
             -----------------Variance-----------------                Increase        Missing       Relative
Parameter         Between         Within          Total       DF    in Variance    Information     Efficiency

Estimate         0.000733       0.030032       0.030839    13156       0.026857       0.026303       0.997377


                                                         Parameter Estimates (10 Imputations)
 
                                                                                                                                  t for H0:
Parameter        Estimate      Std Error    95% Confidence Limits        DF        Minimum        Maximum         Theta0   Parameter=Theta0   Pr > |t|

Estimate         0.279443       0.175610     -0.06478     0.623664    13156       0.219140       0.313328              0               1.59     0.1116
Model 4: Model 3 + PRS

EFFECTNAME=SLPDUR

The MIANALYZE Procedure

               Model Information

Data Set                  WORK.GENMOD_RESULTS_3
Number of Imputations     10                   


                                    Variance Information (10 Imputations)
 
                                                                       Relative       Fraction
             -----------------Variance-----------------                Increase        Missing       Relative
Parameter         Between         Within          Total       DF    in Variance    Information     Efficiency

Estimate         0.001029       0.014497       0.015629   1714.3       0.078117       0.073537       0.992700


                                                         Parameter Estimates (10 Imputations)
 
                                                                                                                                  t for H0:
Parameter        Estimate      Std Error    95% Confidence Limits        DF        Minimum        Maximum         Theta0   Parameter=Theta0   Pr > |t|

Estimate         0.264643       0.125016     0.019442     0.509844   1714.3       0.212529       0.311376              0               2.12     0.0344
Model 4: Model 3 + PRS

EFFECTNAME=STAI10_ANX

The MIANALYZE Procedure

               Model Information

Data Set                  WORK.GENMOD_RESULTS_3
Number of Imputations     10                   


                                    Variance Information (10 Imputations)
 
                                                                       Relative       Fraction
             -----------------Variance-----------------                Increase        Missing       Relative
Parameter         Between         Within          Total       DF    in Variance    Information     Efficiency

Estimate         0.003918       0.144368       0.148678    10710       0.029854       0.029170       0.997092


                                                         Parameter Estimates (10 Imputations)
 
                                                                                                                                  t for H0:
Parameter        Estimate      Std Error    95% Confidence Limits        DF        Minimum        Maximum         Theta0   Parameter=Theta0   Pr > |t|

Estimate        -0.114198       0.385587     -0.87002     0.641625    10710      -0.198486       0.026517              0              -0.30     0.7671
Model 4: Model 3 + PRS

EFFECTNAME=STAI10_NOANX

The MIANALYZE Procedure

               Model Information

Data Set                  WORK.GENMOD_RESULTS_3
Number of Imputations     10                   


                                    Variance Information (10 Imputations)
 
                                                                       Relative       Fraction
             -----------------Variance-----------------                Increase        Missing       Relative
Parameter         Between         Within          Total       DF    in Variance    Information     Efficiency

Estimate                0              0              0        .              .              .              .


                                                         Parameter Estimates (10 Imputations)
 
                                                                                                                                  t for H0:
Parameter        Estimate      Std Error    95% Confidence Limits        DF        Minimum        Maximum         Theta0   Parameter=Theta0   Pr > |t|

Estimate                0              0            .            .        .              0              0              0                .        .    
Model 4: Model 3 + PRS

EFFECTNAME=Scale

The MIANALYZE Procedure

               Model Information

Data Set                  WORK.GENMOD_RESULTS_3
Number of Imputations     10                   


                                    Variance Information (10 Imputations)
 
                                                                       Relative       Fraction
             -----------------Variance-----------------                Increase        Missing       Relative
Parameter         Between         Within          Total       DF    in Variance    Information     Efficiency

Estimate                0              0              0        .              .              .              .


                                                         Parameter Estimates (10 Imputations)
 
                                                                                                                                  t for H0:
Parameter        Estimate      Std Error    95% Confidence Limits        DF        Minimum        Maximum         Theta0   Parameter=Theta0   Pr > |t|

Estimate         1.000000              0            .            .        .       1.000000       1.000000              0                .        .    
Model 4: Model 3 + PRS

EFFECTNAME=YRSUS_C3_10+_Years

The MIANALYZE Procedure

               Model Information

Data Set                  WORK.GENMOD_RESULTS_3
Number of Imputations     10                   


                                    Variance Information (10 Imputations)
 
                                                                       Relative       Fraction
             -----------------Variance-----------------                Increase        Missing       Relative
Parameter         Between         Within          Total       DF    in Variance    Information     Efficiency

Estimate         0.002687       0.217194       0.220149    49933       0.013608       0.013465       0.998655


                                                         Parameter Estimates (10 Imputations)
 
                                                                                                                                  t for H0:
Parameter        Estimate      Std Error    95% Confidence Limits        DF        Minimum        Maximum         Theta0   Parameter=Theta0   Pr > |t|

Estimate         0.879505       0.469201     -0.04013     1.799144    49933       0.795448       0.939307              0               1.87     0.0609
Model 4: Model 3 + PRS

EFFECTNAME=YRSUS_C3_<10_Years

The MIANALYZE Procedure

               Model Information

Data Set                  WORK.GENMOD_RESULTS_3
Number of Imputations     10                   


                                    Variance Information (10 Imputations)
 
                                                                       Relative       Fraction
             -----------------Variance-----------------                Increase        Missing       Relative
Parameter         Between         Within          Total       DF    in Variance    Information     Efficiency

Estimate         0.002830       0.208649       0.211762    41643       0.014920       0.014748       0.998527


                                                         Parameter Estimates (10 Imputations)
 
                                                                                                                                  t for H0:
Parameter        Estimate      Std Error    95% Confidence Limits        DF        Minimum        Maximum         Theta0   Parameter=Theta0   Pr > |t|

Estimate         0.619008       0.460176     -0.28295     1.520963    41643       0.546527       0.705038              0               1.35     0.1786
Model 4: Model 3 + PRS

EFFECTNAME=YRSUS_C3_US_BORN

The MIANALYZE Procedure

               Model Information

Data Set                  WORK.GENMOD_RESULTS_3
Number of Imputations     10                   


                                    Variance Information (10 Imputations)
 
                                                                       Relative       Fraction
             -----------------Variance-----------------                Increase        Missing       Relative
Parameter         Between         Within          Total       DF    in Variance    Information     Efficiency

Estimate                0              0              0        .              .              .              .


                                                         Parameter Estimates (10 Imputations)
 
                                                                                                                                  t for H0:
Parameter        Estimate      Std Error    95% Confidence Limits        DF        Minimum        Maximum         Theta0   Parameter=Theta0   Pr > |t|

Estimate                0              0            .            .        .              0              0              0                .        .    
Model 4: Model 3 + PRS

EFFECTNAME=YRS_BTWN_V1FLOR

The MIANALYZE Procedure

               Model Information

Data Set                  WORK.GENMOD_RESULTS_3
Number of Imputations     10                   


                                    Variance Information (10 Imputations)
 
                                                                       Relative       Fraction
             -----------------Variance-----------------                Increase        Missing       Relative
Parameter         Between         Within          Total       DF    in Variance    Information     Efficiency

Estimate         0.000142       0.017895       0.018051   119745       0.008745       0.008686       0.999132


                                                         Parameter Estimates (10 Imputations)
 
                                                                                                                                  t for H0:
Parameter        Estimate      Std Error    95% Confidence Limits        DF        Minimum        Maximum         Theta0   Parameter=Theta0   Pr > |t|

Estimate         0.137211       0.134356     -0.12612     0.400546   119745       0.117884       0.151766              0               1.02     0.3071
Model 4: Model 3 + PRS

EFFECTNAME=AGE

The MIANALYZE Procedure

               Model Information

Data Set                  WORK.GENMOD_RESULTS_4
Number of Imputations     10                   


                                    Variance Information (10 Imputations)
 
                                                                       Relative       Fraction
             -----------------Variance-----------------                Increase        Missing       Relative
Parameter         Between         Within          Total       DF    in Variance    Information     Efficiency

Estimate      0.000018173       0.001448       0.001468    48508       0.013809       0.013662       0.998636


                                                         Parameter Estimates (10 Imputations)
 
                                                                                                                                  t for H0:
Parameter        Estimate      Std Error    95% Confidence Limits        DF        Minimum        Maximum         Theta0   Parameter=Theta0   Pr > |t|

Estimate         0.035971       0.038310     -0.03912     0.111058    48508       0.026024       0.040372              0               0.94     0.3478
Model 4: Model 3 + PRS

EFFECTNAME=ALCOHOL_USE_CURRENT

The MIANALYZE Procedure

               Model Information

Data Set                  WORK.GENMOD_RESULTS_4
Number of Imputations     10                   


                                    Variance Information (10 Imputations)
 
                                                                       Relative       Fraction
             -----------------Variance-----------------                Increase        Missing       Relative
Parameter         Between         Within          Total       DF    in Variance    Information     Efficiency

Estimate         0.005278       0.214652       0.220457    12976       0.027048       0.026486       0.997358


                                                         Parameter Estimates (10 Imputations)
 
                                                                                                                                  t for H0:
Parameter        Estimate      Std Error    95% Confidence Limits        DF        Minimum        Maximum         Theta0   Parameter=Theta0   Pr > |t|

Estimate         0.216060       0.469529     -0.70429     1.136406    12976       0.094830       0.341650              0               0.46     0.6454
Model 4: Model 3 + PRS

EFFECTNAME=ALCOHOL_USE_FORMER

The MIANALYZE Procedure

               Model Information

Data Set                  WORK.GENMOD_RESULTS_4
Number of Imputations     10                   


                                    Variance Information (10 Imputations)
 
                                                                       Relative       Fraction
             -----------------Variance-----------------                Increase        Missing       Relative
Parameter         Between         Within          Total       DF    in Variance    Information     Efficiency

Estimate         0.002389       0.226244       0.228872    68270       0.011615       0.011511       0.998850


                                                         Parameter Estimates (10 Imputations)
 
                                                                                                                                  t for H0:
Parameter        Estimate      Std Error    95% Confidence Limits        DF        Minimum        Maximum         Theta0   Parameter=Theta0   Pr > |t|

Estimate        -0.021195       0.478405     -0.95887     0.916478    68270      -0.064801       0.069559              0              -0.04     0.9647
Model 4: Model 3 + PRS

EFFECTNAME=ALCOHOL_USE_NEVER

The MIANALYZE Procedure

               Model Information

Data Set                  WORK.GENMOD_RESULTS_4
Number of Imputations     10                   


                                    Variance Information (10 Imputations)
 
                                                                       Relative       Fraction
             -----------------Variance-----------------                Increase        Missing       Relative
Parameter         Between         Within          Total       DF    in Variance    Information     Efficiency

Estimate                0              0              0        .              .              .              .


                                                         Parameter Estimates (10 Imputations)
 
                                                                                                                                  t for H0:
Parameter        Estimate      Std Error    95% Confidence Limits        DF        Minimum        Maximum         Theta0   Parameter=Theta0   Pr > |t|

Estimate                0              0            .            .        .              0              0              0                .        .    
Model 4: Model 3 + PRS

EFFECTNAME=BKGRD1_C3NOMISS_CARIBBEAN

The MIANALYZE Procedure

               Model Information

Data Set                  WORK.GENMOD_RESULTS_4
Number of Imputations     10                   


                                    Variance Information (10 Imputations)
 
                                                                       Relative       Fraction
             -----------------Variance-----------------                Increase        Missing       Relative
Parameter         Between         Within          Total       DF    in Variance    Information     Efficiency

Estimate         0.008871       0.368630       0.378389    13531       0.026473       0.025934       0.997413


                                                         Parameter Estimates (10 Imputations)
 
                                                                                                                                  t for H0:
Parameter        Estimate      Std Error    95% Confidence Limits        DF        Minimum        Maximum         Theta0   Parameter=Theta0   Pr > |t|

Estimate         1.117332       0.615133     -0.08842     2.323079    13531       0.992496       1.327309              0               1.82     0.0693
Model 4: Model 3 + PRS

EFFECTNAME=BKGRD1_C3NOMISS_MEXICAN

The MIANALYZE Procedure

               Model Information

Data Set                  WORK.GENMOD_RESULTS_4
Number of Imputations     10                   


                                    Variance Information (10 Imputations)
 
                                                                       Relative       Fraction
             -----------------Variance-----------------                Increase        Missing       Relative
Parameter         Between         Within          Total       DF    in Variance    Information     Efficiency

Estimate                0              0              0        .              .              .              .


                                                         Parameter Estimates (10 Imputations)
 
                                                                                                                                  t for H0:
Parameter        Estimate      Std Error    95% Confidence Limits        DF        Minimum        Maximum         Theta0   Parameter=Theta0   Pr > |t|

Estimate                0              0            .            .        .              0              0              0                .        .    
Model 4: Model 3 + PRS

EFFECTNAME=BKGRD1_C3NOMISS_SC_OTHER

The MIANALYZE Procedure

               Model Information

Data Set                  WORK.GENMOD_RESULTS_4
Number of Imputations     10                   


                                    Variance Information (10 Imputations)
 
                                                                       Relative       Fraction
             -----------------Variance-----------------                Increase        Missing       Relative
Parameter         Between         Within          Total       DF    in Variance    Information     Efficiency

Estimate         0.007399       0.327689       0.335827    15325       0.024836       0.024361       0.997570


                                                         Parameter Estimates (10 Imputations)
 
                                                                                                                                  t for H0:
Parameter        Estimate      Std Error    95% Confidence Limits        DF        Minimum        Maximum         Theta0   Parameter=Theta0   Pr > |t|

Estimate         0.457470       0.579506     -0.67843     1.593371    15325       0.298191       0.584011              0               0.79     0.4299
Model 4: Model 3 + PRS

EFFECTNAME=CENTERNUM_BRONX

The MIANALYZE Procedure

               Model Information

Data Set                  WORK.GENMOD_RESULTS_4
Number of Imputations     10                   


                                    Variance Information (10 Imputations)
 
                                                                       Relative       Fraction
             -----------------Variance-----------------                Increase        Missing       Relative
Parameter         Between         Within          Total       DF    in Variance    Information     Efficiency

Estimate                0              0              0        .              .              .              .


                                                         Parameter Estimates (10 Imputations)
 
                                                                                                                                  t for H0:
Parameter        Estimate      Std Error    95% Confidence Limits        DF        Minimum        Maximum         Theta0   Parameter=Theta0   Pr > |t|

Estimate                0              0            .            .        .              0              0              0                .        .    
Model 4: Model 3 + PRS

EFFECTNAME=CENTERNUM_CHICAGO

The MIANALYZE Procedure

               Model Information

Data Set                  WORK.GENMOD_RESULTS_4
Number of Imputations     10                   


                                    Variance Information (10 Imputations)
 
                                                                       Relative       Fraction
             -----------------Variance-----------------                Increase        Missing       Relative
Parameter         Between         Within          Total       DF    in Variance    Information     Efficiency

Estimate         0.008924       0.318407       0.328223    10063       0.030828       0.030099       0.996999


                                                         Parameter Estimates (10 Imputations)
 
                                                                                                                                  t for H0:
Parameter        Estimate      Std Error    95% Confidence Limits        DF        Minimum        Maximum         Theta0   Parameter=Theta0   Pr > |t|

Estimate         0.275299       0.572908     -0.84771     1.398313    10063       0.153852       0.419103              0               0.48     0.6309
Model 4: Model 3 + PRS

EFFECTNAME=CENTERNUM_MIAMI

The MIANALYZE Procedure

               Model Information

Data Set                  WORK.GENMOD_RESULTS_4
Number of Imputations     10                   


                                    Variance Information (10 Imputations)
 
                                                                       Relative       Fraction
             -----------------Variance-----------------                Increase        Missing       Relative
Parameter         Between         Within          Total       DF    in Variance    Information     Efficiency

Estimate         0.005131       0.289397       0.295041    24598       0.019501       0.019208       0.998083


                                                         Parameter Estimates (10 Imputations)
 
                                                                                                                                  t for H0:
Parameter        Estimate      Std Error    95% Confidence Limits        DF        Minimum        Maximum         Theta0   Parameter=Theta0   Pr > |t|

Estimate        -0.425284       0.543177     -1.48994     0.639375    24598      -0.492901      -0.262137              0              -0.78     0.4337
Model 4: Model 3 + PRS

EFFECTNAME=CENTERNUM_SAN DIEGO

The MIANALYZE Procedure

               Model Information

Data Set                  WORK.GENMOD_RESULTS_4
Number of Imputations     10                   


                                    Variance Information (10 Imputations)
 
                                                                       Relative       Fraction
             -----------------Variance-----------------                Increase        Missing       Relative
Parameter         Between         Within          Total       DF    in Variance    Information     Efficiency

Estimate         0.015044       0.419621       0.436170   6252.1       0.039437       0.038249       0.996190


                                                         Parameter Estimates (10 Imputations)
 
                                                                                                                                  t for H0:
Parameter        Estimate      Std Error    95% Confidence Limits        DF        Minimum        Maximum         Theta0   Parameter=Theta0   Pr > |t|

Estimate         0.371012       0.660431     -0.92366     1.665684   6252.1       0.187751       0.600136              0               0.56     0.5743
Model 4: Model 3 + PRS

EFFECTNAME=CESD10_DEPRE

The MIANALYZE Procedure

               Model Information

Data Set                  WORK.GENMOD_RESULTS_4
Number of Imputations     10                   


                                    Variance Information (10 Imputations)
 
                                                                       Relative       Fraction
             -----------------Variance-----------------                Increase        Missing       Relative
Parameter         Between         Within          Total       DF    in Variance    Information     Efficiency

Estimate         0.004570       0.183540       0.188567    12664       0.027389       0.026812       0.997326


                                                         Parameter Estimates (10 Imputations)
 
                                                                                                                                  t for H0:
Parameter        Estimate      Std Error    95% Confidence Limits        DF        Minimum        Maximum         Theta0   Parameter=Theta0   Pr > |t|

Estimate         0.551320       0.434243     -0.29986     1.402501    12664       0.445833       0.666307              0               1.27     0.2042
Model 4: Model 3 + PRS

EFFECTNAME=CESD10_NODEPRE

The MIANALYZE Procedure

               Model Information

Data Set                  WORK.GENMOD_RESULTS_4
Number of Imputations     10                   


                                    Variance Information (10 Imputations)
 
                                                                       Relative       Fraction
             -----------------Variance-----------------                Increase        Missing       Relative
Parameter         Between         Within          Total       DF    in Variance    Information     Efficiency

Estimate                0              0              0        .              .              .              .


                                                         Parameter Estimates (10 Imputations)
 
                                                                                                                                  t for H0:
Parameter        Estimate      Std Error    95% Confidence Limits        DF        Minimum        Maximum         Theta0   Parameter=Theta0   Pr > |t|

Estimate                0              0            .            .        .              0              0              0                .        .    
Model 4: Model 3 + PRS

EFFECTNAME=CHILD_PRS_BMI_A

The MIANALYZE Procedure

               Model Information

Data Set                  WORK.GENMOD_RESULTS_4
Number of Imputations     10                   


                                    Variance Information (10 Imputations)
 
                                                                       Relative       Fraction
             -----------------Variance-----------------                Increase        Missing       Relative
Parameter         Between         Within          Total       DF    in Variance    Information     Efficiency

Estimate         0.029291       0.229134       0.261353   592.18       0.140616       0.126227       0.987535


                                                         Parameter Estimates (10 Imputations)
 
                                                                                                                                  t for H0:
Parameter        Estimate      Std Error    95% Confidence Limits        DF        Minimum        Maximum         Theta0   Parameter=Theta0   Pr > |t|

Estimate         1.840511       0.511227     0.836472     2.844551   592.18       1.576266       2.235036              0               3.60     0.0003
Model 4: Model 3 + PRS

EFFECTNAME=CIGARETTE_USE_C2_CURRENT_OR_FORMER

The MIANALYZE Procedure

               Model Information

Data Set                  WORK.GENMOD_RESULTS_4
Number of Imputations     10                   


                                    Variance Information (10 Imputations)
 
                                                                       Relative       Fraction
             -----------------Variance-----------------                Increase        Missing       Relative
Parameter         Between         Within          Total       DF    in Variance    Information     Efficiency

Estimate         0.004803       0.200375       0.205658    13639       0.026365       0.025830       0.997424


                                                         Parameter Estimates (10 Imputations)
 
                                                                                                                                  t for H0:
Parameter        Estimate      Std Error    95% Confidence Limits        DF        Minimum        Maximum         Theta0   Parameter=Theta0   Pr > |t|

Estimate         0.629789       0.453495     -0.25912     1.518702    13639       0.551637       0.733080              0               1.39     0.1649
Model 4: Model 3 + PRS

EFFECTNAME=CIGARETTE_USE_C2_NEVER

The MIANALYZE Procedure

               Model Information

Data Set                  WORK.GENMOD_RESULTS_4
Number of Imputations     10                   


                                    Variance Information (10 Imputations)
 
                                                                       Relative       Fraction
             -----------------Variance-----------------                Increase        Missing       Relative
Parameter         Between         Within          Total       DF    in Variance    Information     Efficiency

Estimate                0              0              0        .              .              .              .


                                                         Parameter Estimates (10 Imputations)
 
                                                                                                                                  t for H0:
Parameter        Estimate      Std Error    95% Confidence Limits        DF        Minimum        Maximum         Theta0   Parameter=Theta0   Pr > |t|

Estimate                0              0            .            .        .              0              0              0                .        .    
Model 4: Model 3 + PRS

EFFECTNAME=EDUCATION_C3_AT_MOST_HIGHSCHOOL_GED

The MIANALYZE Procedure

               Model Information

Data Set                  WORK.GENMOD_RESULTS_4
Number of Imputations     10                   


                                    Variance Information (10 Imputations)
 
                                                                       Relative       Fraction
             -----------------Variance-----------------                Increase        Missing       Relative
Parameter         Between         Within          Total       DF    in Variance    Information     Efficiency

Estimate         0.001541       0.175136       0.176831    97915       0.009680       0.009608       0.999040


                                                         Parameter Estimates (10 Imputations)
 
                                                                                                                                  t for H0:
Parameter        Estimate      Std Error    95% Confidence Limits        DF        Minimum        Maximum         Theta0   Parameter=Theta0   Pr > |t|

Estimate         0.484189       0.420513     -0.34001     1.308389    97915       0.428076       0.562575              0               1.15     0.2496
Model 4: Model 3 + PRS

EFFECTNAME=EDUCATION_C3_G_HIGHSCHOOL

The MIANALYZE Procedure

               Model Information

Data Set                  WORK.GENMOD_RESULTS_4
Number of Imputations     10                   


                                    Variance Information (10 Imputations)
 
                                                                       Relative       Fraction
             -----------------Variance-----------------                Increase        Missing       Relative
Parameter         Between         Within          Total       DF    in Variance    Information     Efficiency

Estimate         0.004918       0.215881       0.221291    15056       0.025062       0.024579       0.997548


                                                         Parameter Estimates (10 Imputations)
 
                                                                                                                                  t for H0:
Parameter        Estimate      Std Error    95% Confidence Limits        DF        Minimum        Maximum         Theta0   Parameter=Theta0   Pr > |t|

Estimate        -0.321305       0.470416     -1.24338     0.600767    15056      -0.447236      -0.238842              0              -0.68     0.4946
Model 4: Model 3 + PRS

EFFECTNAME=EDUCATION_C3_N_HIGHSCHOOL_GED

The MIANALYZE Procedure

               Model Information

Data Set                  WORK.GENMOD_RESULTS_4
Number of Imputations     10                   


                                    Variance Information (10 Imputations)
 
                                                                       Relative       Fraction
             -----------------Variance-----------------                Increase        Missing       Relative
Parameter         Between         Within          Total       DF    in Variance    Information     Efficiency

Estimate                0              0              0        .              .              .              .


                                                         Parameter Estimates (10 Imputations)
 
                                                                                                                                  t for H0:
Parameter        Estimate      Std Error    95% Confidence Limits        DF        Minimum        Maximum         Theta0   Parameter=Theta0   Pr > |t|

Estimate                0              0            .            .        .              0              0              0                .        .    
Model 4: Model 3 + PRS

EFFECTNAME=EMPLOYEDYN_EMPLOYED

The MIANALYZE Procedure

               Model Information

Data Set                  WORK.GENMOD_RESULTS_4
Number of Imputations     10                   


                                    Variance Information (10 Imputations)
 
                                                                       Relative       Fraction
             -----------------Variance-----------------                Increase        Missing       Relative
Parameter         Between         Within          Total       DF    in Variance    Information     Efficiency

Estimate         0.012724       0.120424       0.134420   830.09       0.116229       0.106277       0.989484


                                                         Parameter Estimates (10 Imputations)
 
                                                                                                                                  t for H0:
Parameter        Estimate      Std Error    95% Confidence Limits        DF        Minimum        Maximum         Theta0   Parameter=Theta0   Pr > |t|

Estimate        -0.170918       0.366634     -0.89056     0.548721   830.09      -0.383650      -0.029995              0              -0.47     0.6412
Model 4: Model 3 + PRS

EFFECTNAME=EMPLOYEDYN_NOT_EMPLOYED

The MIANALYZE Procedure

               Model Information

Data Set                  WORK.GENMOD_RESULTS_4
Number of Imputations     10                   


                                    Variance Information (10 Imputations)
 
                                                                       Relative       Fraction
             -----------------Variance-----------------                Increase        Missing       Relative
Parameter         Between         Within          Total       DF    in Variance    Information     Efficiency

Estimate                0              0              0        .              .              .              .


                                                         Parameter Estimates (10 Imputations)
 
                                                                                                                                  t for H0:
Parameter        Estimate      Std Error    95% Confidence Limits        DF        Minimum        Maximum         Theta0   Parameter=Theta0   Pr > |t|

Estimate                0              0            .            .        .              0              0              0                .        .    
Model 4: Model 3 + PRS

EFFECTNAME=HEI2010_C3_HIGH

The MIANALYZE Procedure

               Model Information

Data Set                  WORK.GENMOD_RESULTS_4
Number of Imputations     10                   


                                    Variance Information (10 Imputations)
 
                                                                       Relative       Fraction
             -----------------Variance-----------------                Increase        Missing       Relative
Parameter         Between         Within          Total       DF    in Variance    Information     Efficiency

Estimate         0.003253       0.173197       0.176776    21962       0.020662       0.020333       0.997971


                                                         Parameter Estimates (10 Imputations)
 
                                                                                                                                  t for H0:
Parameter        Estimate      Std Error    95% Confidence Limits        DF        Minimum        Maximum         Theta0   Parameter=Theta0   Pr > |t|

Estimate         0.312600       0.420447     -0.51151     1.136706    21962       0.194705       0.365977              0               0.74     0.4572
Model 4: Model 3 + PRS

EFFECTNAME=HEI2010_C3_LOW

The MIANALYZE Procedure

               Model Information

Data Set                  WORK.GENMOD_RESULTS_4
Number of Imputations     10                   


                                    Variance Information (10 Imputations)
 
                                                                       Relative       Fraction
             -----------------Variance-----------------                Increase        Missing       Relative
Parameter         Between         Within          Total       DF    in Variance    Information     Efficiency

Estimate                0              0              0        .              .              .              .


                                                         Parameter Estimates (10 Imputations)
 
                                                                                                                                  t for H0:
Parameter        Estimate      Std Error    95% Confidence Limits        DF        Minimum        Maximum         Theta0   Parameter=Theta0   Pr > |t|

Estimate                0              0            .            .        .              0              0              0                .        .    
Model 4: Model 3 + PRS

EFFECTNAME=HEI2010_C3_MEDIUM

The MIANALYZE Procedure

               Model Information

Data Set                  WORK.GENMOD_RESULTS_4
Number of Imputations     10                   


                                    Variance Information (10 Imputations)
 
                                                                       Relative       Fraction
             -----------------Variance-----------------                Increase        Missing       Relative
Parameter         Between         Within          Total       DF    in Variance    Information     Efficiency

Estimate         0.004431       0.164156       0.169031    10822       0.029694       0.029017       0.997107


                                                         Parameter Estimates (10 Imputations)
 
                                                                                                                                  t for H0:
Parameter        Estimate      Std Error    95% Confidence Limits        DF        Minimum        Maximum         Theta0   Parameter=Theta0   Pr > |t|

Estimate        -0.263488       0.411134     -1.06939     0.542409    10822      -0.360871      -0.145706              0              -0.64     0.5216
Model 4: Model 3 + PRS

EFFECTNAME=Intercept

The MIANALYZE Procedure

               Model Information

Data Set                  WORK.GENMOD_RESULTS_4
Number of Imputations     10                   


                                    Variance Information (10 Imputations)
 
                                                                       Relative       Fraction
             -----------------Variance-----------------                Increase        Missing       Relative
Parameter         Between         Within          Total       DF    in Variance    Information     Efficiency

Estimate         0.321532       6.470732       6.824418   3350.7       0.054659       0.052392       0.994788


                                                         Parameter Estimates (10 Imputations)
 
                                                                                                                                  t for H0:
Parameter        Estimate      Std Error    95% Confidence Limits        DF        Minimum        Maximum         Theta0   Parameter=Theta0   Pr > |t|

Estimate        -7.879916       2.612359     -13.0019     -2.75794   3350.7      -8.850998      -7.252298              0              -3.02     0.0026
Model 4: Model 3 + PRS

EFFECTNAME=MARITAL_STATUS_C2_COHABITING

The MIANALYZE Procedure

               Model Information

Data Set                  WORK.GENMOD_RESULTS_4
Number of Imputations     10                   


                                    Variance Information (10 Imputations)
 
                                                                       Relative       Fraction
             -----------------Variance-----------------                Increase        Missing       Relative
Parameter         Between         Within          Total       DF    in Variance    Information     Efficiency

Estimate         0.001436       0.113722       0.115301    47969       0.013888       0.013739       0.998628


                                                         Parameter Estimates (10 Imputations)
 
                                                                                                                                  t for H0:
Parameter        Estimate      Std Error    95% Confidence Limits        DF        Minimum        Maximum         Theta0   Parameter=Theta0   Pr > |t|

Estimate        -0.510853       0.339561     -1.17640     0.154691    47969      -0.564482      -0.443710              0              -1.50     0.1325
Model 4: Model 3 + PRS

EFFECTNAME=MARITAL_STATUS_C2_SINGLE_OTHER

The MIANALYZE Procedure

               Model Information

Data Set                  WORK.GENMOD_RESULTS_4
Number of Imputations     10                   


                                    Variance Information (10 Imputations)
 
                                                                       Relative       Fraction
             -----------------Variance-----------------                Increase        Missing       Relative
Parameter         Between         Within          Total       DF    in Variance    Information     Efficiency

Estimate                0              0              0        .              .              .              .


                                                         Parameter Estimates (10 Imputations)
 
                                                                                                                                  t for H0:
Parameter        Estimate      Std Error    95% Confidence Limits        DF        Minimum        Maximum         Theta0   Parameter=Theta0   Pr > |t|

Estimate                0              0            .            .        .              0              0              0                .        .    
Model 4: Model 3 + PRS

EFFECTNAME=N_HC_NO

The MIANALYZE Procedure

               Model Information

Data Set                  WORK.GENMOD_RESULTS_4
Number of Imputations     10                   


                                    Variance Information (10 Imputations)
 
                                                                       Relative       Fraction
             -----------------Variance-----------------                Increase        Missing       Relative
Parameter         Between         Within          Total       DF    in Variance    Information     Efficiency

Estimate                0              0              0        .              .              .              .


                                                         Parameter Estimates (10 Imputations)
 
                                                                                                                                  t for H0:
Parameter        Estimate      Std Error    95% Confidence Limits        DF        Minimum        Maximum         Theta0   Parameter=Theta0   Pr > |t|

Estimate                0              0            .            .        .              0              0              0                .        .    
Model 4: Model 3 + PRS

EFFECTNAME=N_HC_YES

The MIANALYZE Procedure

               Model Information

Data Set                  WORK.GENMOD_RESULTS_4
Number of Imputations     10                   


                                    Variance Information (10 Imputations)
 
                                                                       Relative       Fraction
             -----------------Variance-----------------                Increase        Missing       Relative
Parameter         Between         Within          Total       DF    in Variance    Information     Efficiency

Estimate         0.004547       0.149029       0.154031   8534.1       0.033564       0.032701       0.996741


                                                         Parameter Estimates (10 Imputations)
 
                                                                                                                                  t for H0:
Parameter        Estimate      Std Error    95% Confidence Limits        DF        Minimum        Maximum         Theta0   Parameter=Theta0   Pr > |t|

Estimate         0.559678       0.392468     -0.20965     1.329010   8534.1       0.443524       0.648817              0               1.43     0.1539
Model 4: Model 3 + PRS

EFFECTNAME=PAG2008YN_NO

The MIANALYZE Procedure

               Model Information

Data Set                  WORK.GENMOD_RESULTS_4
Number of Imputations     10                   


                                    Variance Information (10 Imputations)
 
                                                                       Relative       Fraction
             -----------------Variance-----------------                Increase        Missing       Relative
Parameter         Between         Within          Total       DF    in Variance    Information     Efficiency

Estimate         0.050015       0.117480       0.172496   88.475       0.468304       0.333833       0.967695


                                                         Parameter Estimates (10 Imputations)
 
                                                                                                                                  t for H0:
Parameter        Estimate      Std Error    95% Confidence Limits        DF        Minimum        Maximum         Theta0   Parameter=Theta0   Pr > |t|

Estimate         0.252752       0.415327     -0.57256     1.078065   88.475      -0.151242       0.545873              0               0.61     0.5444
Model 4: Model 3 + PRS

EFFECTNAME=PAG2008YN_YES

The MIANALYZE Procedure

               Model Information

Data Set                  WORK.GENMOD_RESULTS_4
Number of Imputations     10                   


                                    Variance Information (10 Imputations)
 
                                                                       Relative       Fraction
             -----------------Variance-----------------                Increase        Missing       Relative
Parameter         Between         Within          Total       DF    in Variance    Information     Efficiency

Estimate                0              0              0        .              .              .              .


                                                         Parameter Estimates (10 Imputations)
 
                                                                                                                                  t for H0:
Parameter        Estimate      Std Error    95% Confidence Limits        DF        Minimum        Maximum         Theta0   Parameter=Theta0   Pr > |t|

Estimate                0              0            .            .        .              0              0              0                .        .    
Model 4: Model 3 + PRS

EFFECTNAME=PARITY_V1

The MIANALYZE Procedure

               Model Information

Data Set                  WORK.GENMOD_RESULTS_4
Number of Imputations     10                   


                                    Variance Information (10 Imputations)
 
                                                                       Relative       Fraction
             -----------------Variance-----------------                Increase        Missing       Relative
Parameter         Between         Within          Total       DF    in Variance    Information     Efficiency

Estimate         0.000790       0.033578       0.034447    14128       0.025893       0.025378       0.997469


                                                         Parameter Estimates (10 Imputations)
 
                                                                                                                                  t for H0:
Parameter        Estimate      Std Error    95% Confidence Limits        DF        Minimum        Maximum         Theta0   Parameter=Theta0   Pr > |t|

Estimate         0.362975       0.185599     -0.00082     0.726774    14128       0.313447       0.412161              0               1.96     0.0505
Model 4: Model 3 + PRS

EFFECTNAME=SLPDUR

The MIANALYZE Procedure

               Model Information

Data Set                  WORK.GENMOD_RESULTS_4
Number of Imputations     10                   


                                    Variance Information (10 Imputations)
 
                                                                       Relative       Fraction
             -----------------Variance-----------------                Increase        Missing       Relative
Parameter         Between         Within          Total       DF    in Variance    Information     Efficiency

Estimate         0.001127       0.015589       0.016828   1659.1       0.079508       0.074767       0.992579


                                                         Parameter Estimates (10 Imputations)
 
                                                                                                                                  t for H0:
Parameter        Estimate      Std Error    95% Confidence Limits        DF        Minimum        Maximum         Theta0   Parameter=Theta0   Pr > |t|

Estimate         0.283164       0.129723     0.028726     0.537602   1659.1       0.227046       0.331987              0               2.18     0.0292
Model 4: Model 3 + PRS

EFFECTNAME=STAI10_ANX

The MIANALYZE Procedure

               Model Information

Data Set                  WORK.GENMOD_RESULTS_4
Number of Imputations     10                   


                                    Variance Information (10 Imputations)
 
                                                                       Relative       Fraction
             -----------------Variance-----------------                Increase        Missing       Relative
Parameter         Between         Within          Total       DF    in Variance    Information     Efficiency

Estimate         0.004305       0.159547       0.164282    10830       0.029683       0.029007       0.997108


                                                         Parameter Estimates (10 Imputations)
 
                                                                                                                                  t for H0:
Parameter        Estimate      Std Error    95% Confidence Limits        DF        Minimum        Maximum         Theta0   Parameter=Theta0   Pr > |t|

Estimate        -0.150783       0.405318     -0.94528     0.643714    10830      -0.254975      -0.007955              0              -0.37     0.7099
Model 4: Model 3 + PRS

EFFECTNAME=STAI10_NOANX

The MIANALYZE Procedure

               Model Information

Data Set                  WORK.GENMOD_RESULTS_4
Number of Imputations     10                   


                                    Variance Information (10 Imputations)
 
                                                                       Relative       Fraction
             -----------------Variance-----------------                Increase        Missing       Relative
Parameter         Between         Within          Total       DF    in Variance    Information     Efficiency

Estimate                0              0              0        .              .              .              .


                                                         Parameter Estimates (10 Imputations)
 
                                                                                                                                  t for H0:
Parameter        Estimate      Std Error    95% Confidence Limits        DF        Minimum        Maximum         Theta0   Parameter=Theta0   Pr > |t|

Estimate                0              0            .            .        .              0              0              0                .        .    
Model 4: Model 3 + PRS

EFFECTNAME=Scale

The MIANALYZE Procedure

               Model Information

Data Set                  WORK.GENMOD_RESULTS_4
Number of Imputations     10                   


                                    Variance Information (10 Imputations)
 
                                                                       Relative       Fraction
             -----------------Variance-----------------                Increase        Missing       Relative
Parameter         Between         Within          Total       DF    in Variance    Information     Efficiency

Estimate                0              0              0        .              .              .              .


                                                         Parameter Estimates (10 Imputations)
 
                                                                                                                                  t for H0:
Parameter        Estimate      Std Error    95% Confidence Limits        DF        Minimum        Maximum         Theta0   Parameter=Theta0   Pr > |t|

Estimate         1.000000              0            .            .        .       1.000000       1.000000              0                .        .    
Model 4: Model 3 + PRS

EFFECTNAME=YRSUS_C3_10+_Years

The MIANALYZE Procedure

               Model Information

Data Set                  WORK.GENMOD_RESULTS_4
Number of Imputations     10                   


                                    Variance Information (10 Imputations)
 
                                                                       Relative       Fraction
             -----------------Variance-----------------                Increase        Missing       Relative
Parameter         Between         Within          Total       DF    in Variance    Information     Efficiency

Estimate         0.005945       0.235704       0.242244    12349       0.027745       0.027154       0.997292


                                                         Parameter Estimates (10 Imputations)
 
                                                                                                                                  t for H0:
Parameter        Estimate      Std Error    95% Confidence Limits        DF        Minimum        Maximum         Theta0   Parameter=Theta0   Pr > |t|

Estimate         0.966776       0.492182     0.002022     1.931531    12349       0.873644       1.084778              0               1.96     0.0495
Model 4: Model 3 + PRS

EFFECTNAME=YRSUS_C3_<10_Years

The MIANALYZE Procedure

               Model Information

Data Set                  WORK.GENMOD_RESULTS_4
Number of Imputations     10                   


                                    Variance Information (10 Imputations)
 
                                                                       Relative       Fraction
             -----------------Variance-----------------                Increase        Missing       Relative
Parameter         Between         Within          Total       DF    in Variance    Information     Efficiency

Estimate         0.007898       0.222350       0.231038   6365.3       0.039071       0.037904       0.996224


                                                         Parameter Estimates (10 Imputations)
 
                                                                                                                                  t for H0:
Parameter        Estimate      Std Error    95% Confidence Limits        DF        Minimum        Maximum         Theta0   Parameter=Theta0   Pr > |t|

Estimate         0.589157       0.480664     -0.35311     1.531420   6365.3       0.491357       0.725645              0               1.23     0.2204
Model 4: Model 3 + PRS

EFFECTNAME=YRSUS_C3_US_BORN

The MIANALYZE Procedure

               Model Information

Data Set                  WORK.GENMOD_RESULTS_4
Number of Imputations     10                   


                                    Variance Information (10 Imputations)
 
                                                                       Relative       Fraction
             -----------------Variance-----------------                Increase        Missing       Relative
Parameter         Between         Within          Total       DF    in Variance    Information     Efficiency

Estimate                0              0              0        .              .              .              .


                                                         Parameter Estimates (10 Imputations)
 
                                                                                                                                  t for H0:
Parameter        Estimate      Std Error    95% Confidence Limits        DF        Minimum        Maximum         Theta0   Parameter=Theta0   Pr > |t|

Estimate                0              0            .            .        .              0              0              0                .        .    
Model 4: Model 3 + PRS

EFFECTNAME=YRS_BTWN_V1FLOR

The MIANALYZE Procedure

               Model Information

Data Set                  WORK.GENMOD_RESULTS_4
Number of Imputations     10                   


                                    Variance Information (10 Imputations)
 
                                                                       Relative       Fraction
             -----------------Variance-----------------                Increase        Missing       Relative
Parameter         Between         Within          Total       DF    in Variance    Information     Efficiency

Estimate         0.000308       0.019407       0.019746    30518       0.017473       0.017237       0.998279


                                                         Parameter Estimates (10 Imputations)
 
                                                                                                                                  t for H0:
Parameter        Estimate      Std Error    95% Confidence Limits        DF        Minimum        Maximum         Theta0   Parameter=Theta0   Pr > |t|

Estimate         0.134358       0.140519     -0.14107     0.409781    30518       0.103428       0.155782              0               0.96     0.3390
Model 4: Model 3 + PRS

EFFECTNAME=AGE

The MIANALYZE Procedure

               Model Information

Data Set                  WORK.GENMOD_RESULTS_4
Number of Imputations     10                   


                                    Variance Information (10 Imputations)
 
                                                                       Relative       Fraction
             -----------------Variance-----------------                Increase        Missing       Relative
Parameter         Between         Within          Total       DF    in Variance    Information     Efficiency

Estimate      0.000018173       0.001448       0.001468    48508       0.013809       0.013662       0.998636


                                                         Parameter Estimates (10 Imputations)
 
                                                                                                                                  t for H0:
Parameter        Estimate      Std Error    95% Confidence Limits        DF        Minimum        Maximum         Theta0   Parameter=Theta0   Pr > |t|

Estimate         0.035971       0.038310     -0.03912     0.111058    48508       0.026024       0.040372              0               0.94     0.3478
Model 4: Model 3 + PRS

EFFECTNAME=ALCOHOL_USE_CURRENT

The MIANALYZE Procedure

               Model Information

Data Set                  WORK.GENMOD_RESULTS_4
Number of Imputations     10                   


                                    Variance Information (10 Imputations)
 
                                                                       Relative       Fraction
             -----------------Variance-----------------                Increase        Missing       Relative
Parameter         Between         Within          Total       DF    in Variance    Information     Efficiency

Estimate         0.005278       0.214652       0.220457    12976       0.027048       0.026486       0.997358


                                                         Parameter Estimates (10 Imputations)
 
                                                                                                                                  t for H0:
Parameter        Estimate      Std Error    95% Confidence Limits        DF        Minimum        Maximum         Theta0   Parameter=Theta0   Pr > |t|

Estimate         0.216060       0.469529     -0.70429     1.136406    12976       0.094830       0.341650              0               0.46     0.6454
Model 4: Model 3 + PRS

EFFECTNAME=ALCOHOL_USE_FORMER

The MIANALYZE Procedure

               Model Information

Data Set                  WORK.GENMOD_RESULTS_4
Number of Imputations     10                   


                                    Variance Information (10 Imputations)
 
                                                                       Relative       Fraction
             -----------------Variance-----------------                Increase        Missing       Relative
Parameter         Between         Within          Total       DF    in Variance    Information     Efficiency

Estimate         0.002389       0.226244       0.228872    68270       0.011615       0.011511       0.998850


                                                         Parameter Estimates (10 Imputations)
 
                                                                                                                                  t for H0:
Parameter        Estimate      Std Error    95% Confidence Limits        DF        Minimum        Maximum         Theta0   Parameter=Theta0   Pr > |t|

Estimate        -0.021195       0.478405     -0.95887     0.916478    68270      -0.064801       0.069559              0              -0.04     0.9647
Model 4: Model 3 + PRS

EFFECTNAME=ALCOHOL_USE_NEVER

The MIANALYZE Procedure

               Model Information

Data Set                  WORK.GENMOD_RESULTS_4
Number of Imputations     10                   


                                    Variance Information (10 Imputations)
 
                                                                       Relative       Fraction
             -----------------Variance-----------------                Increase        Missing       Relative
Parameter         Between         Within          Total       DF    in Variance    Information     Efficiency

Estimate                0              0              0        .              .              .              .


                                                         Parameter Estimates (10 Imputations)
 
                                                                                                                                  t for H0:
Parameter        Estimate      Std Error    95% Confidence Limits        DF        Minimum        Maximum         Theta0   Parameter=Theta0   Pr > |t|

Estimate                0              0            .            .        .              0              0              0                .        .    
Model 4: Model 3 + PRS

EFFECTNAME=BKGRD1_C3NOMISS_CARIBBEAN

The MIANALYZE Procedure

               Model Information

Data Set                  WORK.GENMOD_RESULTS_4
Number of Imputations     10                   


                                    Variance Information (10 Imputations)
 
                                                                       Relative       Fraction
             -----------------Variance-----------------                Increase        Missing       Relative
Parameter         Between         Within          Total       DF    in Variance    Information     Efficiency

Estimate         0.008871       0.368630       0.378389    13531       0.026473       0.025934       0.997413


                                                         Parameter Estimates (10 Imputations)
 
                                                                                                                                  t for H0:
Parameter        Estimate      Std Error    95% Confidence Limits        DF        Minimum        Maximum         Theta0   Parameter=Theta0   Pr > |t|

Estimate         1.117332       0.615133     -0.08842     2.323079    13531       0.992496       1.327309              0               1.82     0.0693
Model 4: Model 3 + PRS

EFFECTNAME=BKGRD1_C3NOMISS_MEXICAN

The MIANALYZE Procedure

               Model Information

Data Set                  WORK.GENMOD_RESULTS_4
Number of Imputations     10                   


                                    Variance Information (10 Imputations)
 
                                                                       Relative       Fraction
             -----------------Variance-----------------                Increase        Missing       Relative
Parameter         Between         Within          Total       DF    in Variance    Information     Efficiency

Estimate                0              0              0        .              .              .              .


                                                         Parameter Estimates (10 Imputations)
 
                                                                                                                                  t for H0:
Parameter        Estimate      Std Error    95% Confidence Limits        DF        Minimum        Maximum         Theta0   Parameter=Theta0   Pr > |t|

Estimate                0              0            .            .        .              0              0              0                .        .    
Model 4: Model 3 + PRS

EFFECTNAME=BKGRD1_C3NOMISS_SC_OTHER

The MIANALYZE Procedure

               Model Information

Data Set                  WORK.GENMOD_RESULTS_4
Number of Imputations     10                   


                                    Variance Information (10 Imputations)
 
                                                                       Relative       Fraction
             -----------------Variance-----------------                Increase        Missing       Relative
Parameter         Between         Within          Total       DF    in Variance    Information     Efficiency

Estimate         0.007399       0.327689       0.335827    15325       0.024836       0.024361       0.997570


                                                         Parameter Estimates (10 Imputations)
 
                                                                                                                                  t for H0:
Parameter        Estimate      Std Error    95% Confidence Limits        DF        Minimum        Maximum         Theta0   Parameter=Theta0   Pr > |t|

Estimate         0.457470       0.579506     -0.67843     1.593371    15325       0.298191       0.584011              0               0.79     0.4299
Model 4: Model 3 + PRS

EFFECTNAME=CENTERNUM_BRONX

The MIANALYZE Procedure

               Model Information

Data Set                  WORK.GENMOD_RESULTS_4
Number of Imputations     10                   


                                    Variance Information (10 Imputations)
 
                                                                       Relative       Fraction
             -----------------Variance-----------------                Increase        Missing       Relative
Parameter         Between         Within          Total       DF    in Variance    Information     Efficiency

Estimate                0              0              0        .              .              .              .


                                                         Parameter Estimates (10 Imputations)
 
                                                                                                                                  t for H0:
Parameter        Estimate      Std Error    95% Confidence Limits        DF        Minimum        Maximum         Theta0   Parameter=Theta0   Pr > |t|

Estimate                0              0            .            .        .              0              0              0                .        .    
Model 4: Model 3 + PRS

EFFECTNAME=CENTERNUM_CHICAGO

The MIANALYZE Procedure

               Model Information

Data Set                  WORK.GENMOD_RESULTS_4
Number of Imputations     10                   


                                    Variance Information (10 Imputations)
 
                                                                       Relative       Fraction
             -----------------Variance-----------------                Increase        Missing       Relative
Parameter         Between         Within          Total       DF    in Variance    Information     Efficiency

Estimate         0.008924       0.318407       0.328223    10063       0.030828       0.030099       0.996999


                                                         Parameter Estimates (10 Imputations)
 
                                                                                                                                  t for H0:
Parameter        Estimate      Std Error    95% Confidence Limits        DF        Minimum        Maximum         Theta0   Parameter=Theta0   Pr > |t|

Estimate         0.275299       0.572908     -0.84771     1.398313    10063       0.153852       0.419103              0               0.48     0.6309
Model 4: Model 3 + PRS

EFFECTNAME=CENTERNUM_MIAMI

The MIANALYZE Procedure

               Model Information

Data Set                  WORK.GENMOD_RESULTS_4
Number of Imputations     10                   


                                    Variance Information (10 Imputations)
 
                                                                       Relative       Fraction
             -----------------Variance-----------------                Increase        Missing       Relative
Parameter         Between         Within          Total       DF    in Variance    Information     Efficiency

Estimate         0.005131       0.289397       0.295041    24598       0.019501       0.019208       0.998083


                                                         Parameter Estimates (10 Imputations)
 
                                                                                                                                  t for H0:
Parameter        Estimate      Std Error    95% Confidence Limits        DF        Minimum        Maximum         Theta0   Parameter=Theta0   Pr > |t|

Estimate        -0.425284       0.543177     -1.48994     0.639375    24598      -0.492901      -0.262137              0              -0.78     0.4337
Model 4: Model 3 + PRS

EFFECTNAME=CENTERNUM_SAN DIEGO

The MIANALYZE Procedure

               Model Information

Data Set                  WORK.GENMOD_RESULTS_4
Number of Imputations     10                   


                                    Variance Information (10 Imputations)
 
                                                                       Relative       Fraction
             -----------------Variance-----------------                Increase        Missing       Relative
Parameter         Between         Within          Total       DF    in Variance    Information     Efficiency

Estimate         0.015044       0.419621       0.436170   6252.1       0.039437       0.038249       0.996190


                                                         Parameter Estimates (10 Imputations)
 
                                                                                                                                  t for H0:
Parameter        Estimate      Std Error    95% Confidence Limits        DF        Minimum        Maximum         Theta0   Parameter=Theta0   Pr > |t|

Estimate         0.371012       0.660431     -0.92366     1.665684   6252.1       0.187751       0.600136              0               0.56     0.5743
Model 4: Model 3 + PRS

EFFECTNAME=CESD10_DEPRE

The MIANALYZE Procedure

               Model Information

Data Set                  WORK.GENMOD_RESULTS_4
Number of Imputations     10                   


                                    Variance Information (10 Imputations)
 
                                                                       Relative       Fraction
             -----------------Variance-----------------                Increase        Missing       Relative
Parameter         Between         Within          Total       DF    in Variance    Information     Efficiency

Estimate         0.004570       0.183540       0.188567    12664       0.027389       0.026812       0.997326


                                                         Parameter Estimates (10 Imputations)
 
                                                                                                                                  t for H0:
Parameter        Estimate      Std Error    95% Confidence Limits        DF        Minimum        Maximum         Theta0   Parameter=Theta0   Pr > |t|

Estimate         0.551320       0.434243     -0.29986     1.402501    12664       0.445833       0.666307              0               1.27     0.2042
Model 4: Model 3 + PRS

EFFECTNAME=CESD10_NODEPRE

The MIANALYZE Procedure

               Model Information

Data Set                  WORK.GENMOD_RESULTS_4
Number of Imputations     10                   


                                    Variance Information (10 Imputations)
 
                                                                       Relative       Fraction
             -----------------Variance-----------------                Increase        Missing       Relative
Parameter         Between         Within          Total       DF    in Variance    Information     Efficiency

Estimate                0              0              0        .              .              .              .


                                                         Parameter Estimates (10 Imputations)
 
                                                                                                                                  t for H0:
Parameter        Estimate      Std Error    95% Confidence Limits        DF        Minimum        Maximum         Theta0   Parameter=Theta0   Pr > |t|

Estimate                0              0            .            .        .              0              0              0                .        .    
Model 4: Model 3 + PRS

EFFECTNAME=CHILD_PRS_BMI_A

The MIANALYZE Procedure

               Model Information

Data Set                  WORK.GENMOD_RESULTS_4
Number of Imputations     10                   


                                    Variance Information (10 Imputations)
 
                                                                       Relative       Fraction
             -----------------Variance-----------------                Increase        Missing       Relative
Parameter         Between         Within          Total       DF    in Variance    Information     Efficiency

Estimate         0.029291       0.229134       0.261353   592.18       0.140616       0.126227       0.987535


                                                         Parameter Estimates (10 Imputations)
 
                                                                                                                                  t for H0:
Parameter        Estimate      Std Error    95% Confidence Limits        DF        Minimum        Maximum         Theta0   Parameter=Theta0   Pr > |t|

Estimate         1.840511       0.511227     0.836472     2.844551   592.18       1.576266       2.235036              0               3.60     0.0003
Model 4: Model 3 + PRS

EFFECTNAME=CIGARETTE_USE_C2_CURRENT_OR_FORMER

The MIANALYZE Procedure

               Model Information

Data Set                  WORK.GENMOD_RESULTS_4
Number of Imputations     10                   


                                    Variance Information (10 Imputations)
 
                                                                       Relative       Fraction
             -----------------Variance-----------------                Increase        Missing       Relative
Parameter         Between         Within          Total       DF    in Variance    Information     Efficiency

Estimate         0.004803       0.200375       0.205658    13639       0.026365       0.025830       0.997424


                                                         Parameter Estimates (10 Imputations)
 
                                                                                                                                  t for H0:
Parameter        Estimate      Std Error    95% Confidence Limits        DF        Minimum        Maximum         Theta0   Parameter=Theta0   Pr > |t|

Estimate         0.629789       0.453495     -0.25912     1.518702    13639       0.551637       0.733080              0               1.39     0.1649
Model 4: Model 3 + PRS

EFFECTNAME=CIGARETTE_USE_C2_NEVER

The MIANALYZE Procedure

               Model Information

Data Set                  WORK.GENMOD_RESULTS_4
Number of Imputations     10                   


                                    Variance Information (10 Imputations)
 
                                                                       Relative       Fraction
             -----------------Variance-----------------                Increase        Missing       Relative
Parameter         Between         Within          Total       DF    in Variance    Information     Efficiency

Estimate                0              0              0        .              .              .              .


                                                         Parameter Estimates (10 Imputations)
 
                                                                                                                                  t for H0:
Parameter        Estimate      Std Error    95% Confidence Limits        DF        Minimum        Maximum         Theta0   Parameter=Theta0   Pr > |t|

Estimate                0              0            .            .        .              0              0              0                .        .    
Model 4: Model 3 + PRS

EFFECTNAME=EDUCATION_C3_AT_MOST_HIGHSCHOOL_GED

The MIANALYZE Procedure

               Model Information

Data Set                  WORK.GENMOD_RESULTS_4
Number of Imputations     10                   


                                    Variance Information (10 Imputations)
 
                                                                       Relative       Fraction
             -----------------Variance-----------------                Increase        Missing       Relative
Parameter         Between         Within          Total       DF    in Variance    Information     Efficiency

Estimate         0.001541       0.175136       0.176831    97915       0.009680       0.009608       0.999040


                                                         Parameter Estimates (10 Imputations)
 
                                                                                                                                  t for H0:
Parameter        Estimate      Std Error    95% Confidence Limits        DF        Minimum        Maximum         Theta0   Parameter=Theta0   Pr > |t|

Estimate         0.484189       0.420513     -0.34001     1.308389    97915       0.428076       0.562575              0               1.15     0.2496
Model 4: Model 3 + PRS

EFFECTNAME=EDUCATION_C3_G_HIGHSCHOOL

The MIANALYZE Procedure

               Model Information

Data Set                  WORK.GENMOD_RESULTS_4
Number of Imputations     10                   


                                    Variance Information (10 Imputations)
 
                                                                       Relative       Fraction
             -----------------Variance-----------------                Increase        Missing       Relative
Parameter         Between         Within          Total       DF    in Variance    Information     Efficiency

Estimate         0.004918       0.215881       0.221291    15056       0.025062       0.024579       0.997548


                                                         Parameter Estimates (10 Imputations)
 
                                                                                                                                  t for H0:
Parameter        Estimate      Std Error    95% Confidence Limits        DF        Minimum        Maximum         Theta0   Parameter=Theta0   Pr > |t|

Estimate        -0.321305       0.470416     -1.24338     0.600767    15056      -0.447236      -0.238842              0              -0.68     0.4946
Model 4: Model 3 + PRS

EFFECTNAME=EDUCATION_C3_N_HIGHSCHOOL_GED

The MIANALYZE Procedure

               Model Information

Data Set                  WORK.GENMOD_RESULTS_4
Number of Imputations     10                   


                                    Variance Information (10 Imputations)
 
                                                                       Relative       Fraction
             -----------------Variance-----------------                Increase        Missing       Relative
Parameter         Between         Within          Total       DF    in Variance    Information     Efficiency

Estimate                0              0              0        .              .              .              .


                                                         Parameter Estimates (10 Imputations)
 
                                                                                                                                  t for H0:
Parameter        Estimate      Std Error    95% Confidence Limits        DF        Minimum        Maximum         Theta0   Parameter=Theta0   Pr > |t|

Estimate                0              0            .            .        .              0              0              0                .        .    
Model 4: Model 3 + PRS

EFFECTNAME=EMPLOYEDYN_EMPLOYED

The MIANALYZE Procedure

               Model Information

Data Set                  WORK.GENMOD_RESULTS_4
Number of Imputations     10                   


                                    Variance Information (10 Imputations)
 
                                                                       Relative       Fraction
             -----------------Variance-----------------                Increase        Missing       Relative
Parameter         Between         Within          Total       DF    in Variance    Information     Efficiency

Estimate         0.012724       0.120424       0.134420   830.09       0.116229       0.106277       0.989484


                                                         Parameter Estimates (10 Imputations)
 
                                                                                                                                  t for H0:
Parameter        Estimate      Std Error    95% Confidence Limits        DF        Minimum        Maximum         Theta0   Parameter=Theta0   Pr > |t|

Estimate        -0.170918       0.366634     -0.89056     0.548721   830.09      -0.383650      -0.029995              0              -0.47     0.6412
Model 4: Model 3 + PRS

EFFECTNAME=EMPLOYEDYN_NOT_EMPLOYED

The MIANALYZE Procedure

               Model Information

Data Set                  WORK.GENMOD_RESULTS_4
Number of Imputations     10                   


                                    Variance Information (10 Imputations)
 
                                                                       Relative       Fraction
             -----------------Variance-----------------                Increase        Missing       Relative
Parameter         Between         Within          Total       DF    in Variance    Information     Efficiency

Estimate                0              0              0        .              .              .              .


                                                         Parameter Estimates (10 Imputations)
 
                                                                                                                                  t for H0:
Parameter        Estimate      Std Error    95% Confidence Limits        DF        Minimum        Maximum         Theta0   Parameter=Theta0   Pr > |t|

Estimate                0              0            .            .        .              0              0              0                .        .    
Model 4: Model 3 + PRS

EFFECTNAME=HEI2010_C3_HIGH

The MIANALYZE Procedure

               Model Information

Data Set                  WORK.GENMOD_RESULTS_4
Number of Imputations     10                   


                                    Variance Information (10 Imputations)
 
                                                                       Relative       Fraction
             -----------------Variance-----------------                Increase        Missing       Relative
Parameter         Between         Within          Total       DF    in Variance    Information     Efficiency

Estimate         0.003253       0.173197       0.176776    21962       0.020662       0.020333       0.997971


                                                         Parameter Estimates (10 Imputations)
 
                                                                                                                                  t for H0:
Parameter        Estimate      Std Error    95% Confidence Limits        DF        Minimum        Maximum         Theta0   Parameter=Theta0   Pr > |t|

Estimate         0.312600       0.420447     -0.51151     1.136706    21962       0.194705       0.365977              0               0.74     0.4572
Model 4: Model 3 + PRS

EFFECTNAME=HEI2010_C3_LOW

The MIANALYZE Procedure

               Model Information

Data Set                  WORK.GENMOD_RESULTS_4
Number of Imputations     10                   


                                    Variance Information (10 Imputations)
 
                                                                       Relative       Fraction
             -----------------Variance-----------------                Increase        Missing       Relative
Parameter         Between         Within          Total       DF    in Variance    Information     Efficiency

Estimate                0              0              0        .              .              .              .


                                                         Parameter Estimates (10 Imputations)
 
                                                                                                                                  t for H0:
Parameter        Estimate      Std Error    95% Confidence Limits        DF        Minimum        Maximum         Theta0   Parameter=Theta0   Pr > |t|

Estimate                0              0            .            .        .              0              0              0                .        .    
Model 4: Model 3 + PRS

EFFECTNAME=HEI2010_C3_MEDIUM

The MIANALYZE Procedure

               Model Information

Data Set                  WORK.GENMOD_RESULTS_4
Number of Imputations     10                   


                                    Variance Information (10 Imputations)
 
                                                                       Relative       Fraction
             -----------------Variance-----------------                Increase        Missing       Relative
Parameter         Between         Within          Total       DF    in Variance    Information     Efficiency

Estimate         0.004431       0.164156       0.169031    10822       0.029694       0.029017       0.997107


                                                         Parameter Estimates (10 Imputations)
 
                                                                                                                                  t for H0:
Parameter        Estimate      Std Error    95% Confidence Limits        DF        Minimum        Maximum         Theta0   Parameter=Theta0   Pr > |t|

Estimate        -0.263488       0.411134     -1.06939     0.542409    10822      -0.360871      -0.145706              0              -0.64     0.5216
Model 4: Model 3 + PRS

EFFECTNAME=Intercept

The MIANALYZE Procedure

               Model Information

Data Set                  WORK.GENMOD_RESULTS_4
Number of Imputations     10                   


                                    Variance Information (10 Imputations)
 
                                                                       Relative       Fraction
             -----------------Variance-----------------                Increase        Missing       Relative
Parameter         Between         Within          Total       DF    in Variance    Information     Efficiency

Estimate         0.321532       6.470732       6.824418   3350.7       0.054659       0.052392       0.994788


                                                         Parameter Estimates (10 Imputations)
 
                                                                                                                                  t for H0:
Parameter        Estimate      Std Error    95% Confidence Limits        DF        Minimum        Maximum         Theta0   Parameter=Theta0   Pr > |t|

Estimate        -7.879916       2.612359     -13.0019     -2.75794   3350.7      -8.850998      -7.252298              0              -3.02     0.0026
Model 4: Model 3 + PRS

EFFECTNAME=MARITAL_STATUS_C2_COHABITING

The MIANALYZE Procedure

               Model Information

Data Set                  WORK.GENMOD_RESULTS_4
Number of Imputations     10                   


                                    Variance Information (10 Imputations)
 
                                                                       Relative       Fraction
             -----------------Variance-----------------                Increase        Missing       Relative
Parameter         Between         Within          Total       DF    in Variance    Information     Efficiency

Estimate         0.001436       0.113722       0.115301    47969       0.013888       0.013739       0.998628


                                                         Parameter Estimates (10 Imputations)
 
                                                                                                                                  t for H0:
Parameter        Estimate      Std Error    95% Confidence Limits        DF        Minimum        Maximum         Theta0   Parameter=Theta0   Pr > |t|

Estimate        -0.510853       0.339561     -1.17640     0.154691    47969      -0.564482      -0.443710              0              -1.50     0.1325
Model 4: Model 3 + PRS

EFFECTNAME=MARITAL_STATUS_C2_SINGLE_OTHER

The MIANALYZE Procedure

               Model Information

Data Set                  WORK.GENMOD_RESULTS_4
Number of Imputations     10                   


                                    Variance Information (10 Imputations)
 
                                                                       Relative       Fraction
             -----------------Variance-----------------                Increase        Missing       Relative
Parameter         Between         Within          Total       DF    in Variance    Information     Efficiency

Estimate                0              0              0        .              .              .              .


                                                         Parameter Estimates (10 Imputations)
 
                                                                                                                                  t for H0:
Parameter        Estimate      Std Error    95% Confidence Limits        DF        Minimum        Maximum         Theta0   Parameter=Theta0   Pr > |t|

Estimate                0              0            .            .        .              0              0              0                .        .    
Model 4: Model 3 + PRS

EFFECTNAME=N_HC_NO

The MIANALYZE Procedure

               Model Information

Data Set                  WORK.GENMOD_RESULTS_4
Number of Imputations     10                   


                                    Variance Information (10 Imputations)
 
                                                                       Relative       Fraction
             -----------------Variance-----------------                Increase        Missing       Relative
Parameter         Between         Within          Total       DF    in Variance    Information     Efficiency

Estimate                0              0              0        .              .              .              .


                                                         Parameter Estimates (10 Imputations)
 
                                                                                                                                  t for H0:
Parameter        Estimate      Std Error    95% Confidence Limits        DF        Minimum        Maximum         Theta0   Parameter=Theta0   Pr > |t|

Estimate                0              0            .            .        .              0              0              0                .        .    
Model 4: Model 3 + PRS

EFFECTNAME=N_HC_YES

The MIANALYZE Procedure

               Model Information

Data Set                  WORK.GENMOD_RESULTS_4
Number of Imputations     10                   


                                    Variance Information (10 Imputations)
 
                                                                       Relative       Fraction
             -----------------Variance-----------------                Increase        Missing       Relative
Parameter         Between         Within          Total       DF    in Variance    Information     Efficiency

Estimate         0.004547       0.149029       0.154031   8534.1       0.033564       0.032701       0.996741


                                                         Parameter Estimates (10 Imputations)
 
                                                                                                                                  t for H0:
Parameter        Estimate      Std Error    95% Confidence Limits        DF        Minimum        Maximum         Theta0   Parameter=Theta0   Pr > |t|

Estimate         0.559678       0.392468     -0.20965     1.329010   8534.1       0.443524       0.648817              0               1.43     0.1539
Model 4: Model 3 + PRS

EFFECTNAME=PAG2008YN_NO

The MIANALYZE Procedure

               Model Information

Data Set                  WORK.GENMOD_RESULTS_4
Number of Imputations     10                   


                                    Variance Information (10 Imputations)
 
                                                                       Relative       Fraction
             -----------------Variance-----------------                Increase        Missing       Relative
Parameter         Between         Within          Total       DF    in Variance    Information     Efficiency

Estimate         0.050015       0.117480       0.172496   88.475       0.468304       0.333833       0.967695


                                                         Parameter Estimates (10 Imputations)
 
                                                                                                                                  t for H0:
Parameter        Estimate      Std Error    95% Confidence Limits        DF        Minimum        Maximum         Theta0   Parameter=Theta0   Pr > |t|

Estimate         0.252752       0.415327     -0.57256     1.078065   88.475      -0.151242       0.545873              0               0.61     0.5444
Model 4: Model 3 + PRS

EFFECTNAME=PAG2008YN_YES

The MIANALYZE Procedure

               Model Information

Data Set                  WORK.GENMOD_RESULTS_4
Number of Imputations     10                   


                                    Variance Information (10 Imputations)
 
                                                                       Relative       Fraction
             -----------------Variance-----------------                Increase        Missing       Relative
Parameter         Between         Within          Total       DF    in Variance    Information     Efficiency

Estimate                0              0              0        .              .              .              .


                                                         Parameter Estimates (10 Imputations)
 
                                                                                                                                  t for H0:
Parameter        Estimate      Std Error    95% Confidence Limits        DF        Minimum        Maximum         Theta0   Parameter=Theta0   Pr > |t|

Estimate                0              0            .            .        .              0              0              0                .        .    
Model 4: Model 3 + PRS

EFFECTNAME=PARITY_V1

The MIANALYZE Procedure

               Model Information

Data Set                  WORK.GENMOD_RESULTS_4
Number of Imputations     10                   


                                    Variance Information (10 Imputations)
 
                                                                       Relative       Fraction
             -----------------Variance-----------------                Increase        Missing       Relative
Parameter         Between         Within          Total       DF    in Variance    Information     Efficiency

Estimate         0.000790       0.033578       0.034447    14128       0.025893       0.025378       0.997469


                                                         Parameter Estimates (10 Imputations)
 
                                                                                                                                  t for H0:
Parameter        Estimate      Std Error    95% Confidence Limits        DF        Minimum        Maximum         Theta0   Parameter=Theta0   Pr > |t|

Estimate         0.362975       0.185599     -0.00082     0.726774    14128       0.313447       0.412161              0               1.96     0.0505
Model 4: Model 3 + PRS

EFFECTNAME=SLPDUR

The MIANALYZE Procedure

               Model Information

Data Set                  WORK.GENMOD_RESULTS_4
Number of Imputations     10                   


                                    Variance Information (10 Imputations)
 
                                                                       Relative       Fraction
             -----------------Variance-----------------                Increase        Missing       Relative
Parameter         Between         Within          Total       DF    in Variance    Information     Efficiency

Estimate         0.001127       0.015589       0.016828   1659.1       0.079508       0.074767       0.992579


                                                         Parameter Estimates (10 Imputations)
 
                                                                                                                                  t for H0:
Parameter        Estimate      Std Error    95% Confidence Limits        DF        Minimum        Maximum         Theta0   Parameter=Theta0   Pr > |t|

Estimate         0.283164       0.129723     0.028726     0.537602   1659.1       0.227046       0.331987              0               2.18     0.0292
Model 4: Model 3 + PRS

EFFECTNAME=STAI10_ANX

The MIANALYZE Procedure

               Model Information

Data Set                  WORK.GENMOD_RESULTS_4
Number of Imputations     10                   


                                    Variance Information (10 Imputations)
 
                                                                       Relative       Fraction
             -----------------Variance-----------------                Increase        Missing       Relative
Parameter         Between         Within          Total       DF    in Variance    Information     Efficiency

Estimate         0.004305       0.159547       0.164282    10830       0.029683       0.029007       0.997108


                                                         Parameter Estimates (10 Imputations)
 
                                                                                                                                  t for H0:
Parameter        Estimate      Std Error    95% Confidence Limits        DF        Minimum        Maximum         Theta0   Parameter=Theta0   Pr > |t|

Estimate        -0.150783       0.405318     -0.94528     0.643714    10830      -0.254975      -0.007955              0              -0.37     0.7099
Model 4: Model 3 + PRS

EFFECTNAME=STAI10_NOANX

The MIANALYZE Procedure

               Model Information

Data Set                  WORK.GENMOD_RESULTS_4
Number of Imputations     10                   


                                    Variance Information (10 Imputations)
 
                                                                       Relative       Fraction
             -----------------Variance-----------------                Increase        Missing       Relative
Parameter         Between         Within          Total       DF    in Variance    Information     Efficiency

Estimate                0              0              0        .              .              .              .


                                                         Parameter Estimates (10 Imputations)
 
                                                                                                                                  t for H0:
Parameter        Estimate      Std Error    95% Confidence Limits        DF        Minimum        Maximum         Theta0   Parameter=Theta0   Pr > |t|

Estimate                0              0            .            .        .              0              0              0                .        .    
Model 4: Model 3 + PRS

EFFECTNAME=Scale

The MIANALYZE Procedure

               Model Information

Data Set                  WORK.GENMOD_RESULTS_4
Number of Imputations     10                   


                                    Variance Information (10 Imputations)
 
                                                                       Relative       Fraction
             -----------------Variance-----------------                Increase        Missing       Relative
Parameter         Between         Within          Total       DF    in Variance    Information     Efficiency

Estimate                0              0              0        .              .              .              .


                                                         Parameter Estimates (10 Imputations)
 
                                                                                                                                  t for H0:
Parameter        Estimate      Std Error    95% Confidence Limits        DF        Minimum        Maximum         Theta0   Parameter=Theta0   Pr > |t|

Estimate         1.000000              0            .            .        .       1.000000       1.000000              0                .        .    
Model 4: Model 3 + PRS

EFFECTNAME=YRSUS_C3_10+_Years

The MIANALYZE Procedure

               Model Information

Data Set                  WORK.GENMOD_RESULTS_4
Number of Imputations     10                   


                                    Variance Information (10 Imputations)
 
                                                                       Relative       Fraction
             -----------------Variance-----------------                Increase        Missing       Relative
Parameter         Between         Within          Total       DF    in Variance    Information     Efficiency

Estimate         0.005945       0.235704       0.242244    12349       0.027745       0.027154       0.997292


                                                         Parameter Estimates (10 Imputations)
 
                                                                                                                                  t for H0:
Parameter        Estimate      Std Error    95% Confidence Limits        DF        Minimum        Maximum         Theta0   Parameter=Theta0   Pr > |t|

Estimate         0.966776       0.492182     0.002022     1.931531    12349       0.873644       1.084778              0               1.96     0.0495
Model 4: Model 3 + PRS

EFFECTNAME=YRSUS_C3_<10_Years

The MIANALYZE Procedure

               Model Information

Data Set                  WORK.GENMOD_RESULTS_4
Number of Imputations     10                   


                                    Variance Information (10 Imputations)
 
                                                                       Relative       Fraction
             -----------------Variance-----------------                Increase        Missing       Relative
Parameter         Between         Within          Total       DF    in Variance    Information     Efficiency

Estimate         0.007898       0.222350       0.231038   6365.3       0.039071       0.037904       0.996224


                                                         Parameter Estimates (10 Imputations)
 
                                                                                                                                  t for H0:
Parameter        Estimate      Std Error    95% Confidence Limits        DF        Minimum        Maximum         Theta0   Parameter=Theta0   Pr > |t|

Estimate         0.589157       0.480664     -0.35311     1.531420   6365.3       0.491357       0.725645              0               1.23     0.2204
Model 4: Model 3 + PRS

EFFECTNAME=YRSUS_C3_US_BORN

The MIANALYZE Procedure

               Model Information

Data Set                  WORK.GENMOD_RESULTS_4
Number of Imputations     10                   


                                    Variance Information (10 Imputations)
 
                                                                       Relative       Fraction
             -----------------Variance-----------------                Increase        Missing       Relative
Parameter         Between         Within          Total       DF    in Variance    Information     Efficiency

Estimate                0              0              0        .              .              .              .


                                                         Parameter Estimates (10 Imputations)
 
                                                                                                                                  t for H0:
Parameter        Estimate      Std Error    95% Confidence Limits        DF        Minimum        Maximum         Theta0   Parameter=Theta0   Pr > |t|

Estimate                0              0            .            .        .              0              0              0                .        .    
Model 4: Model 3 + PRS

EFFECTNAME=YRS_BTWN_V1FLOR

The MIANALYZE Procedure

               Model Information

Data Set                  WORK.GENMOD_RESULTS_4
Number of Imputations     10                   


                                    Variance Information (10 Imputations)
 
                                                                       Relative       Fraction
             -----------------Variance-----------------                Increase        Missing       Relative
Parameter         Between         Within          Total       DF    in Variance    Information     Efficiency

Estimate         0.000308       0.019407       0.019746    30518       0.017473       0.017237       0.998279


                                                         Parameter Estimates (10 Imputations)
 
                                                                                                                                  t for H0:
Parameter        Estimate      Std Error    95% Confidence Limits        DF        Minimum        Maximum         Theta0   Parameter=Theta0   Pr > |t|

Estimate         0.134358       0.140519     -0.14107     0.409781    30518       0.103428       0.155782              0               0.96     0.3390
