                                                                                                                         The SAS System

                                                                                                                       The FREQ Procedure

                                                                                                               Table of EDUCATION_C3 by FLOR_DYAD

                                                                                                              EDUCATION_C3(Education Status (3 levels))
                                                                                                                        FLOR_DYAD(FLOR participant)

                                                                                                              Frequency‚
                                                                                                              Percent  ‚
                                                                                                              Row Pct  ‚
                                                                                                              Col Pct  ‚       0‚       1‚  Total
                                                                                                              ƒƒƒƒƒƒƒƒƒˆƒƒƒƒƒƒƒƒˆƒƒƒƒƒƒƒƒˆ
                                                                                                                     1 ‚     70 ‚     80 ‚    150
                                                                                                                       ‚  12.75 ‚  14.57 ‚  27.32
                                                                                                                       ‚  46.67 ‚  53.33 ‚
                                                                                                                       ‚  27.03 ‚  27.59 ‚
                                                                                                              ƒƒƒƒƒƒƒƒƒˆƒƒƒƒƒƒƒƒˆƒƒƒƒƒƒƒƒˆ
                                                                                                                     2 ‚     88 ‚     94 ‚    182
                                                                                                                       ‚  16.03 ‚  17.12 ‚  33.15
                                                                                                                       ‚  48.35 ‚  51.65 ‚
                                                                                                                       ‚  33.98 ‚  32.41 ‚
                                                                                                              ƒƒƒƒƒƒƒƒƒˆƒƒƒƒƒƒƒƒˆƒƒƒƒƒƒƒƒˆ
                                                                                                                     3 ‚    101 ‚    116 ‚    217
                                                                                                                       ‚  18.40 ‚  21.13 ‚  39.53
                                                                                                                       ‚  46.54 ‚  53.46 ‚
                                                                                                                       ‚  39.00 ‚  40.00 ‚
                                                                                                              ƒƒƒƒƒƒƒƒƒˆƒƒƒƒƒƒƒƒˆƒƒƒƒƒƒƒƒˆ
                                                                                                              Total         259      290      549
                                                                                                                          47.18    52.82   100.00

                                                                                                                     Frequency Missing = 1


                                                                                                       Statistics for Table of EDUCATION_C3 by FLOR_DYAD

                                                                                                     Statistic                     DF       Value      Prob
                                                                                                     ƒƒƒƒƒƒƒƒƒƒƒƒƒƒƒƒƒƒƒƒƒƒƒƒƒƒƒƒƒƒƒƒƒƒƒƒƒƒƒƒƒƒƒƒƒƒƒƒƒƒƒƒƒƒ
                                                                                                     Chi-Square                     2      0.1514    0.9271
                                                                                                     Likelihood Ratio Chi-Square    2      0.1513    0.9271
                                                                                                     Mantel-Haenszel Chi-Square     1      0.0041    0.9487
                                                                                                     Phi Coefficient                       0.0166          
                                                                                                     Contingency Coefficient               0.0166          
                                                                                                     Cramer's V                            0.0166          

                                                                                                                       Sample Size = 549
                                                                                                                     Frequency Missing = 1
 
 
 
 
 
 
 
 
 
 
                                                                                                          Job HC338302 run by AQA on 08MAR26 at 15:02
                                                                                                                         The SAS System

                                                                                                                       The FREQ Procedure

                                                                                                                                           Cumulative    Cumulative
                                                                                            DEMB1    FLOR_DYAD    Frequency     Percent     Frequency      Percent
                                                                                            ƒƒƒƒƒƒƒƒƒƒƒƒƒƒƒƒƒƒƒƒƒƒƒƒƒƒƒƒƒƒƒƒƒƒƒƒƒƒƒƒƒƒƒƒƒƒƒƒƒƒƒƒƒƒƒƒƒƒƒƒƒƒƒƒƒƒƒƒƒƒƒ
                                                                                                .            0         259       47.09           259        47.09  
                                                                                                1            1         134       24.36           393        71.45  
                                                                                                2            1         157       28.55           550       100.00  
 
 
 
 
 
 
 
 
 
 
 
 
 
 
 
 
 
 
 
 
 
 
 
 
 
 
 
 
 
 
 
 
 
 
 
 
 
 
 
 
 
 
 
 
 
 
 
 
                                                                                                          Job HC338302 run by AQA on 08MAR26 at 15:02
                                                                                                                         The SAS System

                                                                                                                       The FREQ Procedure

                                                                                                                        FLOR participant
 
                                                                                                                                       Cumulative    Cumulative
                                                                                                 FLOR_DYAD    Frequency     Percent     Frequency      Percent
                                                                                                 ƒƒƒƒƒƒƒƒƒƒƒƒƒƒƒƒƒƒƒƒƒƒƒƒƒƒƒƒƒƒƒƒƒƒƒƒƒƒƒƒƒƒƒƒƒƒƒƒƒƒƒƒƒƒƒƒƒƒƒƒƒƒ
                                                                                                         0         259       23.55           259        23.55  
                                                                                                         1         291       26.45           550        50.00  
                                                                                                         9         550       50.00          1100       100.00  
 
 
 
 
 
 
 
 
 
 
 
 
 
 
 
 
 
 
 
 
 
 
 
 
 
 
 
 
 
 
 
 
 
 
 
 
 
 
 
 
 
 
 
 
 
 
                                                                                                          Job HC338302 run by AQA on 08MAR26 at 15:02
                                                                                                                         The SAS System

                                                                                                                       The FREQ Procedure

                                                                                                                        FLOR participant
 
                                                                                                                                       Cumulative    Cumulative
                                                                                                 FLOR_DYAD    Frequency     Percent     Frequency      Percent
                                                                                                 ƒƒƒƒƒƒƒƒƒƒƒƒƒƒƒƒƒƒƒƒƒƒƒƒƒƒƒƒƒƒƒƒƒƒƒƒƒƒƒƒƒƒƒƒƒƒƒƒƒƒƒƒƒƒƒƒƒƒƒƒƒƒ
                                                                                                         0         259       23.55           259        23.55  
                                                                                                         1         291       26.45           550        50.00  
                                                                                                         9         550       50.00          1100       100.00  
 
 
 
 
 
 
 
 
 
 
 
 
 
 
 
 
 
 
 
 
 
 
 
 
 
 
 
 
 
 
 
 
 
 
 
 
 
 
 
 
 
 
 
 
 
 
                                                                                                          Job HC338302 run by AQA on 08MAR26 at 15:02
                                                                                                                         The SAS System

                                                                                                                            FLOR_
                                                                                                                     Obs     DYAD    COUNT

                                                                                                                      1       0       259 
                                                                                                                      2       1       291 
                                                                                                                      3       9       550 
 
 
 
 
 
 
 
 
 
 
 
 
 
 
 
 
 
 
 
 
 
 
 
 
 
 
 
 
 
 
 
 
 
 
 
 
 
 
 
 
 
 
 
 
 
 
 
 
 
 
                                                                                                          Job HC338302 run by AQA on 08MAR26 at 15:02
                                                                                                                         The SAS System

                                                                                                                       The GLM Procedure

                                                                                                                    Class Level Information
 
                                                                                                                Class          Levels    Values

                                                                                                                FLOR_DYAD           2    0 1   


                                                                                                            Number of Observations Read         550
                                                                                                            Number of Observations Used         550
 
 
 
 
 
 
 
 
 
 
 
 
 
 
 
 
 
 
 
 
 
 
 
 
 
 
 
 
 
 
 
 
 
 
 
 
 
 
 
 
 
 
 
 
 
                                                                                                          Job HC338302 run by AQA on 08MAR26 at 15:02
                                                                                                                         The SAS System

                                                                                                                       The GLM Procedure
 
                                                                                                                 Dependent Variable: AGE   Age

                                                                                                                              Sum of
                                                                                      Source                      DF         Squares     Mean Square    F Value    Pr > F

                                                                                      Model                        1       120.40835       120.40835       3.48    0.0626

                                                                                      Error                      548     18952.73529        34.58528                     

                                                                                      Corrected Total            549     19073.14364                                     


                                                                                                       R-Square     Coeff Var      Root MSE      AGE Mean

                                                                                                       0.006313      22.13749      5.880925      26.56545


                                                                                      Source                      DF       Type I SS     Mean Square    F Value    Pr > F

                                                                                      FLOR_DYAD                    1     120.4083473     120.4083473       3.48    0.0626


                                                                                      Source                      DF     Type III SS     Mean Square    F Value    Pr > F

                                                                                      FLOR_DYAD                    1     120.4083473     120.4083473       3.48    0.0626
 
 
 
 
 
 
 
 
 
 
 
 
 
 
 
 
 
 
 
 
 
 
 
 
 
 
 
 
 
                                                                                                          Job HC338302 run by AQA on 08MAR26 at 15:02
                                                                                                                         The SAS System

                                                                                               Hypothesis
                                                                           Obs    Dependent       Type        Source          DF              SS              MS     FValue     ProbF

                                                                            1        AGE               1     FLOR_DYAD         1     120.4083473     120.4083473       3.48    0.0626
 
 
 
 
 
 
 
 
 
 
 
 
 
 
 
 
 
 
 
 
 
 
 
 
 
 
 
 
 
 
 
 
 
 
 
 
 
 
 
 
 
 
 
 
 
 
 
 
 
 
 
 
                                                                                                          Job HC338302 run by AQA on 08MAR26 at 15:02
                                                                                                                         The SAS System

                                                                                                                             
                                                                                                                             ƒƒƒƒƒƒ
                                                                                                                             0.063 
 
 
 
 
 
 
 
 
 
 
 
 
 
 
 
 
 
 
 
 
 
 
 
 
 
 
 
 
 
 
 
 
 
 
 
 
 
 
 
 
 
 
 
 
 
 
 
 
 
 
 
 
 
                                                                                                          Job HC338302 run by AQA on 08MAR26 at 15:02
                                                                                                                         The SAS System

                                                                                                                 Obs    statistic       value

                                                                                                                  1     n_nonflor          259
                                                                                                                  2     mean_nonflor    26.1  
                                                                                                                  3     std_nonflor     6.0   
                                                                                                                  4     n_flor             291
                                                                                                                  5     mean_flor       27.0  
                                                                                                                  6     std_flor        5.8   
 
 
 
 
 
 
 
 
 
 
 
 
 
 
 
 
 
 
 
 
 
 
 
 
 
 
 
 
 
 
 
 
 
 
 
 
 
 
 
 
 
 
 
 
 
 
 
 
                                                                                                          Job HC338302 run by AQA on 08MAR26 at 15:02
                                                                                                                         The SAS System

                                                                                                                     The CONTENTS Procedure

                                                                                          Data Set Name        WORK.SUFFIX                   Observations          6 
                                                                                          Member Type          DATA                          Variables             2 
                                                                                          Engine               V9                            Indexes               0 
                                                                                          Created              03/08/2026 15:02:55           Observation Length    28
                                                                                          Last Modified        03/08/2026 15:02:55           Deleted Observations  0 
                                                                                          Protection                                         Compressed            NO
                                                                                          Data Set Type                                      Sorted                NO
                                                                                          Label                                                                      
                                                                                          Data Representation  WINDOWS_32                                            
                                                                                          Encoding             wlatin1  Western (Windows)                            


                                                                                                               Engine/Host Dependent Information

                                                                  Data Set Page Size          65536                                                                                          
                                                                  Number of Data Set Pages    1                                                                                              
                                                                  First Data Page             1                                                                                              
                                                                  Max Obs per Page            2329                                                                                           
                                                                  Obs in First Data Page      6                                                                                              
                                                                  Number of Data Set Repairs  0                                                                                              
                                                                  ExtendObsCounter            YES                                                                                            
                                                                  Filename                    C:\Users\ACQUIJ~1\AppData\Local\Temp\SAS Temporary Files\_TD9348_GENERALUSE-01_\suffix.sas7bdat
                                                                  Release Created             9.0401M8                                                                                       
                                                                  Host Created                W32_WIN+PRO                                                                                    
                                                                  Owner Name                  CSCC\acquijanoa                                                                                
                                                                  File Size                   128KB                                                                                          
                                                                  File Size (bytes)           131072                                                                                         


                                                                                                          Alphabetic List of Variables and Attributes
 
                                                                                                                 #    Variable     Type    Len

                                                                                                                 1    statistic    Char     20
                                                                                                                 2    value        Char      8
 
 
 
 
 
 
 
 
 
 
 
 
 
 
 
 
 
 
 
                                                                                                          Job HC338302 run by AQA on 08MAR26 at 15:02
                                                                                                                         The SAS System

                                                                                                                  mean_      std_                mean_
                                                                                             Obs    n_nonflor    nonflor    nonflor    n_flor    flor     std_flor

                                                                                              1        259        26.1        6.0       291      27.0       5.8   
 
 
 
 
 
 
 
 
 
 
 
 
 
 
 
 
 
 
 
 
 
 
 
 
 
 
 
 
 
 
 
 
 
 
 
 
 
 
 
 
 
 
 
 
 
 
 
 
 
 
 
 
                                                                                                          Job HC338302 run by AQA on 08MAR26 at 15:02
                                                                                                                         The SAS System

                                                                                                                       The FREQ Procedure

                                                                                                             Table of BKGRD1_C7NOMISS by FLOR_DYAD

                                                                                                              BKGRD1_C7NOMISS(7-Level Re-classification of Hispanic/Latino Background (Combining Missing with Mixed/Other))
                                                                                                                        FLOR_DYAD(FLOR participant)

                                                                                                              Frequency‚
                                                                                                              Percent  ‚
                                                                                                              Row Pct  ‚
                                                                                                              Col Pct  ‚       0‚       1‚  Total
                                                                                                              ƒƒƒƒƒƒƒƒƒˆƒƒƒƒƒƒƒƒˆƒƒƒƒƒƒƒƒˆ
                                                                                                                     0 ‚     23 ‚     42 ‚     65
                                                                                                                       ‚   4.18 ‚   7.64 ‚  11.82
                                                                                                                       ‚  35.38 ‚  64.62 ‚
                                                                                                                       ‚   8.88 ‚  14.43 ‚
                                                                                                              ƒƒƒƒƒƒƒƒƒˆƒƒƒƒƒƒƒƒˆƒƒƒƒƒƒƒƒˆ
                                                                                                                     1 ‚     21 ‚     39 ‚     60
                                                                                                                       ‚   3.82 ‚   7.09 ‚  10.91
                                                                                                                       ‚  35.00 ‚  65.00 ‚
                                                                                                                       ‚   8.11 ‚  13.40 ‚
                                                                                                              ƒƒƒƒƒƒƒƒƒˆƒƒƒƒƒƒƒƒˆƒƒƒƒƒƒƒƒˆ
                                                                                                                     2 ‚     21 ‚     25 ‚     46
                                                                                                                       ‚   3.82 ‚   4.55 ‚   8.36
                                                                                                                       ‚  45.65 ‚  54.35 ‚
                                                                                                                       ‚   8.11 ‚   8.59 ‚
                                                                                                              ƒƒƒƒƒƒƒƒƒˆƒƒƒƒƒƒƒƒˆƒƒƒƒƒƒƒƒˆ
                                                                                                                     3 ‚    145 ‚    128 ‚    273
                                                                                                                       ‚  26.36 ‚  23.27 ‚  49.64
                                                                                                                       ‚  53.11 ‚  46.89 ‚
                                                                                                                       ‚  55.98 ‚  43.99 ‚
                                                                                                              ƒƒƒƒƒƒƒƒƒˆƒƒƒƒƒƒƒƒˆƒƒƒƒƒƒƒƒˆ
                                                                                                                     4 ‚     27 ‚     32 ‚     59
                                                                                                                       ‚   4.91 ‚   5.82 ‚  10.73
                                                                                                                       ‚  45.76 ‚  54.24 ‚
                                                                                                                       ‚  10.42 ‚  11.00 ‚
                                                                                                              ƒƒƒƒƒƒƒƒƒˆƒƒƒƒƒƒƒƒˆƒƒƒƒƒƒƒƒˆ
                                                                                                                     5 ‚     11 ‚     18 ‚     29
                                                                                                                       ‚   2.00 ‚   3.27 ‚   5.27
                                                                                                                       ‚  37.93 ‚  62.07 ‚
                                                                                                                       ‚   4.25 ‚   6.19 ‚
                                                                                                              ƒƒƒƒƒƒƒƒƒˆƒƒƒƒƒƒƒƒˆƒƒƒƒƒƒƒƒˆ
                                                                                                                     6 ‚     11 ‚      7 ‚     18
                                                                                                                       ‚   2.00 ‚   1.27 ‚   3.27
                                                                                                                       ‚  61.11 ‚  38.89 ‚
                                                                                                                       ‚   4.25 ‚   2.41 ‚
                                                                                                              ƒƒƒƒƒƒƒƒƒˆƒƒƒƒƒƒƒƒˆƒƒƒƒƒƒƒƒˆ
                                                                                                              Total         259      291      550
                                                                                                                          47.09    52.91   100.00
 
 
 
 
 
 
 
                                                                                                          Job HC338302 run by AQA on 08MAR26 at 15:02
                                                                                                                         The SAS System

                                                                                                                       The FREQ Procedure

                                                                                                      Statistics for Table of BKGRD1_C7NOMISS by FLOR_DYAD

                                                                                                     Statistic                     DF       Value      Prob
                                                                                                     ƒƒƒƒƒƒƒƒƒƒƒƒƒƒƒƒƒƒƒƒƒƒƒƒƒƒƒƒƒƒƒƒƒƒƒƒƒƒƒƒƒƒƒƒƒƒƒƒƒƒƒƒƒƒ
                                                                                                     Chi-Square                     6     13.5466    0.0351
                                                                                                     Likelihood Ratio Chi-Square    6     13.6916    0.0333
                                                                                                     Mantel-Haenszel Chi-Square     1      5.4643    0.0194
                                                                                                     Phi Coefficient                       0.1569          
                                                                                                     Contingency Coefficient               0.1550          
                                                                                                     Cramer's V                            0.1569          

                                                                                                                       Sample Size = 550
 
 
 
 
 
 
 
 
 
 
 
 
 
 
 
 
 
 
 
 
 
 
 
 
 
 
 
 
 
 
 
 
 
 
 
 
 
 
 
 
 
 
                                                                                                          Job HC338302 run by AQA on 08MAR26 at 15:02
                                                                                                                         The SAS System

                                                                                                                             
                                                                                                                             ƒƒƒƒƒƒ
                                                                                                                             0.035 
 
 
 
 
 
 
 
 
 
 
 
 
 
 
 
 
 
 
 
 
 
 
 
 
 
 
 
 
 
 
 
 
 
 
 
 
 
 
 
 
 
 
 
 
 
 
 
 
 
 
 
 
 
                                                                                                          Job HC338302 run by AQA on 08MAR26 at 15:02
                                                                                                                         The SAS System

                                                                                                                       The FREQ Procedure

                                                                                                             Table of BKGRD1_C7NOMISS by FLOR_DYAD

                                                                                                              BKGRD1_C7NOMISS(7-Level Re-classification of Hispanic/Latino Background (Combining Missing with Mixed/Other))
                                                                                                                        FLOR_DYAD(FLOR participant)

                                                                                                              Frequency‚
                                                                                                              Percent  ‚
                                                                                                              Row Pct  ‚
                                                                                                              Col Pct  ‚       0‚       1‚  Total
                                                                                                              ƒƒƒƒƒƒƒƒƒˆƒƒƒƒƒƒƒƒˆƒƒƒƒƒƒƒƒˆ
                                                                                                                     0 ‚     23 ‚     42 ‚     65
                                                                                                                       ‚   4.18 ‚   7.64 ‚  11.82
                                                                                                                       ‚  35.38 ‚  64.62 ‚
                                                                                                                       ‚   8.88 ‚  14.43 ‚
                                                                                                              ƒƒƒƒƒƒƒƒƒˆƒƒƒƒƒƒƒƒˆƒƒƒƒƒƒƒƒˆ
                                                                                                                     1 ‚     21 ‚     39 ‚     60
                                                                                                                       ‚   3.82 ‚   7.09 ‚  10.91
                                                                                                                       ‚  35.00 ‚  65.00 ‚
                                                                                                                       ‚   8.11 ‚  13.40 ‚
                                                                                                              ƒƒƒƒƒƒƒƒƒˆƒƒƒƒƒƒƒƒˆƒƒƒƒƒƒƒƒˆ
                                                                                                                     2 ‚     21 ‚     25 ‚     46
                                                                                                                       ‚   3.82 ‚   4.55 ‚   8.36
                                                                                                                       ‚  45.65 ‚  54.35 ‚
                                                                                                                       ‚   8.11 ‚   8.59 ‚
                                                                                                              ƒƒƒƒƒƒƒƒƒˆƒƒƒƒƒƒƒƒˆƒƒƒƒƒƒƒƒˆ
                                                                                                                     3 ‚    145 ‚    128 ‚    273
                                                                                                                       ‚  26.36 ‚  23.27 ‚  49.64
                                                                                                                       ‚  53.11 ‚  46.89 ‚
                                                                                                                       ‚  55.98 ‚  43.99 ‚
                                                                                                              ƒƒƒƒƒƒƒƒƒˆƒƒƒƒƒƒƒƒˆƒƒƒƒƒƒƒƒˆ
                                                                                                                     4 ‚     27 ‚     32 ‚     59
                                                                                                                       ‚   4.91 ‚   5.82 ‚  10.73
                                                                                                                       ‚  45.76 ‚  54.24 ‚
                                                                                                                       ‚  10.42 ‚  11.00 ‚
                                                                                                              ƒƒƒƒƒƒƒƒƒˆƒƒƒƒƒƒƒƒˆƒƒƒƒƒƒƒƒˆ
                                                                                                                     5 ‚     11 ‚     18 ‚     29
                                                                                                                       ‚   2.00 ‚   3.27 ‚   5.27
                                                                                                                       ‚  37.93 ‚  62.07 ‚
                                                                                                                       ‚   4.25 ‚   6.19 ‚
                                                                                                              ƒƒƒƒƒƒƒƒƒˆƒƒƒƒƒƒƒƒˆƒƒƒƒƒƒƒƒˆ
                                                                                                                     6 ‚     11 ‚      7 ‚     18
                                                                                                                       ‚   2.00 ‚   1.27 ‚   3.27
                                                                                                                       ‚  61.11 ‚  38.89 ‚
                                                                                                                       ‚   4.25 ‚   2.41 ‚
                                                                                                              ƒƒƒƒƒƒƒƒƒˆƒƒƒƒƒƒƒƒˆƒƒƒƒƒƒƒƒˆ
                                                                                                              Total         259      291      550
                                                                                                                          47.09    52.91   100.00
 
 
 
 
 
 
 
                                                                                                          Job HC338302 run by AQA on 08MAR26 at 15:02
                                                                                                                         The SAS System

                                                                                                                       The FREQ Procedure

                                                                                                      Statistics for Table of BKGRD1_C7NOMISS by FLOR_DYAD

                                                                                                     Statistic                     DF       Value      Prob
                                                                                                     ƒƒƒƒƒƒƒƒƒƒƒƒƒƒƒƒƒƒƒƒƒƒƒƒƒƒƒƒƒƒƒƒƒƒƒƒƒƒƒƒƒƒƒƒƒƒƒƒƒƒƒƒƒƒ
                                                                                                     Chi-Square                     6     13.5466    0.0351
                                                                                                     Likelihood Ratio Chi-Square    6     13.6916    0.0333
                                                                                                     Mantel-Haenszel Chi-Square     1      5.4643    0.0194
                                                                                                     Phi Coefficient                       0.1569          
                                                                                                     Contingency Coefficient               0.1550          
                                                                                                     Cramer's V                            0.1569          

                                                                                                                       Sample Size = 550
 
 
 
 
 
 
 
 
 
 
 
 
 
 
 
 
 
 
 
 
 
 
 
 
 
 
 
 
 
 
 
 
 
 
 
 
 
 
 
 
 
 
                                                                                                          Job HC338302 run by AQA on 08MAR26 at 15:02
                                                                                                                         The SAS System

                                                                                                                             
                                                                                                                             ƒƒƒƒƒƒ
                                                                                                                             0.035 
 
 
 
 
 
 
 
 
 
 
 
 
 
 
 
 
 
 
 
 
 
 
 
 
 
 
 
 
 
 
 
 
 
 
 
 
 
 
 
 
 
 
 
 
 
 
 
 
 
 
 
 
 
                                                                                                          Job HC338302 run by AQA on 08MAR26 at 15:02
                                                                                                                         The SAS System

                                                                                                                       The FREQ Procedure

                                                                                                             Table of BKGRD1_C7NOMISS by FLOR_DYAD

                                                                                                              BKGRD1_C7NOMISS(7-Level Re-classification of Hispanic/Latino Background (Combining Missing with Mixed/Other))
                                                                                                                        FLOR_DYAD(FLOR participant)

                                                                                                              Frequency‚
                                                                                                              Percent  ‚
                                                                                                              Row Pct  ‚
                                                                                                              Col Pct  ‚       0‚       1‚  Total
                                                                                                              ƒƒƒƒƒƒƒƒƒˆƒƒƒƒƒƒƒƒˆƒƒƒƒƒƒƒƒˆ
                                                                                                                     0 ‚     23 ‚     42 ‚     65
                                                                                                                       ‚   4.18 ‚   7.64 ‚  11.82
                                                                                                                       ‚  35.38 ‚  64.62 ‚
                                                                                                                       ‚   8.88 ‚  14.43 ‚
                                                                                                              ƒƒƒƒƒƒƒƒƒˆƒƒƒƒƒƒƒƒˆƒƒƒƒƒƒƒƒˆ
                                                                                                                     1 ‚     21 ‚     39 ‚     60
                                                                                                                       ‚   3.82 ‚   7.09 ‚  10.91
                                                                                                                       ‚  35.00 ‚  65.00 ‚
                                                                                                                       ‚   8.11 ‚  13.40 ‚
                                                                                                              ƒƒƒƒƒƒƒƒƒˆƒƒƒƒƒƒƒƒˆƒƒƒƒƒƒƒƒˆ
                                                                                                                     2 ‚     21 ‚     25 ‚     46
                                                                                                                       ‚   3.82 ‚   4.55 ‚   8.36
                                                                                                                       ‚  45.65 ‚  54.35 ‚
                                                                                                                       ‚   8.11 ‚   8.59 ‚
                                                                                                              ƒƒƒƒƒƒƒƒƒˆƒƒƒƒƒƒƒƒˆƒƒƒƒƒƒƒƒˆ
                                                                                                                     3 ‚    145 ‚    128 ‚    273
                                                                                                                       ‚  26.36 ‚  23.27 ‚  49.64
                                                                                                                       ‚  53.11 ‚  46.89 ‚
                                                                                                                       ‚  55.98 ‚  43.99 ‚
                                                                                                              ƒƒƒƒƒƒƒƒƒˆƒƒƒƒƒƒƒƒˆƒƒƒƒƒƒƒƒˆ
                                                                                                                     4 ‚     27 ‚     32 ‚     59
                                                                                                                       ‚   4.91 ‚   5.82 ‚  10.73
                                                                                                                       ‚  45.76 ‚  54.24 ‚
                                                                                                                       ‚  10.42 ‚  11.00 ‚
                                                                                                              ƒƒƒƒƒƒƒƒƒˆƒƒƒƒƒƒƒƒˆƒƒƒƒƒƒƒƒˆ
                                                                                                                     5 ‚     11 ‚     18 ‚     29
                                                                                                                       ‚   2.00 ‚   3.27 ‚   5.27
                                                                                                                       ‚  37.93 ‚  62.07 ‚
                                                                                                                       ‚   4.25 ‚   6.19 ‚
                                                                                                              ƒƒƒƒƒƒƒƒƒˆƒƒƒƒƒƒƒƒˆƒƒƒƒƒƒƒƒˆ
                                                                                                                     6 ‚     11 ‚      7 ‚     18
                                                                                                                       ‚   2.00 ‚   1.27 ‚   3.27
                                                                                                                       ‚  61.11 ‚  38.89 ‚
                                                                                                                       ‚   4.25 ‚   2.41 ‚
                                                                                                              ƒƒƒƒƒƒƒƒƒˆƒƒƒƒƒƒƒƒˆƒƒƒƒƒƒƒƒˆ
                                                                                                              Total         259      291      550
                                                                                                                          47.09    52.91   100.00
 
 
 
 
 
 
 
                                                                                                          Job HC338302 run by AQA on 08MAR26 at 15:02
                                                                                                                         The SAS System

                                                                                                                       The FREQ Procedure

                                                                                                      Statistics for Table of BKGRD1_C7NOMISS by FLOR_DYAD

                                                                                                     Statistic                     DF       Value      Prob
                                                                                                     ƒƒƒƒƒƒƒƒƒƒƒƒƒƒƒƒƒƒƒƒƒƒƒƒƒƒƒƒƒƒƒƒƒƒƒƒƒƒƒƒƒƒƒƒƒƒƒƒƒƒƒƒƒƒ
                                                                                                     Chi-Square                     6     13.5466    0.0351
                                                                                                     Likelihood Ratio Chi-Square    6     13.6916    0.0333
                                                                                                     Mantel-Haenszel Chi-Square     1      5.4643    0.0194
                                                                                                     Phi Coefficient                       0.1569          
                                                                                                     Contingency Coefficient               0.1550          
                                                                                                     Cramer's V                            0.1569          

                                                                                                                       Sample Size = 550
 
 
 
 
 
 
 
 
 
 
 
 
 
 
 
 
 
 
 
 
 
 
 
 
 
 
 
 
 
 
 
 
 
 
 
 
 
 
 
 
 
 
                                                                                                          Job HC338302 run by AQA on 08MAR26 at 15:02
                                                                                                                         The SAS System

                                                                                                                             
                                                                                                                             ƒƒƒƒƒƒ
                                                                                                                             0.035 
 
 
 
 
 
 
 
 
 
 
 
 
 
 
 
 
 
 
 
 
 
 
 
 
 
 
 
 
 
 
 
 
 
 
 
 
 
 
 
 
 
 
 
 
 
 
 
 
 
 
 
 
 
                                                                                                          Job HC338302 run by AQA on 08MAR26 at 15:02
                                                                                                                         The SAS System

                                                                                                                       The FREQ Procedure

                                                                                                             Table of BKGRD1_C7NOMISS by FLOR_DYAD

                                                                                                              BKGRD1_C7NOMISS(7-Level Re-classification of Hispanic/Latino Background (Combining Missing with Mixed/Other))
                                                                                                                        FLOR_DYAD(FLOR participant)

                                                                                                              Frequency‚
                                                                                                              Percent  ‚
                                                                                                              Row Pct  ‚
                                                                                                              Col Pct  ‚       0‚       1‚  Total
                                                                                                              ƒƒƒƒƒƒƒƒƒˆƒƒƒƒƒƒƒƒˆƒƒƒƒƒƒƒƒˆ
                                                                                                                     0 ‚     23 ‚     42 ‚     65
                                                                                                                       ‚   4.18 ‚   7.64 ‚  11.82
                                                                                                                       ‚  35.38 ‚  64.62 ‚
                                                                                                                       ‚   8.88 ‚  14.43 ‚
                                                                                                              ƒƒƒƒƒƒƒƒƒˆƒƒƒƒƒƒƒƒˆƒƒƒƒƒƒƒƒˆ
                                                                                                                     1 ‚     21 ‚     39 ‚     60
                                                                                                                       ‚   3.82 ‚   7.09 ‚  10.91
                                                                                                                       ‚  35.00 ‚  65.00 ‚
                                                                                                                       ‚   8.11 ‚  13.40 ‚
                                                                                                              ƒƒƒƒƒƒƒƒƒˆƒƒƒƒƒƒƒƒˆƒƒƒƒƒƒƒƒˆ
                                                                                                                     2 ‚     21 ‚     25 ‚     46
                                                                                                                       ‚   3.82 ‚   4.55 ‚   8.36
                                                                                                                       ‚  45.65 ‚  54.35 ‚
                                                                                                                       ‚   8.11 ‚   8.59 ‚
                                                                                                              ƒƒƒƒƒƒƒƒƒˆƒƒƒƒƒƒƒƒˆƒƒƒƒƒƒƒƒˆ
                                                                                                                     3 ‚    145 ‚    128 ‚    273
                                                                                                                       ‚  26.36 ‚  23.27 ‚  49.64
                                                                                                                       ‚  53.11 ‚  46.89 ‚
                                                                                                                       ‚  55.98 ‚  43.99 ‚
                                                                                                              ƒƒƒƒƒƒƒƒƒˆƒƒƒƒƒƒƒƒˆƒƒƒƒƒƒƒƒˆ
                                                                                                                     4 ‚     27 ‚     32 ‚     59
                                                                                                                       ‚   4.91 ‚   5.82 ‚  10.73
                                                                                                                       ‚  45.76 ‚  54.24 ‚
                                                                                                                       ‚  10.42 ‚  11.00 ‚
                                                                                                              ƒƒƒƒƒƒƒƒƒˆƒƒƒƒƒƒƒƒˆƒƒƒƒƒƒƒƒˆ
                                                                                                                     5 ‚     11 ‚     18 ‚     29
                                                                                                                       ‚   2.00 ‚   3.27 ‚   5.27
                                                                                                                       ‚  37.93 ‚  62.07 ‚
                                                                                                                       ‚   4.25 ‚   6.19 ‚
                                                                                                              ƒƒƒƒƒƒƒƒƒˆƒƒƒƒƒƒƒƒˆƒƒƒƒƒƒƒƒˆ
                                                                                                                     6 ‚     11 ‚      7 ‚     18
                                                                                                                       ‚   2.00 ‚   1.27 ‚   3.27
                                                                                                                       ‚  61.11 ‚  38.89 ‚
                                                                                                                       ‚   4.25 ‚   2.41 ‚
                                                                                                              ƒƒƒƒƒƒƒƒƒˆƒƒƒƒƒƒƒƒˆƒƒƒƒƒƒƒƒˆ
                                                                                                              Total         259      291      550
                                                                                                                          47.09    52.91   100.00
 
 
 
 
 
 
 
                                                                                                          Job HC338302 run by AQA on 08MAR26 at 15:02
                                                                                                                         The SAS System

                                                                                                                       The FREQ Procedure

                                                                                                      Statistics for Table of BKGRD1_C7NOMISS by FLOR_DYAD

                                                                                                     Statistic                     DF       Value      Prob
                                                                                                     ƒƒƒƒƒƒƒƒƒƒƒƒƒƒƒƒƒƒƒƒƒƒƒƒƒƒƒƒƒƒƒƒƒƒƒƒƒƒƒƒƒƒƒƒƒƒƒƒƒƒƒƒƒƒ
                                                                                                     Chi-Square                     6     13.5466    0.0351
                                                                                                     Likelihood Ratio Chi-Square    6     13.6916    0.0333
                                                                                                     Mantel-Haenszel Chi-Square     1      5.4643    0.0194
                                                                                                     Phi Coefficient                       0.1569          
                                                                                                     Contingency Coefficient               0.1550          
                                                                                                     Cramer's V                            0.1569          

                                                                                                                       Sample Size = 550
 
 
 
 
 
 
 
 
 
 
 
 
 
 
 
 
 
 
 
 
 
 
 
 
 
 
 
 
 
 
 
 
 
 
 
 
 
 
 
 
 
 
                                                                                                          Job HC338302 run by AQA on 08MAR26 at 15:02
                                                                                                                         The SAS System

                                                                                                                             
                                                                                                                             ƒƒƒƒƒƒ
                                                                                                                             0.035 
 
 
 
 
 
 
 
 
 
 
 
 
 
 
 
 
 
 
 
 
 
 
 
 
 
 
 
 
 
 
 
 
 
 
 
 
 
 
 
 
 
 
 
 
 
 
 
 
 
 
 
 
 
                                                                                                          Job HC338302 run by AQA on 08MAR26 at 15:02
                                                                                                                         The SAS System

                                                                                                                       The FREQ Procedure

                                                                                                             Table of BKGRD1_C7NOMISS by FLOR_DYAD

                                                                                                              BKGRD1_C7NOMISS(7-Level Re-classification of Hispanic/Latino Background (Combining Missing with Mixed/Other))
                                                                                                                        FLOR_DYAD(FLOR participant)

                                                                                                              Frequency‚
                                                                                                              Percent  ‚
                                                                                                              Row Pct  ‚
                                                                                                              Col Pct  ‚       0‚       1‚  Total
                                                                                                              ƒƒƒƒƒƒƒƒƒˆƒƒƒƒƒƒƒƒˆƒƒƒƒƒƒƒƒˆ
                                                                                                                     0 ‚     23 ‚     42 ‚     65
                                                                                                                       ‚   4.18 ‚   7.64 ‚  11.82
                                                                                                                       ‚  35.38 ‚  64.62 ‚
                                                                                                                       ‚   8.88 ‚  14.43 ‚
                                                                                                              ƒƒƒƒƒƒƒƒƒˆƒƒƒƒƒƒƒƒˆƒƒƒƒƒƒƒƒˆ
                                                                                                                     1 ‚     21 ‚     39 ‚     60
                                                                                                                       ‚   3.82 ‚   7.09 ‚  10.91
                                                                                                                       ‚  35.00 ‚  65.00 ‚
                                                                                                                       ‚   8.11 ‚  13.40 ‚
                                                                                                              ƒƒƒƒƒƒƒƒƒˆƒƒƒƒƒƒƒƒˆƒƒƒƒƒƒƒƒˆ
                                                                                                                     2 ‚     21 ‚     25 ‚     46
                                                                                                                       ‚   3.82 ‚   4.55 ‚   8.36
                                                                                                                       ‚  45.65 ‚  54.35 ‚
                                                                                                                       ‚   8.11 ‚   8.59 ‚
                                                                                                              ƒƒƒƒƒƒƒƒƒˆƒƒƒƒƒƒƒƒˆƒƒƒƒƒƒƒƒˆ
                                                                                                                     3 ‚    145 ‚    128 ‚    273
                                                                                                                       ‚  26.36 ‚  23.27 ‚  49.64
                                                                                                                       ‚  53.11 ‚  46.89 ‚
                                                                                                                       ‚  55.98 ‚  43.99 ‚
                                                                                                              ƒƒƒƒƒƒƒƒƒˆƒƒƒƒƒƒƒƒˆƒƒƒƒƒƒƒƒˆ
                                                                                                                     4 ‚     27 ‚     32 ‚     59
                                                                                                                       ‚   4.91 ‚   5.82 ‚  10.73
                                                                                                                       ‚  45.76 ‚  54.24 ‚
                                                                                                                       ‚  10.42 ‚  11.00 ‚
                                                                                                              ƒƒƒƒƒƒƒƒƒˆƒƒƒƒƒƒƒƒˆƒƒƒƒƒƒƒƒˆ
                                                                                                                     5 ‚     11 ‚     18 ‚     29
                                                                                                                       ‚   2.00 ‚   3.27 ‚   5.27
                                                                                                                       ‚  37.93 ‚  62.07 ‚
                                                                                                                       ‚   4.25 ‚   6.19 ‚
                                                                                                              ƒƒƒƒƒƒƒƒƒˆƒƒƒƒƒƒƒƒˆƒƒƒƒƒƒƒƒˆ
                                                                                                                     6 ‚     11 ‚      7 ‚     18
                                                                                                                       ‚   2.00 ‚   1.27 ‚   3.27
                                                                                                                       ‚  61.11 ‚  38.89 ‚
                                                                                                                       ‚   4.25 ‚   2.41 ‚
                                                                                                              ƒƒƒƒƒƒƒƒƒˆƒƒƒƒƒƒƒƒˆƒƒƒƒƒƒƒƒˆ
                                                                                                              Total         259      291      550
                                                                                                                          47.09    52.91   100.00
 
 
 
 
 
 
 
                                                                                                          Job HC338302 run by AQA on 08MAR26 at 15:02
                                                                                                                         The SAS System

                                                                                                                       The FREQ Procedure

                                                                                                      Statistics for Table of BKGRD1_C7NOMISS by FLOR_DYAD

                                                                                                     Statistic                     DF       Value      Prob
                                                                                                     ƒƒƒƒƒƒƒƒƒƒƒƒƒƒƒƒƒƒƒƒƒƒƒƒƒƒƒƒƒƒƒƒƒƒƒƒƒƒƒƒƒƒƒƒƒƒƒƒƒƒƒƒƒƒ
                                                                                                     Chi-Square                     6     13.5466    0.0351
                                                                                                     Likelihood Ratio Chi-Square    6     13.6916    0.0333
                                                                                                     Mantel-Haenszel Chi-Square     1      5.4643    0.0194
                                                                                                     Phi Coefficient                       0.1569          
                                                                                                     Contingency Coefficient               0.1550          
                                                                                                     Cramer's V                            0.1569          

                                                                                                                       Sample Size = 550
 
 
 
 
 
 
 
 
 
 
 
 
 
 
 
 
 
 
 
 
 
 
 
 
 
 
 
 
 
 
 
 
 
 
 
 
 
 
 
 
 
 
                                                                                                          Job HC338302 run by AQA on 08MAR26 at 15:02
                                                                                                                         The SAS System

                                                                                                                             
                                                                                                                             ƒƒƒƒƒƒ
                                                                                                                             0.035 
 
 
 
 
 
 
 
 
 
 
 
 
 
 
 
 
 
 
 
 
 
 
 
 
 
 
 
 
 
 
 
 
 
 
 
 
 
 
 
 
 
 
 
 
 
 
 
 
 
 
 
 
 
                                                                                                          Job HC338302 run by AQA on 08MAR26 at 15:02
                                                                                                                         The SAS System

                                                                                                                       The FREQ Procedure

                                                                                                             Table of BKGRD1_C7NOMISS by FLOR_DYAD

                                                                                                              BKGRD1_C7NOMISS(7-Level Re-classification of Hispanic/Latino Background (Combining Missing with Mixed/Other))
                                                                                                                        FLOR_DYAD(FLOR participant)

                                                                                                              Frequency‚
                                                                                                              Percent  ‚
                                                                                                              Row Pct  ‚
                                                                                                              Col Pct  ‚       0‚       1‚  Total
                                                                                                              ƒƒƒƒƒƒƒƒƒˆƒƒƒƒƒƒƒƒˆƒƒƒƒƒƒƒƒˆ
                                                                                                                     0 ‚     23 ‚     42 ‚     65
                                                                                                                       ‚   4.18 ‚   7.64 ‚  11.82
                                                                                                                       ‚  35.38 ‚  64.62 ‚
                                                                                                                       ‚   8.88 ‚  14.43 ‚
                                                                                                              ƒƒƒƒƒƒƒƒƒˆƒƒƒƒƒƒƒƒˆƒƒƒƒƒƒƒƒˆ
                                                                                                                     1 ‚     21 ‚     39 ‚     60
                                                                                                                       ‚   3.82 ‚   7.09 ‚  10.91
                                                                                                                       ‚  35.00 ‚  65.00 ‚
                                                                                                                       ‚   8.11 ‚  13.40 ‚
                                                                                                              ƒƒƒƒƒƒƒƒƒˆƒƒƒƒƒƒƒƒˆƒƒƒƒƒƒƒƒˆ
                                                                                                                     2 ‚     21 ‚     25 ‚     46
                                                                                                                       ‚   3.82 ‚   4.55 ‚   8.36
                                                                                                                       ‚  45.65 ‚  54.35 ‚
                                                                                                                       ‚   8.11 ‚   8.59 ‚
                                                                                                              ƒƒƒƒƒƒƒƒƒˆƒƒƒƒƒƒƒƒˆƒƒƒƒƒƒƒƒˆ
                                                                                                                     3 ‚    145 ‚    128 ‚    273
                                                                                                                       ‚  26.36 ‚  23.27 ‚  49.64
                                                                                                                       ‚  53.11 ‚  46.89 ‚
                                                                                                                       ‚  55.98 ‚  43.99 ‚
                                                                                                              ƒƒƒƒƒƒƒƒƒˆƒƒƒƒƒƒƒƒˆƒƒƒƒƒƒƒƒˆ
                                                                                                                     4 ‚     27 ‚     32 ‚     59
                                                                                                                       ‚   4.91 ‚   5.82 ‚  10.73
                                                                                                                       ‚  45.76 ‚  54.24 ‚
                                                                                                                       ‚  10.42 ‚  11.00 ‚
                                                                                                              ƒƒƒƒƒƒƒƒƒˆƒƒƒƒƒƒƒƒˆƒƒƒƒƒƒƒƒˆ
                                                                                                                     5 ‚     11 ‚     18 ‚     29
                                                                                                                       ‚   2.00 ‚   3.27 ‚   5.27
                                                                                                                       ‚  37.93 ‚  62.07 ‚
                                                                                                                       ‚   4.25 ‚   6.19 ‚
                                                                                                              ƒƒƒƒƒƒƒƒƒˆƒƒƒƒƒƒƒƒˆƒƒƒƒƒƒƒƒˆ
                                                                                                                     6 ‚     11 ‚      7 ‚     18
                                                                                                                       ‚   2.00 ‚   1.27 ‚   3.27
                                                                                                                       ‚  61.11 ‚  38.89 ‚
                                                                                                                       ‚   4.25 ‚   2.41 ‚
                                                                                                              ƒƒƒƒƒƒƒƒƒˆƒƒƒƒƒƒƒƒˆƒƒƒƒƒƒƒƒˆ
                                                                                                              Total         259      291      550
                                                                                                                          47.09    52.91   100.00
 
 
 
 
 
 
 
                                                                                                          Job HC338302 run by AQA on 08MAR26 at 15:02
                                                                                                                         The SAS System

                                                                                                                       The FREQ Procedure

                                                                                                      Statistics for Table of BKGRD1_C7NOMISS by FLOR_DYAD

                                                                                                     Statistic                     DF       Value      Prob
                                                                                                     ƒƒƒƒƒƒƒƒƒƒƒƒƒƒƒƒƒƒƒƒƒƒƒƒƒƒƒƒƒƒƒƒƒƒƒƒƒƒƒƒƒƒƒƒƒƒƒƒƒƒƒƒƒƒ
                                                                                                     Chi-Square                     6     13.5466    0.0351
                                                                                                     Likelihood Ratio Chi-Square    6     13.6916    0.0333
                                                                                                     Mantel-Haenszel Chi-Square     1      5.4643    0.0194
                                                                                                     Phi Coefficient                       0.1569          
                                                                                                     Contingency Coefficient               0.1550          
                                                                                                     Cramer's V                            0.1569          

                                                                                                                       Sample Size = 550
 
 
 
 
 
 
 
 
 
 
 
 
 
 
 
 
 
 
 
 
 
 
 
 
 
 
 
 
 
 
 
 
 
 
 
 
 
 
 
 
 
 
                                                                                                          Job HC338302 run by AQA on 08MAR26 at 15:02
                                                                                                                         The SAS System

                                                                                                                             
                                                                                                                             ƒƒƒƒƒƒ
                                                                                                                             0.035 
 
 
 
 
 
 
 
 
 
 
 
 
 
 
 
 
 
 
 
 
 
 
 
 
 
 
 
 
 
 
 
 
 
 
 
 
 
 
 
 
 
 
 
 
 
 
 
 
 
 
 
 
 
                                                                                                          Job HC338302 run by AQA on 08MAR26 at 15:02
                                                                                                                         The SAS System

                                                                                                                       The FREQ Procedure

                                                                                                             Table of BKGRD1_C7NOMISS by FLOR_DYAD

                                                                                                              BKGRD1_C7NOMISS(7-Level Re-classification of Hispanic/Latino Background (Combining Missing with Mixed/Other))
                                                                                                                        FLOR_DYAD(FLOR participant)

                                                                                                              Frequency‚
                                                                                                              Percent  ‚
                                                                                                              Row Pct  ‚
                                                                                                              Col Pct  ‚       0‚       1‚  Total
                                                                                                              ƒƒƒƒƒƒƒƒƒˆƒƒƒƒƒƒƒƒˆƒƒƒƒƒƒƒƒˆ
                                                                                                                     0 ‚     23 ‚     42 ‚     65
                                                                                                                       ‚   4.18 ‚   7.64 ‚  11.82
                                                                                                                       ‚  35.38 ‚  64.62 ‚
                                                                                                                       ‚   8.88 ‚  14.43 ‚
                                                                                                              ƒƒƒƒƒƒƒƒƒˆƒƒƒƒƒƒƒƒˆƒƒƒƒƒƒƒƒˆ
                                                                                                                     1 ‚     21 ‚     39 ‚     60
                                                                                                                       ‚   3.82 ‚   7.09 ‚  10.91
                                                                                                                       ‚  35.00 ‚  65.00 ‚
                                                                                                                       ‚   8.11 ‚  13.40 ‚
                                                                                                              ƒƒƒƒƒƒƒƒƒˆƒƒƒƒƒƒƒƒˆƒƒƒƒƒƒƒƒˆ
                                                                                                                     2 ‚     21 ‚     25 ‚     46
                                                                                                                       ‚   3.82 ‚   4.55 ‚   8.36
                                                                                                                       ‚  45.65 ‚  54.35 ‚
                                                                                                                       ‚   8.11 ‚   8.59 ‚
                                                                                                              ƒƒƒƒƒƒƒƒƒˆƒƒƒƒƒƒƒƒˆƒƒƒƒƒƒƒƒˆ
                                                                                                                     3 ‚    145 ‚    128 ‚    273
                                                                                                                       ‚  26.36 ‚  23.27 ‚  49.64
                                                                                                                       ‚  53.11 ‚  46.89 ‚
                                                                                                                       ‚  55.98 ‚  43.99 ‚
                                                                                                              ƒƒƒƒƒƒƒƒƒˆƒƒƒƒƒƒƒƒˆƒƒƒƒƒƒƒƒˆ
                                                                                                                     4 ‚     27 ‚     32 ‚     59
                                                                                                                       ‚   4.91 ‚   5.82 ‚  10.73
                                                                                                                       ‚  45.76 ‚  54.24 ‚
                                                                                                                       ‚  10.42 ‚  11.00 ‚
                                                                                                              ƒƒƒƒƒƒƒƒƒˆƒƒƒƒƒƒƒƒˆƒƒƒƒƒƒƒƒˆ
                                                                                                                     5 ‚     11 ‚     18 ‚     29
                                                                                                                       ‚   2.00 ‚   3.27 ‚   5.27
                                                                                                                       ‚  37.93 ‚  62.07 ‚
                                                                                                                       ‚   4.25 ‚   6.19 ‚
                                                                                                              ƒƒƒƒƒƒƒƒƒˆƒƒƒƒƒƒƒƒˆƒƒƒƒƒƒƒƒˆ
                                                                                                                     6 ‚     11 ‚      7 ‚     18
                                                                                                                       ‚   2.00 ‚   1.27 ‚   3.27
                                                                                                                       ‚  61.11 ‚  38.89 ‚
                                                                                                                       ‚   4.25 ‚   2.41 ‚
                                                                                                              ƒƒƒƒƒƒƒƒƒˆƒƒƒƒƒƒƒƒˆƒƒƒƒƒƒƒƒˆ
                                                                                                              Total         259      291      550
                                                                                                                          47.09    52.91   100.00
 
 
 
 
 
 
 
                                                                                                          Job HC338302 run by AQA on 08MAR26 at 15:02
                                                                                                                         The SAS System

                                                                                                                       The FREQ Procedure

                                                                                                      Statistics for Table of BKGRD1_C7NOMISS by FLOR_DYAD

                                                                                                     Statistic                     DF       Value      Prob
                                                                                                     ƒƒƒƒƒƒƒƒƒƒƒƒƒƒƒƒƒƒƒƒƒƒƒƒƒƒƒƒƒƒƒƒƒƒƒƒƒƒƒƒƒƒƒƒƒƒƒƒƒƒƒƒƒƒ
                                                                                                     Chi-Square                     6     13.5466    0.0351
                                                                                                     Likelihood Ratio Chi-Square    6     13.6916    0.0333
                                                                                                     Mantel-Haenszel Chi-Square     1      5.4643    0.0194
                                                                                                     Phi Coefficient                       0.1569          
                                                                                                     Contingency Coefficient               0.1550          
                                                                                                     Cramer's V                            0.1569          

                                                                                                                       Sample Size = 550
 
 
 
 
 
 
 
 
 
 
 
 
 
 
 
 
 
 
 
 
 
 
 
 
 
 
 
 
 
 
 
 
 
 
 
 
 
 
 
 
 
 
                                                                                                          Job HC338302 run by AQA on 08MAR26 at 15:02
                                                                                                                         The SAS System

                                                                                                                             
                                                                                                                             ƒƒƒƒƒƒ
                                                                                                                             0.035 
 
 
 
 
 
 
 
 
 
 
 
 
 
 
 
 
 
 
 
 
 
 
 
 
 
 
 
 
 
 
 
 
 
 
 
 
 
 
 
 
 
 
 
 
 
 
 
 
 
 
 
 
 
                                                                                                          Job HC338302 run by AQA on 08MAR26 at 15:02
                                                                                                                         The SAS System

                                                                                                                       The GLM Procedure

                                                                                                                    Class Level Information
 
                                                                                                                Class          Levels    Values

                                                                                                                FLOR_DYAD           2    0 1   


                                                                                                            Number of Observations Read         550
                                                                                                            Number of Observations Used         547
 
 
 
 
 
 
 
 
 
 
 
 
 
 
 
 
 
 
 
 
 
 
 
 
 
 
 
 
 
 
 
 
 
 
 
 
 
 
 
 
 
 
 
 
 
                                                                                                          Job HC338302 run by AQA on 08MAR26 at 15:02
                                                                                                                         The SAS System

                                                                                                                       The GLM Procedure
 
                                                                                             Dependent Variable: PARITY_V1   Number of babies born alive by Visit 1

                                                                                                                              Sum of
                                                                                      Source                      DF         Squares     Mean Square    F Value    Pr > F

                                                                                      Model                        1       0.6703842       0.6703842       0.42    0.5191

                                                                                      Error                      545     877.8561240       1.6107452                     

                                                                                      Corrected Total            546     878.5265082                                     


                                                                                                     R-Square     Coeff Var      Root MSE    PARITY_V1 Mean

                                                                                                     0.000763      108.6425      1.269151          1.168190


                                                                                      Source                      DF       Type I SS     Mean Square    F Value    Pr > F

                                                                                      FLOR_DYAD                    1      0.67038425      0.67038425       0.42    0.5191


                                                                                      Source                      DF     Type III SS     Mean Square    F Value    Pr > F

                                                                                      FLOR_DYAD                    1      0.67038425      0.67038425       0.42    0.5191
 
 
 
 
 
 
 
 
 
 
 
 
 
 
 
 
 
 
 
 
 
 
 
 
 
 
 
 
 
                                                                                                          Job HC338302 run by AQA on 08MAR26 at 15:02
                                                                                                                         The SAS System

                                                                                               Hypothesis
                                                                           Obs    Dependent       Type        Source          DF              SS              MS     FValue     ProbF

                                                                            1     PARITY_V1            1     FLOR_DYAD         1      0.67038425      0.67038425       0.42    0.5191
 
 
 
 
 
 
 
 
 
 
 
 
 
 
 
 
 
 
 
 
 
 
 
 
 
 
 
 
 
 
 
 
 
 
 
 
 
 
 
 
 
 
 
 
 
 
 
 
 
 
 
 
                                                                                                          Job HC338302 run by AQA on 08MAR26 at 15:02
                                                                                                                         The SAS System

                                                                                                                             
                                                                                                                             ƒƒƒƒƒƒ
                                                                                                                             0.519 
 
 
 
 
 
 
 
 
 
 
 
 
 
 
 
 
 
 
 
 
 
 
 
 
 
 
 
 
 
 
 
 
 
 
 
 
 
 
 
 
 
 
 
 
 
 
 
 
 
 
 
 
 
                                                                                                          Job HC338302 run by AQA on 08MAR26 at 15:02
                                                                                                                         The SAS System

                                                                                                                 Obs    statistic       value

                                                                                                                  1     n_nonflor          259
                                                                                                                  2     mean_nonflor     1.1  
                                                                                                                  3     std_nonflor     1.3   
                                                                                                                  4     n_flor             288
                                                                                                                  5     mean_flor        1.2  
                                                                                                                  6     std_flor        1.2   
 
 
 
 
 
 
 
 
 
 
 
 
 
 
 
 
 
 
 
 
 
 
 
 
 
 
 
 
 
 
 
 
 
 
 
 
 
 
 
 
 
 
 
 
 
 
 
 
                                                                                                          Job HC338302 run by AQA on 08MAR26 at 15:02
                                                                                                                         The SAS System

                                                                                                                     The CONTENTS Procedure

                                                                                          Data Set Name        WORK.SUFFIX                   Observations          6 
                                                                                          Member Type          DATA                          Variables             2 
                                                                                          Engine               V9                            Indexes               0 
                                                                                          Created              03/08/2026 15:02:59           Observation Length    28
                                                                                          Last Modified        03/08/2026 15:02:59           Deleted Observations  0 
                                                                                          Protection                                         Compressed            NO
                                                                                          Data Set Type                                      Sorted                NO
                                                                                          Label                                                                      
                                                                                          Data Representation  WINDOWS_32                                            
                                                                                          Encoding             wlatin1  Western (Windows)                            


                                                                                                               Engine/Host Dependent Information

                                                                  Data Set Page Size          65536                                                                                          
                                                                  Number of Data Set Pages    1                                                                                              
                                                                  First Data Page             1                                                                                              
                                                                  Max Obs per Page            2329                                                                                           
                                                                  Obs in First Data Page      6                                                                                              
                                                                  Number of Data Set Repairs  0                                                                                              
                                                                  ExtendObsCounter            YES                                                                                            
                                                                  Filename                    C:\Users\ACQUIJ~1\AppData\Local\Temp\SAS Temporary Files\_TD9348_GENERALUSE-01_\suffix.sas7bdat
                                                                  Release Created             9.0401M8                                                                                       
                                                                  Host Created                W32_WIN+PRO                                                                                    
                                                                  Owner Name                  CSCC\acquijanoa                                                                                
                                                                  File Size                   128KB                                                                                          
                                                                  File Size (bytes)           131072                                                                                         


                                                                                                          Alphabetic List of Variables and Attributes
 
                                                                                                                 #    Variable     Type    Len

                                                                                                                 1    statistic    Char     20
                                                                                                                 2    value        Char      8
 
 
 
 
 
 
 
 
 
 
 
 
 
 
 
 
 
 
 
                                                                                                          Job HC338302 run by AQA on 08MAR26 at 15:02
                                                                                                                         The SAS System

                                                                                                                  mean_      std_                mean_
                                                                                             Obs    n_nonflor    nonflor    nonflor    n_flor    flor     std_flor

                                                                                              1        259         1.1        1.3       288       1.2       1.2   
 
 
 
 
 
 
 
 
 
 
 
 
 
 
 
 
 
 
 
 
 
 
 
 
 
 
 
 
 
 
 
 
 
 
 
 
 
 
 
 
 
 
 
 
 
 
 
 
 
 
 
 
                                                                                                          Job HC338302 run by AQA on 08MAR26 at 15:02
                                                                                                                         The SAS System

                                                                                                                       The FREQ Procedure

                                                                                                               Table of EDUCATION_C3 by FLOR_DYAD

                                                                                                              EDUCATION_C3(Education Status (3 levels))
                                                                                                                        FLOR_DYAD(FLOR participant)

                                                                                                              Frequency‚
                                                                                                              Percent  ‚
                                                                                                              Row Pct  ‚
                                                                                                              Col Pct  ‚       0‚       1‚  Total
                                                                                                              ƒƒƒƒƒƒƒƒƒˆƒƒƒƒƒƒƒƒˆƒƒƒƒƒƒƒƒˆ
                                                                                                                     1 ‚     70 ‚     80 ‚    150
                                                                                                                       ‚  12.75 ‚  14.57 ‚  27.32
                                                                                                                       ‚  46.67 ‚  53.33 ‚
                                                                                                                       ‚  27.03 ‚  27.59 ‚
                                                                                                              ƒƒƒƒƒƒƒƒƒˆƒƒƒƒƒƒƒƒˆƒƒƒƒƒƒƒƒˆ
                                                                                                                     2 ‚     88 ‚     94 ‚    182
                                                                                                                       ‚  16.03 ‚  17.12 ‚  33.15
                                                                                                                       ‚  48.35 ‚  51.65 ‚
                                                                                                                       ‚  33.98 ‚  32.41 ‚
                                                                                                              ƒƒƒƒƒƒƒƒƒˆƒƒƒƒƒƒƒƒˆƒƒƒƒƒƒƒƒˆ
                                                                                                                     3 ‚    101 ‚    116 ‚    217
                                                                                                                       ‚  18.40 ‚  21.13 ‚  39.53
                                                                                                                       ‚  46.54 ‚  53.46 ‚
                                                                                                                       ‚  39.00 ‚  40.00 ‚
                                                                                                              ƒƒƒƒƒƒƒƒƒˆƒƒƒƒƒƒƒƒˆƒƒƒƒƒƒƒƒˆ
                                                                                                              Total         259      290      549
                                                                                                                          47.18    52.82   100.00

                                                                                                                     Frequency Missing = 1


                                                                                                       Statistics for Table of EDUCATION_C3 by FLOR_DYAD

                                                                                                     Statistic                     DF       Value      Prob
                                                                                                     ƒƒƒƒƒƒƒƒƒƒƒƒƒƒƒƒƒƒƒƒƒƒƒƒƒƒƒƒƒƒƒƒƒƒƒƒƒƒƒƒƒƒƒƒƒƒƒƒƒƒƒƒƒƒ
                                                                                                     Chi-Square                     2      0.1514    0.9271
                                                                                                     Likelihood Ratio Chi-Square    2      0.1513    0.9271
                                                                                                     Mantel-Haenszel Chi-Square     1      0.0041    0.9487
                                                                                                     Phi Coefficient                       0.0166          
                                                                                                     Contingency Coefficient               0.0166          
                                                                                                     Cramer's V                            0.0166          

                                                                                                                       Sample Size = 549
                                                                                                                     Frequency Missing = 1
 
 
 
 
 
 
 
 
 
 
                                                                                                          Job HC338302 run by AQA on 08MAR26 at 15:02
                                                                                                                         The SAS System

                                                                                                                             
                                                                                                                             ƒƒƒƒƒƒ
                                                                                                                             0.927 
 
 
 
 
 
 
 
 
 
 
 
 
 
 
 
 
 
 
 
 
 
 
 
 
 
 
 
 
 
 
 
 
 
 
 
 
 
 
 
 
 
 
 
 
 
 
 
 
 
 
 
 
 
                                                                                                          Job HC338302 run by AQA on 08MAR26 at 15:02
                                                                                                                         The SAS System

                                                                                                                       The FREQ Procedure

                                                                                                               Table of EDUCATION_C3 by FLOR_DYAD

                                                                                                              EDUCATION_C3(Education Status (3 levels))
                                                                                                                        FLOR_DYAD(FLOR participant)

                                                                                                              Frequency‚
                                                                                                              Percent  ‚
                                                                                                              Row Pct  ‚
                                                                                                              Col Pct  ‚       0‚       1‚  Total
                                                                                                              ƒƒƒƒƒƒƒƒƒˆƒƒƒƒƒƒƒƒˆƒƒƒƒƒƒƒƒˆ
                                                                                                                     1 ‚     70 ‚     80 ‚    150
                                                                                                                       ‚  12.75 ‚  14.57 ‚  27.32
                                                                                                                       ‚  46.67 ‚  53.33 ‚
                                                                                                                       ‚  27.03 ‚  27.59 ‚
                                                                                                              ƒƒƒƒƒƒƒƒƒˆƒƒƒƒƒƒƒƒˆƒƒƒƒƒƒƒƒˆ
                                                                                                                     2 ‚     88 ‚     94 ‚    182
                                                                                                                       ‚  16.03 ‚  17.12 ‚  33.15
                                                                                                                       ‚  48.35 ‚  51.65 ‚
                                                                                                                       ‚  33.98 ‚  32.41 ‚
                                                                                                              ƒƒƒƒƒƒƒƒƒˆƒƒƒƒƒƒƒƒˆƒƒƒƒƒƒƒƒˆ
                                                                                                                     3 ‚    101 ‚    116 ‚    217
                                                                                                                       ‚  18.40 ‚  21.13 ‚  39.53
                                                                                                                       ‚  46.54 ‚  53.46 ‚
                                                                                                                       ‚  39.00 ‚  40.00 ‚
                                                                                                              ƒƒƒƒƒƒƒƒƒˆƒƒƒƒƒƒƒƒˆƒƒƒƒƒƒƒƒˆ
                                                                                                              Total         259      290      549
                                                                                                                          47.18    52.82   100.00

                                                                                                                     Frequency Missing = 1


                                                                                                       Statistics for Table of EDUCATION_C3 by FLOR_DYAD

                                                                                                     Statistic                     DF       Value      Prob
                                                                                                     ƒƒƒƒƒƒƒƒƒƒƒƒƒƒƒƒƒƒƒƒƒƒƒƒƒƒƒƒƒƒƒƒƒƒƒƒƒƒƒƒƒƒƒƒƒƒƒƒƒƒƒƒƒƒ
                                                                                                     Chi-Square                     2      0.1514    0.9271
                                                                                                     Likelihood Ratio Chi-Square    2      0.1513    0.9271
                                                                                                     Mantel-Haenszel Chi-Square     1      0.0041    0.9487
                                                                                                     Phi Coefficient                       0.0166          
                                                                                                     Contingency Coefficient               0.0166          
                                                                                                     Cramer's V                            0.0166          

                                                                                                                       Sample Size = 549
                                                                                                                     Frequency Missing = 1
 
 
 
 
 
 
 
 
 
 
                                                                                                          Job HC338302 run by AQA on 08MAR26 at 15:02
                                                                                                                         The SAS System

                                                                                                                             
                                                                                                                             ƒƒƒƒƒƒ
                                                                                                                             0.927 
 
 
 
 
 
 
 
 
 
 
 
 
 
 
 
 
 
 
 
 
 
 
 
 
 
 
 
 
 
 
 
 
 
 
 
 
 
 
 
 
 
 
 
 
 
 
 
 
 
 
 
 
 
                                                                                                          Job HC338302 run by AQA on 08MAR26 at 15:02
                                                                                                                         The SAS System

                                                                                                                       The FREQ Procedure

                                                                                                               Table of EDUCATION_C3 by FLOR_DYAD

                                                                                                              EDUCATION_C3(Education Status (3 levels))
                                                                                                                        FLOR_DYAD(FLOR participant)

                                                                                                              Frequency‚
                                                                                                              Percent  ‚
                                                                                                              Row Pct  ‚
                                                                                                              Col Pct  ‚       0‚       1‚  Total
                                                                                                              ƒƒƒƒƒƒƒƒƒˆƒƒƒƒƒƒƒƒˆƒƒƒƒƒƒƒƒˆ
                                                                                                                     1 ‚     70 ‚     80 ‚    150
                                                                                                                       ‚  12.75 ‚  14.57 ‚  27.32
                                                                                                                       ‚  46.67 ‚  53.33 ‚
                                                                                                                       ‚  27.03 ‚  27.59 ‚
                                                                                                              ƒƒƒƒƒƒƒƒƒˆƒƒƒƒƒƒƒƒˆƒƒƒƒƒƒƒƒˆ
                                                                                                                     2 ‚     88 ‚     94 ‚    182
                                                                                                                       ‚  16.03 ‚  17.12 ‚  33.15
                                                                                                                       ‚  48.35 ‚  51.65 ‚
                                                                                                                       ‚  33.98 ‚  32.41 ‚
                                                                                                              ƒƒƒƒƒƒƒƒƒˆƒƒƒƒƒƒƒƒˆƒƒƒƒƒƒƒƒˆ
                                                                                                                     3 ‚    101 ‚    116 ‚    217
                                                                                                                       ‚  18.40 ‚  21.13 ‚  39.53
                                                                                                                       ‚  46.54 ‚  53.46 ‚
                                                                                                                       ‚  39.00 ‚  40.00 ‚
                                                                                                              ƒƒƒƒƒƒƒƒƒˆƒƒƒƒƒƒƒƒˆƒƒƒƒƒƒƒƒˆ
                                                                                                              Total         259      290      549
                                                                                                                          47.18    52.82   100.00

                                                                                                                     Frequency Missing = 1


                                                                                                       Statistics for Table of EDUCATION_C3 by FLOR_DYAD

                                                                                                     Statistic                     DF       Value      Prob
                                                                                                     ƒƒƒƒƒƒƒƒƒƒƒƒƒƒƒƒƒƒƒƒƒƒƒƒƒƒƒƒƒƒƒƒƒƒƒƒƒƒƒƒƒƒƒƒƒƒƒƒƒƒƒƒƒƒ
                                                                                                     Chi-Square                     2      0.1514    0.9271
                                                                                                     Likelihood Ratio Chi-Square    2      0.1513    0.9271
                                                                                                     Mantel-Haenszel Chi-Square     1      0.0041    0.9487
                                                                                                     Phi Coefficient                       0.0166          
                                                                                                     Contingency Coefficient               0.0166          
                                                                                                     Cramer's V                            0.0166          

                                                                                                                       Sample Size = 549
                                                                                                                     Frequency Missing = 1
 
 
 
 
 
 
 
 
 
 
                                                                                                          Job HC338302 run by AQA on 08MAR26 at 15:02
                                                                                                                         The SAS System

                                                                                                                             
                                                                                                                             ƒƒƒƒƒƒ
                                                                                                                             0.927 
 
 
 
 
 
 
 
 
 
 
 
 
 
 
 
 
 
 
 
 
 
 
 
 
 
 
 
 
 
 
 
 
 
 
 
 
 
 
 
 
 
 
 
 
 
 
 
 
 
 
 
 
 
                                                                                                          Job HC338302 run by AQA on 08MAR26 at 15:02
                                                                                                                         The SAS System

                                                                                                                       The FREQ Procedure

                                                                                                                Table of INCOME_C3 by FLOR_DYAD

                                                                                                              INCOME_C3(3-level grouped yearly household income)
                                                                                                                        FLOR_DYAD(FLOR participant)

                                                                                                              Frequency‚
                                                                                                              Percent  ‚
                                                                                                              Row Pct  ‚
                                                                                                              Col Pct  ‚       0‚       1‚  Total
                                                                                                              ƒƒƒƒƒƒƒƒƒˆƒƒƒƒƒƒƒƒˆƒƒƒƒƒƒƒƒˆ
                                                                                                                     1 ‚    165 ‚    185 ‚    350
                                                                                                                       ‚  30.00 ‚  33.64 ‚  63.64
                                                                                                                       ‚  47.14 ‚  52.86 ‚
                                                                                                                       ‚  63.71 ‚  63.57 ‚
                                                                                                              ƒƒƒƒƒƒƒƒƒˆƒƒƒƒƒƒƒƒˆƒƒƒƒƒƒƒƒˆ
                                                                                                                     2 ‚     77 ‚     77 ‚    154
                                                                                                                       ‚  14.00 ‚  14.00 ‚  28.00
                                                                                                                       ‚  50.00 ‚  50.00 ‚
                                                                                                                       ‚  29.73 ‚  26.46 ‚
                                                                                                              ƒƒƒƒƒƒƒƒƒˆƒƒƒƒƒƒƒƒˆƒƒƒƒƒƒƒƒˆ
                                                                                                                     3 ‚     17 ‚     29 ‚     46
                                                                                                                       ‚   3.09 ‚   5.27 ‚   8.36
                                                                                                                       ‚  36.96 ‚  63.04 ‚
                                                                                                                       ‚   6.56 ‚   9.97 ‚
                                                                                                              ƒƒƒƒƒƒƒƒƒˆƒƒƒƒƒƒƒƒˆƒƒƒƒƒƒƒƒˆ
                                                                                                              Total         259      291      550
                                                                                                                          47.09    52.91   100.00


                                                                                                         Statistics for Table of INCOME_C3 by FLOR_DYAD

                                                                                                     Statistic                     DF       Value      Prob
                                                                                                     ƒƒƒƒƒƒƒƒƒƒƒƒƒƒƒƒƒƒƒƒƒƒƒƒƒƒƒƒƒƒƒƒƒƒƒƒƒƒƒƒƒƒƒƒƒƒƒƒƒƒƒƒƒƒ
                                                                                                     Chi-Square                     2      2.4197    0.2982
                                                                                                     Likelihood Ratio Chi-Square    2      2.4476    0.2941
                                                                                                     Mantel-Haenszel Chi-Square     1      0.4123    0.5208
                                                                                                     Phi Coefficient                       0.0663          
                                                                                                     Contingency Coefficient               0.0662          
                                                                                                     Cramer's V                            0.0663          

                                                                                                                       Sample Size = 550
 
 
 
 
 
 
 
 
 
 
 
 
 
                                                                                                          Job HC338302 run by AQA on 08MAR26 at 15:02
                                                                                                                         The SAS System

                                                                                                                             
                                                                                                                             ƒƒƒƒƒƒ
                                                                                                                             0.298 
 
 
 
 
 
 
 
 
 
 
 
 
 
 
 
 
 
 
 
 
 
 
 
 
 
 
 
 
 
 
 
 
 
 
 
 
 
 
 
 
 
 
 
 
 
 
 
 
 
 
 
 
 
                                                                                                          Job HC338302 run by AQA on 08MAR26 at 15:02
                                                                                                                         The SAS System

                                                                                                                       The FREQ Procedure

                                                                                                                Table of INCOME_C3 by FLOR_DYAD

                                                                                                              INCOME_C3(3-level grouped yearly household income)
                                                                                                                        FLOR_DYAD(FLOR participant)

                                                                                                              Frequency‚
                                                                                                              Percent  ‚
                                                                                                              Row Pct  ‚
                                                                                                              Col Pct  ‚       0‚       1‚  Total
                                                                                                              ƒƒƒƒƒƒƒƒƒˆƒƒƒƒƒƒƒƒˆƒƒƒƒƒƒƒƒˆ
                                                                                                                     1 ‚    165 ‚    185 ‚    350
                                                                                                                       ‚  30.00 ‚  33.64 ‚  63.64
                                                                                                                       ‚  47.14 ‚  52.86 ‚
                                                                                                                       ‚  63.71 ‚  63.57 ‚
                                                                                                              ƒƒƒƒƒƒƒƒƒˆƒƒƒƒƒƒƒƒˆƒƒƒƒƒƒƒƒˆ
                                                                                                                     2 ‚     77 ‚     77 ‚    154
                                                                                                                       ‚  14.00 ‚  14.00 ‚  28.00
                                                                                                                       ‚  50.00 ‚  50.00 ‚
                                                                                                                       ‚  29.73 ‚  26.46 ‚
                                                                                                              ƒƒƒƒƒƒƒƒƒˆƒƒƒƒƒƒƒƒˆƒƒƒƒƒƒƒƒˆ
                                                                                                                     3 ‚     17 ‚     29 ‚     46
                                                                                                                       ‚   3.09 ‚   5.27 ‚   8.36
                                                                                                                       ‚  36.96 ‚  63.04 ‚
                                                                                                                       ‚   6.56 ‚   9.97 ‚
                                                                                                              ƒƒƒƒƒƒƒƒƒˆƒƒƒƒƒƒƒƒˆƒƒƒƒƒƒƒƒˆ
                                                                                                              Total         259      291      550
                                                                                                                          47.09    52.91   100.00


                                                                                                         Statistics for Table of INCOME_C3 by FLOR_DYAD

                                                                                                     Statistic                     DF       Value      Prob
                                                                                                     ƒƒƒƒƒƒƒƒƒƒƒƒƒƒƒƒƒƒƒƒƒƒƒƒƒƒƒƒƒƒƒƒƒƒƒƒƒƒƒƒƒƒƒƒƒƒƒƒƒƒƒƒƒƒ
                                                                                                     Chi-Square                     2      2.4197    0.2982
                                                                                                     Likelihood Ratio Chi-Square    2      2.4476    0.2941
                                                                                                     Mantel-Haenszel Chi-Square     1      0.4123    0.5208
                                                                                                     Phi Coefficient                       0.0663          
                                                                                                     Contingency Coefficient               0.0662          
                                                                                                     Cramer's V                            0.0663          

                                                                                                                       Sample Size = 550
 
 
 
 
 
 
 
 
 
 
 
 
 
                                                                                                          Job HC338302 run by AQA on 08MAR26 at 15:02
                                                                                                                         The SAS System

                                                                                                                             
                                                                                                                             ƒƒƒƒƒƒ
                                                                                                                             0.298 
 
 
 
 
 
 
 
 
 
 
 
 
 
 
 
 
 
 
 
 
 
 
 
 
 
 
 
 
 
 
 
 
 
 
 
 
 
 
 
 
 
 
 
 
 
 
 
 
 
 
 
 
 
                                                                                                          Job HC338302 run by AQA on 08MAR26 at 15:02
                                                                                                                         The SAS System

                                                                                                                       The FREQ Procedure

                                                                                                                Table of INCOME_C3 by FLOR_DYAD

                                                                                                              INCOME_C3(3-level grouped yearly household income)
                                                                                                                        FLOR_DYAD(FLOR participant)

                                                                                                              Frequency‚
                                                                                                              Percent  ‚
                                                                                                              Row Pct  ‚
                                                                                                              Col Pct  ‚       0‚       1‚  Total
                                                                                                              ƒƒƒƒƒƒƒƒƒˆƒƒƒƒƒƒƒƒˆƒƒƒƒƒƒƒƒˆ
                                                                                                                     1 ‚    165 ‚    185 ‚    350
                                                                                                                       ‚  30.00 ‚  33.64 ‚  63.64
                                                                                                                       ‚  47.14 ‚  52.86 ‚
                                                                                                                       ‚  63.71 ‚  63.57 ‚
                                                                                                              ƒƒƒƒƒƒƒƒƒˆƒƒƒƒƒƒƒƒˆƒƒƒƒƒƒƒƒˆ
                                                                                                                     2 ‚     77 ‚     77 ‚    154
                                                                                                                       ‚  14.00 ‚  14.00 ‚  28.00
                                                                                                                       ‚  50.00 ‚  50.00 ‚
                                                                                                                       ‚  29.73 ‚  26.46 ‚
                                                                                                              ƒƒƒƒƒƒƒƒƒˆƒƒƒƒƒƒƒƒˆƒƒƒƒƒƒƒƒˆ
                                                                                                                     3 ‚     17 ‚     29 ‚     46
                                                                                                                       ‚   3.09 ‚   5.27 ‚   8.36
                                                                                                                       ‚  36.96 ‚  63.04 ‚
                                                                                                                       ‚   6.56 ‚   9.97 ‚
                                                                                                              ƒƒƒƒƒƒƒƒƒˆƒƒƒƒƒƒƒƒˆƒƒƒƒƒƒƒƒˆ
                                                                                                              Total         259      291      550
                                                                                                                          47.09    52.91   100.00


                                                                                                         Statistics for Table of INCOME_C3 by FLOR_DYAD

                                                                                                     Statistic                     DF       Value      Prob
                                                                                                     ƒƒƒƒƒƒƒƒƒƒƒƒƒƒƒƒƒƒƒƒƒƒƒƒƒƒƒƒƒƒƒƒƒƒƒƒƒƒƒƒƒƒƒƒƒƒƒƒƒƒƒƒƒƒ
                                                                                                     Chi-Square                     2      2.4197    0.2982
                                                                                                     Likelihood Ratio Chi-Square    2      2.4476    0.2941
                                                                                                     Mantel-Haenszel Chi-Square     1      0.4123    0.5208
                                                                                                     Phi Coefficient                       0.0663          
                                                                                                     Contingency Coefficient               0.0662          
                                                                                                     Cramer's V                            0.0663          

                                                                                                                       Sample Size = 550
 
 
 
 
 
 
 
 
 
 
 
 
 
                                                                                                          Job HC338302 run by AQA on 08MAR26 at 15:02
                                                                                                                         The SAS System

                                                                                                                             
                                                                                                                             ƒƒƒƒƒƒ
                                                                                                                             0.298 
 
 
 
 
 
 
 
 
 
 
 
 
 
 
 
 
 
 
 
 
 
 
 
 
 
 
 
 
 
 
 
 
 
 
 
 
 
 
 
 
 
 
 
 
 
 
 
 
 
 
 
 
 
                                                                                                          Job HC338302 run by AQA on 08MAR26 at 15:02
                                                                                                                         The SAS System

                                                                                                                       The FREQ Procedure

                                                                                                              Table of MARITAL_STATUS by FLOR_DYAD

                                                                                                              MARITAL_STATUS(Marital Status (collapsed categories))
                                                                                                                        FLOR_DYAD(FLOR participant)

                                                                                                              Frequency‚
                                                                                                              Percent  ‚
                                                                                                              Row Pct  ‚
                                                                                                              Col Pct  ‚       0‚       1‚  Total
                                                                                                              ƒƒƒƒƒƒƒƒƒˆƒƒƒƒƒƒƒƒˆƒƒƒƒƒƒƒƒˆ
                                                                                                                     1 ‚    114 ‚    133 ‚    247
                                                                                                                       ‚  20.77 ‚  24.23 ‚  44.99
                                                                                                                       ‚  46.15 ‚  53.85 ‚
                                                                                                                       ‚  44.02 ‚  45.86 ‚
                                                                                                              ƒƒƒƒƒƒƒƒƒˆƒƒƒƒƒƒƒƒˆƒƒƒƒƒƒƒƒˆ
                                                                                                                     2 ‚    130 ‚    142 ‚    272
                                                                                                                       ‚  23.68 ‚  25.87 ‚  49.54
                                                                                                                       ‚  47.79 ‚  52.21 ‚
                                                                                                                       ‚  50.19 ‚  48.97 ‚
                                                                                                              ƒƒƒƒƒƒƒƒƒˆƒƒƒƒƒƒƒƒˆƒƒƒƒƒƒƒƒˆ
                                                                                                                     3 ‚     15 ‚     15 ‚     30
                                                                                                                       ‚   2.73 ‚   2.73 ‚   5.46
                                                                                                                       ‚  50.00 ‚  50.00 ‚
                                                                                                                       ‚   5.79 ‚   5.17 ‚
                                                                                                              ƒƒƒƒƒƒƒƒƒˆƒƒƒƒƒƒƒƒˆƒƒƒƒƒƒƒƒˆ
                                                                                                              Total         259      290      549
                                                                                                                          47.18    52.82   100.00

                                                                                                                     Frequency Missing = 1


                                                                                                      Statistics for Table of MARITAL_STATUS by FLOR_DYAD

                                                                                                     Statistic                     DF       Value      Prob
                                                                                                     ƒƒƒƒƒƒƒƒƒƒƒƒƒƒƒƒƒƒƒƒƒƒƒƒƒƒƒƒƒƒƒƒƒƒƒƒƒƒƒƒƒƒƒƒƒƒƒƒƒƒƒƒƒƒ
                                                                                                     Chi-Square                     2      0.2413    0.8864
                                                                                                     Likelihood Ratio Chi-Square    2      0.2412    0.8864
                                                                                                     Mantel-Haenszel Chi-Square     1      0.2384    0.6254
                                                                                                     Phi Coefficient                       0.0210          
                                                                                                     Contingency Coefficient               0.0210          
                                                                                                     Cramer's V                            0.0210          

                                                                                                                       Sample Size = 549
                                                                                                                     Frequency Missing = 1
 
 
 
 
 
 
 
 
 
 
                                                                                                          Job HC338302 run by AQA on 08MAR26 at 15:02
                                                                                                                         The SAS System

                                                                                                                             
                                                                                                                             ƒƒƒƒƒƒ
                                                                                                                             0.886 
 
 
 
 
 
 
 
 
 
 
 
 
 
 
 
 
 
 
 
 
 
 
 
 
 
 
 
 
 
 
 
 
 
 
 
 
 
 
 
 
 
 
 
 
 
 
 
 
 
 
 
 
 
                                                                                                          Job HC338302 run by AQA on 08MAR26 at 15:02
                                                                                                                         The SAS System

                                                                                                                       The FREQ Procedure

                                                                                                              Table of MARITAL_STATUS by FLOR_DYAD

                                                                                                              MARITAL_STATUS(Marital Status (collapsed categories))
                                                                                                                        FLOR_DYAD(FLOR participant)

                                                                                                              Frequency‚
                                                                                                              Percent  ‚
                                                                                                              Row Pct  ‚
                                                                                                              Col Pct  ‚       0‚       1‚  Total
                                                                                                              ƒƒƒƒƒƒƒƒƒˆƒƒƒƒƒƒƒƒˆƒƒƒƒƒƒƒƒˆ
                                                                                                                     1 ‚    114 ‚    133 ‚    247
                                                                                                                       ‚  20.77 ‚  24.23 ‚  44.99
                                                                                                                       ‚  46.15 ‚  53.85 ‚
                                                                                                                       ‚  44.02 ‚  45.86 ‚
                                                                                                              ƒƒƒƒƒƒƒƒƒˆƒƒƒƒƒƒƒƒˆƒƒƒƒƒƒƒƒˆ
                                                                                                                     2 ‚    130 ‚    142 ‚    272
                                                                                                                       ‚  23.68 ‚  25.87 ‚  49.54
                                                                                                                       ‚  47.79 ‚  52.21 ‚
                                                                                                                       ‚  50.19 ‚  48.97 ‚
                                                                                                              ƒƒƒƒƒƒƒƒƒˆƒƒƒƒƒƒƒƒˆƒƒƒƒƒƒƒƒˆ
                                                                                                                     3 ‚     15 ‚     15 ‚     30
                                                                                                                       ‚   2.73 ‚   2.73 ‚   5.46
                                                                                                                       ‚  50.00 ‚  50.00 ‚
                                                                                                                       ‚   5.79 ‚   5.17 ‚
                                                                                                              ƒƒƒƒƒƒƒƒƒˆƒƒƒƒƒƒƒƒˆƒƒƒƒƒƒƒƒˆ
                                                                                                              Total         259      290      549
                                                                                                                          47.18    52.82   100.00

                                                                                                                     Frequency Missing = 1


                                                                                                      Statistics for Table of MARITAL_STATUS by FLOR_DYAD

                                                                                                     Statistic                     DF       Value      Prob
                                                                                                     ƒƒƒƒƒƒƒƒƒƒƒƒƒƒƒƒƒƒƒƒƒƒƒƒƒƒƒƒƒƒƒƒƒƒƒƒƒƒƒƒƒƒƒƒƒƒƒƒƒƒƒƒƒƒ
                                                                                                     Chi-Square                     2      0.2413    0.8864
                                                                                                     Likelihood Ratio Chi-Square    2      0.2412    0.8864
                                                                                                     Mantel-Haenszel Chi-Square     1      0.2384    0.6254
                                                                                                     Phi Coefficient                       0.0210          
                                                                                                     Contingency Coefficient               0.0210          
                                                                                                     Cramer's V                            0.0210          

                                                                                                                       Sample Size = 549
                                                                                                                     Frequency Missing = 1
 
 
 
 
 
 
 
 
 
 
                                                                                                          Job HC338302 run by AQA on 08MAR26 at 15:02
                                                                                                                         The SAS System

                                                                                                                             
                                                                                                                             ƒƒƒƒƒƒ
                                                                                                                             0.886 
 
 
 
 
 
 
 
 
 
 
 
 
 
 
 
 
 
 
 
 
 
 
 
 
 
 
 
 
 
 
 
 
 
 
 
 
 
 
 
 
 
 
 
 
 
 
 
 
 
 
 
 
 
                                                                                                          Job HC338302 run by AQA on 08MAR26 at 15:02
                                                                                                                         The SAS System

                                                                                                                       The FREQ Procedure

                                                                                                              Table of MARITAL_STATUS by FLOR_DYAD

                                                                                                              MARITAL_STATUS(Marital Status (collapsed categories))
                                                                                                                        FLOR_DYAD(FLOR participant)

                                                                                                              Frequency‚
                                                                                                              Percent  ‚
                                                                                                              Row Pct  ‚
                                                                                                              Col Pct  ‚       0‚       1‚  Total
                                                                                                              ƒƒƒƒƒƒƒƒƒˆƒƒƒƒƒƒƒƒˆƒƒƒƒƒƒƒƒˆ
                                                                                                                     1 ‚    114 ‚    133 ‚    247
                                                                                                                       ‚  20.77 ‚  24.23 ‚  44.99
                                                                                                                       ‚  46.15 ‚  53.85 ‚
                                                                                                                       ‚  44.02 ‚  45.86 ‚
                                                                                                              ƒƒƒƒƒƒƒƒƒˆƒƒƒƒƒƒƒƒˆƒƒƒƒƒƒƒƒˆ
                                                                                                                     2 ‚    130 ‚    142 ‚    272
                                                                                                                       ‚  23.68 ‚  25.87 ‚  49.54
                                                                                                                       ‚  47.79 ‚  52.21 ‚
                                                                                                                       ‚  50.19 ‚  48.97 ‚
                                                                                                              ƒƒƒƒƒƒƒƒƒˆƒƒƒƒƒƒƒƒˆƒƒƒƒƒƒƒƒˆ
                                                                                                                     3 ‚     15 ‚     15 ‚     30
                                                                                                                       ‚   2.73 ‚   2.73 ‚   5.46
                                                                                                                       ‚  50.00 ‚  50.00 ‚
                                                                                                                       ‚   5.79 ‚   5.17 ‚
                                                                                                              ƒƒƒƒƒƒƒƒƒˆƒƒƒƒƒƒƒƒˆƒƒƒƒƒƒƒƒˆ
                                                                                                              Total         259      290      549
                                                                                                                          47.18    52.82   100.00

                                                                                                                     Frequency Missing = 1


                                                                                                      Statistics for Table of MARITAL_STATUS by FLOR_DYAD

                                                                                                     Statistic                     DF       Value      Prob
                                                                                                     ƒƒƒƒƒƒƒƒƒƒƒƒƒƒƒƒƒƒƒƒƒƒƒƒƒƒƒƒƒƒƒƒƒƒƒƒƒƒƒƒƒƒƒƒƒƒƒƒƒƒƒƒƒƒ
                                                                                                     Chi-Square                     2      0.2413    0.8864
                                                                                                     Likelihood Ratio Chi-Square    2      0.2412    0.8864
                                                                                                     Mantel-Haenszel Chi-Square     1      0.2384    0.6254
                                                                                                     Phi Coefficient                       0.0210          
                                                                                                     Contingency Coefficient               0.0210          
                                                                                                     Cramer's V                            0.0210          

                                                                                                                       Sample Size = 549
                                                                                                                     Frequency Missing = 1
 
 
 
 
 
 
 
 
 
 
                                                                                                          Job HC338302 run by AQA on 08MAR26 at 15:02
                                                                                                                         The SAS System

                                                                                                                             
                                                                                                                             ƒƒƒƒƒƒ
                                                                                                                             0.886 
 
 
 
 
 
 
 
 
 
 
 
 
 
 
 
 
 
 
 
 
 
 
 
 
 
 
 
 
 
 
 
 
 
 
 
 
 
 
 
 
 
 
 
 
 
 
 
 
 
 
 
 
 
                                                                                                          Job HC338302 run by AQA on 08MAR26 at 15:02
                                                                                                                         The SAS System

                                                                                                                       The FREQ Procedure

                                                                                                                Table of EMPLOYEDYN by FLOR_DYAD

                                                                                                              EMPLOYEDYN(Employment Status (1-yes, 0-no))
                                                                                                                        FLOR_DYAD(FLOR participant)

                                                                                                              Frequency‚
                                                                                                              Percent  ‚
                                                                                                              Row Pct  ‚
                                                                                                              Col Pct  ‚       0‚       1‚  Total
                                                                                                              ƒƒƒƒƒƒƒƒƒˆƒƒƒƒƒƒƒƒˆƒƒƒƒƒƒƒƒˆ
                                                                                                                     0 ‚    124 ‚    138 ‚    262
                                                                                                                       ‚  22.88 ‚  25.46 ‚  48.34
                                                                                                                       ‚  47.33 ‚  52.67 ‚
                                                                                                                       ‚  48.25 ‚  48.42 ‚
                                                                                                              ƒƒƒƒƒƒƒƒƒˆƒƒƒƒƒƒƒƒˆƒƒƒƒƒƒƒƒˆ
                                                                                                                     1 ‚    133 ‚    147 ‚    280
                                                                                                                       ‚  24.54 ‚  27.12 ‚  51.66
                                                                                                                       ‚  47.50 ‚  52.50 ‚
                                                                                                                       ‚  51.75 ‚  51.58 ‚
                                                                                                              ƒƒƒƒƒƒƒƒƒˆƒƒƒƒƒƒƒƒˆƒƒƒƒƒƒƒƒˆ
                                                                                                              Total         257      285      542
                                                                                                                          47.42    52.58   100.00

                                                                                                                     Frequency Missing = 8


                                                                                                        Statistics for Table of EMPLOYEDYN by FLOR_DYAD

                                                                                                     Statistic                     DF       Value      Prob
                                                                                                     ƒƒƒƒƒƒƒƒƒƒƒƒƒƒƒƒƒƒƒƒƒƒƒƒƒƒƒƒƒƒƒƒƒƒƒƒƒƒƒƒƒƒƒƒƒƒƒƒƒƒƒƒƒƒ
                                                                                                     Chi-Square                     1      0.0016    0.9681
                                                                                                     Likelihood Ratio Chi-Square    1      0.0016    0.9681
                                                                                                     Continuity Adj. Chi-Square     1      0.0000    1.0000
                                                                                                     Mantel-Haenszel Chi-Square     1      0.0016    0.9681
                                                                                                     Phi Coefficient                      -0.0017          
                                                                                                     Contingency Coefficient               0.0017          
                                                                                                     Cramer's V                           -0.0017          


                                                                                                                      Fisher's Exact Test
                                                                                                               ƒƒƒƒƒƒƒƒƒƒƒƒƒƒƒƒƒƒƒƒƒƒƒƒƒƒƒƒƒƒƒƒƒƒ
                                                                                                               Cell (1,1) Frequency (F)       124
                                                                                                               Left-sided Pr <= F          0.5184
                                                                                                               Right-sided Pr >= F         0.5501
                                                                                                                                                 
                                                                                                               Table Probability (P)       0.0685
                                                                                                               Two-sided Pr <= P           1.0000

                                                                                                                       Sample Size = 542
                                                                                                                     Frequency Missing = 8
 
 
 
 
                                                                                                          Job HC338302 run by AQA on 08MAR26 at 15:02
                                                                                                                         The SAS System

                                                                                                                             
                                                                                                                             ƒƒƒƒƒƒ
                                                                                                                             0.968 
 
 
 
 
 
 
 
 
 
 
 
 
 
 
 
 
 
 
 
 
 
 
 
 
 
 
 
 
 
 
 
 
 
 
 
 
 
 
 
 
 
 
 
 
 
 
 
 
 
 
 
 
 
                                                                                                          Job HC338302 run by AQA on 08MAR26 at 15:02
                                                                                                                         The SAS System

                                                                                                                       The FREQ Procedure

                                                                                                                Table of EMPLOYEDYN by FLOR_DYAD

                                                                                                              EMPLOYEDYN(Employment Status (1-yes, 0-no))
                                                                                                                        FLOR_DYAD(FLOR participant)

                                                                                                              Frequency‚
                                                                                                              Percent  ‚
                                                                                                              Row Pct  ‚
                                                                                                              Col Pct  ‚       0‚       1‚  Total
                                                                                                              ƒƒƒƒƒƒƒƒƒˆƒƒƒƒƒƒƒƒˆƒƒƒƒƒƒƒƒˆ
                                                                                                                     0 ‚    124 ‚    138 ‚    262
                                                                                                                       ‚  22.88 ‚  25.46 ‚  48.34
                                                                                                                       ‚  47.33 ‚  52.67 ‚
                                                                                                                       ‚  48.25 ‚  48.42 ‚
                                                                                                              ƒƒƒƒƒƒƒƒƒˆƒƒƒƒƒƒƒƒˆƒƒƒƒƒƒƒƒˆ
                                                                                                                     1 ‚    133 ‚    147 ‚    280
                                                                                                                       ‚  24.54 ‚  27.12 ‚  51.66
                                                                                                                       ‚  47.50 ‚  52.50 ‚
                                                                                                                       ‚  51.75 ‚  51.58 ‚
                                                                                                              ƒƒƒƒƒƒƒƒƒˆƒƒƒƒƒƒƒƒˆƒƒƒƒƒƒƒƒˆ
                                                                                                              Total         257      285      542
                                                                                                                          47.42    52.58   100.00

                                                                                                                     Frequency Missing = 8


                                                                                                        Statistics for Table of EMPLOYEDYN by FLOR_DYAD

                                                                                                     Statistic                     DF       Value      Prob
                                                                                                     ƒƒƒƒƒƒƒƒƒƒƒƒƒƒƒƒƒƒƒƒƒƒƒƒƒƒƒƒƒƒƒƒƒƒƒƒƒƒƒƒƒƒƒƒƒƒƒƒƒƒƒƒƒƒ
                                                                                                     Chi-Square                     1      0.0016    0.9681
                                                                                                     Likelihood Ratio Chi-Square    1      0.0016    0.9681
                                                                                                     Continuity Adj. Chi-Square     1      0.0000    1.0000
                                                                                                     Mantel-Haenszel Chi-Square     1      0.0016    0.9681
                                                                                                     Phi Coefficient                      -0.0017          
                                                                                                     Contingency Coefficient               0.0017          
                                                                                                     Cramer's V                           -0.0017          


                                                                                                                      Fisher's Exact Test
                                                                                                               ƒƒƒƒƒƒƒƒƒƒƒƒƒƒƒƒƒƒƒƒƒƒƒƒƒƒƒƒƒƒƒƒƒƒ
                                                                                                               Cell (1,1) Frequency (F)       124
                                                                                                               Left-sided Pr <= F          0.5184
                                                                                                               Right-sided Pr >= F         0.5501
                                                                                                                                                 
                                                                                                               Table Probability (P)       0.0685
                                                                                                               Two-sided Pr <= P           1.0000

                                                                                                                       Sample Size = 542
                                                                                                                     Frequency Missing = 8
 
 
 
 
                                                                                                          Job HC338302 run by AQA on 08MAR26 at 15:02
                                                                                                                         The SAS System

                                                                                                                             
                                                                                                                             ƒƒƒƒƒƒ
                                                                                                                             0.968 
 
 
 
 
 
 
 
 
 
 
 
 
 
 
 
 
 
 
 
 
 
 
 
 
 
 
 
 
 
 
 
 
 
 
 
 
 
 
 
 
 
 
 
 
 
 
 
 
 
 
 
 
 
                                                                                                          Job HC338302 run by AQA on 08MAR26 at 15:02
                                                                                                                         The SAS System

                                                                                                                       The FREQ Procedure

                                                                                                                 Table of YRSUS_C3 by FLOR_DYAD

                                                                                                              YRSUS_C3(Years lived in the US (50 States, 3-levels))
                                                                                                                        FLOR_DYAD(FLOR participant)

                                                                                                              Frequency‚
                                                                                                              Percent  ‚
                                                                                                              Row Pct  ‚
                                                                                                              Col Pct  ‚       0‚       1‚  Total
                                                                                                              ƒƒƒƒƒƒƒƒƒˆƒƒƒƒƒƒƒƒˆƒƒƒƒƒƒƒƒˆ
                                                                                                                     1 ‚     77 ‚    126 ‚    203
                                                                                                                       ‚  14.10 ‚  23.08 ‚  37.18
                                                                                                                       ‚  37.93 ‚  62.07 ‚
                                                                                                                       ‚  29.84 ‚  43.75 ‚
                                                                                                              ƒƒƒƒƒƒƒƒƒˆƒƒƒƒƒƒƒƒˆƒƒƒƒƒƒƒƒˆ
                                                                                                                     2 ‚     78 ‚     95 ‚    173
                                                                                                                       ‚  14.29 ‚  17.40 ‚  31.68
                                                                                                                       ‚  45.09 ‚  54.91 ‚
                                                                                                                       ‚  30.23 ‚  32.99 ‚
                                                                                                              ƒƒƒƒƒƒƒƒƒˆƒƒƒƒƒƒƒƒˆƒƒƒƒƒƒƒƒˆ
                                                                                                                     3 ‚    103 ‚     67 ‚    170
                                                                                                                       ‚  18.86 ‚  12.27 ‚  31.14
                                                                                                                       ‚  60.59 ‚  39.41 ‚
                                                                                                                       ‚  39.92 ‚  23.26 ‚
                                                                                                              ƒƒƒƒƒƒƒƒƒˆƒƒƒƒƒƒƒƒˆƒƒƒƒƒƒƒƒˆ
                                                                                                              Total         258      288      546
                                                                                                                          47.25    52.75   100.00

                                                                                                                     Frequency Missing = 4


                                                                                                         Statistics for Table of YRSUS_C3 by FLOR_DYAD

                                                                                                     Statistic                     DF       Value      Prob
                                                                                                     ƒƒƒƒƒƒƒƒƒƒƒƒƒƒƒƒƒƒƒƒƒƒƒƒƒƒƒƒƒƒƒƒƒƒƒƒƒƒƒƒƒƒƒƒƒƒƒƒƒƒƒƒƒƒ
                                                                                                     Chi-Square                     2     19.5323    <.0001
                                                                                                     Likelihood Ratio Chi-Square    2     19.6508    <.0001
                                                                                                     Mantel-Haenszel Chi-Square     1     18.6744    <.0001
                                                                                                     Phi Coefficient                       0.1891          
                                                                                                     Contingency Coefficient               0.1858          
                                                                                                     Cramer's V                            0.1891          

                                                                                                                       Sample Size = 546
                                                                                                                     Frequency Missing = 4
 
 
 
 
 
 
 
 
 
 
                                                                                                          Job HC338302 run by AQA on 08MAR26 at 15:02
                                                                                                                         The SAS System

                                                                                                                             
                                                                                                                             ƒƒƒƒƒƒ
                                                                                                                             <.001 
 
 
 
 
 
 
 
 
 
 
 
 
 
 
 
 
 
 
 
 
 
 
 
 
 
 
 
 
 
 
 
 
 
 
 
 
 
 
 
 
 
 
 
 
 
 
 
 
 
 
 
 
 
                                                                                                          Job HC338302 run by AQA on 08MAR26 at 15:02
                                                                                                                         The SAS System

                                                                                                                       The FREQ Procedure

                                                                                                                 Table of YRSUS_C3 by FLOR_DYAD

                                                                                                              YRSUS_C3(Years lived in the US (50 States, 3-levels))
                                                                                                                        FLOR_DYAD(FLOR participant)

                                                                                                              Frequency‚
                                                                                                              Percent  ‚
                                                                                                              Row Pct  ‚
                                                                                                              Col Pct  ‚       0‚       1‚  Total
                                                                                                              ƒƒƒƒƒƒƒƒƒˆƒƒƒƒƒƒƒƒˆƒƒƒƒƒƒƒƒˆ
                                                                                                                     1 ‚     77 ‚    126 ‚    203
                                                                                                                       ‚  14.10 ‚  23.08 ‚  37.18
                                                                                                                       ‚  37.93 ‚  62.07 ‚
                                                                                                                       ‚  29.84 ‚  43.75 ‚
                                                                                                              ƒƒƒƒƒƒƒƒƒˆƒƒƒƒƒƒƒƒˆƒƒƒƒƒƒƒƒˆ
                                                                                                                     2 ‚     78 ‚     95 ‚    173
                                                                                                                       ‚  14.29 ‚  17.40 ‚  31.68
                                                                                                                       ‚  45.09 ‚  54.91 ‚
                                                                                                                       ‚  30.23 ‚  32.99 ‚
                                                                                                              ƒƒƒƒƒƒƒƒƒˆƒƒƒƒƒƒƒƒˆƒƒƒƒƒƒƒƒˆ
                                                                                                                     3 ‚    103 ‚     67 ‚    170
                                                                                                                       ‚  18.86 ‚  12.27 ‚  31.14
                                                                                                                       ‚  60.59 ‚  39.41 ‚
                                                                                                                       ‚  39.92 ‚  23.26 ‚
                                                                                                              ƒƒƒƒƒƒƒƒƒˆƒƒƒƒƒƒƒƒˆƒƒƒƒƒƒƒƒˆ
                                                                                                              Total         258      288      546
                                                                                                                          47.25    52.75   100.00

                                                                                                                     Frequency Missing = 4


                                                                                                         Statistics for Table of YRSUS_C3 by FLOR_DYAD

                                                                                                     Statistic                     DF       Value      Prob
                                                                                                     ƒƒƒƒƒƒƒƒƒƒƒƒƒƒƒƒƒƒƒƒƒƒƒƒƒƒƒƒƒƒƒƒƒƒƒƒƒƒƒƒƒƒƒƒƒƒƒƒƒƒƒƒƒƒ
                                                                                                     Chi-Square                     2     19.5323    <.0001
                                                                                                     Likelihood Ratio Chi-Square    2     19.6508    <.0001
                                                                                                     Mantel-Haenszel Chi-Square     1     18.6744    <.0001
                                                                                                     Phi Coefficient                       0.1891          
                                                                                                     Contingency Coefficient               0.1858          
                                                                                                     Cramer's V                            0.1891          

                                                                                                                       Sample Size = 546
                                                                                                                     Frequency Missing = 4
 
 
 
 
 
 
 
 
 
 
                                                                                                          Job HC338302 run by AQA on 08MAR26 at 15:02
                                                                                                                         The SAS System

                                                                                                                             
                                                                                                                             ƒƒƒƒƒƒ
                                                                                                                             <.001 
 
 
 
 
 
 
 
 
 
 
 
 
 
 
 
 
 
 
 
 
 
 
 
 
 
 
 
 
 
 
 
 
 
 
 
 
 
 
 
 
 
 
 
 
 
 
 
 
 
 
 
 
 
                                                                                                          Job HC338302 run by AQA on 08MAR26 at 15:02
                                                                                                                         The SAS System

                                                                                                                       The FREQ Procedure

                                                                                                                 Table of YRSUS_C3 by FLOR_DYAD

                                                                                                              YRSUS_C3(Years lived in the US (50 States, 3-levels))
                                                                                                                        FLOR_DYAD(FLOR participant)

                                                                                                              Frequency‚
                                                                                                              Percent  ‚
                                                                                                              Row Pct  ‚
                                                                                                              Col Pct  ‚       0‚       1‚  Total
                                                                                                              ƒƒƒƒƒƒƒƒƒˆƒƒƒƒƒƒƒƒˆƒƒƒƒƒƒƒƒˆ
                                                                                                                     1 ‚     77 ‚    126 ‚    203
                                                                                                                       ‚  14.10 ‚  23.08 ‚  37.18
                                                                                                                       ‚  37.93 ‚  62.07 ‚
                                                                                                                       ‚  29.84 ‚  43.75 ‚
                                                                                                              ƒƒƒƒƒƒƒƒƒˆƒƒƒƒƒƒƒƒˆƒƒƒƒƒƒƒƒˆ
                                                                                                                     2 ‚     78 ‚     95 ‚    173
                                                                                                                       ‚  14.29 ‚  17.40 ‚  31.68
                                                                                                                       ‚  45.09 ‚  54.91 ‚
                                                                                                                       ‚  30.23 ‚  32.99 ‚
                                                                                                              ƒƒƒƒƒƒƒƒƒˆƒƒƒƒƒƒƒƒˆƒƒƒƒƒƒƒƒˆ
                                                                                                                     3 ‚    103 ‚     67 ‚    170
                                                                                                                       ‚  18.86 ‚  12.27 ‚  31.14
                                                                                                                       ‚  60.59 ‚  39.41 ‚
                                                                                                                       ‚  39.92 ‚  23.26 ‚
                                                                                                              ƒƒƒƒƒƒƒƒƒˆƒƒƒƒƒƒƒƒˆƒƒƒƒƒƒƒƒˆ
                                                                                                              Total         258      288      546
                                                                                                                          47.25    52.75   100.00

                                                                                                                     Frequency Missing = 4


                                                                                                         Statistics for Table of YRSUS_C3 by FLOR_DYAD

                                                                                                     Statistic                     DF       Value      Prob
                                                                                                     ƒƒƒƒƒƒƒƒƒƒƒƒƒƒƒƒƒƒƒƒƒƒƒƒƒƒƒƒƒƒƒƒƒƒƒƒƒƒƒƒƒƒƒƒƒƒƒƒƒƒƒƒƒƒ
                                                                                                     Chi-Square                     2     19.5323    <.0001
                                                                                                     Likelihood Ratio Chi-Square    2     19.6508    <.0001
                                                                                                     Mantel-Haenszel Chi-Square     1     18.6744    <.0001
                                                                                                     Phi Coefficient                       0.1891          
                                                                                                     Contingency Coefficient               0.1858          
                                                                                                     Cramer's V                            0.1891          

                                                                                                                       Sample Size = 546
                                                                                                                     Frequency Missing = 4
 
 
 
 
 
 
 
 
 
 
                                                                                                          Job HC338302 run by AQA on 08MAR26 at 15:02
                                                                                                                         The SAS System

                                                                                                                             
                                                                                                                             ƒƒƒƒƒƒ
                                                                                                                             <.001 
 
 
 
 
 
 
 
 
 
 
 
 
 
 
 
 
 
 
 
 
 
 
 
 
 
 
 
 
 
 
 
 
 
 
 
 
 
 
 
 
 
 
 
 
 
 
 
 
 
 
 
 
 
                                                                                                          Job HC338302 run by AQA on 08MAR26 at 15:02
                                                                                                                         The SAS System

                                                                                                                       The GLM Procedure

                                                                                                                    Class Level Information
 
                                                                                                                Class          Levels    Values

                                                                                                                FLOR_DYAD           2    0 1   


                                                                                                            Number of Observations Read         550
                                                                                                            Number of Observations Used         484
 
 
 
 
 
 
 
 
 
 
 
 
 
 
 
 
 
 
 
 
 
 
 
 
 
 
 
 
 
 
 
 
 
 
 
 
 
 
 
 
 
 
 
 
 
                                                                                                          Job HC338302 run by AQA on 08MAR26 at 15:02
                                                                                                                         The SAS System

                                                                                                                       The GLM Procedure
 
                                                                                               Dependent Variable: POVPCT   Household income, percent of poverty

                                                                                                                              Sum of
                                                                                      Source                      DF         Squares     Mean Square    F Value    Pr > F

                                                                                      Model                        1        9045.328        9045.328       0.85    0.3557

                                                                                      Error                      482     5101048.893       10583.089                     

                                                                                      Corrected Total            483     5110094.221                                     


                                                                                                      R-Square     Coeff Var      Root MSE    POVPCT Mean

                                                                                                      0.001770      80.23444      102.8741       128.2169


                                                                                      Source                      DF       Type I SS     Mean Square    F Value    Pr > F

                                                                                      FLOR_DYAD                    1     9045.327858     9045.327858       0.85    0.3557


                                                                                      Source                      DF     Type III SS     Mean Square    F Value    Pr > F

                                                                                      FLOR_DYAD                    1     9045.327858     9045.327858       0.85    0.3557
 
 
 
 
 
 
 
 
 
 
 
 
 
 
 
 
 
 
 
 
 
 
 
 
 
 
 
 
 
                                                                                                          Job HC338302 run by AQA on 08MAR26 at 15:02
                                                                                                                         The SAS System

                                                                                               Hypothesis
                                                                           Obs    Dependent       Type        Source          DF              SS              MS     FValue     ProbF

                                                                            1      POVPCT              1     FLOR_DYAD         1     9045.327858     9045.327858       0.85    0.3557
 
 
 
 
 
 
 
 
 
 
 
 
 
 
 
 
 
 
 
 
 
 
 
 
 
 
 
 
 
 
 
 
 
 
 
 
 
 
 
 
 
 
 
 
 
 
 
 
 
 
 
 
                                                                                                          Job HC338302 run by AQA on 08MAR26 at 15:02
                                                                                                                         The SAS System

                                                                                                                             
                                                                                                                             ƒƒƒƒƒƒ
                                                                                                                             0.356 
 
 
 
 
 
 
 
 
 
 
 
 
 
 
 
 
 
 
 
 
 
 
 
 
 
 
 
 
 
 
 
 
 
 
 
 
 
 
 
 
 
 
 
 
 
 
 
 
 
 
 
 
 
                                                                                                          Job HC338302 run by AQA on 08MAR26 at 15:02
                                                                                                                         The SAS System

                                                                                                                Obs    statistic        value

                                                                                                                 1     n_nonflor            233
                                                                                                                 2     mean_nonflor     132.7  
                                                                                                                 3     std_nonflor     106.9   
                                                                                                                 4     n_flor               251
                                                                                                                 5     mean_flor        124.1  
                                                                                                                 6     std_flor         99.0   
 
 
 
 
 
 
 
 
 
 
 
 
 
 
 
 
 
 
 
 
 
 
 
 
 
 
 
 
 
 
 
 
 
 
 
 
 
 
 
 
 
 
 
 
 
 
 
 
                                                                                                          Job HC338302 run by AQA on 08MAR26 at 15:02
                                                                                                                         The SAS System

                                                                                                                     The CONTENTS Procedure

                                                                                          Data Set Name        WORK.SUFFIX                   Observations          6 
                                                                                          Member Type          DATA                          Variables             2 
                                                                                          Engine               V9                            Indexes               0 
                                                                                          Created              03/08/2026 15:03:02           Observation Length    28
                                                                                          Last Modified        03/08/2026 15:03:02           Deleted Observations  0 
                                                                                          Protection                                         Compressed            NO
                                                                                          Data Set Type                                      Sorted                NO
                                                                                          Label                                                                      
                                                                                          Data Representation  WINDOWS_32                                            
                                                                                          Encoding             wlatin1  Western (Windows)                            


                                                                                                               Engine/Host Dependent Information

                                                                  Data Set Page Size          65536                                                                                          
                                                                  Number of Data Set Pages    1                                                                                              
                                                                  First Data Page             1                                                                                              
                                                                  Max Obs per Page            2329                                                                                           
                                                                  Obs in First Data Page      6                                                                                              
                                                                  Number of Data Set Repairs  0                                                                                              
                                                                  ExtendObsCounter            YES                                                                                            
                                                                  Filename                    C:\Users\ACQUIJ~1\AppData\Local\Temp\SAS Temporary Files\_TD9348_GENERALUSE-01_\suffix.sas7bdat
                                                                  Release Created             9.0401M8                                                                                       
                                                                  Host Created                W32_WIN+PRO                                                                                    
                                                                  Owner Name                  CSCC\acquijanoa                                                                                
                                                                  File Size                   128KB                                                                                          
                                                                  File Size (bytes)           131072                                                                                         


                                                                                                          Alphabetic List of Variables and Attributes
 
                                                                                                                 #    Variable     Type    Len

                                                                                                                 1    statistic    Char     20
                                                                                                                 2    value        Char      8
 
 
 
 
 
 
 
 
 
 
 
 
 
 
 
 
 
 
 
                                                                                                          Job HC338302 run by AQA on 08MAR26 at 15:02
                                                                                                                         The SAS System

                                                                                                                  mean_      std_                mean_
                                                                                             Obs    n_nonflor    nonflor    nonflor    n_flor    flor     std_flor

                                                                                              1        233        132.7      106.9      251      124.1      99.0  
 
 
 
 
 
 
 
 
 
 
 
 
 
 
 
 
 
 
 
 
 
 
 
 
 
 
 
 
 
 
 
 
 
 
 
 
 
 
 
 
 
 
 
 
 
 
 
 
 
 
 
 
                                                                                                          Job HC338302 run by AQA on 08MAR26 at 15:02
                                                                                                                         The SAS System

                                                                                                                       The FREQ Procedure

                                                                                                                   Table of N_HC by FLOR_DYAD

                                                                                                              N_HC(Health Insurance Coverage - Current)
                                                                                                                        FLOR_DYAD(FLOR participant)

                                                                                                              Frequency‚
                                                                                                              Percent  ‚
                                                                                                              Row Pct  ‚
                                                                                                              Col Pct  ‚       0‚       1‚  Total
                                                                                                              ƒƒƒƒƒƒƒƒƒˆƒƒƒƒƒƒƒƒˆƒƒƒƒƒƒƒƒˆ
                                                                                                                     0 ‚    132 ‚    151 ‚    283
                                                                                                                       ‚  24.40 ‚  27.91 ‚  52.31
                                                                                                                       ‚  46.64 ‚  53.36 ‚
                                                                                                                       ‚  51.36 ‚  53.17 ‚
                                                                                                              ƒƒƒƒƒƒƒƒƒˆƒƒƒƒƒƒƒƒˆƒƒƒƒƒƒƒƒˆ
                                                                                                                     1 ‚    125 ‚    133 ‚    258
                                                                                                                       ‚  23.11 ‚  24.58 ‚  47.69
                                                                                                                       ‚  48.45 ‚  51.55 ‚
                                                                                                                       ‚  48.64 ‚  46.83 ‚
                                                                                                              ƒƒƒƒƒƒƒƒƒˆƒƒƒƒƒƒƒƒˆƒƒƒƒƒƒƒƒˆ
                                                                                                              Total         257      284      541
                                                                                                                          47.50    52.50   100.00

                                                                                                                     Frequency Missing = 9


                                                                                                           Statistics for Table of N_HC by FLOR_DYAD

                                                                                                     Statistic                     DF       Value      Prob
                                                                                                     ƒƒƒƒƒƒƒƒƒƒƒƒƒƒƒƒƒƒƒƒƒƒƒƒƒƒƒƒƒƒƒƒƒƒƒƒƒƒƒƒƒƒƒƒƒƒƒƒƒƒƒƒƒƒ
                                                                                                     Chi-Square                     1      0.1766    0.6743
                                                                                                     Likelihood Ratio Chi-Square    1      0.1766    0.6743
                                                                                                     Continuity Adj. Chi-Square     1      0.1116    0.7383
                                                                                                     Mantel-Haenszel Chi-Square     1      0.1763    0.6746
                                                                                                     Phi Coefficient                      -0.0181          
                                                                                                     Contingency Coefficient               0.0181          
                                                                                                     Cramer's V                           -0.0181          


                                                                                                                      Fisher's Exact Test
                                                                                                               ƒƒƒƒƒƒƒƒƒƒƒƒƒƒƒƒƒƒƒƒƒƒƒƒƒƒƒƒƒƒƒƒƒƒ
                                                                                                               Cell (1,1) Frequency (F)       132
                                                                                                               Left-sided Pr <= F          0.3692
                                                                                                               Right-sided Pr >= F         0.6937
                                                                                                                                                 
                                                                                                               Table Probability (P)       0.0629
                                                                                                               Two-sided Pr <= P           0.7303

                                                                                                                       Sample Size = 541
                                                                                                                     Frequency Missing = 9
 
 
 
 
                                                                                                          Job HC338302 run by AQA on 08MAR26 at 15:02
                                                                                                                         The SAS System

                                                                                                                             
                                                                                                                             ƒƒƒƒƒƒ
                                                                                                                             0.674 
 
 
 
 
 
 
 
 
 
 
 
 
 
 
 
 
 
 
 
 
 
 
 
 
 
 
 
 
 
 
 
 
 
 
 
 
 
 
 
 
 
 
 
 
 
 
 
 
 
 
 
 
 
                                                                                                          Job HC338302 run by AQA on 08MAR26 at 15:02
                                                                                                                         The SAS System

                                                                                                                       The FREQ Procedure

                                                                                                                   Table of N_HC by FLOR_DYAD

                                                                                                              N_HC(Health Insurance Coverage - Current)
                                                                                                                        FLOR_DYAD(FLOR participant)

                                                                                                              Frequency‚
                                                                                                              Percent  ‚
                                                                                                              Row Pct  ‚
                                                                                                              Col Pct  ‚       0‚       1‚  Total
                                                                                                              ƒƒƒƒƒƒƒƒƒˆƒƒƒƒƒƒƒƒˆƒƒƒƒƒƒƒƒˆ
                                                                                                                     0 ‚    132 ‚    151 ‚    283
                                                                                                                       ‚  24.40 ‚  27.91 ‚  52.31
                                                                                                                       ‚  46.64 ‚  53.36 ‚
                                                                                                                       ‚  51.36 ‚  53.17 ‚
                                                                                                              ƒƒƒƒƒƒƒƒƒˆƒƒƒƒƒƒƒƒˆƒƒƒƒƒƒƒƒˆ
                                                                                                                     1 ‚    125 ‚    133 ‚    258
                                                                                                                       ‚  23.11 ‚  24.58 ‚  47.69
                                                                                                                       ‚  48.45 ‚  51.55 ‚
                                                                                                                       ‚  48.64 ‚  46.83 ‚
                                                                                                              ƒƒƒƒƒƒƒƒƒˆƒƒƒƒƒƒƒƒˆƒƒƒƒƒƒƒƒˆ
                                                                                                              Total         257      284      541
                                                                                                                          47.50    52.50   100.00

                                                                                                                     Frequency Missing = 9


                                                                                                           Statistics for Table of N_HC by FLOR_DYAD

                                                                                                     Statistic                     DF       Value      Prob
                                                                                                     ƒƒƒƒƒƒƒƒƒƒƒƒƒƒƒƒƒƒƒƒƒƒƒƒƒƒƒƒƒƒƒƒƒƒƒƒƒƒƒƒƒƒƒƒƒƒƒƒƒƒƒƒƒƒ
                                                                                                     Chi-Square                     1      0.1766    0.6743
                                                                                                     Likelihood Ratio Chi-Square    1      0.1766    0.6743
                                                                                                     Continuity Adj. Chi-Square     1      0.1116    0.7383
                                                                                                     Mantel-Haenszel Chi-Square     1      0.1763    0.6746
                                                                                                     Phi Coefficient                      -0.0181          
                                                                                                     Contingency Coefficient               0.0181          
                                                                                                     Cramer's V                           -0.0181          


                                                                                                                      Fisher's Exact Test
                                                                                                               ƒƒƒƒƒƒƒƒƒƒƒƒƒƒƒƒƒƒƒƒƒƒƒƒƒƒƒƒƒƒƒƒƒƒ
                                                                                                               Cell (1,1) Frequency (F)       132
                                                                                                               Left-sided Pr <= F          0.3692
                                                                                                               Right-sided Pr >= F         0.6937
                                                                                                                                                 
                                                                                                               Table Probability (P)       0.0629
                                                                                                               Two-sided Pr <= P           0.7303

                                                                                                                       Sample Size = 541
                                                                                                                     Frequency Missing = 9
 
 
 
 
                                                                                                          Job HC338302 run by AQA on 08MAR26 at 15:02
                                                                                                                         The SAS System

                                                                                                                             
                                                                                                                             ƒƒƒƒƒƒ
                                                                                                                             0.674 
 
 
 
 
 
 
 
 
 
 
 
 
 
 
 
 
 
 
 
 
 
 
 
 
 
 
 
 
 
 
 
 
 
 
 
 
 
 
 
 
 
 
 
 
 
 
 
 
 
 
 
 
 
                                                                                                          Job HC338302 run by AQA on 08MAR26 at 15:02
                                                                                                                         The SAS System

                                                                                                                       The FREQ Procedure

                                                                                                                Table of LANG_PREF by FLOR_DYAD

                                                                                                              LANG_PREF(Language preference - (1=Span, 2=Eng))
                                                                                                                        FLOR_DYAD(FLOR participant)

                                                                                                              Frequency‚
                                                                                                              Percent  ‚
                                                                                                              Row Pct  ‚
                                                                                                              Col Pct  ‚       0‚       1‚  Total
                                                                                                              ƒƒƒƒƒƒƒƒƒˆƒƒƒƒƒƒƒƒˆƒƒƒƒƒƒƒƒˆ
                                                                                                                     1 ‚    163 ‚    220 ‚    383
                                                                                                                       ‚  29.64 ‚  40.00 ‚  69.64
                                                                                                                       ‚  42.56 ‚  57.44 ‚
                                                                                                                       ‚  62.93 ‚  75.60 ‚
                                                                                                              ƒƒƒƒƒƒƒƒƒˆƒƒƒƒƒƒƒƒˆƒƒƒƒƒƒƒƒˆ
                                                                                                                     2 ‚     96 ‚     71 ‚    167
                                                                                                                       ‚  17.45 ‚  12.91 ‚  30.36
                                                                                                                       ‚  57.49 ‚  42.51 ‚
                                                                                                                       ‚  37.07 ‚  24.40 ‚
                                                                                                              ƒƒƒƒƒƒƒƒƒˆƒƒƒƒƒƒƒƒˆƒƒƒƒƒƒƒƒˆ
                                                                                                              Total         259      291      550
                                                                                                                          47.09    52.91   100.00


                                                                                                         Statistics for Table of LANG_PREF by FLOR_DYAD

                                                                                                     Statistic                     DF       Value      Prob
                                                                                                     ƒƒƒƒƒƒƒƒƒƒƒƒƒƒƒƒƒƒƒƒƒƒƒƒƒƒƒƒƒƒƒƒƒƒƒƒƒƒƒƒƒƒƒƒƒƒƒƒƒƒƒƒƒƒ
                                                                                                     Chi-Square                     1     10.3989    0.0013
                                                                                                     Likelihood Ratio Chi-Square    1     10.4084    0.0013
                                                                                                     Continuity Adj. Chi-Square     1      9.8085    0.0017
                                                                                                     Mantel-Haenszel Chi-Square     1     10.3800    0.0013
                                                                                                     Phi Coefficient                      -0.1375          
                                                                                                     Contingency Coefficient               0.1362          
                                                                                                     Cramer's V                           -0.1375          


                                                                                                                      Fisher's Exact Test
                                                                                                               ƒƒƒƒƒƒƒƒƒƒƒƒƒƒƒƒƒƒƒƒƒƒƒƒƒƒƒƒƒƒƒƒƒƒ
                                                                                                               Cell (1,1) Frequency (F)       163
                                                                                                               Left-sided Pr <= F          0.0009
                                                                                                               Right-sided Pr >= F         0.9995
                                                                                                                                                 
                                                                                                               Table Probability (P)       0.0004
                                                                                                               Two-sided Pr <= P           0.0016

                                                                                                                       Sample Size = 550
 
 
 
 
 
 
 
                                                                                                          Job HC338302 run by AQA on 08MAR26 at 15:02
                                                                                                                         The SAS System

                                                                                                                             
                                                                                                                             ƒƒƒƒƒƒ
                                                                                                                             0.001 
 
 
 
 
 
 
 
 
 
 
 
 
 
 
 
 
 
 
 
 
 
 
 
 
 
 
 
 
 
 
 
 
 
 
 
 
 
 
 
 
 
 
 
 
 
 
 
 
 
 
 
 
 
                                                                                                          Job HC338302 run by AQA on 08MAR26 at 15:02
                                                                                                                         The SAS System

                                                                                                                       The FREQ Procedure

                                                                                                                Table of LANG_PREF by FLOR_DYAD

                                                                                                              LANG_PREF(Language preference - (1=Span, 2=Eng))
                                                                                                                        FLOR_DYAD(FLOR participant)

                                                                                                              Frequency‚
                                                                                                              Percent  ‚
                                                                                                              Row Pct  ‚
                                                                                                              Col Pct  ‚       0‚       1‚  Total
                                                                                                              ƒƒƒƒƒƒƒƒƒˆƒƒƒƒƒƒƒƒˆƒƒƒƒƒƒƒƒˆ
                                                                                                                     1 ‚    163 ‚    220 ‚    383
                                                                                                                       ‚  29.64 ‚  40.00 ‚  69.64
                                                                                                                       ‚  42.56 ‚  57.44 ‚
                                                                                                                       ‚  62.93 ‚  75.60 ‚
                                                                                                              ƒƒƒƒƒƒƒƒƒˆƒƒƒƒƒƒƒƒˆƒƒƒƒƒƒƒƒˆ
                                                                                                                     2 ‚     96 ‚     71 ‚    167
                                                                                                                       ‚  17.45 ‚  12.91 ‚  30.36
                                                                                                                       ‚  57.49 ‚  42.51 ‚
                                                                                                                       ‚  37.07 ‚  24.40 ‚
                                                                                                              ƒƒƒƒƒƒƒƒƒˆƒƒƒƒƒƒƒƒˆƒƒƒƒƒƒƒƒˆ
                                                                                                              Total         259      291      550
                                                                                                                          47.09    52.91   100.00


                                                                                                         Statistics for Table of LANG_PREF by FLOR_DYAD

                                                                                                     Statistic                     DF       Value      Prob
                                                                                                     ƒƒƒƒƒƒƒƒƒƒƒƒƒƒƒƒƒƒƒƒƒƒƒƒƒƒƒƒƒƒƒƒƒƒƒƒƒƒƒƒƒƒƒƒƒƒƒƒƒƒƒƒƒƒ
                                                                                                     Chi-Square                     1     10.3989    0.0013
                                                                                                     Likelihood Ratio Chi-Square    1     10.4084    0.0013
                                                                                                     Continuity Adj. Chi-Square     1      9.8085    0.0017
                                                                                                     Mantel-Haenszel Chi-Square     1     10.3800    0.0013
                                                                                                     Phi Coefficient                      -0.1375          
                                                                                                     Contingency Coefficient               0.1362          
                                                                                                     Cramer's V                           -0.1375          


                                                                                                                      Fisher's Exact Test
                                                                                                               ƒƒƒƒƒƒƒƒƒƒƒƒƒƒƒƒƒƒƒƒƒƒƒƒƒƒƒƒƒƒƒƒƒƒ
                                                                                                               Cell (1,1) Frequency (F)       163
                                                                                                               Left-sided Pr <= F          0.0009
                                                                                                               Right-sided Pr >= F         0.9995
                                                                                                                                                 
                                                                                                               Table Probability (P)       0.0004
                                                                                                               Two-sided Pr <= P           0.0016

                                                                                                                       Sample Size = 550
 
 
 
 
 
 
 
                                                                                                          Job HC338302 run by AQA on 08MAR26 at 15:02
                                                                                                                         The SAS System

                                                                                                                             
                                                                                                                             ƒƒƒƒƒƒ
                                                                                                                             0.001 
 
 
 
 
 
 
 
 
 
 
 
 
 
 
 
 
 
 
 
 
 
 
 
 
 
 
 
 
 
 
 
 
 
 
 
 
 
 
 
 
 
 
 
 
 
 
 
 
 
 
 
 
 
                                                                                                          Job HC338302 run by AQA on 08MAR26 at 15:02
                                                                                                                         The SAS System

                                                                                                                       The GLM Procedure

                                                                                                                    Class Level Information
 
                                                                                                                Class          Levels    Values

                                                                                                                FLOR_DYAD           2    0 1   


                                                                                                            Number of Observations Read         550
                                                                                                            Number of Observations Used         544
 
 
 
 
 
 
 
 
 
 
 
 
 
 
 
 
 
 
 
 
 
 
 
 
 
 
 
 
 
 
 
 
 
 
 
 
 
 
 
 
 
 
 
 
 
                                                                                                          Job HC338302 run by AQA on 08MAR26 at 15:02
                                                                                                                         The SAS System

                                                                                                                       The GLM Procedure
 
                                                                                                  Dependent Variable: ACCULT_MESA   Acculturation Score - MESA

                                                                                                                              Sum of
                                                                                      Source                      DF         Squares     Mean Square    F Value    Pr > F

                                                                                      Model                        1       58.532586       58.532586      20.89    <.0001

                                                                                      Error                      542     1518.889749        2.802380                     

                                                                                      Corrected Total            543     1577.422335                                     


                                                                                                    R-Square     Coeff Var      Root MSE    ACCULT_MESA Mean

                                                                                                    0.037106      90.21029      1.674031            1.855699


                                                                                      Source                      DF       Type I SS     Mean Square    F Value    Pr > F

                                                                                      FLOR_DYAD                    1     58.53258551     58.53258551      20.89    <.0001


                                                                                      Source                      DF     Type III SS     Mean Square    F Value    Pr > F

                                                                                      FLOR_DYAD                    1     58.53258551     58.53258551      20.89    <.0001
 
 
 
 
 
 
 
 
 
 
 
 
 
 
 
 
 
 
 
 
 
 
 
 
 
 
 
 
 
                                                                                                          Job HC338302 run by AQA on 08MAR26 at 15:02
                                                                                                                         The SAS System

                                                                                                Hypothesis
                                                                          Obs     Dependent        Type        Source          DF              SS              MS     FValue     ProbF

                                                                           1     ACCULT_MESA            1     FLOR_DYAD         1     58.53258551     58.53258551      20.89    <.0001
 
 
 
 
 
 
 
 
 
 
 
 
 
 
 
 
 
 
 
 
 
 
 
 
 
 
 
 
 
 
 
 
 
 
 
 
 
 
 
 
 
 
 
 
 
 
 
 
 
 
 
 
                                                                                                          Job HC338302 run by AQA on 08MAR26 at 15:02
                                                                                                                         The SAS System

                                                                                                                             
                                                                                                                             ƒƒƒƒƒƒ
                                                                                                                             <.001 
 
 
 
 
 
 
 
 
 
 
 
 
 
 
 
 
 
 
 
 
 
 
 
 
 
 
 
 
 
 
 
 
 
 
 
 
 
 
 
 
 
 
 
 
 
 
 
 
 
 
 
 
 
                                                                                                          Job HC338302 run by AQA on 08MAR26 at 15:02
                                                                                                                         The SAS System

                                                                                                                 Obs    statistic       value

                                                                                                                  1     n_nonflor          257
                                                                                                                  2     mean_nonflor     2.2  
                                                                                                                  3     std_nonflor     1.8   
                                                                                                                  4     n_flor             287
                                                                                                                  5     mean_flor        1.5  
                                                                                                                  6     std_flor        1.6   
 
 
 
 
 
 
 
 
 
 
 
 
 
 
 
 
 
 
 
 
 
 
 
 
 
 
 
 
 
 
 
 
 
 
 
 
 
 
 
 
 
 
 
 
 
 
 
 
                                                                                                          Job HC338302 run by AQA on 08MAR26 at 15:02
                                                                                                                         The SAS System

                                                                                                                     The CONTENTS Procedure

                                                                                          Data Set Name        WORK.SUFFIX                   Observations          6 
                                                                                          Member Type          DATA                          Variables             2 
                                                                                          Engine               V9                            Indexes               0 
                                                                                          Created              03/08/2026 15:03:03           Observation Length    28
                                                                                          Last Modified        03/08/2026 15:03:03           Deleted Observations  0 
                                                                                          Protection                                         Compressed            NO
                                                                                          Data Set Type                                      Sorted                NO
                                                                                          Label                                                                      
                                                                                          Data Representation  WINDOWS_32                                            
                                                                                          Encoding             wlatin1  Western (Windows)                            


                                                                                                               Engine/Host Dependent Information

                                                                  Data Set Page Size          65536                                                                                          
                                                                  Number of Data Set Pages    1                                                                                              
                                                                  First Data Page             1                                                                                              
                                                                  Max Obs per Page            2329                                                                                           
                                                                  Obs in First Data Page      6                                                                                              
                                                                  Number of Data Set Repairs  0                                                                                              
                                                                  ExtendObsCounter            YES                                                                                            
                                                                  Filename                    C:\Users\ACQUIJ~1\AppData\Local\Temp\SAS Temporary Files\_TD9348_GENERALUSE-01_\suffix.sas7bdat
                                                                  Release Created             9.0401M8                                                                                       
                                                                  Host Created                W32_WIN+PRO                                                                                    
                                                                  Owner Name                  CSCC\acquijanoa                                                                                
                                                                  File Size                   128KB                                                                                          
                                                                  File Size (bytes)           131072                                                                                         


                                                                                                          Alphabetic List of Variables and Attributes
 
                                                                                                                 #    Variable     Type    Len

                                                                                                                 1    statistic    Char     20
                                                                                                                 2    value        Char      8
 
 
 
 
 
 
 
 
 
 
 
 
 
 
 
 
 
 
 
                                                                                                          Job HC338302 run by AQA on 08MAR26 at 15:02
                                                                                                                         The SAS System

                                                                                                                  mean_      std_                mean_
                                                                                             Obs    n_nonflor    nonflor    nonflor    n_flor    flor     std_flor

                                                                                              1        257         2.2        1.8       287       1.5       1.6   
 
 
 
 
 
 
 
 
 
 
 
 
 
 
 
 
 
 
 
 
 
 
 
 
 
 
 
 
 
 
 
 
 
 
 
 
 
 
 
 
 
 
 
 
 
 
 
 
 
 
 
 
                                                                                                          Job HC338302 run by AQA on 08MAR26 at 15:02
                                                                                                                         The SAS System

                                                                                                                       The GLM Procedure

                                                                                                                    Class Level Information
 
                                                                                                                Class          Levels    Values

                                                                                                                FLOR_DYAD           2    0 1   


                                                                                                            Number of Observations Read         550
                                                                                                            Number of Observations Used         545
 
 
 
 
 
 
 
 
 
 
 
 
 
 
 
 
 
 
 
 
 
 
 
 
 
 
 
 
 
 
 
 
 
 
 
 
 
 
 
 
 
 
 
 
 
                                                                                                          Job HC338302 run by AQA on 08MAR26 at 15:02
                                                                                                                         The SAS System

                                                                                                                       The GLM Procedure
 
                                                                                     Dependent Variable: AGG_PHYS   Aggregate physical health score norm-based transformed

                                                                                                                              Sum of
                                                                                      Source                      DF         Squares     Mean Square    F Value    Pr > F

                                                                                      Model                        1       182.72880       182.72880       4.03    0.0453

                                                                                      Error                      543     24644.30679        45.38546                     

                                                                                      Corrected Total            544     24827.03559                                     


                                                                                                     R-Square     Coeff Var      Root MSE    AGG_PHYS Mean

                                                                                                     0.007360      12.84320      6.736873         52.45477


                                                                                      Source                      DF       Type I SS     Mean Square    F Value    Pr > F

                                                                                      FLOR_DYAD                    1     182.7288028     182.7288028       4.03    0.0453


                                                                                      Source                      DF     Type III SS     Mean Square    F Value    Pr > F

                                                                                      FLOR_DYAD                    1     182.7288028     182.7288028       4.03    0.0453
 
 
 
 
 
 
 
 
 
 
 
 
 
 
 
 
 
 
 
 
 
 
 
 
 
 
 
 
 
                                                                                                          Job HC338302 run by AQA on 08MAR26 at 15:02
                                                                                                                         The SAS System

                                                                                               Hypothesis
                                                                           Obs    Dependent       Type        Source          DF              SS              MS     FValue     ProbF

                                                                            1     AGG_PHYS             1     FLOR_DYAD         1     182.7288028     182.7288028       4.03    0.0453
 
 
 
 
 
 
 
 
 
 
 
 
 
 
 
 
 
 
 
 
 
 
 
 
 
 
 
 
 
 
 
 
 
 
 
 
 
 
 
 
 
 
 
 
 
 
 
 
 
 
 
 
                                                                                                          Job HC338302 run by AQA on 08MAR26 at 15:02
                                                                                                                         The SAS System

                                                                                                                             
                                                                                                                             ƒƒƒƒƒƒ
                                                                                                                             0.045 
 
 
 
 
 
 
 
 
 
 
 
 
 
 
 
 
 
 
 
 
 
 
 
 
 
 
 
 
 
 
 
 
 
 
 
 
 
 
 
 
 
 
 
 
 
 
 
 
 
 
 
 
 
                                                                                                          Job HC338302 run by AQA on 08MAR26 at 15:02
                                                                                                                         The SAS System

                                                                                                                 Obs    statistic       value

                                                                                                                  1     n_nonflor          256
                                                                                                                  2     mean_nonflor    51.8  
                                                                                                                  3     std_nonflor     7.5   
                                                                                                                  4     n_flor             289
                                                                                                                  5     mean_flor       53.0  
                                                                                                                  6     std_flor        6.0   
 
 
 
 
 
 
 
 
 
 
 
 
 
 
 
 
 
 
 
 
 
 
 
 
 
 
 
 
 
 
 
 
 
 
 
 
 
 
 
 
 
 
 
 
 
 
 
 
                                                                                                          Job HC338302 run by AQA on 08MAR26 at 15:02
                                                                                                                         The SAS System

                                                                                                                     The CONTENTS Procedure

                                                                                          Data Set Name        WORK.SUFFIX                   Observations          6 
                                                                                          Member Type          DATA                          Variables             2 
                                                                                          Engine               V9                            Indexes               0 
                                                                                          Created              03/08/2026 15:03:03           Observation Length    28
                                                                                          Last Modified        03/08/2026 15:03:03           Deleted Observations  0 
                                                                                          Protection                                         Compressed            NO
                                                                                          Data Set Type                                      Sorted                NO
                                                                                          Label                                                                      
                                                                                          Data Representation  WINDOWS_32                                            
                                                                                          Encoding             wlatin1  Western (Windows)                            


                                                                                                               Engine/Host Dependent Information

                                                                  Data Set Page Size          65536                                                                                          
                                                                  Number of Data Set Pages    1                                                                                              
                                                                  First Data Page             1                                                                                              
                                                                  Max Obs per Page            2329                                                                                           
                                                                  Obs in First Data Page      6                                                                                              
                                                                  Number of Data Set Repairs  0                                                                                              
                                                                  ExtendObsCounter            YES                                                                                            
                                                                  Filename                    C:\Users\ACQUIJ~1\AppData\Local\Temp\SAS Temporary Files\_TD9348_GENERALUSE-01_\suffix.sas7bdat
                                                                  Release Created             9.0401M8                                                                                       
                                                                  Host Created                W32_WIN+PRO                                                                                    
                                                                  Owner Name                  CSCC\acquijanoa                                                                                
                                                                  File Size                   128KB                                                                                          
                                                                  File Size (bytes)           131072                                                                                         


                                                                                                          Alphabetic List of Variables and Attributes
 
                                                                                                                 #    Variable     Type    Len

                                                                                                                 1    statistic    Char     20
                                                                                                                 2    value        Char      8
 
 
 
 
 
 
 
 
 
 
 
 
 
 
 
 
 
 
 
                                                                                                          Job HC338302 run by AQA on 08MAR26 at 15:02
                                                                                                                         The SAS System

                                                                                                                  mean_      std_                mean_
                                                                                             Obs    n_nonflor    nonflor    nonflor    n_flor    flor     std_flor

                                                                                              1        256        51.8        7.5       289      53.0       6.0   
 
 
 
 
 
 
 
 
 
 
 
 
 
 
 
 
 
 
 
 
 
 
 
 
 
 
 
 
 
 
 
 
 
 
 
 
 
 
 
 
 
 
 
 
 
 
 
 
 
 
 
 
                                                                                                          Job HC338302 run by AQA on 08MAR26 at 15:02
                                                                                                                         The SAS System

                                                                                                                       The GLM Procedure

                                                                                                                    Class Level Information
 
                                                                                                                Class          Levels    Values

                                                                                                                FLOR_DYAD           2    0 1   


                                                                                                            Number of Observations Read         550
                                                                                                            Number of Observations Used         545
 
 
 
 
 
 
 
 
 
 
 
 
 
 
 
 
 
 
 
 
 
 
 
 
 
 
 
 
 
 
 
 
 
 
 
 
 
 
 
 
 
 
 
 
 
                                                                                                          Job HC338302 run by AQA on 08MAR26 at 15:02
                                                                                                                         The SAS System

                                                                                                                       The GLM Procedure
 
                                                                                      Dependent Variable: AGG_MENT   Aggregate mental health score norm-based transformed

                                                                                                                              Sum of
                                                                                      Source                      DF         Squares     Mean Square    F Value    Pr > F

                                                                                      Model                        1        24.74627        24.74627       0.19    0.6601

                                                                                      Error                      543     69409.58397       127.82612                     

                                                                                      Corrected Total            544     69434.33024                                     


                                                                                                     R-Square     Coeff Var      Root MSE    AGG_MENT Mean

                                                                                                     0.000356      23.77935      11.30602         47.54555


                                                                                      Source                      DF       Type I SS     Mean Square    F Value    Pr > F

                                                                                      FLOR_DYAD                    1     24.74627130     24.74627130       0.19    0.6601


                                                                                      Source                      DF     Type III SS     Mean Square    F Value    Pr > F

                                                                                      FLOR_DYAD                    1     24.74627130     24.74627130       0.19    0.6601
 
 
 
 
 
 
 
 
 
 
 
 
 
 
 
 
 
 
 
 
 
 
 
 
 
 
 
 
 
                                                                                                          Job HC338302 run by AQA on 08MAR26 at 15:02
                                                                                                                         The SAS System

                                                                                               Hypothesis
                                                                           Obs    Dependent       Type        Source          DF              SS              MS     FValue     ProbF

                                                                            1     AGG_MENT             1     FLOR_DYAD         1     24.74627130     24.74627130       0.19    0.6601
 
 
 
 
 
 
 
 
 
 
 
 
 
 
 
 
 
 
 
 
 
 
 
 
 
 
 
 
 
 
 
 
 
 
 
 
 
 
 
 
 
 
 
 
 
 
 
 
 
 
 
 
                                                                                                          Job HC338302 run by AQA on 08MAR26 at 15:02
                                                                                                                         The SAS System

                                                                                                                             
                                                                                                                             ƒƒƒƒƒƒ
                                                                                                                             0.660 
 
 
 
 
 
 
 
 
 
 
 
 
 
 
 
 
 
 
 
 
 
 
 
 
 
 
 
 
 
 
 
 
 
 
 
 
 
 
 
 
 
 
 
 
 
 
 
 
 
 
 
 
 
                                                                                                          Job HC338302 run by AQA on 08MAR26 at 15:02
                                                                                                                         The SAS System

                                                                                                                 Obs    statistic        value

                                                                                                                  1     n_nonflor           256
                                                                                                                  2     mean_nonflor     47.8  
                                                                                                                  3     std_nonflor     11.4   
                                                                                                                  4     n_flor              289
                                                                                                                  5     mean_flor        47.3  
                                                                                                                  6     std_flor        11.2   
 
 
 
 
 
 
 
 
 
 
 
 
 
 
 
 
 
 
 
 
 
 
 
 
 
 
 
 
 
 
 
 
 
 
 
 
 
 
 
 
 
 
 
 
 
 
 
 
                                                                                                          Job HC338302 run by AQA on 08MAR26 at 15:02
                                                                                                                         The SAS System

                                                                                                                     The CONTENTS Procedure

                                                                                          Data Set Name        WORK.SUFFIX                   Observations          6 
                                                                                          Member Type          DATA                          Variables             2 
                                                                                          Engine               V9                            Indexes               0 
                                                                                          Created              03/08/2026 15:03:04           Observation Length    28
                                                                                          Last Modified        03/08/2026 15:03:04           Deleted Observations  0 
                                                                                          Protection                                         Compressed            NO
                                                                                          Data Set Type                                      Sorted                NO
                                                                                          Label                                                                      
                                                                                          Data Representation  WINDOWS_32                                            
                                                                                          Encoding             wlatin1  Western (Windows)                            


                                                                                                               Engine/Host Dependent Information

                                                                  Data Set Page Size          65536                                                                                          
                                                                  Number of Data Set Pages    1                                                                                              
                                                                  First Data Page             1                                                                                              
                                                                  Max Obs per Page            2329                                                                                           
                                                                  Obs in First Data Page      6                                                                                              
                                                                  Number of Data Set Repairs  0                                                                                              
                                                                  ExtendObsCounter            YES                                                                                            
                                                                  Filename                    C:\Users\ACQUIJ~1\AppData\Local\Temp\SAS Temporary Files\_TD9348_GENERALUSE-01_\suffix.sas7bdat
                                                                  Release Created             9.0401M8                                                                                       
                                                                  Host Created                W32_WIN+PRO                                                                                    
                                                                  Owner Name                  CSCC\acquijanoa                                                                                
                                                                  File Size                   128KB                                                                                          
                                                                  File Size (bytes)           131072                                                                                         


                                                                                                          Alphabetic List of Variables and Attributes
 
                                                                                                                 #    Variable     Type    Len

                                                                                                                 1    statistic    Char     20
                                                                                                                 2    value        Char      8
 
 
 
 
 
 
 
 
 
 
 
 
 
 
 
 
 
 
 
                                                                                                          Job HC338302 run by AQA on 08MAR26 at 15:02
                                                                                                                         The SAS System

                                                                                                                  mean_      std_                mean_
                                                                                             Obs    n_nonflor    nonflor    nonflor    n_flor    flor     std_flor

                                                                                              1        256        47.8       11.4       289      47.3       11.2  
 
 
 
 
 
 
 
 
 
 
 
 
 
 
 
 
 
 
 
 
 
 
 
 
 
 
 
 
 
 
 
 
 
 
 
 
 
 
 
 
 
 
 
 
 
 
 
 
 
 
 
 
                                                                                                          Job HC338302 run by AQA on 08MAR26 at 15:02
                                                                                                                         The SAS System

                                                                                                                       The GLM Procedure

                                                                                                                    Class Level Information
 
                                                                                                                Class          Levels    Values

                                                                                                                FLOR_DYAD           2    0 1   


                                                                                                            Number of Observations Read         550
                                                                                                            Number of Observations Used         539
 
 
 
 
 
 
 
 
 
 
 
 
 
 
 
 
 
 
 
 
 
 
 
 
 
 
 
 
 
 
 
 
 
 
 
 
 
 
 
 
 
 
 
 
 
                                                                                                          Job HC338302 run by AQA on 08MAR26 at 15:02
                                                                                                                         The SAS System

                                                                                                                       The GLM Procedure
 
                                                                                                          Dependent Variable: CESD10   10-item CESD10

                                                                                                                              Sum of
                                                                                      Source                      DF         Squares     Mean Square    F Value    Pr > F

                                                                                      Model                        1        31.12528        31.12528       0.94    0.3338

                                                                                      Error                      537     17858.60756        33.25625                     

                                                                                      Corrected Total            538     17889.73284                                     


                                                                                                      R-Square     Coeff Var      Root MSE    CESD10 Mean

                                                                                                      0.001740      82.64605      5.766823       6.977737


                                                                                      Source                      DF       Type I SS     Mean Square    F Value    Pr > F

                                                                                      FLOR_DYAD                    1     31.12528230     31.12528230       0.94    0.3338


                                                                                      Source                      DF     Type III SS     Mean Square    F Value    Pr > F

                                                                                      FLOR_DYAD                    1     31.12528230     31.12528230       0.94    0.3338
 
 
 
 
 
 
 
 
 
 
 
 
 
 
 
 
 
 
 
 
 
 
 
 
 
 
 
 
 
                                                                                                          Job HC338302 run by AQA on 08MAR26 at 15:02
                                                                                                                         The SAS System

                                                                                               Hypothesis
                                                                           Obs    Dependent       Type        Source          DF              SS              MS     FValue     ProbF

                                                                            1      CESD10              1     FLOR_DYAD         1     31.12528230     31.12528230       0.94    0.3338
 
 
 
 
 
 
 
 
 
 
 
 
 
 
 
 
 
 
 
 
 
 
 
 
 
 
 
 
 
 
 
 
 
 
 
 
 
 
 
 
 
 
 
 
 
 
 
 
 
 
 
 
                                                                                                          Job HC338302 run by AQA on 08MAR26 at 15:02
                                                                                                                         The SAS System

                                                                                                                             
                                                                                                                             ƒƒƒƒƒƒ
                                                                                                                             0.334 
 
 
 
 
 
 
 
 
 
 
 
 
 
 
 
 
 
 
 
 
 
 
 
 
 
 
 
 
 
 
 
 
 
 
 
 
 
 
 
 
 
 
 
 
 
 
 
 
 
 
 
 
 
                                                                                                          Job HC338302 run by AQA on 08MAR26 at 15:02
                                                                                                                         The SAS System

                                                                                                                 Obs    statistic       value

                                                                                                                  1     n_nonflor          254
                                                                                                                  2     mean_nonflor     7.2  
                                                                                                                  3     std_nonflor     6.1   
                                                                                                                  4     n_flor             285
                                                                                                                  5     mean_flor        6.8  
                                                                                                                  6     std_flor        5.5   
 
 
 
 
 
 
 
 
 
 
 
 
 
 
 
 
 
 
 
 
 
 
 
 
 
 
 
 
 
 
 
 
 
 
 
 
 
 
 
 
 
 
 
 
 
 
 
 
                                                                                                          Job HC338302 run by AQA on 08MAR26 at 15:02
                                                                                                                         The SAS System

                                                                                                                     The CONTENTS Procedure

                                                                                          Data Set Name        WORK.SUFFIX                   Observations          6 
                                                                                          Member Type          DATA                          Variables             2 
                                                                                          Engine               V9                            Indexes               0 
                                                                                          Created              03/08/2026 15:03:04           Observation Length    28
                                                                                          Last Modified        03/08/2026 15:03:04           Deleted Observations  0 
                                                                                          Protection                                         Compressed            NO
                                                                                          Data Set Type                                      Sorted                NO
                                                                                          Label                                                                      
                                                                                          Data Representation  WINDOWS_32                                            
                                                                                          Encoding             wlatin1  Western (Windows)                            


                                                                                                               Engine/Host Dependent Information

                                                                  Data Set Page Size          65536                                                                                          
                                                                  Number of Data Set Pages    1                                                                                              
                                                                  First Data Page             1                                                                                              
                                                                  Max Obs per Page            2329                                                                                           
                                                                  Obs in First Data Page      6                                                                                              
                                                                  Number of Data Set Repairs  0                                                                                              
                                                                  ExtendObsCounter            YES                                                                                            
                                                                  Filename                    C:\Users\ACQUIJ~1\AppData\Local\Temp\SAS Temporary Files\_TD9348_GENERALUSE-01_\suffix.sas7bdat
                                                                  Release Created             9.0401M8                                                                                       
                                                                  Host Created                W32_WIN+PRO                                                                                    
                                                                  Owner Name                  CSCC\acquijanoa                                                                                
                                                                  File Size                   128KB                                                                                          
                                                                  File Size (bytes)           131072                                                                                         


                                                                                                          Alphabetic List of Variables and Attributes
 
                                                                                                                 #    Variable     Type    Len

                                                                                                                 1    statistic    Char     20
                                                                                                                 2    value        Char      8
 
 
 
 
 
 
 
 
 
 
 
 
 
 
 
 
 
 
 
                                                                                                          Job HC338302 run by AQA on 08MAR26 at 15:02
                                                                                                                         The SAS System

                                                                                                                  mean_      std_                mean_
                                                                                             Obs    n_nonflor    nonflor    nonflor    n_flor    flor     std_flor

                                                                                              1        254         7.2        6.1       285       6.8       5.5   
 
 
 
 
 
 
 
 
 
 
 
 
 
 
 
 
 
 
 
 
 
 
 
 
 
 
 
 
 
 
 
 
 
 
 
 
 
 
 
 
 
 
 
 
 
 
 
 
 
 
 
 
                                                                                                          Job HC338302 run by AQA on 08MAR26 at 15:02
                                                                                                                         The SAS System

                                                                                                                       The GLM Procedure

                                                                                                                    Class Level Information
 
                                                                                                                Class          Levels    Values

                                                                                                                FLOR_DYAD           2    0 1   


                                                                                                            Number of Observations Read         550
                                                                                                            Number of Observations Used         539
 
 
 
 
 
 
 
 
 
 
 
 
 
 
 
 
 
 
 
 
 
 
 
 
 
 
 
 
 
 
 
 
 
 
 
 
 
 
 
 
 
 
 
 
 
                                                                                                          Job HC338302 run by AQA on 08MAR26 at 15:02
                                                                                                                         The SAS System

                                                                                                                       The GLM Procedure
 
                                                                                               Dependent Variable: STAI10   10-Item State Trait Anxiety Inventory

                                                                                                                              Sum of
                                                                                      Source                      DF         Squares     Mean Square    F Value    Pr > F

                                                                                      Model                        1        35.85359        35.85359       1.07    0.3004

                                                                                      Error                      537     17920.31472        33.37116                     

                                                                                      Corrected Total            538     17956.16830                                     


                                                                                                      R-Square     Coeff Var      Root MSE    STAI10 Mean

                                                                                                      0.001997      32.46125      5.776778       17.79592


                                                                                      Source                      DF       Type I SS     Mean Square    F Value    Pr > F

                                                                                      FLOR_DYAD                    1     35.85358863     35.85358863       1.07    0.3004


                                                                                      Source                      DF     Type III SS     Mean Square    F Value    Pr > F

                                                                                      FLOR_DYAD                    1     35.85358863     35.85358863       1.07    0.3004
 
 
 
 
 
 
 
 
 
 
 
 
 
 
 
 
 
 
 
 
 
 
 
 
 
 
 
 
 
                                                                                                          Job HC338302 run by AQA on 08MAR26 at 15:02
                                                                                                                         The SAS System

                                                                                               Hypothesis
                                                                           Obs    Dependent       Type        Source          DF              SS              MS     FValue     ProbF

                                                                            1      STAI10              1     FLOR_DYAD         1     35.85358863     35.85358863       1.07    0.3004
 
 
 
 
 
 
 
 
 
 
 
 
 
 
 
 
 
 
 
 
 
 
 
 
 
 
 
 
 
 
 
 
 
 
 
 
 
 
 
 
 
 
 
 
 
 
 
 
 
 
 
 
                                                                                                          Job HC338302 run by AQA on 08MAR26 at 15:02
                                                                                                                         The SAS System

                                                                                                                             
                                                                                                                             ƒƒƒƒƒƒ
                                                                                                                             0.300 
 
 
 
 
 
 
 
 
 
 
 
 
 
 
 
 
 
 
 
 
 
 
 
 
 
 
 
 
 
 
 
 
 
 
 
 
 
 
 
 
 
 
 
 
 
 
 
 
 
 
 
 
 
                                                                                                          Job HC338302 run by AQA on 08MAR26 at 15:02
                                                                                                                         The SAS System

                                                                                                                 Obs    statistic       value

                                                                                                                  1     n_nonflor          254
                                                                                                                  2     mean_nonflor    18.1  
                                                                                                                  3     std_nonflor     5.9   
                                                                                                                  4     n_flor             285
                                                                                                                  5     mean_flor       17.6  
                                                                                                                  6     std_flor        5.7   
 
 
 
 
 
 
 
 
 
 
 
 
 
 
 
 
 
 
 
 
 
 
 
 
 
 
 
 
 
 
 
 
 
 
 
 
 
 
 
 
 
 
 
 
 
 
 
 
                                                                                                          Job HC338302 run by AQA on 08MAR26 at 15:02
                                                                                                                         The SAS System

                                                                                                                     The CONTENTS Procedure

                                                                                          Data Set Name        WORK.SUFFIX                   Observations          6 
                                                                                          Member Type          DATA                          Variables             2 
                                                                                          Engine               V9                            Indexes               0 
                                                                                          Created              03/08/2026 15:03:04           Observation Length    28
                                                                                          Last Modified        03/08/2026 15:03:04           Deleted Observations  0 
                                                                                          Protection                                         Compressed            NO
                                                                                          Data Set Type                                      Sorted                NO
                                                                                          Label                                                                      
                                                                                          Data Representation  WINDOWS_32                                            
                                                                                          Encoding             wlatin1  Western (Windows)                            


                                                                                                               Engine/Host Dependent Information

                                                                  Data Set Page Size          65536                                                                                          
                                                                  Number of Data Set Pages    1                                                                                              
                                                                  First Data Page             1                                                                                              
                                                                  Max Obs per Page            2329                                                                                           
                                                                  Obs in First Data Page      6                                                                                              
                                                                  Number of Data Set Repairs  0                                                                                              
                                                                  ExtendObsCounter            YES                                                                                            
                                                                  Filename                    C:\Users\ACQUIJ~1\AppData\Local\Temp\SAS Temporary Files\_TD9348_GENERALUSE-01_\suffix.sas7bdat
                                                                  Release Created             9.0401M8                                                                                       
                                                                  Host Created                W32_WIN+PRO                                                                                    
                                                                  Owner Name                  CSCC\acquijanoa                                                                                
                                                                  File Size                   128KB                                                                                          
                                                                  File Size (bytes)           131072                                                                                         


                                                                                                          Alphabetic List of Variables and Attributes
 
                                                                                                                 #    Variable     Type    Len

                                                                                                                 1    statistic    Char     20
                                                                                                                 2    value        Char      8
 
 
 
 
 
 
 
 
 
 
 
 
 
 
 
 
 
 
 
                                                                                                          Job HC338302 run by AQA on 08MAR26 at 15:02
                                                                                                                         The SAS System

                                                                                                                  mean_      std_                mean_
                                                                                             Obs    n_nonflor    nonflor    nonflor    n_flor    flor     std_flor

                                                                                              1        254        18.1        5.9       285      17.6       5.7   
 
 
 
 
 
 
 
 
 
 
 
 
 
 
 
 
 
 
 
 
 
 
 
 
 
 
 
 
 
 
 
 
 
 
 
 
 
 
 
 
 
 
 
 
 
 
 
 
 
 
 
 
                                                                                                          Job HC338302 run by AQA on 08MAR26 at 15:02
                                                                                                                         The SAS System

                                                                                                                       The GLM Procedure

                                                                                                                    Class Level Information
 
                                                                                                                Class          Levels    Values

                                                                                                                FLOR_DYAD           2    0 1   


                                                                                                            Number of Observations Read         550
                                                                                                            Number of Observations Used         547
 
 
 
 
 
 
 
 
 
 
 
 
 
 
 
 
 
 
 
 
 
 
 
 
 
 
 
 
 
 
 
 
 
 
 
 
 
 
 
 
 
 
 
 
 
                                                                                                          Job HC338302 run by AQA on 08MAR26 at 15:02
                                                                                                                         The SAS System

                                                                                                                       The GLM Procedure
 
                                                                                                             Dependent Variable: BMI   BMI (kg/m2)

                                                                                                                              Sum of
                                                                                      Source                      DF         Squares     Mean Square    F Value    Pr > F

                                                                                      Model                        1        69.96609        69.96609       1.69    0.1944

                                                                                      Error                      545     22584.94345        41.44026                     

                                                                                      Corrected Total            546     22654.90954                                     


                                                                                                       R-Square     Coeff Var      Root MSE      BMI Mean

                                                                                                       0.003088      22.80049      6.437411      28.23365


                                                                                      Source                      DF       Type I SS     Mean Square    F Value    Pr > F

                                                                                      FLOR_DYAD                    1     69.96609390     69.96609390       1.69    0.1944


                                                                                      Source                      DF     Type III SS     Mean Square    F Value    Pr > F

                                                                                      FLOR_DYAD                    1     69.96609390     69.96609390       1.69    0.1944
 
 
 
 
 
 
 
 
 
 
 
 
 
 
 
 
 
 
 
 
 
 
 
 
 
 
 
 
 
                                                                                                          Job HC338302 run by AQA on 08MAR26 at 15:02
                                                                                                                         The SAS System

                                                                                               Hypothesis
                                                                           Obs    Dependent       Type        Source          DF              SS              MS     FValue     ProbF

                                                                            1        BMI               1     FLOR_DYAD         1     69.96609390     69.96609390       1.69    0.1944
 
 
 
 
 
 
 
 
 
 
 
 
 
 
 
 
 
 
 
 
 
 
 
 
 
 
 
 
 
 
 
 
 
 
 
 
 
 
 
 
 
 
 
 
 
 
 
 
 
 
 
 
                                                                                                          Job HC338302 run by AQA on 08MAR26 at 15:02
                                                                                                                         The SAS System

                                                                                                                             
                                                                                                                             ƒƒƒƒƒƒ
                                                                                                                             0.194 
 
 
 
 
 
 
 
 
 
 
 
 
 
 
 
 
 
 
 
 
 
 
 
 
 
 
 
 
 
 
 
 
 
 
 
 
 
 
 
 
 
 
 
 
 
 
 
 
 
 
 
 
 
                                                                                                          Job HC338302 run by AQA on 08MAR26 at 15:02
                                                                                                                         The SAS System

                                                                                                                 Obs    statistic       value

                                                                                                                  1     n_nonflor          258
                                                                                                                  2     mean_nonflor    28.6  
                                                                                                                  3     std_nonflor     6.6   
                                                                                                                  4     n_flor             289
                                                                                                                  5     mean_flor       27.9  
                                                                                                                  6     std_flor        6.3   
 
 
 
 
 
 
 
 
 
 
 
 
 
 
 
 
 
 
 
 
 
 
 
 
 
 
 
 
 
 
 
 
 
 
 
 
 
 
 
 
 
 
 
 
 
 
 
 
                                                                                                          Job HC338302 run by AQA on 08MAR26 at 15:02
                                                                                                                         The SAS System

                                                                                                                     The CONTENTS Procedure

                                                                                          Data Set Name        WORK.SUFFIX                   Observations          6 
                                                                                          Member Type          DATA                          Variables             2 
                                                                                          Engine               V9                            Indexes               0 
                                                                                          Created              03/08/2026 15:03:04           Observation Length    28
                                                                                          Last Modified        03/08/2026 15:03:04           Deleted Observations  0 
                                                                                          Protection                                         Compressed            NO
                                                                                          Data Set Type                                      Sorted                NO
                                                                                          Label                                                                      
                                                                                          Data Representation  WINDOWS_32                                            
                                                                                          Encoding             wlatin1  Western (Windows)                            


                                                                                                               Engine/Host Dependent Information

                                                                  Data Set Page Size          65536                                                                                          
                                                                  Number of Data Set Pages    1                                                                                              
                                                                  First Data Page             1                                                                                              
                                                                  Max Obs per Page            2329                                                                                           
                                                                  Obs in First Data Page      6                                                                                              
                                                                  Number of Data Set Repairs  0                                                                                              
                                                                  ExtendObsCounter            YES                                                                                            
                                                                  Filename                    C:\Users\ACQUIJ~1\AppData\Local\Temp\SAS Temporary Files\_TD9348_GENERALUSE-01_\suffix.sas7bdat
                                                                  Release Created             9.0401M8                                                                                       
                                                                  Host Created                W32_WIN+PRO                                                                                    
                                                                  Owner Name                  CSCC\acquijanoa                                                                                
                                                                  File Size                   128KB                                                                                          
                                                                  File Size (bytes)           131072                                                                                         


                                                                                                          Alphabetic List of Variables and Attributes
 
                                                                                                                 #    Variable     Type    Len

                                                                                                                 1    statistic    Char     20
                                                                                                                 2    value        Char      8
 
 
 
 
 
 
 
 
 
 
 
 
 
 
 
 
 
 
 
                                                                                                          Job HC338302 run by AQA on 08MAR26 at 15:02
                                                                                                                         The SAS System

                                                                                                                  mean_      std_                mean_
                                                                                             Obs    n_nonflor    nonflor    nonflor    n_flor    flor     std_flor

                                                                                              1        258        28.6        6.6       289      27.9       6.3   
 
 
 
 
 
 
 
 
 
 
 
 
 
 
 
 
 
 
 
 
 
 
 
 
 
 
 
 
 
 
 
 
 
 
 
 
 
 
 
 
 
 
 
 
 
 
 
 
 
 
 
 
                                                                                                          Job HC338302 run by AQA on 08MAR26 at 15:02
                                                                                                                         The SAS System

                                                                                                                       The GLM Procedure

                                                                                                                    Class Level Information
 
                                                                                                                Class          Levels    Values

                                                                                                                FLOR_DYAD           2    0 1   


                                                                                                            Number of Observations Read         550
                                                                                                            Number of Observations Used         548
 
 
 
 
 
 
 
 
 
 
 
 
 
 
 
 
 
 
 
 
 
 
 
 
 
 
 
 
 
 
 
 
 
 
 
 
 
 
 
 
 
 
 
 
 
                                                                                                          Job HC338302 run by AQA on 08MAR26 at 15:02
                                                                                                                         The SAS System

                                                                                                                       The GLM Procedure
 
                                                                                                    Dependent Variable: ANTA10A   Waist Girth (cm) (ANTA10A)

                                                                                                                              Sum of
                                                                                      Source                      DF         Squares     Mean Square    F Value    Pr > F

                                                                                      Model                        1        210.2281        210.2281       1.00    0.3186

                                                                                      Error                      546     115166.2738        210.9272                     

                                                                                      Corrected Total            547     115376.5018                                     


                                                                                                      R-Square     Coeff Var      Root MSE    ANTA10A Mean

                                                                                                      0.001822      15.71237      14.52333        92.43248


                                                                                      Source                      DF       Type I SS     Mean Square    F Value    Pr > F

                                                                                      FLOR_DYAD                    1     210.2280745     210.2280745       1.00    0.3186


                                                                                      Source                      DF     Type III SS     Mean Square    F Value    Pr > F

                                                                                      FLOR_DYAD                    1     210.2280745     210.2280745       1.00    0.3186
 
 
 
 
 
 
 
 
 
 
 
 
 
 
 
 
 
 
 
 
 
 
 
 
 
 
 
 
 
                                                                                                          Job HC338302 run by AQA on 08MAR26 at 15:02
                                                                                                                         The SAS System

                                                                                               Hypothesis
                                                                           Obs    Dependent       Type        Source          DF              SS              MS     FValue     ProbF

                                                                            1      ANTA10A             1     FLOR_DYAD         1     210.2280745     210.2280745       1.00    0.3186
 
 
 
 
 
 
 
 
 
 
 
 
 
 
 
 
 
 
 
 
 
 
 
 
 
 
 
 
 
 
 
 
 
 
 
 
 
 
 
 
 
 
 
 
 
 
 
 
 
 
 
 
                                                                                                          Job HC338302 run by AQA on 08MAR26 at 15:02
                                                                                                                         The SAS System

                                                                                                                             
                                                                                                                             ƒƒƒƒƒƒ
                                                                                                                             0.319 
 
 
 
 
 
 
 
 
 
 
 
 
 
 
 
 
 
 
 
 
 
 
 
 
 
 
 
 
 
 
 
 
 
 
 
 
 
 
 
 
 
 
 
 
 
 
 
 
 
 
 
 
 
                                                                                                          Job HC338302 run by AQA on 08MAR26 at 15:02
                                                                                                                         The SAS System

                                                                                                                 Obs    statistic        value

                                                                                                                  1     n_nonflor           258
                                                                                                                  2     mean_nonflor     93.1  
                                                                                                                  3     std_nonflor     15.2   
                                                                                                                  4     n_flor              290
                                                                                                                  5     mean_flor        91.8  
                                                                                                                  6     std_flor        13.9   
 
 
 
 
 
 
 
 
 
 
 
 
 
 
 
 
 
 
 
 
 
 
 
 
 
 
 
 
 
 
 
 
 
 
 
 
 
 
 
 
 
 
 
 
 
 
 
 
                                                                                                          Job HC338302 run by AQA on 08MAR26 at 15:02
                                                                                                                         The SAS System

                                                                                                                     The CONTENTS Procedure

                                                                                          Data Set Name        WORK.SUFFIX                   Observations          6 
                                                                                          Member Type          DATA                          Variables             2 
                                                                                          Engine               V9                            Indexes               0 
                                                                                          Created              03/08/2026 15:03:04           Observation Length    28
                                                                                          Last Modified        03/08/2026 15:03:04           Deleted Observations  0 
                                                                                          Protection                                         Compressed            NO
                                                                                          Data Set Type                                      Sorted                NO
                                                                                          Label                                                                      
                                                                                          Data Representation  WINDOWS_32                                            
                                                                                          Encoding             wlatin1  Western (Windows)                            


                                                                                                               Engine/Host Dependent Information

                                                                  Data Set Page Size          65536                                                                                          
                                                                  Number of Data Set Pages    1                                                                                              
                                                                  First Data Page             1                                                                                              
                                                                  Max Obs per Page            2329                                                                                           
                                                                  Obs in First Data Page      6                                                                                              
                                                                  Number of Data Set Repairs  0                                                                                              
                                                                  ExtendObsCounter            YES                                                                                            
                                                                  Filename                    C:\Users\ACQUIJ~1\AppData\Local\Temp\SAS Temporary Files\_TD9348_GENERALUSE-01_\suffix.sas7bdat
                                                                  Release Created             9.0401M8                                                                                       
                                                                  Host Created                W32_WIN+PRO                                                                                    
                                                                  Owner Name                  CSCC\acquijanoa                                                                                
                                                                  File Size                   128KB                                                                                          
                                                                  File Size (bytes)           131072                                                                                         


                                                                                                          Alphabetic List of Variables and Attributes
 
                                                                                                                 #    Variable     Type    Len

                                                                                                                 1    statistic    Char     20
                                                                                                                 2    value        Char      8
 
 
 
 
 
 
 
 
 
 
 
 
 
 
 
 
 
 
 
                                                                                                          Job HC338302 run by AQA on 08MAR26 at 15:02
                                                                                                                         The SAS System

                                                                                                                  mean_      std_                mean_
                                                                                             Obs    n_nonflor    nonflor    nonflor    n_flor    flor     std_flor

                                                                                              1        258        93.1       15.2       290      91.8       13.9  
 
 
 
 
 
 
 
 
 
 
 
 
 
 
 
 
 
 
 
 
 
 
 
 
 
 
 
 
 
 
 
 
 
 
 
 
 
 
 
 
 
 
 
 
 
 
 
 
 
 
 
 
                                                                                                          Job HC338302 run by AQA on 08MAR26 at 15:02
                                                                                                                         The SAS System

                                                                                                                       The FREQ Procedure

                                                                                                              Table of CURRENT_SMOKER by FLOR_DYAD

                                                                                                              CURRENT_SMOKER(Current Smoker (from CIGARETTE_USE))
                                                                                                                        FLOR_DYAD(FLOR participant)

                                                                                                              Frequency‚
                                                                                                              Percent  ‚
                                                                                                              Row Pct  ‚
                                                                                                              Col Pct  ‚       0‚       1‚  Total
                                                                                                              ƒƒƒƒƒƒƒƒƒˆƒƒƒƒƒƒƒƒˆƒƒƒƒƒƒƒƒˆ
                                                                                                                     0 ‚    217 ‚    257 ‚    474
                                                                                                                       ‚  39.60 ‚  46.90 ‚  86.50
                                                                                                                       ‚  45.78 ‚  54.22 ‚
                                                                                                                       ‚  84.11 ‚  88.62 ‚
                                                                                                              ƒƒƒƒƒƒƒƒƒˆƒƒƒƒƒƒƒƒˆƒƒƒƒƒƒƒƒˆ
                                                                                                                     1 ‚     41 ‚     33 ‚     74
                                                                                                                       ‚   7.48 ‚   6.02 ‚  13.50
                                                                                                                       ‚  55.41 ‚  44.59 ‚
                                                                                                                       ‚  15.89 ‚  11.38 ‚
                                                                                                              ƒƒƒƒƒƒƒƒƒˆƒƒƒƒƒƒƒƒˆƒƒƒƒƒƒƒƒˆ
                                                                                                              Total         258      290      548
                                                                                                                          47.08    52.92   100.00

                                                                                                                     Frequency Missing = 2


                                                                                                      Statistics for Table of CURRENT_SMOKER by FLOR_DYAD

                                                                                                     Statistic                     DF       Value      Prob
                                                                                                     ƒƒƒƒƒƒƒƒƒƒƒƒƒƒƒƒƒƒƒƒƒƒƒƒƒƒƒƒƒƒƒƒƒƒƒƒƒƒƒƒƒƒƒƒƒƒƒƒƒƒƒƒƒƒ
                                                                                                     Chi-Square                     1      2.3799    0.1229
                                                                                                     Likelihood Ratio Chi-Square    1      2.3764    0.1232
                                                                                                     Continuity Adj. Chi-Square     1      2.0093    0.1563
                                                                                                     Mantel-Haenszel Chi-Square     1      2.3756    0.1232
                                                                                                     Phi Coefficient                      -0.0659          
                                                                                                     Contingency Coefficient               0.0658          
                                                                                                     Cramer's V                           -0.0659          


                                                                                                                      Fisher's Exact Test
                                                                                                               ƒƒƒƒƒƒƒƒƒƒƒƒƒƒƒƒƒƒƒƒƒƒƒƒƒƒƒƒƒƒƒƒƒƒ
                                                                                                               Cell (1,1) Frequency (F)       217
                                                                                                               Left-sided Pr <= F          0.0783
                                                                                                               Right-sided Pr >= F         0.9523
                                                                                                                                                 
                                                                                                               Table Probability (P)       0.0305
                                                                                                               Two-sided Pr <= P           0.1339

                                                                                                                       Sample Size = 548
                                                                                                                     Frequency Missing = 2
 
 
 
 
                                                                                                          Job HC338302 run by AQA on 08MAR26 at 15:02
                                                                                                                         The SAS System

                                                                                                                             
                                                                                                                             ƒƒƒƒƒƒ
                                                                                                                             0.123 
 
 
 
 
 
 
 
 
 
 
 
 
 
 
 
 
 
 
 
 
 
 
 
 
 
 
 
 
 
 
 
 
 
 
 
 
 
 
 
 
 
 
 
 
 
 
 
 
 
 
 
 
 
                                                                                                          Job HC338302 run by AQA on 08MAR26 at 15:02
                                                                                                                         The SAS System

                                                                                                                       The FREQ Procedure

                                                                                                              Table of CURRENT_SMOKER by FLOR_DYAD

                                                                                                              CURRENT_SMOKER(Current Smoker (from CIGARETTE_USE))
                                                                                                                        FLOR_DYAD(FLOR participant)

                                                                                                              Frequency‚
                                                                                                              Percent  ‚
                                                                                                              Row Pct  ‚
                                                                                                              Col Pct  ‚       0‚       1‚  Total
                                                                                                              ƒƒƒƒƒƒƒƒƒˆƒƒƒƒƒƒƒƒˆƒƒƒƒƒƒƒƒˆ
                                                                                                                     0 ‚    217 ‚    257 ‚    474
                                                                                                                       ‚  39.60 ‚  46.90 ‚  86.50
                                                                                                                       ‚  45.78 ‚  54.22 ‚
                                                                                                                       ‚  84.11 ‚  88.62 ‚
                                                                                                              ƒƒƒƒƒƒƒƒƒˆƒƒƒƒƒƒƒƒˆƒƒƒƒƒƒƒƒˆ
                                                                                                                     1 ‚     41 ‚     33 ‚     74
                                                                                                                       ‚   7.48 ‚   6.02 ‚  13.50
                                                                                                                       ‚  55.41 ‚  44.59 ‚
                                                                                                                       ‚  15.89 ‚  11.38 ‚
                                                                                                              ƒƒƒƒƒƒƒƒƒˆƒƒƒƒƒƒƒƒˆƒƒƒƒƒƒƒƒˆ
                                                                                                              Total         258      290      548
                                                                                                                          47.08    52.92   100.00

                                                                                                                     Frequency Missing = 2


                                                                                                      Statistics for Table of CURRENT_SMOKER by FLOR_DYAD

                                                                                                     Statistic                     DF       Value      Prob
                                                                                                     ƒƒƒƒƒƒƒƒƒƒƒƒƒƒƒƒƒƒƒƒƒƒƒƒƒƒƒƒƒƒƒƒƒƒƒƒƒƒƒƒƒƒƒƒƒƒƒƒƒƒƒƒƒƒ
                                                                                                     Chi-Square                     1      2.3799    0.1229
                                                                                                     Likelihood Ratio Chi-Square    1      2.3764    0.1232
                                                                                                     Continuity Adj. Chi-Square     1      2.0093    0.1563
                                                                                                     Mantel-Haenszel Chi-Square     1      2.3756    0.1232
                                                                                                     Phi Coefficient                      -0.0659          
                                                                                                     Contingency Coefficient               0.0658          
                                                                                                     Cramer's V                           -0.0659          


                                                                                                                      Fisher's Exact Test
                                                                                                               ƒƒƒƒƒƒƒƒƒƒƒƒƒƒƒƒƒƒƒƒƒƒƒƒƒƒƒƒƒƒƒƒƒƒ
                                                                                                               Cell (1,1) Frequency (F)       217
                                                                                                               Left-sided Pr <= F          0.0783
                                                                                                               Right-sided Pr >= F         0.9523
                                                                                                                                                 
                                                                                                               Table Probability (P)       0.0305
                                                                                                               Two-sided Pr <= P           0.1339

                                                                                                                       Sample Size = 548
                                                                                                                     Frequency Missing = 2
 
 
 
 
                                                                                                          Job HC338302 run by AQA on 08MAR26 at 15:02
                                                                                                                         The SAS System

                                                                                                                             
                                                                                                                             ƒƒƒƒƒƒ
                                                                                                                             0.123 
 
 
 
 
 
 
 
 
 
 
 
 
 
 
 
 
 
 
 
 
 
 
 
 
 
 
 
 
 
 
 
 
 
 
 
 
 
 
 
 
 
 
 
 
 
 
 
 
 
 
 
 
 
                                                                                                          Job HC338302 run by AQA on 08MAR26 at 15:02
                                                                                                                         The SAS System

                                                                                                                       The GLM Procedure

                                                                                                                    Class Level Information
 
                                                                                                                Class          Levels    Values

                                                                                                                FLOR_DYAD           2    0 1   


                                                                                                            Number of Observations Read         550
                                                                                                            Number of Observations Used         547
 
 
 
 
 
 
 
 
 
 
 
 
 
 
 
 
 
 
 
 
 
 
 
 
 
 
 
 
 
 
 
 
 
 
 
 
 
 
 
 
 
 
 
 
 
                                                                                                          Job HC338302 run by AQA on 08MAR26 at 15:02
                                                                                                                         The SAS System

                                                                                                                       The GLM Procedure
 
                                                                                                      Dependent Variable: HEI2010   HEI total score, 0-100

                                                                                                                              Sum of
                                                                                      Source                      DF         Squares     Mean Square    F Value    Pr > F

                                                                                      Model                        1        107.6531        107.6531       0.56    0.4542

                                                                                      Error                      545     104576.6341        191.8837                     

                                                                                      Corrected Total            546     104684.2873                                     


                                                                                                      R-Square     Coeff Var      Root MSE    HEI2010 Mean

                                                                                                      0.001028      24.46097      13.85221        56.62985


                                                                                      Source                      DF       Type I SS     Mean Square    F Value    Pr > F

                                                                                      FLOR_DYAD                    1     107.6531169     107.6531169       0.56    0.4542


                                                                                      Source                      DF     Type III SS     Mean Square    F Value    Pr > F

                                                                                      FLOR_DYAD                    1     107.6531169     107.6531169       0.56    0.4542
 
 
 
 
 
 
 
 
 
 
 
 
 
 
 
 
 
 
 
 
 
 
 
 
 
 
 
 
 
                                                                                                          Job HC338302 run by AQA on 08MAR26 at 15:02
                                                                                                                         The SAS System

                                                                                               Hypothesis
                                                                           Obs    Dependent       Type        Source          DF              SS              MS     FValue     ProbF

                                                                            1      HEI2010             1     FLOR_DYAD         1     107.6531169     107.6531169       0.56    0.4542
 
 
 
 
 
 
 
 
 
 
 
 
 
 
 
 
 
 
 
 
 
 
 
 
 
 
 
 
 
 
 
 
 
 
 
 
 
 
 
 
 
 
 
 
 
 
 
 
 
 
 
 
                                                                                                          Job HC338302 run by AQA on 08MAR26 at 15:02
                                                                                                                         The SAS System

                                                                                                                             
                                                                                                                             ƒƒƒƒƒƒ
                                                                                                                             0.454 
 
 
 
 
 
 
 
 
 
 
 
 
 
 
 
 
 
 
 
 
 
 
 
 
 
 
 
 
 
 
 
 
 
 
 
 
 
 
 
 
 
 
 
 
 
 
 
 
 
 
 
 
 
                                                                                                          Job HC338302 run by AQA on 08MAR26 at 15:02
                                                                                                                         The SAS System

                                                                                                                 Obs    statistic        value

                                                                                                                  1     n_nonflor           257
                                                                                                                  2     mean_nonflor     57.1  
                                                                                                                  3     std_nonflor     13.7   
                                                                                                                  4     n_flor              290
                                                                                                                  5     mean_flor        56.2  
                                                                                                                  6     std_flor        13.9   
 
 
 
 
 
 
 
 
 
 
 
 
 
 
 
 
 
 
 
 
 
 
 
 
 
 
 
 
 
 
 
 
 
 
 
 
 
 
 
 
 
 
 
 
 
 
 
 
                                                                                                          Job HC338302 run by AQA on 08MAR26 at 15:02
                                                                                                                         The SAS System

                                                                                                                     The CONTENTS Procedure

                                                                                          Data Set Name        WORK.SUFFIX                   Observations          6 
                                                                                          Member Type          DATA                          Variables             2 
                                                                                          Engine               V9                            Indexes               0 
                                                                                          Created              03/08/2026 15:03:05           Observation Length    28
                                                                                          Last Modified        03/08/2026 15:03:05           Deleted Observations  0 
                                                                                          Protection                                         Compressed            NO
                                                                                          Data Set Type                                      Sorted                NO
                                                                                          Label                                                                      
                                                                                          Data Representation  WINDOWS_32                                            
                                                                                          Encoding             wlatin1  Western (Windows)                            


                                                                                                               Engine/Host Dependent Information

                                                                  Data Set Page Size          65536                                                                                          
                                                                  Number of Data Set Pages    1                                                                                              
                                                                  First Data Page             1                                                                                              
                                                                  Max Obs per Page            2329                                                                                           
                                                                  Obs in First Data Page      6                                                                                              
                                                                  Number of Data Set Repairs  0                                                                                              
                                                                  ExtendObsCounter            YES                                                                                            
                                                                  Filename                    C:\Users\ACQUIJ~1\AppData\Local\Temp\SAS Temporary Files\_TD9348_GENERALUSE-01_\suffix.sas7bdat
                                                                  Release Created             9.0401M8                                                                                       
                                                                  Host Created                W32_WIN+PRO                                                                                    
                                                                  Owner Name                  CSCC\acquijanoa                                                                                
                                                                  File Size                   128KB                                                                                          
                                                                  File Size (bytes)           131072                                                                                         


                                                                                                          Alphabetic List of Variables and Attributes
 
                                                                                                                 #    Variable     Type    Len

                                                                                                                 1    statistic    Char     20
                                                                                                                 2    value        Char      8
 
 
 
 
 
 
 
 
 
 
 
 
 
 
 
 
 
 
 
                                                                                                          Job HC338302 run by AQA on 08MAR26 at 15:02
                                                                                                                         The SAS System

                                                                                                                  mean_      std_                mean_
                                                                                             Obs    n_nonflor    nonflor    nonflor    n_flor    flor     std_flor

                                                                                              1        257        57.1       13.7       290      56.2       13.9  
 
 
 
 
 
 
 
 
 
 
 
 
 
 
 
 
 
 
 
 
 
 
 
 
 
 
 
 
 
 
 
 
 
 
 
 
 
 
 
 
 
 
 
 
 
 
 
 
 
 
 
 
                                                                                                          Job HC338302 run by AQA on 08MAR26 at 15:02
                                                                                                                         The SAS System

                                                                                                                       The GLM Procedure

                                                                                                                    Class Level Information
 
                                                                                                                Class          Levels    Values

                                                                                                                FLOR_DYAD           2    0 1   


                                                                                                            Number of Observations Read         550
                                                                                                            Number of Observations Used         398
 
 
 
 
 
 
 
 
 
 
 
 
 
 
 
 
 
 
 
 
 
 
 
 
 
 
 
 
 
 
 
 
 
 
 
 
 
 
 
 
 
 
 
 
 
                                                                                                          Job HC338302 run by AQA on 08MAR26 at 15:02
                                                                                                                         The SAS System

                                                                                                                       The GLM Procedure
 
                                                                               Dependent Variable: PCT_MVPA   Percentage of time spent in moderate-to-vigorous physical activity

                                                                                                                              Sum of
                                                                                      Source                      DF         Squares     Mean Square    F Value    Pr > F

                                                                                      Model                        1       2.6773477       2.6773477       1.75    0.1861

                                                                                      Error                      396     604.2415377       1.5258625                     

                                                                                      Corrected Total            397     606.9188854                                     


                                                                                                     R-Square     Coeff Var      Root MSE    PCT_MVPA Mean

                                                                                                     0.004411      91.46631      1.235258         1.350506


                                                                                      Source                      DF       Type I SS     Mean Square    F Value    Pr > F

                                                                                      FLOR_DYAD                    1      2.67734765      2.67734765       1.75    0.1861


                                                                                      Source                      DF     Type III SS     Mean Square    F Value    Pr > F

                                                                                      FLOR_DYAD                    1      2.67734765      2.67734765       1.75    0.1861
 
 
 
 
 
 
 
 
 
 
 
 
 
 
 
 
 
 
 
 
 
 
 
 
 
 
 
 
 
                                                                                                          Job HC338302 run by AQA on 08MAR26 at 15:02
                                                                                                                         The SAS System

                                                                                               Hypothesis
                                                                           Obs    Dependent       Type        Source          DF              SS              MS     FValue     ProbF

                                                                            1     PCT_MVPA             1     FLOR_DYAD         1      2.67734765      2.67734765       1.75    0.1861
 
 
 
 
 
 
 
 
 
 
 
 
 
 
 
 
 
 
 
 
 
 
 
 
 
 
 
 
 
 
 
 
 
 
 
 
 
 
 
 
 
 
 
 
 
 
 
 
 
 
 
 
                                                                                                          Job HC338302 run by AQA on 08MAR26 at 15:02
                                                                                                                         The SAS System

                                                                                                                             
                                                                                                                             ƒƒƒƒƒƒ
                                                                                                                             0.186 
 
 
 
 
 
 
 
 
 
 
 
 
 
 
 
 
 
 
 
 
 
 
 
 
 
 
 
 
 
 
 
 
 
 
 
 
 
 
 
 
 
 
 
 
 
 
 
 
 
 
 
 
 
                                                                                                          Job HC338302 run by AQA on 08MAR26 at 15:02
                                                                                                                         The SAS System

                                                                                                                 Obs    statistic       value

                                                                                                                  1     n_nonflor          182
                                                                                                                  2     mean_nonflor     1.3  
                                                                                                                  3     std_nonflor     0.9   
                                                                                                                  4     n_flor             216
                                                                                                                  5     mean_flor        1.4  
                                                                                                                  6     std_flor        1.4   
 
 
 
 
 
 
 
 
 
 
 
 
 
 
 
 
 
 
 
 
 
 
 
 
 
 
 
 
 
 
 
 
 
 
 
 
 
 
 
 
 
 
 
 
 
 
 
 
                                                                                                          Job HC338302 run by AQA on 08MAR26 at 15:02
                                                                                                                         The SAS System

                                                                                                                     The CONTENTS Procedure

                                                                                          Data Set Name        WORK.SUFFIX                   Observations          6 
                                                                                          Member Type          DATA                          Variables             2 
                                                                                          Engine               V9                            Indexes               0 
                                                                                          Created              03/08/2026 15:03:05           Observation Length    28
                                                                                          Last Modified        03/08/2026 15:03:05           Deleted Observations  0 
                                                                                          Protection                                         Compressed            NO
                                                                                          Data Set Type                                      Sorted                NO
                                                                                          Label                                                                      
                                                                                          Data Representation  WINDOWS_32                                            
                                                                                          Encoding             wlatin1  Western (Windows)                            


                                                                                                               Engine/Host Dependent Information

                                                                  Data Set Page Size          65536                                                                                          
                                                                  Number of Data Set Pages    1                                                                                              
                                                                  First Data Page             1                                                                                              
                                                                  Max Obs per Page            2329                                                                                           
                                                                  Obs in First Data Page      6                                                                                              
                                                                  Number of Data Set Repairs  0                                                                                              
                                                                  ExtendObsCounter            YES                                                                                            
                                                                  Filename                    C:\Users\ACQUIJ~1\AppData\Local\Temp\SAS Temporary Files\_TD9348_GENERALUSE-01_\suffix.sas7bdat
                                                                  Release Created             9.0401M8                                                                                       
                                                                  Host Created                W32_WIN+PRO                                                                                    
                                                                  Owner Name                  CSCC\acquijanoa                                                                                
                                                                  File Size                   128KB                                                                                          
                                                                  File Size (bytes)           131072                                                                                         


                                                                                                          Alphabetic List of Variables and Attributes
 
                                                                                                                 #    Variable     Type    Len

                                                                                                                 1    statistic    Char     20
                                                                                                                 2    value        Char      8
 
 
 
 
 
 
 
 
 
 
 
 
 
 
 
 
 
 
 
                                                                                                          Job HC338302 run by AQA on 08MAR26 at 15:02
                                                                                                                         The SAS System

                                                                                                                  mean_      std_                mean_
                                                                                             Obs    n_nonflor    nonflor    nonflor    n_flor    flor     std_flor

                                                                                              1        182         1.3        0.9       216       1.4       1.4   
 
 
 
 
 
 
 
 
 
 
 
 
 
 
 
 
 
 
 
 
 
 
 
 
 
 
 
 
 
 
 
 
 
 
 
 
 
 
 
 
 
 
 
 
 
 
 
 
 
 
 
 
                                                                                                          Job HC338302 run by AQA on 08MAR26 at 15:02
                                                                                                                         The SAS System

                                                                                                                       The FREQ Procedure

                                                                                                               Table of ALCOHOL_USE by FLOR_DYAD

                                                                                                              ALCOHOL_USE(Alcohol Use (1-Never,2=Former,3=Current))
                                                                                                                        FLOR_DYAD(FLOR participant)

                                                                                                              Frequency‚
                                                                                                              Percent  ‚
                                                                                                              Row Pct  ‚
                                                                                                              Col Pct  ‚       0‚       1‚  Total
                                                                                                              ƒƒƒƒƒƒƒƒƒˆƒƒƒƒƒƒƒƒˆƒƒƒƒƒƒƒƒˆ
                                                                                                                     1 ‚     38 ‚     61 ‚     99
                                                                                                                       ‚   6.93 ‚  11.13 ‚  18.07
                                                                                                                       ‚  38.38 ‚  61.62 ‚
                                                                                                                       ‚  14.73 ‚  21.03 ‚
                                                                                                              ƒƒƒƒƒƒƒƒƒˆƒƒƒƒƒƒƒƒˆƒƒƒƒƒƒƒƒˆ
                                                                                                                     2 ‚     81 ‚     90 ‚    171
                                                                                                                       ‚  14.78 ‚  16.42 ‚  31.20
                                                                                                                       ‚  47.37 ‚  52.63 ‚
                                                                                                                       ‚  31.40 ‚  31.03 ‚
                                                                                                              ƒƒƒƒƒƒƒƒƒˆƒƒƒƒƒƒƒƒˆƒƒƒƒƒƒƒƒˆ
                                                                                                                     3 ‚    139 ‚    139 ‚    278
                                                                                                                       ‚  25.36 ‚  25.36 ‚  50.73
                                                                                                                       ‚  50.00 ‚  50.00 ‚
                                                                                                                       ‚  53.88 ‚  47.93 ‚
                                                                                                              ƒƒƒƒƒƒƒƒƒˆƒƒƒƒƒƒƒƒˆƒƒƒƒƒƒƒƒˆ
                                                                                                              Total         258      290      548
                                                                                                                          47.08    52.92   100.00

                                                                                                                     Frequency Missing = 2


                                                                                                        Statistics for Table of ALCOHOL_USE by FLOR_DYAD

                                                                                                     Statistic                     DF       Value      Prob
                                                                                                     ƒƒƒƒƒƒƒƒƒƒƒƒƒƒƒƒƒƒƒƒƒƒƒƒƒƒƒƒƒƒƒƒƒƒƒƒƒƒƒƒƒƒƒƒƒƒƒƒƒƒƒƒƒƒ
                                                                                                     Chi-Square                     2      3.9620    0.1379
                                                                                                     Likelihood Ratio Chi-Square    2      3.9968    0.1356
                                                                                                     Mantel-Haenszel Chi-Square     1      3.5188    0.0607
                                                                                                     Phi Coefficient                       0.0850          
                                                                                                     Contingency Coefficient               0.0847          
                                                                                                     Cramer's V                            0.0850          

                                                                                                                       Sample Size = 548
                                                                                                                     Frequency Missing = 2
 
 
 
 
 
 
 
 
 
 
                                                                                                          Job HC338302 run by AQA on 08MAR26 at 15:02
                                                                                                                         The SAS System

                                                                                                                             
                                                                                                                             ƒƒƒƒƒƒ
                                                                                                                             0.138 
 
 
 
 
 
 
 
 
 
 
 
 
 
 
 
 
 
 
 
 
 
 
 
 
 
 
 
 
 
 
 
 
 
 
 
 
 
 
 
 
 
 
 
 
 
 
 
 
 
 
 
 
 
                                                                                                          Job HC338302 run by AQA on 08MAR26 at 15:02
                                                                                                                         The SAS System

                                                                                                                       The FREQ Procedure

                                                                                                               Table of ALCOHOL_USE by FLOR_DYAD

                                                                                                              ALCOHOL_USE(Alcohol Use (1-Never,2=Former,3=Current))
                                                                                                                        FLOR_DYAD(FLOR participant)

                                                                                                              Frequency‚
                                                                                                              Percent  ‚
                                                                                                              Row Pct  ‚
                                                                                                              Col Pct  ‚       0‚       1‚  Total
                                                                                                              ƒƒƒƒƒƒƒƒƒˆƒƒƒƒƒƒƒƒˆƒƒƒƒƒƒƒƒˆ
                                                                                                                     1 ‚     38 ‚     61 ‚     99
                                                                                                                       ‚   6.93 ‚  11.13 ‚  18.07
                                                                                                                       ‚  38.38 ‚  61.62 ‚
                                                                                                                       ‚  14.73 ‚  21.03 ‚
                                                                                                              ƒƒƒƒƒƒƒƒƒˆƒƒƒƒƒƒƒƒˆƒƒƒƒƒƒƒƒˆ
                                                                                                                     2 ‚     81 ‚     90 ‚    171
                                                                                                                       ‚  14.78 ‚  16.42 ‚  31.20
                                                                                                                       ‚  47.37 ‚  52.63 ‚
                                                                                                                       ‚  31.40 ‚  31.03 ‚
                                                                                                              ƒƒƒƒƒƒƒƒƒˆƒƒƒƒƒƒƒƒˆƒƒƒƒƒƒƒƒˆ
                                                                                                                     3 ‚    139 ‚    139 ‚    278
                                                                                                                       ‚  25.36 ‚  25.36 ‚  50.73
                                                                                                                       ‚  50.00 ‚  50.00 ‚
                                                                                                                       ‚  53.88 ‚  47.93 ‚
                                                                                                              ƒƒƒƒƒƒƒƒƒˆƒƒƒƒƒƒƒƒˆƒƒƒƒƒƒƒƒˆ
                                                                                                              Total         258      290      548
                                                                                                                          47.08    52.92   100.00

                                                                                                                     Frequency Missing = 2


                                                                                                        Statistics for Table of ALCOHOL_USE by FLOR_DYAD

                                                                                                     Statistic                     DF       Value      Prob
                                                                                                     ƒƒƒƒƒƒƒƒƒƒƒƒƒƒƒƒƒƒƒƒƒƒƒƒƒƒƒƒƒƒƒƒƒƒƒƒƒƒƒƒƒƒƒƒƒƒƒƒƒƒƒƒƒƒ
                                                                                                     Chi-Square                     2      3.9620    0.1379
                                                                                                     Likelihood Ratio Chi-Square    2      3.9968    0.1356
                                                                                                     Mantel-Haenszel Chi-Square     1      3.5188    0.0607
                                                                                                     Phi Coefficient                       0.0850          
                                                                                                     Contingency Coefficient               0.0847          
                                                                                                     Cramer's V                            0.0850          

                                                                                                                       Sample Size = 548
                                                                                                                     Frequency Missing = 2
 
 
 
 
 
 
 
 
 
 
                                                                                                          Job HC338302 run by AQA on 08MAR26 at 15:02
                                                                                                                         The SAS System

                                                                                                                             
                                                                                                                             ƒƒƒƒƒƒ
                                                                                                                             0.138 
 
 
 
 
 
 
 
 
 
 
 
 
 
 
 
 
 
 
 
 
 
 
 
 
 
 
 
 
 
 
 
 
 
 
 
 
 
 
 
 
 
 
 
 
 
 
 
 
 
 
 
 
 
                                                                                                          Job HC338302 run by AQA on 08MAR26 at 15:02
                                                                                                                         The SAS System

                                                                                                                       The FREQ Procedure

                                                                                                               Table of ALCOHOL_USE by FLOR_DYAD

                                                                                                              ALCOHOL_USE(Alcohol Use (1-Never,2=Former,3=Current))
                                                                                                                        FLOR_DYAD(FLOR participant)

                                                                                                              Frequency‚
                                                                                                              Percent  ‚
                                                                                                              Row Pct  ‚
                                                                                                              Col Pct  ‚       0‚       1‚  Total
                                                                                                              ƒƒƒƒƒƒƒƒƒˆƒƒƒƒƒƒƒƒˆƒƒƒƒƒƒƒƒˆ
                                                                                                                     1 ‚     38 ‚     61 ‚     99
                                                                                                                       ‚   6.93 ‚  11.13 ‚  18.07
                                                                                                                       ‚  38.38 ‚  61.62 ‚
                                                                                                                       ‚  14.73 ‚  21.03 ‚
                                                                                                              ƒƒƒƒƒƒƒƒƒˆƒƒƒƒƒƒƒƒˆƒƒƒƒƒƒƒƒˆ
                                                                                                                     2 ‚     81 ‚     90 ‚    171
                                                                                                                       ‚  14.78 ‚  16.42 ‚  31.20
                                                                                                                       ‚  47.37 ‚  52.63 ‚
                                                                                                                       ‚  31.40 ‚  31.03 ‚
                                                                                                              ƒƒƒƒƒƒƒƒƒˆƒƒƒƒƒƒƒƒˆƒƒƒƒƒƒƒƒˆ
                                                                                                                     3 ‚    139 ‚    139 ‚    278
                                                                                                                       ‚  25.36 ‚  25.36 ‚  50.73
                                                                                                                       ‚  50.00 ‚  50.00 ‚
                                                                                                                       ‚  53.88 ‚  47.93 ‚
                                                                                                              ƒƒƒƒƒƒƒƒƒˆƒƒƒƒƒƒƒƒˆƒƒƒƒƒƒƒƒˆ
                                                                                                              Total         258      290      548
                                                                                                                          47.08    52.92   100.00

                                                                                                                     Frequency Missing = 2


                                                                                                        Statistics for Table of ALCOHOL_USE by FLOR_DYAD

                                                                                                     Statistic                     DF       Value      Prob
                                                                                                     ƒƒƒƒƒƒƒƒƒƒƒƒƒƒƒƒƒƒƒƒƒƒƒƒƒƒƒƒƒƒƒƒƒƒƒƒƒƒƒƒƒƒƒƒƒƒƒƒƒƒƒƒƒƒ
                                                                                                     Chi-Square                     2      3.9620    0.1379
                                                                                                     Likelihood Ratio Chi-Square    2      3.9968    0.1356
                                                                                                     Mantel-Haenszel Chi-Square     1      3.5188    0.0607
                                                                                                     Phi Coefficient                       0.0850          
                                                                                                     Contingency Coefficient               0.0847          
                                                                                                     Cramer's V                            0.0850          

                                                                                                                       Sample Size = 548
                                                                                                                     Frequency Missing = 2
 
 
 
 
 
 
 
 
 
 
                                                                                                          Job HC338302 run by AQA on 08MAR26 at 15:02
                                                                                                                         The SAS System

                                                                                                                             
                                                                                                                             ƒƒƒƒƒƒ
                                                                                                                             0.138 
 
 
 
 
 
 
 
 
 
 
 
 
 
 
 
 
 
 
 
 
 
 
 
 
 
 
 
 
 
 
 
 
 
 
 
 
 
 
 
 
 
 
 
 
 
 
 
 
 
 
 
 
 
                                                                                                          Job HC338302 run by AQA on 08MAR26 at 15:02
                                                                                                                         The SAS System

                                                                                                                       The GLM Procedure

                                                                                                                    Class Level Information
 
                                                                                                                Class          Levels    Values

                                                                                                                FLOR_DYAD           2    0 1   


                                                                                                            Number of Observations Read         550
                                                                                                            Number of Observations Used         514
 
 
 
 
 
 
 
 
 
 
 
 
 
 
 
 
 
 
 
 
 
 
 
 
 
 
 
 
 
 
 
 
 
 
 
 
 
 
 
 
 
 
 
 
 
                                                                                                          Job HC338302 run by AQA on 08MAR26 at 15:02
                                                                                                                         The SAS System

                                                                                                                       The GLM Procedure
 
                                                                                                  Dependent Variable: SLPDUR   Average sleep duration (hours)

                                                                                                                              Sum of
                                                                                      Source                      DF         Squares     Mean Square    F Value    Pr > F

                                                                                      Model                        1        1.230926        1.230926       0.62    0.4305

                                                                                      Error                      512     1012.336208        1.977219                     

                                                                                      Corrected Total            513     1013.567133                                     


                                                                                                      R-Square     Coeff Var      Root MSE    SLPDUR Mean

                                                                                                      0.001214      16.97243      1.406136       8.284825


                                                                                      Source                      DF       Type I SS     Mean Square    F Value    Pr > F

                                                                                      FLOR_DYAD                    1      1.23092560      1.23092560       0.62    0.4305


                                                                                      Source                      DF     Type III SS     Mean Square    F Value    Pr > F

                                                                                      FLOR_DYAD                    1      1.23092560      1.23092560       0.62    0.4305
 
 
 
 
 
 
 
 
 
 
 
 
 
 
 
 
 
 
 
 
 
 
 
 
 
 
 
 
 
                                                                                                          Job HC338302 run by AQA on 08MAR26 at 15:02
                                                                                                                         The SAS System

                                                                                               Hypothesis
                                                                           Obs    Dependent       Type        Source          DF              SS              MS     FValue     ProbF

                                                                            1      SLPDUR              1     FLOR_DYAD         1      1.23092560      1.23092560       0.62    0.4305
 
 
 
 
 
 
 
 
 
 
 
 
 
 
 
 
 
 
 
 
 
 
 
 
 
 
 
 
 
 
 
 
 
 
 
 
 
 
 
 
 
 
 
 
 
 
 
 
 
 
 
 
                                                                                                          Job HC338302 run by AQA on 08MAR26 at 15:02
                                                                                                                         The SAS System

                                                                                                                             
                                                                                                                             ƒƒƒƒƒƒ
                                                                                                                             0.430 
 
 
 
 
 
 
 
 
 
 
 
 
 
 
 
 
 
 
 
 
 
 
 
 
 
 
 
 
 
 
 
 
 
 
 
 
 
 
 
 
 
 
 
 
 
 
 
 
 
 
 
 
 
                                                                                                          Job HC338302 run by AQA on 08MAR26 at 15:02
                                                                                                                         The SAS System

                                                                                                                 Obs    statistic       value

                                                                                                                  1     n_nonflor          241
                                                                                                                  2     mean_nonflor     8.2  
                                                                                                                  3     std_nonflor     1.5   
                                                                                                                  4     n_flor             273
                                                                                                                  5     mean_flor        8.3  
                                                                                                                  6     std_flor        1.3   
 
 
 
 
 
 
 
 
 
 
 
 
 
 
 
 
 
 
 
 
 
 
 
 
 
 
 
 
 
 
 
 
 
 
 
 
 
 
 
 
 
 
 
 
 
 
 
 
                                                                                                          Job HC338302 run by AQA on 08MAR26 at 15:02
                                                                                                                         The SAS System

                                                                                                                     The CONTENTS Procedure

                                                                                          Data Set Name        WORK.SUFFIX                   Observations          6 
                                                                                          Member Type          DATA                          Variables             2 
                                                                                          Engine               V9                            Indexes               0 
                                                                                          Created              03/08/2026 15:03:06           Observation Length    28
                                                                                          Last Modified        03/08/2026 15:03:06           Deleted Observations  0 
                                                                                          Protection                                         Compressed            NO
                                                                                          Data Set Type                                      Sorted                NO
                                                                                          Label                                                                      
                                                                                          Data Representation  WINDOWS_32                                            
                                                                                          Encoding             wlatin1  Western (Windows)                            


                                                                                                               Engine/Host Dependent Information

                                                                  Data Set Page Size          65536                                                                                          
                                                                  Number of Data Set Pages    1                                                                                              
                                                                  First Data Page             1                                                                                              
                                                                  Max Obs per Page            2329                                                                                           
                                                                  Obs in First Data Page      6                                                                                              
                                                                  Number of Data Set Repairs  0                                                                                              
                                                                  ExtendObsCounter            YES                                                                                            
                                                                  Filename                    C:\Users\ACQUIJ~1\AppData\Local\Temp\SAS Temporary Files\_TD9348_GENERALUSE-01_\suffix.sas7bdat
                                                                  Release Created             9.0401M8                                                                                       
                                                                  Host Created                W32_WIN+PRO                                                                                    
                                                                  Owner Name                  CSCC\acquijanoa                                                                                
                                                                  File Size                   128KB                                                                                          
                                                                  File Size (bytes)           131072                                                                                         


                                                                                                          Alphabetic List of Variables and Attributes
 
                                                                                                                 #    Variable     Type    Len

                                                                                                                 1    statistic    Char     20
                                                                                                                 2    value        Char      8
 
 
 
 
 
 
 
 
 
 
 
 
 
 
 
 
 
 
 
                                                                                                          Job HC338302 run by AQA on 08MAR26 at 15:02
                                                                                                                         The SAS System

                                                                                                                  mean_      std_                mean_
                                                                                             Obs    n_nonflor    nonflor    nonflor    n_flor    flor     std_flor

                                                                                              1        241         8.2        1.5       273       8.3       1.3   
 
 
 
 
 
 
 
 
 
 
 
 
 
 
 
 
 
 
 
 
 
 
 
 
 
 
 
 
 
 
 
 
 
 
 
 
 
 
 
 
 
 
 
 
 
 
 
 
 
 
 
 
                                                                                                          Job HC338302 run by AQA on 08MAR26 at 15:02
                                                                                                                         The SAS System

                                                                                                                       The FREQ Procedure

                                                                                                                Table of PAG2008YN by FLOR_DYAD

                                                                                                              PAG2008YN(Meets 2008 activity level guidelines (1=Yes,0=No))
                                                                                                                        FLOR_DYAD(FLOR participant)

                                                                                                              Frequency‚
                                                                                                              Percent  ‚
                                                                                                              Row Pct  ‚
                                                                                                              Col Pct  ‚       0‚       1‚  Total
                                                                                                              ƒƒƒƒƒƒƒƒƒˆƒƒƒƒƒƒƒƒˆƒƒƒƒƒƒƒƒˆ
                                                                                                                     0 ‚    110 ‚    133 ‚    243
                                                                                                                       ‚  27.64 ‚  33.42 ‚  61.06
                                                                                                                       ‚  45.27 ‚  54.73 ‚
                                                                                                                       ‚  60.44 ‚  61.57 ‚
                                                                                                              ƒƒƒƒƒƒƒƒƒˆƒƒƒƒƒƒƒƒˆƒƒƒƒƒƒƒƒˆ
                                                                                                                     1 ‚     72 ‚     83 ‚    155
                                                                                                                       ‚  18.09 ‚  20.85 ‚  38.94
                                                                                                                       ‚  46.45 ‚  53.55 ‚
                                                                                                                       ‚  39.56 ‚  38.43 ‚
                                                                                                              ƒƒƒƒƒƒƒƒƒˆƒƒƒƒƒƒƒƒˆƒƒƒƒƒƒƒƒˆ
                                                                                                              Total         182      216      398
                                                                                                                          45.73    54.27   100.00

                                                                                                                    Frequency Missing = 152
 
 
 
 
 
 
 
 
 
 
 
 
 
 
 
 
 
 
 
 
 
 
 
 
 
 
 
 
 
 
                                                                                                          Job HC338302 run by AQA on 08MAR26 at 15:02
                                                                                                                         The SAS System

                                                                                                                       The FREQ Procedure

                                                                                                         Statistics for Table of PAG2008YN by FLOR_DYAD

                                                                                                     Statistic                     DF       Value      Prob
                                                                                                     ƒƒƒƒƒƒƒƒƒƒƒƒƒƒƒƒƒƒƒƒƒƒƒƒƒƒƒƒƒƒƒƒƒƒƒƒƒƒƒƒƒƒƒƒƒƒƒƒƒƒƒƒƒƒ
                                                                                                     Chi-Square                     1      0.0535    0.8171
                                                                                                     Likelihood Ratio Chi-Square    1      0.0535    0.8172
                                                                                                     Continuity Adj. Chi-Square     1      0.0164    0.8981
                                                                                                     Mantel-Haenszel Chi-Square     1      0.0533    0.8174
                                                                                                     Phi Coefficient                      -0.0116          
                                                                                                     Contingency Coefficient               0.0116          
                                                                                                     Cramer's V                           -0.0116          


                                                                                                                      Fisher's Exact Test
                                                                                                               ƒƒƒƒƒƒƒƒƒƒƒƒƒƒƒƒƒƒƒƒƒƒƒƒƒƒƒƒƒƒƒƒƒƒ
                                                                                                               Cell (1,1) Frequency (F)       110
                                                                                                               Left-sided Pr <= F          0.4488
                                                                                                               Right-sided Pr >= F         0.6312
                                                                                                                                                 
                                                                                                               Table Probability (P)       0.0800
                                                                                                               Two-sided Pr <= P           0.8370

                                                                                                                       Sample Size = 398
                                                                                                                    Frequency Missing = 152

                                                                                                             WARNING: 28% of the data are missing.
 
 
 
 
 
 
 
 
 
 
 
 
 
 
 
 
 
 
 
 
 
 
 
 
 
 
 
 
                                                                                                          Job HC338302 run by AQA on 08MAR26 at 15:02
                                                                                                                         The SAS System

                                                                                                                             
                                                                                                                             ƒƒƒƒƒƒ
                                                                                                                             0.817 
 
 
 
 
 
 
 
 
 
 
 
 
 
 
 
 
 
 
 
 
 
 
 
 
 
 
 
 
 
 
 
 
 
 
 
 
 
 
 
 
 
 
 
 
 
 
 
 
 
 
 
 
 
                                                                                                          Job HC338302 run by AQA on 08MAR26 at 15:02
                                                                                                                         The SAS System

                                                                                                                       The FREQ Procedure

                                                                                                                Table of PAG2008YN by FLOR_DYAD

                                                                                                              PAG2008YN(Meets 2008 activity level guidelines (1=Yes,0=No))
                                                                                                                        FLOR_DYAD(FLOR participant)

                                                                                                              Frequency‚
                                                                                                              Percent  ‚
                                                                                                              Row Pct  ‚
                                                                                                              Col Pct  ‚       0‚       1‚  Total
                                                                                                              ƒƒƒƒƒƒƒƒƒˆƒƒƒƒƒƒƒƒˆƒƒƒƒƒƒƒƒˆ
                                                                                                                     0 ‚    110 ‚    133 ‚    243
                                                                                                                       ‚  27.64 ‚  33.42 ‚  61.06
                                                                                                                       ‚  45.27 ‚  54.73 ‚
                                                                                                                       ‚  60.44 ‚  61.57 ‚
                                                                                                              ƒƒƒƒƒƒƒƒƒˆƒƒƒƒƒƒƒƒˆƒƒƒƒƒƒƒƒˆ
                                                                                                                     1 ‚     72 ‚     83 ‚    155
                                                                                                                       ‚  18.09 ‚  20.85 ‚  38.94
                                                                                                                       ‚  46.45 ‚  53.55 ‚
                                                                                                                       ‚  39.56 ‚  38.43 ‚
                                                                                                              ƒƒƒƒƒƒƒƒƒˆƒƒƒƒƒƒƒƒˆƒƒƒƒƒƒƒƒˆ
                                                                                                              Total         182      216      398
                                                                                                                          45.73    54.27   100.00

                                                                                                                    Frequency Missing = 152
 
 
 
 
 
 
 
 
 
 
 
 
 
 
 
 
 
 
 
 
 
 
 
 
 
 
 
 
 
 
                                                                                                          Job HC338302 run by AQA on 08MAR26 at 15:02
                                                                                                                         The SAS System

                                                                                                                       The FREQ Procedure

                                                                                                         Statistics for Table of PAG2008YN by FLOR_DYAD

                                                                                                     Statistic                     DF       Value      Prob
                                                                                                     ƒƒƒƒƒƒƒƒƒƒƒƒƒƒƒƒƒƒƒƒƒƒƒƒƒƒƒƒƒƒƒƒƒƒƒƒƒƒƒƒƒƒƒƒƒƒƒƒƒƒƒƒƒƒ
                                                                                                     Chi-Square                     1      0.0535    0.8171
                                                                                                     Likelihood Ratio Chi-Square    1      0.0535    0.8172
                                                                                                     Continuity Adj. Chi-Square     1      0.0164    0.8981
                                                                                                     Mantel-Haenszel Chi-Square     1      0.0533    0.8174
                                                                                                     Phi Coefficient                      -0.0116          
                                                                                                     Contingency Coefficient               0.0116          
                                                                                                     Cramer's V                           -0.0116          


                                                                                                                      Fisher's Exact Test
                                                                                                               ƒƒƒƒƒƒƒƒƒƒƒƒƒƒƒƒƒƒƒƒƒƒƒƒƒƒƒƒƒƒƒƒƒƒ
                                                                                                               Cell (1,1) Frequency (F)       110
                                                                                                               Left-sided Pr <= F          0.4488
                                                                                                               Right-sided Pr >= F         0.6312
                                                                                                                                                 
                                                                                                               Table Probability (P)       0.0800
                                                                                                               Two-sided Pr <= P           0.8370

                                                                                                                       Sample Size = 398
                                                                                                                    Frequency Missing = 152

                                                                                                             WARNING: 28% of the data are missing.
 
 
 
 
 
 
 
 
 
 
 
 
 
 
 
 
 
 
 
 
 
 
 
 
 
 
 
 
                                                                                                          Job HC338302 run by AQA on 08MAR26 at 15:02
                                                                                                                         The SAS System

                                                                                                                             
                                                                                                                             ƒƒƒƒƒƒ
                                                                                                                             0.817 
 
 
 
 
 
 
 
 
 
 
 
 
 
 
 
 
 
 
 
 
 
 
 
 
 
 
 
 
 
 
 
 
 
 
 
 
 
 
 
 
 
 
 
 
 
 
 
 
 
 
 
 
 
                                                                                                          Job HC338302 run by AQA on 08MAR26 at 15:02
                                                                                                                         The SAS System

                                                                                                                       The GLM Procedure

                                                                                                                    Class Level Information
 
                                                                                                                Class          Levels    Values

                                                                                                                FLOR_DYAD           2    0 1   


                                                                                                            Number of Observations Read         550
                                                                                                            Number of Observations Used         227
 
 
 
 
 
 
 
 
 
 
 
 
 
 
 
 
 
 
 
 
 
 
 
 
 
 
 
 
 
 
 
 
 
 
 
 
 
 
 
 
 
 
 
 
 
                                                                                                          Job HC338302 run by AQA on 08MAR26 at 15:02
                                                                                                                         The SAS System

                                                                                                                       The GLM Procedure
 
                                                                                                 Dependent Variable: WAZ   Weight for age Z-Score - CDC (Child)

                                                                                                                              Sum of
                                                                                      Source                      DF         Squares     Mean Square    F Value    Pr > F

                                                                                      Model                        0       0.0000000        .               .       .    

                                                                                      Error                      226     346.8575241       1.5347678                     

                                                                                      Corrected Total            226     346.8575241                                     


                                                                                                       R-Square     Coeff Var      Root MSE      WAZ Mean

                                                                                                       0.000000      182.0995      1.238857      0.680319


                                                                                      Source                      DF       Type I SS     Mean Square    F Value    Pr > F

                                                                                      FLOR_DYAD                    0               0               .        .       .    


                                                                                      Source                      DF     Type III SS     Mean Square    F Value    Pr > F

                                                                                      FLOR_DYAD                    0               0               .        .       .    
 
 
 
 
 
 
 
 
 
 
 
 
 
 
 
 
 
 
 
 
 
 
 
 
 
 
 
 
 
                                                                                                          Job HC338302 run by AQA on 08MAR26 at 15:02
                                                                                                                         The SAS System

                                                                                               Hypothesis
                                                                           Obs    Dependent       Type        Source          DF              SS              MS     FValue     ProbF

                                                                            1        WAZ               1     FLOR_DYAD         0               0               .        .       .    
 
 
 
 
 
 
 
 
 
 
 
 
 
 
 
 
 
 
 
 
 
 
 
 
 
 
 
 
 
 
 
 
 
 
 
 
 
 
 
 
 
 
 
 
 
 
 
 
 
 
 
 
                                                                                                          Job HC338302 run by AQA on 08MAR26 at 15:02
                                                                                                                         The SAS System

                                                                                                                             
                                                                                                                             ƒƒƒƒƒƒ
                                                                                                                             .     
 
 
 
 
 
 
 
 
 
 
 
 
 
 
 
 
 
 
 
 
 
 
 
 
 
 
 
 
 
 
 
 
 
 
 
 
 
 
 
 
 
 
 
 
 
 
 
 
 
 
 
 
 
                                                                                                          Job HC338302 run by AQA on 08MAR26 at 15:02
                                                                                                                         The SAS System

                                                                                                                   Obs    statistic    value

                                                                                                                    1     n_flor          227
                                                                                                                    2     mean_flor     0.7  
                                                                                                                    3     std_flor     1.2   
 
 
 
 
 
 
 
 
 
 
 
 
 
 
 
 
 
 
 
 
 
 
 
 
 
 
 
 
 
 
 
 
 
 
 
 
 
 
 
 
 
 
 
 
 
 
 
 
 
 
 
                                                                                                          Job HC338302 run by AQA on 08MAR26 at 15:02
                                                                                                                         The SAS System

                                                                                                                     The CONTENTS Procedure

                                                                                          Data Set Name        WORK.SUFFIX                   Observations          3 
                                                                                          Member Type          DATA                          Variables             2 
                                                                                          Engine               V9                            Indexes               0 
                                                                                          Created              03/08/2026 15:03:06           Observation Length    28
                                                                                          Last Modified        03/08/2026 15:03:06           Deleted Observations  0 
                                                                                          Protection                                         Compressed            NO
                                                                                          Data Set Type                                      Sorted                NO
                                                                                          Label                                                                      
                                                                                          Data Representation  WINDOWS_32                                            
                                                                                          Encoding             wlatin1  Western (Windows)                            


                                                                                                               Engine/Host Dependent Information

                                                                  Data Set Page Size          65536                                                                                          
                                                                  Number of Data Set Pages    1                                                                                              
                                                                  First Data Page             1                                                                                              
                                                                  Max Obs per Page            2329                                                                                           
                                                                  Obs in First Data Page      3                                                                                              
                                                                  Number of Data Set Repairs  0                                                                                              
                                                                  ExtendObsCounter            YES                                                                                            
                                                                  Filename                    C:\Users\ACQUIJ~1\AppData\Local\Temp\SAS Temporary Files\_TD9348_GENERALUSE-01_\suffix.sas7bdat
                                                                  Release Created             9.0401M8                                                                                       
                                                                  Host Created                W32_WIN+PRO                                                                                    
                                                                  Owner Name                  CSCC\acquijanoa                                                                                
                                                                  File Size                   128KB                                                                                          
                                                                  File Size (bytes)           131072                                                                                         


                                                                                                          Alphabetic List of Variables and Attributes
 
                                                                                                                 #    Variable     Type    Len

                                                                                                                 1    statistic    Char     20
                                                                                                                 2    value        Char      8
 
 
 
 
 
 
 
 
 
 
 
 
 
 
 
 
 
 
 
                                                                                                          Job HC338302 run by AQA on 08MAR26 at 15:02
                                                                                                                         The SAS System

                                                                                                                                mean_
                                                                                                               Obs    n_flor    flor     std_flor

                                                                                                                1      227       0.7       1.2   
 
 
 
 
 
 
 
 
 
 
 
 
 
 
 
 
 
 
 
 
 
 
 
 
 
 
 
 
 
 
 
 
 
 
 
 
 
 
 
 
 
 
 
 
 
 
 
 
 
 
 
 
                                                                                                          Job HC338302 run by AQA on 08MAR26 at 15:02
                                                                                                                         The SAS System

                                                                                                                       The GLM Procedure

                                                                                                                    Class Level Information
 
                                                                                                                Class          Levels    Values

                                                                                                                FLOR_DYAD           2    0 1   


                                                                                                            Number of Observations Read         550
                                                                                                            Number of Observations Used         518
 
 
 
 
 
 
 
 
 
 
 
 
 
 
 
 
 
 
 
 
 
 
 
 
 
 
 
 
 
 
 
 
 
 
 
 
 
 
 
 
 
 
 
 
 
                                                                                                          Job HC338302 run by AQA on 08MAR26 at 15:02
                                                                                                                         The SAS System

                                                                                                                       The GLM Procedure
 
                                                                                          Dependent Variable: BIRTHWT_GA_Z   Birth weight for gestational age Z-score

                                                                                                                              Sum of
                                                                                      Source                      DF         Squares     Mean Square    F Value    Pr > F

                                                                                      Model                        1       0.1321370       0.1321370       0.08    0.7779

                                                                                      Error                      516     856.1805751       1.6592647                     

                                                                                      Corrected Total            517     856.3127121                                     


                                                                                                   R-Square     Coeff Var      Root MSE    BIRTHWT_GA_Z Mean

                                                                                                   0.000154      289.1803      1.288124             0.445440


                                                                                      Source                      DF       Type I SS     Mean Square    F Value    Pr > F

                                                                                      FLOR_DYAD                    1      0.13213705      0.13213705       0.08    0.7779


                                                                                      Source                      DF     Type III SS     Mean Square    F Value    Pr > F

                                                                                      FLOR_DYAD                    1      0.13213705      0.13213705       0.08    0.7779
 
 
 
 
 
 
 
 
 
 
 
 
 
 
 
 
 
 
 
 
 
 
 
 
 
 
 
 
 
                                                                                                          Job HC338302 run by AQA on 08MAR26 at 15:02
                                                                                                                         The SAS System

                                                                                                Hypothesis
                                                                         Obs     Dependent         Type        Source          DF              SS              MS     FValue     ProbF

                                                                          1     BIRTHWT_GA_Z            1     FLOR_DYAD         1      0.13213705      0.13213705       0.08    0.7779
 
 
 
 
 
 
 
 
 
 
 
 
 
 
 
 
 
 
 
 
 
 
 
 
 
 
 
 
 
 
 
 
 
 
 
 
 
 
 
 
 
 
 
 
 
 
 
 
 
 
 
 
                                                                                                          Job HC338302 run by AQA on 08MAR26 at 15:02
                                                                                                                         The SAS System

                                                                                                                             
                                                                                                                             ƒƒƒƒƒƒ
                                                                                                                             0.778 
 
 
 
 
 
 
 
 
 
 
 
 
 
 
 
 
 
 
 
 
 
 
 
 
 
 
 
 
 
 
 
 
 
 
 
 
 
 
 
 
 
 
 
 
 
 
 
 
 
 
 
 
 
                                                                                                          Job HC338302 run by AQA on 08MAR26 at 15:02
                                                                                                                         The SAS System

                                                                                                                 Obs    statistic       value

                                                                                                                  1     n_nonflor          249
                                                                                                                  2     mean_nonflor     0.4  
                                                                                                                  3     std_nonflor     1.3   
                                                                                                                  4     n_flor             269
                                                                                                                  5     mean_flor        0.5  
                                                                                                                  6     std_flor        1.3   
 
 
 
 
 
 
 
 
 
 
 
 
 
 
 
 
 
 
 
 
 
 
 
 
 
 
 
 
 
 
 
 
 
 
 
 
 
 
 
 
 
 
 
 
 
 
 
 
                                                                                                          Job HC338302 run by AQA on 08MAR26 at 15:02
                                                                                                                         The SAS System

                                                                                                                     The CONTENTS Procedure

                                                                                          Data Set Name        WORK.SUFFIX                   Observations          6 
                                                                                          Member Type          DATA                          Variables             2 
                                                                                          Engine               V9                            Indexes               0 
                                                                                          Created              03/08/2026 15:03:07           Observation Length    28
                                                                                          Last Modified        03/08/2026 15:03:07           Deleted Observations  0 
                                                                                          Protection                                         Compressed            NO
                                                                                          Data Set Type                                      Sorted                NO
                                                                                          Label                                                                      
                                                                                          Data Representation  WINDOWS_32                                            
                                                                                          Encoding             wlatin1  Western (Windows)                            


                                                                                                               Engine/Host Dependent Information

                                                                  Data Set Page Size          65536                                                                                          
                                                                  Number of Data Set Pages    1                                                                                              
                                                                  First Data Page             1                                                                                              
                                                                  Max Obs per Page            2329                                                                                           
                                                                  Obs in First Data Page      6                                                                                              
                                                                  Number of Data Set Repairs  0                                                                                              
                                                                  ExtendObsCounter            YES                                                                                            
                                                                  Filename                    C:\Users\ACQUIJ~1\AppData\Local\Temp\SAS Temporary Files\_TD9348_GENERALUSE-01_\suffix.sas7bdat
                                                                  Release Created             9.0401M8                                                                                       
                                                                  Host Created                W32_WIN+PRO                                                                                    
                                                                  Owner Name                  CSCC\acquijanoa                                                                                
                                                                  File Size                   128KB                                                                                          
                                                                  File Size (bytes)           131072                                                                                         


                                                                                                          Alphabetic List of Variables and Attributes
 
                                                                                                                 #    Variable     Type    Len

                                                                                                                 1    statistic    Char     20
                                                                                                                 2    value        Char      8
 
 
 
 
 
 
 
 
 
 
 
 
 
 
 
 
 
 
 
                                                                                                          Job HC338302 run by AQA on 08MAR26 at 15:02
                                                                                                                         The SAS System

                                                                                                                  mean_      std_                mean_
                                                                                             Obs    n_nonflor    nonflor    nonflor    n_flor    flor     std_flor

                                                                                              1        249         0.4        1.3       269       0.5       1.3   
 
 
 
 
 
 
 
 
 
 
 
 
 
 
 
 
 
 
 
 
 
 
 
 
 
 
 
 
 
 
 
 
 
 
 
 
 
 
 
 
 
 
 
 
 
 
 
 
 
 
 
 
                                                                                                          Job HC338302 run by AQA on 08MAR26 at 15:02
